x y z A dCp dVx dVy dVz dP dFx dFy dFz mu 
0.996922076 0.125 -0.000445593178 0.00155500555 0.236747146 -0.856918097 -0.170130134 0 0.118373573 -2.63732309e-05 -0 0.000182172473 0.0731861144
0.984686196 0.125 -0.00219627423 0.00462524034 0.188172996 -0.884920299 -0.169537947 0 0.094086498 -6.13955708e-05 -0 0.000430819928 0.0715968981
0.960515738 0.125 -0.00557609182 0.00757759484 0.117514491 -0.924207807 -0.168301612 0 0.0587572455 -6.09527124e-05 -0 0.000441046723 0.0694779754
0.925005853 0.125 -0.0103608835 0.0103378817 0.0695034266 -0.950108409 -0.166705057 0 0.0347517133 -4.70896557e-05 -0 0.00035615961 0.0674036369
0.879030943 0.125 -0.0162547119 0.012837844 0.0344144702 -0.968670905 -0.165112689 0 0.0172072351 -2.73919068e-05 -0 0.000219198948 0.065669477
0.823723018 0.125 -0.0229215641 0.0150165278 0.00692248344 -0.983003974 -0.163648129 0 0.00346124172 -6.02790305e-06 -0 5.16251093e-05 0.0644861683
0.760443926 0.125 -0.0300075412 0.0168210901 -0.0160121918 -0.994853616 -0.162106335 0 -0.00800609589 1.44225405e-05 0 -0.000133896756 0.0639447123
0.690751851 0.125 -0.0371483043 0.018207822 -0.0352853537 -1.00480688 -0.160151258 0 -0.0176426768 3.12088087e-05 0 -0.000319715124 0.0641753525
0.61636281 0.125 -0.0439641662 0.0191431083 -0.0498902798 -1.01245165 -0.15758121 0 -0.0249451399 4.08848755e-05 0 -0.000475774053 0.065115124
0.539108634 0.125 -0.0500518233 0.0196047015 -0.0602645874 -1.01806414 -0.154304981 0 -0.0301322937 4.2330983e-05 0 -0.000589216012 0.0666919202
0.460891366 0.125 -0.0549848676 0.0195831098 -0.0650758743 -1.02103114 -0.150237501 0 -0.0325379372 3.45449589e-05 0 -0.000636256882 0.0687591061
0.38363713 0.125 -0.0583324954 0.0190826375 -0.0630121231 -1.02075446 -0.145163774 0 -0.0315060616 1.92859079e-05 0 -0.000600909407 0.0710876957
0.30924812 0.125 -0.0596989468 0.0181218311 -0.0522413254 -1.01635063 -0.138826191 0 -0.0261206627 1.85693511e-06 0 -0.000473350636 0.0734405369
0.239556059 0.125 -0.0587764904 0.0167328101 -0.0230766535 -1.00295615 -0.130979702 0 -0.0115383267 -6.14204691e-06 -0 -0.000192970896 0.075542815
0.176276997 0.125 -0.0553972535 0.0149600226 0.0318548083 -0.976435244 -0.121323675 0 0.0159274042 1.84328255e-05 0 0.000237560293 0.0767293125
0.120969057 0.125 -0.0495657399 0.0128595736 0.127310395 -0.927753031 -0.109379649 0 0.0636551976 0.000111934831 0 0.000810889469 0.0766520798
0.0749941245 0.125 -0.0414576828 0.0105026355 0.287216127 -0.838890374 -0.0951147825 0 0.143608063 0.000329662842 0 0.00147179479 0.074640505
0.0394842401 0.125 -0.0313799232 0.0079918392 0.548832476 -0.667016506 -0.0790980309 0 0.274416238 0.000752807537 0 0.00205983641 0.0703358576
0.0153137855 0.125 -0.0196983404 0.00552824233 0.919278264 -0.277220756 -0.0622125715 0 0.459639132 0.00142372597 0 0.00210467773 0.0634155497
0.00307791494 0.125 -0.00675168401 0.00371008134 0.638743639 0.599382341 -0.0446898937 0 0.319371819 0.00107814884 0 0.000491499668 0.0533883348
0.00307791494 0.125 0.00675168401 0.00371008134 -1.48314571 1.57557964 -0.0263556167 0 -0.741572857 -0.00250343303 0 0.0011412492 0.0389745422
0.0153137855 0.125 0.0196983404 0.00552824233 -2.00080657 1.73226166 -0.00872047618 0 -1.00040329 -0.00309873559 0 0.0045808251 0.0223704446
0.0394842401 0.125 0.0313799232 0.0079918392 -1.45336366 1.56629205 0.0096436115 0 -0.726681828 -0.00199351017 0 0.00545465434 0.00494174613
0.0749941245 0.125 0.0414576828 0.0105026364 -1.08404875 1.44330692 0.0302319285 0 -0.542024374 -0.00124425685 0 0.00555504113 -0.0131041678
0.120969057 0.125 0.0495657399 0.0128595736 -0.841356158 1.35591745 0.0533292033 0 -0.420678079 -0.0007397437 0 0.00535892509 -0.03121938
0.176276997 0.125 0.0553972535 0.0149600226 -0.667771339 1.28905427 0.0781690329 0 -0.33388567 -0.000386406726 0 0.004979969 -0.0489706472
0.239556059 0.125 0.0587764904 0.0167328101 -0.53536129 1.23477435 0.103409752 0 -0.267680645 -0.000142490942 0 0.00447678193 -0.0657508224
0.30924812 0.125 0.0596989468 0.0181218311 -0.429924488 1.18895173 0.127743021 0 -0.214962244 1.52818084e-05 0 0.00389547972 -0.0813003853
0.38363713 0.125 0.0583324954 0.0190826375 -0.342097402 1.14867401 0.150484055 0 -0.171048701 0.000104704588 0 0.0032623806 -0.0950895697
0.460891366 0.125 0.0549848676 0.0195831098 -0.271776915 1.11465001 0.17126672 0 -0.135888457 0.000144270394 0 0.00265720487 -0.106993802
0.539108634 0.125 0.0500518233 0.0196047015 -0.214013457 1.08534849 0.189821139 0 -0.107006729 0.000150327091 0 0.00209244201 -0.11696934
0.61636281 0.125 0.0439641662 0.0191431083 -0.165585756 1.05980778 0.205896229 0 -0.0827928782 0.000135696842 0 0.00157909328 -0.125019401
0.690751851 0.125 0.0371483043 0.018207822 -0.124469757 1.03747976 0.219329596 0 -0.0622348785 0.000110089662 0 0.00112780114 -0.131254032
0.760443926 0.125 0.0300075412 0.0168210901 -0.087072134 1.01694965 0.229968458 0 -0.043536067 7.84278163e-05 0 0.000728112413 -0.135843888
0.823723018 0.125 0.0229215641 0.0150165278 -0.0513352156 0.997422814 0.237661511 0 -0.0256676078 4.47012571e-05 0 0.00038283749 -0.13890785
0.879030943 0.125 0.0162547119 0.012837844 -0.013117075 0.97692585 0.242348909 0 -0.00655853748 1.04404253e-05 0 8.35476822e-05 -0.14067772
0.925005853 0.125 0.0103608835 0.0103378817 0.0333483219 0.952332675 0.244364738 0 0.016674161 -2.25940075e-05 -0 -0.000170888336 -0.141257018
0.960515738 0.125 0.00557609182 0.00757759437 0.094940722 0.919378698 0.244544655 0 0.047470361 -4.92440886e-05 -0 -0.000356324512 -0.140833467
0.984686196 0.125 0.00219627423 0.00462524034 0.184051633 0.869730771 0.24396044 0 0.0920258164 -6.00508829e-05 -0 -0.000421384117 -0.139701247
0.996922076 0.125 0.000445593178 0.00155500555 0.244738758 0.834259331 0.243459612 0 0.122369379 -2.72634825e-05 -0 -0.00018832185 -0.138488457
0.996922076 0.375 -0.000445593178 0.00155500555 0.26661104 -0.848264098 -0.117630661 0 0.13330552 -2.9700017e-05 -0 0.000205152159 0.109156214
0.984686196 0.375 -0.00219627423 0.00462524034 0.219271123 -0.875762343 -0.117342189 0 0.109635562 -7.15420174e-05 -0 0.000502018724 0.107456915
0.960515738 0.375 -0.00557609182 0.00757759484 0.149402678 -0.91486609 -0.116693348 0 0.074701339 -7.74925502e-05 -0 0.000560727087 0.105102345
0.925005853 0.375 -0.0103608835 0.0103378817 0.0994977951 -0.941862762 -0.115744188 0 0.0497488976 -6.74113035e-05 -0 0.0005098611 0.102709793
0.879030943 0.375 -0.0162547119 0.012837844 0.0619618297 -0.961721778 -0.114583775 0 0.0309809148 -4.93179941e-05 -0 0.000394658622 0.100631535
0.823723018 0.375 -0.0229215641 0.0150165278 0.0333992839 -0.976619303 -0.113205552 0 0.0166996419 -2.9083154e-05 -0 0.000249078497 0.0990928784
0.760443926 0.375 -0.0300075412 0.0168210901 0.011479497 -0.987972736 -0.111491561 0 0.00573974848 -1.03398406e-05 -0 9.59935642e-05 0.0981444493
0.690751851 0.375 -0.0371483043 0.018207822 -0.00524115562 -0.996642947 -0.10928838 0 -0.00262057781 4.63564038e-06 0 -4.7489295e-05 0.0978553072
0.61636281 0.375 -0.0439641662 0.0191431083 -0.016528964 -1.00258946 -0.106505275 0 -0.00826448202 1.35454175e-05 0 -0.000157626942 0.0981259346
0.539108634 0.375 -0.0500518233 0.0196047015 -0.0229599476 -1.00614774 -0.103085756 0 -0.0114799738 1.61275002e-05 0 -0.000224482879 0.0988657624
0.460891366 0.375 -0.0549848676 0.0195831098 -0.0227001905 -1.00643146 -0.0989742875 0 -0.0113500953 1.20501973e-05 0 -0.000221943264 0.0999105796
0.38363713 0.375 -0.0583324954 0.0190826375 -0.0137379169 -1.00244164 -0.0940675139 0 -0.00686895847 4.2047177e-06 0 -0.000131010398 0.100991607
0.30924812 0.375 -0.0596989468 0.0181218311 0.00629752874 -0.992931604 -0.0882570744 0 0.00314876437 -2.23847735e-07 -0 5.70609409e-05 0.101825945
0.239556059 0.375 -0.0587764904 0.0167328101 0.0477408171 -0.972430587 -0.081473425 0 0.0238704085 1.27066232e-05 0 0.000399216835 0.102099456
0.176276997 0.375 -0.0553972535 0.0149600226 0.119515896 -0.935444057 -0.0736784041 0 0.0597579479 6.91580208e-05 0 0.000891301315 0.101104572
0.120969057 0.375 -0.0495657399 0.0128595736 0.236519396 -0.871366143 -0.06482023 0 0.118259698 0.000207954421 0 0.00150648411 0.0984270647
0.0749941245 0.375 -0.0414576828 0.0105026355 0.41894114 -0.760284901 -0.0550064296 0 0.20947057 0.000480855058 0 0.00214679935 0.0934056565
0.0394842401 0.375 -0.0313799232 0.0079918392 0.69066596 -0.554394126 -0.0445111543 0 0.34533298 0.000947353838 0 0.00259215501 0.0857870057
0.0153137855 0.375 -0.0196983404 0.00552824233 0.988065064 -0.103938162 -0.0336418897 0 0.494032532 0.00153025903 0 0.00226216437 0.0753973573
0.00307791494 0.375 -0.00675168401 0.00371008134 0.282652736 0.846669793 -0.0223045647 0 0.141326368 0.000477095542 0 0.000217495297 0.0617626421
0.00307791494 0.375 0.00675168401 0.00371008134 -2.32763648 1.82415223 -0.0102586821 0 -1.16381824 -0.0039288667 0 0.00179106684 0.0435513295
0.0153137855 0.375 0.0196983404 0.00552824233 -2.65601063 1.9120692 0.00139089301 0 -1.32800531 -0.00411347859 0 0.00608090777 0.0232866425
0.0394842401 0.375 0.0313799232 0.0079918392 -1.87609005 1.69585156 0.0133301709 0 -0.938045025 -0.00257334393 0 0.00704119867 0.00207002345
0.0749941245 0.375 0.0414576828 0.0105026364 -1.40583825 1.55085325 0.0263139624 0 -0.702919126 -0.00161360262 0 0.00720400224 -0.0201724041
0.120969057 0.375 0.0495657399 0.0128595736 -1.10725927 1.45107567 0.0404811315 0 -0.553629637 -0.000973533024 0 0.00705256499 -0.0429456718
0.176276997 0.375 0.0553972535 0.0149600226 -0.89167273 1.37425947 0.0555303246 0 -0.445836365 -0.000515967549 0 0.00664973492 -0.0656830668
0.239556059 0.375 0.0587764904 0.0167328101 -0.722281337 1.31043983 0.0709142238 0 -0.361140668 -0.000192241292 0 0.0060398397 -0.0875413194
0.30924812 0.375 0.0596989468 0.0181218311 -0.584117293 1.25567353 0.0860301703 0 -0.292058647 2.07626399e-05 0 0.00529259676 -0.108022034
0.38363713 0.375 0.0583324954 0.0190826375 -0.468277454 1.20755482 0.100443274 0 -0.234138727 0.000143324098 0 0.00446568569 -0.126455486
0.460891366 0.375 0.0549848676 0.0195831098 -0.374032021 1.16665316 0.113808647 0 -0.18701601 0.000198551628 0 0.00365696894 -0.142628223
0.539108634 0.375 0.0500518233 0.0196047015 -0.295179486 1.13108218 0.125827357 0 -0.147589743 0.000207339617 0 0.00288601429 -0.156425402
0.61636281 0.375 0.0439641662 0.0191431083 -0.227699399 1.09960711 0.13624838 0 -0.113849699 0.000186598714 0 0.00217143423 -0.167787477
0.690751851 0.375 0.0371483043 0.018207822 -0.16893661 1.07141912 0.144905806 0 -0.0844683051 0.000149419226 0 0.0015307084 -0.176783457
0.760443926 0.375 0.0300075412 0.0168210901 -0.114428163 1.04470849 0.151697844 0 -0.0572140813 0.000103068007 0 0.000956868287 -0.183552176
0.823723018 0.375 0.0229215641 0.0150165278 -0.0613553524 1.01824975 0.156597465 0 -0.0306776762 5.34265091e-05 0 0.000457563641 -0.188190222
0.879030943 0.375 0.0162547119 0.012837844 -0.00566267967 0.990033865 0.159673691 0 -0.00283133984 4.50716198e-06 0 3.60677768e-05 -0.190930545
0.925005853 0.375 0.0103608835 0.0103378817 0.0568894148 0.957668543 0.161188006 0 0.0284447074 -3.85434651e-05 -0 -0.00029152105 -0.191951111
0.960515738 0.375 0.00557609182 0.00757759437 0.130925357 0.918126762 0.161610454 0 0.0654626787 -6.79086879e-05 -0 -0.000491379353 -0.191602856
0.984686196 0.375 0.00219627423 0.00462524034 0.227426469 0.863996506 0.161504209 0 0.113713235 -7.42028787e-05 -0 -0.000520690286 -0.190384328
0.996922076 0.375 0.000445593178 0.00155500555 0.291201532 0.826300025 0.161327928 0 0.145600766 -3.24393586e-05 -0 -0.000224074087 -0.189086899
0.996922076 0.625 -0.000445593178 0.00155500555 0.278604746 -0.845794916 -0.0776284784 0 0.139302373 -3.10360956e-05 -0 0.0002143811 0.132001445
0.984686196 0.625 -0.00219627423 0.00462524034 0.232374668 -0.872705281 -0.0775296539 0 0.116187334 -7.5817341e-05 -0 0.000532019185 0.130267993
0.960515738 0.625 -0.00557609182 0.00757759484 0.164231479 -0.910934329 -0.077247262 0 0.0821157396 -8.51839941e-05 -0 0.000616381469 0.127824649
0.925005853 0.625 -0.0103608835 0.0103378817 0.115806043 -0.937180519 -0.0767241865 0 0.0579030216 -7.84603981e-05 -0 0.000593430246 0.125275731
0.879030943 0.625 -0.0162547119 0.012837844 0.0798808932 -0.956220329 -0.0759065151 0 0.0399404466 -6.35805263e-05 -0 0.000508792058 0.122961365
0.823723018 0.625 -0.0229215641 0.0150165278 0.0532724857 -0.970125794 -0.0747226924 0 0.0266362429 -4.6388177e-05 -0 0.000397284864 0.121088944
0.760443926 0.625 -0.0300075412 0.0168210901 0.0336363316 -0.980316043 -0.0731038004 0 0.0168181658 -3.02969966e-05 -0 0.000281272893 0.119690493
0.690751851 0.625 -0.0371483043 0.018207822 0.0194535255 -0.987677097 -0.0709958225 0 0.00972676277 -1.72060427e-05 -0 0.00017626537 0.118819542
0.61636281 0.625 -0.0439641662 0.0191431083 0.010989666 -0.992137372 -0.0683650374 0 0.00549483299 -9.0059857e-06 -0 0.00010480194 0.118367761
0.539108634 0.625 -0.0500518233 0.0196047015 0.00785541534 -0.993929207 -0.0651870072 0 0.00392770767 -5.51779203e-06 -0 7.68035825e-05 0.118234798
0.460891366 0.625 -0.0549848676 0.0195831098 0.0120937824 -0.99203378 -0.0614426881 0 0.00604689121 -6.4198789e-06 -0 0.00011824278 0.11824625
0.38363713 0.625 -0.0583324954 0.0190826375 0.0259290934 -0.98529619 -0.0571169555 0 0.0129645467 -7.93602976e-06 -0 0.000247270451 0.118121453
0.30924812 0.625 -0.0596989468 0.0181218311 0.05183357 -0.972337604 -0.0522115678 0 0.025916785 -1.84244129e-06 -0 0.000469656021 0.117569074
0.239556059 0.625 -0.0587764904 0.0167328101 0.0999314189 -0.947566092 -0.0467660278 0 0.0499657094 2.65975941e-05 0 0.000835643557 0.116279528
0.176276997 0.625 -0.0553972535 0.0149600226 0.178811908 -0.905272424 -0.0408652127 0 0.0894059539 0.000103469734 0 0.00133350701 0.113568515
0.120969057 0.625 -0.0495657399 0.0128595736 0.302797377 -0.834267974 -0.0346343368 0 0.151398689 0.000266227842 0 0.00192863436 0.109062195
0.0749941245 0.625 -0.0414576828 0.0105026355 0.490710258 -0.713087976 -0.0282012224 0 0.245355129 0.000563230715 0 0.00251456909 0.10214372
0.0394842401 0.625 -0.0313799232 0.0079918392 0.759476423 -0.489953786 -0.0216530114 0 0.379738212 0.00104173785 0 0.00285040936 0.0925914347
0.0153137855 0.625 -0.0196983404 0.00552824233 0.99974817 -0.00518393517 -0.0149980783 0 0.499874085 0.00154835312 0 0.00228891266 0.0802364945
0.00307791494 0.625 -0.00675168401 0.00371008134 0.0192326307 0.990304589 -0.00801249593 0 0.00961631536 3.24631619e-05 0 1.47991022e-05 0.0645406172
0.00307791494 0.625 0.00675168401 0.00371008134 -2.88200712 1.97028089 -0.000471413136 0 -1.44100356 -0.00486460049 0 0.00221764343 0.0441038832
0.0153137855 0.625 0.0196983404 0.00552824233 -3.07041788 2.01751614 0.0068436712 0 -1.53520894 -0.00475528836 0 0.00702968845 0.0216749981
0.0394842401 0.625 0.0313799232 0.0079918392 -2.12986493 1.76908565 0.014175579 0 -1.06493247 -0.00292143505 0 0.00799364783 -0.0017233392
0.0749941245 0.625 0.0414576828 0.0105026364 -1.58781838 1.60852158 0.0218306109 0 -0.793909192 -0.00182247686 0 0.00813653134 -0.026261149
0.120969057 0.625 0.0495657399 0.0128595736 -1.25134492 1.50015116 0.0298578441 0 -0.62567246 -0.00110021711 0 0.0079703033 -0.0514599457
0.176276997 0.625 0.0553972535 0.0149600226 -1.01175547 1.41784894 0.0382077396 0 -0.505877733 -0.000585453527 0 0.00754526351 -0.0767358094
0.239556059 0.625 0.0587764904 0.0167328101 -0.82466805 1.34999299 0.0467648953 0 -0.412334025 -0.000219492387 0 0.00689601433 -0.101207934
0.30924812 0.625 0.0596989468 0.0181218311 -0.671783805 1.29179001 0.0553390682 0 -0.335891902 2.38787761e-05 0 0.0060869297 -0.12431547
0.38363713 0.625 0.0583324954 0.0190826375 -0.54268682 1.24041533 0.0636916757 0 -0.27134341 0.000166098325 0 0.00517528364 -0.145311207
0.460891366 0.625 0.0549848676 0.0195831098 -0.436091423 1.19623172 0.0715620518 0 -0.218045712 0.000231495316 0 0.00426373305 -0.163898125
0.539108634 0.625 0.0500518233 0.0196047015 -0.345488906 1.15727913 0.0787011087 0 -0.172744453 0.00024267791 0 0.0033778972 -0.179883018
0.61636281 0.625 0.0439641662 0.0191431083 -0.266800642 1.12231517 0.0849077702 0 -0.133400321 0.000218642017 0 0.00254431972 -0.193143591
0.690751851 0.625 0.0371483043 0.018207822 -0.197383285 1.0905391 0.0900433958 0 -0.0986916423 0.000174579429 0 0.00178845937 -0.203706935
0.760443926 0.625 0.0300075412 0.0168210901 -0.132837653 1.06018555 0.0940442085 0 -0.0664188266 0.000119649849 0 0.0011108116 -0.21169281
0.823723018 0.625 0.0229215641 0.0150165278 -0.0705081224 1.03010237 0.0969397426 0 -0.0352540612 6.13964803e-05 0 0.00052582135 -0.217206582
0.879030943 0.625 0.0162547119 0.012837844 -0.006534338 0.998381615 0.0988355577 0 -0.003267169 5.20095136e-06 0 4.16197036e-05 -0.220514566
0.925005853 0.625 0.0103608835 0.0103378817 0.0630733967 0.962779582 0.0999105573 0 0.0315366983 -4.27332088e-05 -0 -0.000323209912 -0.221851021
0.960515738 0.625 0.00557609182 0.00757759437 0.142651796 0.920472383 0.100393057 0 0.0713258982 -7.39909883e-05 -0 -0.000535390165 -0.221638694
0.984686196 0.625 0.00219627423 0.00462524034 0.242939115 0.864265561 0.100528151 0 0.121469557 -7.92642168e-05 -0 -0.000556206331 -0.220453352
0.996922076 0.625 0.000445593178 0.00155500555 0.308505595 0.825463116 0.100524038 0 0.154252797 -3.43669999e-05 -0 -0.000237389235 -0.219152421
0.996922076 0.875 -0.000445593178 0.00155500555 0.283124864 -0.844867527 -0.0554436743 0 0.141562432 -3.15396319e-05 -0 0.00021785924 0.147970453
0.984686196 0.875 -0.00219627423 0.00462524034 0.238005757 -0.871163726 -0.0553900599 0 0.119002879 -7.76546076e-05 -0 0.000544911483 0.146221742
0.960515738 0.875 -0.00557609182 0.00757759484 0.171639025 -0.908467352 -0.0552092195 0 0.0858195126 -8.90261581e-05 -0 0.000644182903 0.143725976
0.925005853 0.875 -0.0103608835 0.0103378817 0.124822497 -0.933900297 -0.0548426211 0 0.0624112487 -8.45691829e-05 -0 0.000639633625 0.141071886
0.879030943 0.875 -0.0162547119 0.012837844 0.0905994773 -0.95208174 -0.0542298704 0 0.0452997386 -7.21118922e-05 -0 0.000577062834 0.138584793
0.823723018 0.875 -0.0229215641 0.0150165278 0.0658940077 -0.965020239 -0.0533096939 0 0.0329470038 -5.73786383e-05 -0 0.000491411076 0.136454225
0.760443926 0.875 -0.0300075412 0.0168210901 0.0483255982 -0.974149883 -0.0520234108 0 0.0241627991 -4.35279508e-05 -0 0.000404107122 0.13469635
0.690751851 0.875 -0.0371483043 0.018207822 0.0363663435 -0.980357289 -0.0503315479 0 0.0181831717 -3.21649095e-05 -0 0.000329509785 0.133353218
0.61636281 0.875 -0.0439641662 0.0191431083 0.0302873254 -0.983559072 -0.0482101738 0 0.0151436627 -2.48203378e-05 -0 0.000288832292 0.132308453
0.539108634 0.875 -0.0500518233 0.0196047015 0.0297369957 -0.983960807 -0.0456523299 0 0.0148684978 -2.08878264e-05 -0 0.000290743104 0.131459266
0.460891366 0.875 -0.0549848676 0.0195831098 0.0368218422 -0.980488539 -0.0426660031 0 0.0184109211 -1.95465527e-05 -0 0.00036001284 0.130631924
0.38363713 0.875 -0.0583324954 0.0190826375 0.0538185835 -0.971925378 -0.0392743796 0 0.0269092917 -1.64720714e-05 -0 0.000513236038 0.129550084
0.30924812 0.875 -0.0596989468 0.0181218311 0.0832405686 -0.956816614 -0.0355159938 0 0.0416202843 -2.95881341e-06 -0 0.000754230015 0.127931729
0.239556059 0.875 -0.0587764904 0.0167328101 0.135151982 -0.92944026 -0.0314460397 0 0.0675759912 3.59718433e-05 0 0.0011301639 0.12548247
0.176276997 0.875 -0.0553972535 0.0149600226 0.218078077 -0.883847117 -0.0271325409 0 0.109039038 0.000126191153 0 0.00162633823 0.121537179
0.120969057 0.875 -0.0495657399 0.0128595736 0.346065998 -0.808344722 -0.0226460993 0 0.173032999 0.000304270827 0 0.00220422912 0.115744233
0.0749941245 0.875 -0.0414576828 0.0105026355 0.536828279 -0.680327833 -0.0180483311 0 0.26841414 0.000616164354 0 0.00275089382 0.107506268
0.0394842401 0.875 -0.0313799232 0.0079918392 0.80154103 -0.445286483 -0.0133761019 0 0.400770515 0.00109943585 0 0.00300828298 0.0966135114
0.0153137855 0.875 -0.0196983404 0.00552824233 0.995910406 0.0633655787 -0.00862464309 0 0.497955203 0.00154240942 0 0.00228012609 0.0828963965
0.00307791494 0.875 -0.00675168401 0.00371008134 -0.188209653 1.09004426 -0.00362807512 0 -0.0941048265 -0.000317683036 -0 -0.000144823338 0.0657688901
0.00307791494 0.875 0.00675168401 0.00371008134 -3.29117489 2.07151437 0.00176147372 0 -1.64558744 -0.0055552437 0 0.00253248936 0.0437870361
0.0153137855 0.875 0.0196983404 0.00552824233 -3.36798906 2.08996177 0.00695858523 0 -1.68399453 -0.00521615008 0 0.00771097513 0.0198648069
0.0394842401 0.875 0.0313799232 0.0079918392 -2.30734921 1.81857157 0.0121053634 0 -1.1536746 -0.00316488161 0 0.00865976792 -0.00501776626
0.0749941245 0.875 0.0414576828 0.0105026364 -1.71199536 1.64672184 0.0173909776 0 -0.855997682 -0.00196500565 0 0.00877285749 -0.0310877096
0.120969057 0.875 0.0495657399 0.0128595736 -1.3477695 1.53207302 0.02283822 0 -0.673884749 -0.00118499633 0 0.00858446863 -0.0578745939
0.176276997 0.875 0.0553972535 0.0149600226 -1.09114361 1.44579935 0.0284191817 0 -0.545571804 -0.000631391595 0 0.00813730806 -0.0847869366
0.239556059 0.875 0.0587764904 0.0167328101 -0.892051101 1.37509656 0.0340653509 0 -0.44602555 -0.000237426968 0 0.00745948358 -0.110923767
0.30924812 0.875 0.0596989468 0.0181218311 -0.729699254 1.31458187 0.0396704972 0 -0.364849627 2.5937401e-05 0 0.00661169318 -0.135691568
0.38363713 0.875 0.0583324954 0.0190826375 -0.592449069 1.2611165 0.0451016426 0 -0.296224535 0.000181328884 0 0.00564983673 -0.158301324
0.460891366 0.875 0.0549848676 0.0195831098 -0.478476524 1.21488917 0.050206989 0 -0.239238262 0.000253995066 0 0.00467813853 -0.178409249
0.539108634 0.875 0.0500518233 0.0196047015 -0.380960703 1.17386258 0.0548404157 0 -0.190480351 0.000267593976 0 0.00372471008 -0.195775956
0.61636281 0.875 0.0439641662 0.0191431083 -0.295702577 1.1367656 0.0588780642 0 -0.147851288 0.000242327049 0 0.00281994045 -0.210241362
0.690751851 0.875 0.0371483043 0.018207822 -0.220018864 1.10279012 0.0622324347 0 -0.110009432 0.00019459991 0 0.00199355697 -0.221805155
0.760443926 0.875 0.0300075412 0.0168210901 -0.149567842 1.07021511 0.0648653507 0 -0.0747839212 0.000134719099 0 0.00125071243 -0.23057428
0.823723018 0.875 0.0229215641 0.0150165278 -0.0817704201 1.03793514 0.0667912662 0 -0.04088521 7.12033725e-05 0 0.000609811046 -0.236660093
0.879030943 0.875 0.0162547119 0.012837844 -0.0128339529 1.00409126 0.0680785179 0 -0.00641697645 1.02150771e-05 0 8.17443652e-05 -0.240348324
0.925005853 0.875 0.0103608835 0.0103378817 0.0610972643 0.966521919 0.0688340068 0 0.0305486321 -4.1394349e-05 -0 -0.000313083525 -0.24190639
0.960515738 0.875 0.00557609182 0.00757759437 0.144203365 0.922501087 0.0691983402 0 0.0721016824 -7.47957602e-05 -0 -0.000541213376 -0.241799384
0.984686196 0.875 0.00219627423 0.00462524034 0.247287035 0.864816546 0.0693205595 0 0.123643517 -8.06828248e-05 -0 -0.000566160888 -0.240648404
0.996922076 0.875 0.000445593178 0.00155500555 0.314327419 0.82514596 0.0693303347 0 0.157163709 -3.50155424e-05 -0 -0.000241869027 -0.239348918
0.996922076 1.125 -0.000445593178 0.00155500555 0.285709321 -0.844142556 -0.0414014459 0 0.142854661 -3.18275343e-05 -0 0.00021984792 0.159723282
0.984686196 1.125 -0.00219627423 0.00462524034 0.241354465 -0.870020092 -0.0413590372 0 0.120677233 -7.87471872e-05 -0 0.000552578247 0.157963023
0.960515738 1.125 -0.00557609182 0.00757759484 0.176272452 -0.906657815 -0.0412207842 0 0.0881362259 -9.1429436e-05 -0 0.000661572791 0.155429259
0.925005853 1.125 -0.0103608835 0.0103378817 0.130793273 -0.931413352 -0.0409378111 0 0.0653966367 -8.86144844e-05 -0 0.000670230016 0.152697042
0.879030943 1.125 -0.0162547119 0.012837844 0.0980249047 -0.948861539 -0.0404579937 0 0.0490124524 -7.80220944e-05 -0 0.000624358188 0.1500763
0.823723018 1.125 -0.0229215641 0.0150165278 0.074885726 -0.961007595 -0.0397325754 0 0.037442863 -6.52083763e-05 -0 0.000558467756 0.147743791
0.760443926 1.125 -0.0300075412 0.0168210901 0.0590059757 -0.969275534 -0.038716346 0 0.0295029879 -5.31480036e-05 -0 0.000493418251 0.145702198
0.690751851 1.125 -0.0371483043 0.018207822 0.048807919 -0.974574149 -0.0373804569 0 0.0244039595 -4.31691005e-05 -0 0.000442240998 0.143985316
0.61636281 1.125 -0.0439641662 0.0191431083 0.0445727706 -0.976807117 -0.0357083082 0 0.0222863853 -3.65272026e-05 -0 0.000425064121 0.142472848
0.539108634 1.125 -0.0500518233 0.0196047015 0.045978725 -0.976158559 -0.0337012708 0 0.0229893625 -3.22963206e-05 -0 0.000449540938 0.141060963
0.460891366 1.125 -0.0549848676 0.0195831098 0.0551398396 -0.971532822 -0.031371057 0 0.0275699198 -2.92705008e-05 -0 0.000539110741 0.139579251
0.38363713 1.125 -0.0583324954 0.0190826375 0.0743641853 -0.96167016 -0.0287451446 0 0.0371820927 -2.2760396e-05 -0 0.000709167332 0.137758642
0.30924812 1.125 -0.0596989468 0.0181218311 0.106219232 -0.945046067 -0.0258598924 0 0.053109616 -3.77559741e-06 -0 0.000962436141 0.135327071
0.239556059 1.125 -0.0587764904 0.0167328101 0.160727859 -0.915835202 -0.0227597356 0 0.0803639293 4.27790801e-05 0 0.00134403363 0.132002547
0.176276997 1.125 -0.0553972535 0.0149600226 0.246400535 -0.867882192 -0.0194935799 0 0.123200268 0.000142579971 0 0.00183755567 0.127134785
0.120969057 1.125 -0.0495657399 0.0128595736 0.37707746 -0.789090037 -0.0161070973 0 0.18853873 0.000331536954 0 0.0024017531 0.120385244
0.0749941245 1.125 -0.0414576828 0.0105026355 0.569502532 -0.656001329 -0.0126374215 0 0.284751266 0.000653667434 0 0.00291832816 0.111167885
0.0394842401 1.125 -0.0313799232 0.0079918392 0.830114603 -0.4120709 -0.00910846889 0 0.415057302 0.00113862893 0 0.00311552314 0.0992794856
0.0153137855 1.125 -0.0196983404 0.00552824233 0.986877859 0.114419162 -0.00551338494 0 0.493438929 0.00152842025 0 0.00225944608 0.0845488161
0.00307791494 1.125 -0.00675168401 0.00371008134 -0.355576873 1.16429114 -0.00173029304 0 -0.177788436 -0.000600185711 -0 -0.000273608865 0.0663546547
0.00307791494 1.125 0.00675168401 0.00371008134 -3.60830259 2.14669442 0.00234552473 0 -1.8041513 -0.00609053019 0 0.00277651241 0.0432231463
0.0153137855 1.125 0.0196983404 0.00552824233 -3.59437323 2.14343977 0.00625718385 0 -1.79718661 -0.0055667609 0 0.00822927896 0.0181957055
0.0394842401 1.125 0.0313799232 0.0079918392 -2.4401238 1.85472953 0.0101000844 0 -1.2200619 -0.0033470022 0 0.00915808789 -0.00777602103
0.0749941245 1.125 0.0414576828 0.0105026364 -1.80336118 1.6742655 0.0140048899 0 -0.901680589 -0.00206987397 0 0.00924104732 -0.0349566378
0.120969057 1.125 0.0495657399 0.0128595736 -1.41761994 1.55476582 0.0179785565 0 -0.708809972 -0.00124641077 0 0.0090293726 -0.0628790557
0.176276997 1.125 0.0553972535 0.0149600226 -1.14786601 1.46539485 0.0219985098 0 -0.573933005 -0.000664214138 0 0.00856032129 -0.0909454003
0.239556059 1.125 0.0587764904 0.0167328101 -0.93966639 1.39247608 0.0260141641 0 -0.469833195 -0.000250100187 0 0.00785765052 -0.11824061
0.30924812 1.125 0.0596989468 0.0181218311 -0.770343065 1.33020508 0.0299586654 0 -0.385171533 2.73820988e-05 0 0.00697996048 -0.144150719
0.38363713 1.125 0.0583324954 0.0190826375 -0.627284527 1.27520418 0.0337466896 0 -0.313642263 0.000191990854 0 0.00598204182 -0.167862028
0.460891366 1.125 0.0549848676 0.0195831098 -0.508217931 1.22752917 0.0372845829 0 -0.254108965 0.00026978305 0 0.00496892538 -0.18900162
0.539108634 1.125 0.0500518233 0.0196047015 -0.406041741 1.18507504 0.0404829681 0 -0.203020871 0.000285211368 0 0.00396993104 -0.207303226
0.61636281 1.125 0.0439641662 0.0191431083 -0.316411972 1.14653397 0.0432649255 0 -0.158205986 0.000259298307 0 0.00301743369 -0.222582623
0.690751851 1.125 0.0371483043 0.018207822 -0.236625075 1.1111021 0.0455766022 0 -0.118312538 0.00020928758 0 0.00214402308 -0.234823152
0.760443926 1.125 0.0300075412 0.0168210901 -0.162294388 1.07705522 0.0473971367 0 -0.0811471939 0.000146182196 0 0.00135713408 -0.244125485
0.823723018 1.125 0.0229215641 0.0150165278 -0.0908950567 1.04332161 0.0487352014 0 -0.0454475284 7.91488492e-05 0 0.000677858945 -0.250602216
0.879030943 1.125 0.0162547119 0.012837844 -0.0186834335 1.00807714 0.0496379435 0 -0.00934171677 1.48709214e-05 0 0.000119001947 -0.254553825
0.925005853 1.125 0.0103608835 0.0103378817 0.0581331849 0.969200194 0.0501776636 0 0.0290665925 -3.9386141e-05 -0 -0.000297894556 -0.256268024
0.960515738 1.125 0.00557609182 0.00757759437 0.143639088 0.924021721 0.0504457355 0 0.0718195438 -7.45030775e-05 -0 -0.000539095607 -0.256237864
0.984686196 1.125 0.00219627423 0.00462524034 0.248580396 0.865369856 0.0505428016 0 0.124290198 -8.11048085e-05 -0 -0.00056912197 -0.255113631
0.996922076 1.125 0.000445593178 0.00155500555 0.316574812 0.825147986 0.0505563021 0 0.158287406 -3.52658972e-05 -0 -0.000243598333 -0.253817588
0.996922076 1.375 -0.000445593178 0.00155500555 0.287447572 -0.843527555 -0.0318382382 0 0.143723786 -3.2021173e-05 -0 0.000221185473 0.168671176
0.984686196 1.375 -0.00219627423 0.00462524034 0.243701339 -0.869072676 -0.031801939 0 0.121850669 -7.9512909e-05 -0 0.000557951455 0.166901261
0.960515738 1.375 -0.00557609182 0.00757759484 0.179640055 -0.90518266 -0.0316899717 0 0.0898200274 -9.31761533e-05 -0 0.000674211828 0.164336368
0.925005853 1.375 -0.0103608835 0.0103378817 0.135195017 -0.929416537 -0.0314622521 0 0.0675975084 -9.15967321e-05 -0 0.000692786009 0.161540791
0.879030943 1.375 -0.0162547119 0.012837844 0.103551209 -0.946299553 -0.0310798287 0 0.0517756045 -8.24207164e-05 -0 0.00065955735 0.158813789
0.823723018 1.375 -0.0229215641 0.0150165278 0.0816430449 -0.957823873 -0.0305017233 0 0.0408215225 -7.10924578e-05 -0 0.000608861097 0.156320512
0.760443926 1.375 -0.0300075412 0.0168210901 0.0670632124 -0.965429902 -0.029697448 0 0.0335316062 -6.04053384e-05 -0 0.000560794317 0.154054523
0.690751851 1.375 -0.0371483043 0.018207822 0.0582398772 -0.970020533 -0.0286406577 0 0.0291199386 -5.15113752e-05 -0 0.000527702505 0.152043447
0.61636281 1.375 -0.0439641662 0.0191431083 0.0554330945 -0.971504211 -0.0273215175 0 0.0277165473 -4.5427194e-05 -0 0.000528632605 0.150162607
0.539108634 1.375 -0.0500518233 0.0196047015 0.0583242774 -0.970058262 -0.0257431567 0 0.0291621387 -4.09680688e-05 -0 0.000570245262 0.148309901
0.460891366 1.375 -0.0549848676 0.0195831098 0.069054544 -0.964558661 -0.0239165723 0 0.034527272 -3.66570021e-05 -0 0.000675156945 0.146317452
0.38363713 1.375 -0.0583324954 0.0190826375 0.0899447203 -0.953717589 -0.0218642354 0 0.0449723601 -2.75290749e-05 -0 0.000857749605 0.143922657
0.30924812 1.375 -0.0596989468 0.0181218311 0.123602867 -0.935955346 -0.0196149051 0 0.0618014336 -4.39350424e-06 -0 0.0011199466 0.140861675
0.239556059 1.375 -0.0587764904 0.0167328101 0.180043757 -0.905350924 -0.0172033012 0 0.0900218785 4.79201735e-05 0 0.00150555663 0.136862338
0.176276997 1.375 -0.0553972535 0.0149600226 0.267757118 -0.85558629 -0.0146633089 0 0.133878559 0.000154937981 0 0.00199682429 0.131283969
0.120969057 1.375 -0.0495657399 0.0128595736 0.400395155 -0.774248123 -0.0120280981 0 0.200197577 0.000352038507 0 0.0025502725 0.123797782
0.0749941245 1.375 -0.0414576828 0.0105026355 0.593858123 -0.637224436 -0.00932455063 0 0.296929061 0.00068162242 0 0.00304313446 0.113824978
0.0394842401 1.375 -0.0313799232 0.0079918392 0.850656986 -0.386393428 -0.00656929612 0 0.425328493 0.00116680597 0 0.00319262128 0.101167746
0.0153137855 1.375 -0.0196983404 0.00552824233 0.976299524 0.153903663 -0.00375908613 0 0.488149762 0.00151203712 0 0.00223522726 0.085653089
0.00307791494 1.375 -0.00675168401 0.00371008134 -0.492489576 1.22167468 -0.000801846385 0 -0.246244788 -0.000831283571 -0 -0.000378960307 0.0666340366
0.00307791494 1.375 0.00675168401 0.00371008134 -3.8607111 2.20470071 0.00238063186 0 -1.93035555 -0.00651657581 0 0.00297073531 0.0426142737
0.0153137855 1.375 0.0196983404 0.00552824233 -3.77211428 2.18451023 0.00542327017 0 -1.88605714 -0.0058420361 0 0.00863621477 0.016736215
0.0394842401 1.375 0.0313799232 0.0079918392 -2.54304981 1.88228035 0.00839395076 0 -1.27152491 -0.00348818116 0 0.00954438187 -0.0100678084
0.0749941245 1.375 0.0414576828 0.0105026364 -1.87333059 1.69505191 0.0113879964 0 -0.936665297 -0.00215018401 0 0.00959959533 -0.0380901545
0.120969057 1.375 0.0495657399 0.0128595736 -1.47045851 1.5717032 0.0144076198 0 -0.735229254 -0.00129286782 0 0.00936592277 -0.0668638721
0.176276997 1.375 0.0553972535 0.0149600226 -1.19028211 1.47985756 0.0174310058 0 -0.595141053 -0.000688758213 0 0.00887664314 -0.0957861915
0.239556059 1.375 0.0587764904 0.0167328101 -0.974913597 1.40516782 0.0204209387 0 -0.487456799 -0.000259481516 0 0.00815239362 -0.123930849
0.30924812 1.375 0.0596989468 0.0181218311 -0.800180078 1.34150505 0.0233300328 0 -0.400090039 2.84426642e-05 0 0.00725030852 -0.150670901
0.38363713 1.375 0.0583324954 0.0190826375 -0.652697206 1.28530777 0.0260983407 0 -0.326348603 0.000199768823 0 0.00622438733 -0.175174668
0.460891366 1.375 0.0549848676 0.0195831098 -0.529848218 1.23653805 0.0286668539 0 -0.264924109 0.000281265297 0 0.00518040825 -0.19705154
0.539108634 1.375 0.0500518233 0.0196047015 -0.4242872 1.19303298 0.0309762359 0 -0.2121436 0.000298027298 0 0.00414831983 -0.21601744
0.61636281 1.375 0.0439641662 0.0191431083 -0.331544161 1.15345418 0.0329779088 0 -0.16577208 0.000271699071 0 0.00316174049 -0.231873825
0.690751851 1.375 0.0371483043 0.018207822 -0.248851657 1.11698341 0.0346374214 0 -0.124425828 0.000220101618 0 0.00225480623 -0.244593456
0.760443926 1.375 0.0300075412 0.0168210901 -0.171812534 1.08190596 0.0359434485 0 -0.0859062672 0.000154755398 0 0.00143672642 -0.254272848
0.823723018 1.375 0.0229215641 0.0150165278 -0.097905159 1.04715955 0.0369060636 0 -0.0489525795 8.52530502e-05 0 0.000730137457 -0.261027694
0.879030943 1.375 0.0162547119 0.012837844 -0.0234284401 1.01094902 0.0375567079 0 -0.01171422 1.864767e-05 0 0.00014922471 -0.265167296
0.925005853 1.375 0.0103608835 0.0103378817 0.055388391 0.971170127 0.0379499197 0 0.0276941955 -3.75265008e-05 -0 -0.000283829286 -0.266995221
0.960515738 1.375 0.00557609182 0.00757759437 0.142550468 0.925199568 0.038148284 0 0.0712752342 -7.39384268e-05 -0 -0.000535009836 -0.267022252
0.984686196 1.375 0.00219627423 0.00462524034 0.248846948 0.865847588 0.0382233858 0 0.124423474 -8.1191778e-05 -0 -0.000569732278 -0.265919805
0.996922076 1.375 0.000445593178 0.00155500555 0.317569911 0.825207889 0.0382364988 0 0.158784956 -3.537675e-05 -0 -0.000244364055 -0.264627069
0.996922076 1.625 -0.000445593178 0.00155500555 0.288808405 -0.842951775 -0.0249775648 0 0.144404203 -3.21727675e-05 -0 0.000222232615 0.175642401
0.984686196 1.625 -0.00219627423 0.00462524034 0.245477319 -0.868274212 -0.024951905 0 0.122738659 -8.00923663e-05 -0 0.000562017551 0.173863992
0.960515738 1.625 -0.00557609182 0.00757759484 0.182155192 -0.904005826 -0.0248655379 0 0.0910775959 -9.44807107e-05 -0 0.000683651422 0.171274245
0.925005853 1.625 -0.0103608835 0.0103378817 0.138535976 -0.92782253 -0.0246860385 0 0.0692679882 -9.38602825e-05 -0 0.000709906279 0.168428168
0.879030943 1.625 -0.0162547119 0.012837844 0.107791245 -0.944253325 -0.0243816078 0 0.0538956225 -8.5795531e-05 -0 0.000686563726 0.165616214
0.823723018 1.625 -0.0229215641 0.0150165278 0.0868428946 -0.955293059 -0.0239220262 0 0.0434214473 -7.56203372e-05 -0 0.000647639506 0.162994653
0.760443926 1.625 -0.0300075412 0.0168210901 0.0732907653 -0.96237582 -0.0232814848 0 0.0366453826 -6.60146325e-05 -0 0.000612870208 0.160550922
0.690751851 1.625 -0.0371483043 0.018207822 0.0655503273 -0.966408849 -0.0224405527 0 0.0327751637 -5.79772386e-05 -0 0.000593941309 0.158305645
0.61636281 1.625 -0.0439641662 0.0191431083 0.0638480783 -0.967312872 -0.0213935971 0 0.0319240391 -5.23232338e-05 -0 0.000608881295 0.156133607
0.539108634 1.625 -0.0500518233 0.0196047015 0.067898035 -0.965244174 -0.0201407075 0 0.0339490175 -4.76928581e-05 -0 0.000663849351 0.153932542
0.460891366 1.625 -0.0549848676 0.0195831098 0.0798438191 -0.959065557 -0.0186934173 0 0.0399219096 -4.23843921e-05 -0 0.00078064535 0.151537538
0.38363713 1.625 -0.0583324954 0.0190826375 0.102030218 -0.947458982 -0.0170679986 0 0.0510151088 -3.12280426e-05 -0 0.000973001879 0.14869076
0.30924812 1.625 -0.0596989468 0.0181218311 0.137092769 -0.928802192 -0.0152870715 0 0.0685463846 -4.87300758e-06 -0 0.00124217663 0.145134524
0.239556059 1.625 -0.0587764904 0.0167328101 0.195033967 -0.897099257 -0.0133766234 0 0.0975169837 5.19099412e-05 0 0.00163090718 0.140604198
0.176276997 1.625 -0.0553972535 0.0149600226 0.284329534 -0.84589678 -0.0113621652 0 0.142164767 0.000164527635 0 0.00212041475 0.134466439
0.120969057 1.625 -0.0495657399 0.0128595736 0.418451965 -0.762536645 -0.0092690438 0 0.209225982 0.000367914559 0 0.00266528339 0.126399294
0.0749941245 1.625 -0.0414576828 0.0105026355 0.612600207 -0.62237376 -0.0071183145 0 0.306300104 0.000703134341 0 0.00313917547 0.115830161
0.0394842401 1.625 -0.0313799232 0.0079918392 0.865980268 -0.366053939 -0.00492103398 0 0.432990134 0.00118782406 0 0.00325013138 0.102564134
0.0153137855 1.625 -0.0196983404 0.00552824233 0.965696633 0.185192287 -0.00267843902 0 0.482848316 0.00149561604 0 0.00221095211 0.0864283592
0.00307791494 1.625 -0.00675168401 0.00371008134 -0.605569959 1.26711082 -0.00031799078 0 -0.302784979 -0.00102215423 -0 -0.000465973222 0.0667555779
0.00307791494 1.625 0.00675168401 0.00371008134 -4.06497049 2.25054789 0.00221829861 0 -2.03248525 -0.00686134957 0 0.00312790857 0.0420328304
0.0153137855 1.625 0.0196983404 0.00552824233 -3.91442633 2.21684575 0.00463639759 0 -1.95721316 -0.00606244057 0 0.00896203704 0.0154840704
0.0394842401 1.625 0.0313799232 0.0079918392 -2.62465096 1.90383875 0.00698608719 0 -1.31232548 -0.0036001096 0 0.00985064078 -0.0119729964
0.0749941245 1.625 0.0414576828 0.0105026364 -1.9282732 1.71119428 0.00933869183 0 -0.9641366 -0.00221324642 0 0.00988113973 -0.040650636
0.120969057 1.625 0.0495657399 0.0128595736 -1.51157689 1.58475232 0.0116947144 0 -0.755788445 -0.00132902036 0 0.00962782186 -0.0700828657
0.176276997 1.625 0.0553972535 0.0149600226 -1.22297478 1.49089837 0.0140342116 0 -0.611487389 -0.000707675877 0 0.00912045129 -0.0996609032
0.239556059 1.625 0.0587764904 0.0167328101 -1.00184369 1.41477108 0.0163298696 0 -0.500921845 -0.000266649207 0 0.00837758835 -0.128451079
0.30924812 1.625 0.0596989468 0.0181218311 -0.822786093 1.34997857 0.0185448825 0 -0.411393046 2.92462028e-05 0 0.00745513849 -0.155815735
0.38363713 1.625 0.0583324954 0.0190826375 -0.671833754 1.29282939 0.0206371248 0 -0.335916877 0.000205625882 0 0.00640688185 -0.180911198
0.460891366 1.625 0.0549848676 0.0195831098 -0.546070695 1.24320614 0.0225647986 0 -0.273035347 0.000289876858 0 0.0053390176 -0.203335047
0.539108634 1.625 0.0500518233 0.0196047015 -0.43793714 1.19889414 0.0242894292 0 -0.21896857 0.000307615293 0 0.00428177742 -0.222791344
0.61636281 1.625 0.0439641662 0.0191431083 -0.342853308 1.1585288 0.0257759988 0 -0.171426654 0.000280966866 0 0.00326958904 -0.239071578
0.690751851 1.625 0.0371483043 0.018207822 -0.258015752 1.12128782 0.0270051658 0 -0.129007876 0.000228206976 0 0.00233784062 -0.252141863
0.760443926 1.625 0.0300075412 0.0168210901 -0.17899096 1.08545315 0.0279701352 0 -0.0894954801 0.000161221178 0 0.00149675377 -0.26209721
0.823723018 1.625 0.0229215641 0.0150165278 -0.103245735 1.04996347 0.0286788344 0 -0.0516228676 8.99034712e-05 0 0.000769965351 -0.269055247
0.879030943 1.625 0.0162547119 0.012837844 -0.0271093845 1.0130446 0.0291567445 0 -0.0135546923 2.15774871e-05 0 0.000172670058 -0.273332179
0.925005853 1.625 0.0103608835 0.0103378817 0.0531615019 0.972610712 0.0294430256 0 0.0265807509 -3.60177437e-05 -0 -0.000272417907 -0.275242984
0.960515738 1.625 0.00557609182 0.00757759437 0.141540408 0.926058471 0.0295857787 0 0.0707702041 -7.34145287e-05 -0 -0.000531218946 -0.275312006
0.984686196 1.625 0.00219627423 0.00462524034 0.248751223 0.86623925 0.0296365023 0 0.124375612 -8.11605423e-05 -0 -0.000569513068 -0.274225324
0.996922076 1.625 0.000445593178 0.00155500555 0.317933559 0.825340986 0.0296425223 0 0.15896678 -3.54172589e-05 -0 -0.000244643888 -0.272935838
0.996922076 1.875 -0.000445593178 0.00155500555 0.289400756 -0.842735469 -0.0199040174 0 0.144700378 -3.22387532e-05 -0 0.000222688424 0.181159958
0.984686196 1.875 -0.00219627423 0.00462524034 0.246547103 -0.867788851 -0.0198857486 0 0.123273551 -8.04414085e-05 -0 0.000564466813 0.179377213
0.960515738 1.875 -0.00557609182 0.00757759484 0.183990002 -0.903115273 -0.019818902 0 0.0919950008 -9.54323914e-05 -0 0.000690537679 0.176769137
0.925005853 1.875 -0.0103608835 0.0103378817 0.14107728 -0.926571965 -0.0196763873 0 0.07053864 -9.55820506e-05 -0 0.000722928788 0.173883811
0.879030943 1.875 -0.0162547119 0.012837844 0.111064196 -0.942633629 -0.0194331706 0 0.0555320978 -8.84006149e-05 -0 0.000707410451 0.171004593
0.823723018 1.875 -0.0229215641 0.0150165278 0.0909000635 -0.953276694 -0.0190648139 0 0.0454500318 -7.91532075e-05 -0 0.000677896256 0.168281525
0.760443926 1.875 -0.0300075412 0.0168210901 0.0781763196 -0.959937274 -0.0185492933 0 0.0390881598 -7.04151607e-05 -0 0.00065372407 0.165695265
0.690751851 1.875 -0.0371483043 0.018207822 0.0712866187 -0.963531971 -0.0178761184 0 0.0356433094 -6.30508148e-05 -0 0.000645916967 0.163263723
0.61636281 1.875 -0.0439641662 0.0191431083 0.0704747438 -0.963968337 -0.0170367658 0 0.0352373719 -5.77537612e-05 -0 0.000672075897 0.160859406
0.539108634 1.875 -0.0500518233 0.0196047015 0.0754473805 -0.961402893 -0.0160330236 0 0.0377236903 -5.29956596e-05 -0 0.00073766039 0.158380255
0.460891366 1.875 -0.0549848676 0.0195831098 0.0883598328 -0.954682648 -0.0148731768 0 0.0441799164 -4.69050465e-05 -0 0.000863907742 0.155664161
0.38363713 1.875 -0.0583324954 0.0190826375 0.111576796 -0.942464352 -0.0135702491 0 0.0557883978 -3.41499326e-05 -0 0.00106404198 0.152456656
0.30924812 1.875 -0.0596989468 0.0181218311 0.147757053 -0.923090219 -0.0121420324 0 0.0738785267 -5.25207315e-06 -0 0.00133880391 0.148505211
0.239556059 1.875 -0.0587764904 0.0167328101 0.206899047 -0.890498996 -0.0106064975 0 0.103449523 5.50679324e-05 0 0.00173012505 0.143550649
0.176276997 1.875 -0.0553972535 0.0149600226 0.29744947 -0.838134706 -0.00898629427 0 0.148724735 0.000172119515 0 0.0022182581 0.136965051
0.120969057 1.875 -0.0495657399 0.0128595736 0.432730317 -0.753137708 -0.00729888678 0 0.216365159 0.000380468497 0 0.00275622774 0.128432304
0.0749941245 1.875 -0.0414576828 0.0105026355 0.627341807 -0.610432029 -0.00556139648 0 0.313670903 0.000720054551 0 0.00321471645 0.117384136
0.0394842401 1.875 -0.0313799232 0.0079918392 0.877709985 -0.34967941 -0.00378534198 0 0.438854992 0.00120391324 0 0.00329415454 0.103628263
0.0153137855 1.875 -0.0196983404 0.00552824233 0.955731928 0.210390568 -0.0019698143 0 0.477865964 0.00148018333 0 0.00218813797 0.0869923085
0.00307791494 1.875 -0.00675168401 0.00371008134 -0.69953382 1.3036617 -5.81741333e-05 0 -0.34976691 -0.00118075788 -0 -0.00053827645 0.066793032
0.00307791494 1.875 0.00675168401 0.00371008134 -4.2321372 2.2873857 0.00199298561 0 -2.1160686 -0.00714351377 0 0.00325653981 0.0415051244
0.0153137855 1.875 0.0196983404 0.00552824233 -4.03001165 2.24276519 0.00394322723 0 -2.01500583 -0.00624145288 0 0.00922666863 0.0144180162
0.0394842401 1.875 0.0313799232 0.0079918392 -2.69040966 1.92103505 0.00583084114 0 -1.34520483 -0.00369030749 0 0.0100974413 -0.013560852
0.0749941245 1.875 0.0414576828 0.0105026364 -1.97220182 1.7239902 0.00771269202 0 -0.986100912 -0.00226366706 0 0.0101062451 -0.0427595004
0.120969057 1.875 0.0495657399 0.0128595736 -1.54417992 1.59501982 0.00958505273 0 -0.772089958 -0.00135768589 0 0.00983548351 -0.0727112293
0.176276997 1.875 0.0553972535 0.0149600226 -1.24870849 1.4995259 0.0114328563 0 -0.624354243 -0.000722566736 0 0.00931236334 -0.102803297
0.239556059 1.875 0.0587764904 0.0167328101 -1.02289176 1.42222238 0.0132335722 0 -0.51144588 -0.000272251316 0 0.00855359528 -0.132095784
0.30924812 1.875 0.0596989468 0.0181218311 -0.840343237 1.35651004 0.0149584413 0 -0.420171618 2.98702762e-05 0 0.00761422096 -0.159943342
0.38363713 1.875 0.0583324954 0.0190826375 -0.686599612 1.29858565 0.0165786147 0 -0.343299806 0.000210145226 0 0.00654769503 -0.185493231
0.460891366 1.875 0.0549848676 0.0195831098 -0.558520675 1.24827659 0.0180620551 0 -0.279260337 0.000296485814 0 0.00546074286 -0.208333939
0.539108634 1.875 0.0500518233 0.0196047015 -0.448369384 1.20332611 0.0193811655 0 -0.224184692 0.000314943085 0 0.00438377494 -0.228162155
0.61636281 1.875 0.0439641662 0.0191431083 -0.351480722 1.16235101 0.0205132067 0 -0.175740361 0.000288037001 0 0.00335186347 -0.244761825
0.690751851 1.875 0.0371483043 0.018207822 -0.265003085 1.12451911 0.0214458108 0 -0.132501543 0.000234387058 0 0.00240115193 -0.258096039
0.760443926 1.875 0.0300075412 0.0168210901 -0.184454322 1.08810043 0.022175312 0 -0.0922271609 0.000166142141 0 0.00154243934 -0.268257916
0.823723018 1.875 0.0229215641 0.0150165278 -0.107312799 1.05204427 0.022708714 0 -0.0536563993 9.3444949e-05 0 0.000800295849 -0.275367111
0.879030943 1.875 0.0162547119 0.012837844 -0.0299102068 1.01458275 0.0230664015 0 -0.0149551034 2.38067787e-05 0 0.000190509571 -0.279745668
0.925005853 1.875 0.0103608835 0.0103378817 0.0514830351 0.973640084 0.023278892 0 0.0257415175 -3.48805588e-05 -0 -0.000263816881 -0.281716734
0.960515738 1.875 0.00557609182 0.00757759437 0.140819728 0.926624835 0.0233818293 0 0.0704098642 -7.30407264e-05 -0 -0.000528514211 -0.281815141
0.984686196 1.875 0.00219627423 0.00462524034 0.248874426 0.866358638 0.0234153867 0 0.124437213 -8.1200742e-05 -0 -0.000569795142 -0.280738056
0.996922076 1.875 0.000445593178 0.00155500555 0.318524063 0.825183392 0.0234153867 0 0.159262031 -3.54830408e-05 -0 -0.000245098257 -0.27944833
0.996922076 2.125 -0.000445593178 0.00155500555 0.290062547 -0.842424691 -0.0160648227 0 0.145031273 -3.23124768e-05 -0 0.000223197654 0.18559441
0.984686196 2.125 -0.00219627423 0.00462524034 0.247492909 -0.86732322 -0.0160475671 0 0.123746455 -8.07499964e-05 -0 0.000566632196 0.183806866
0.960515738 2.125 -0.00557609182 0.00757759484 0.185444713 -0.902385473 -0.015992105 0 0.0927223563 -9.618693e-05 -0 0.000695997442 0.181183696
0.925005853 2.125 -0.0103608835 0.0103378817 0.143092155 -0.925557017 -0.01587677 0 0.0715460777 -9.69471657e-05 -0 0.000733253721 0.178266361
0.879030943 2.125 -0.0162547119 0.012837844 0.113671422 -0.941319704 -0.0156789124 0 0.056835711 -9.04758126e-05 -0 0.000724016863 0.1753328
0.823723018 2.125 -0.0229215641 0.0150165278 0.0941433907 -0.951640725 -0.0153791308 0 0.0470716953 -8.19773995e-05 -0 0.000702083693 0.17252706
0.760443926 2.125 -0.0300075412 0.0168210901 0.0820741057 -0.957967639 -0.0149620771 0 0.0410370529 -7.39259849e-05 -0 0.000686318032 0.169825569
0.690751851 2.125 -0.0371483043 0.018207822 0.0758663416 -0.961210608 -0.0144163072 0 0.0379331708 -6.7101435e-05 -0 0.00068741315 0.167243704
0.61636281 2.125 -0.0439641662 0.0191431083 0.0757644773 -0.961273551 -0.0137372911 0 0.0378822386 -6.20886785e-05 -0 0.000722520985 0.16465199
0.539108634 2.125 -0.0500518233 0.0196047015 0.081477046 -0.958308876 -0.0129261017 0 0.040738523 -5.72310091e-05 -0 0.000796613342 0.161949053
0.460891366 2.125 -0.0549848676 0.0195831098 0.0951701999 -0.951149881 -0.011987865 0 0.0475850999 -5.05202697e-05 -0 0.000930493756 0.158974126
0.38363713 2.125 -0.0583324954 0.0190826375 0.119217813 -0.93843627 -0.0109336972 0 0.0596089065 -3.64885927e-05 -0 0.00113690982 0.155475885
0.30924812 2.125 -0.0596989468 0.0181218311 0.156313241 -0.91847223 -0.0097758472 0 0.0781566203 -5.55620545e-06 -0 0.00141633023 0.15120554
0.239556059 2.125 -0.0587764904 0.0167328101 0.216423512 -0.885157466 -0.00852975249 0 0.108211756 5.76029524e-05 0 0.00180977024 0.145907447
0.176276997 2.125 -0.0553972535 0.0149600226 0.307987213 -0.831841767 -0.00721162558 0 0.153993607 0.000178217189 0 0.00229684426 0.138959587
0.120969057 2.125 -0.0495657399 0.0128595736 0.444200337 -0.745496869 -0.00583717227 0 0.222100168 0.000390553265 0 0.00282928487 0.130048737
0.0749941245 2.125 -0.0414576828 0.0105026355 0.639113605 -0.600721955 -0.00441882014 0 0.319556803 0.000733566063 0 0.00327503914 0.118610859
0.0394842401 2.125 -0.0313799232 0.0079918392 0.886861563 -0.336347461 -0.00296778977 0 0.443430781 0.00121646596 0 0.00332850148 0.104456805
0.0153137855 2.125 -0.0196983404 0.00552824233 0.946667314 0.230933964 -0.00148294866 0 0.473333657 0.00146614446 0 0.00216738461 0.0874132663
0.00307791494 2.125 -0.00675168401 0.00371008134 -0.778084636 1.33344841 8.00788403e-05 0 -0.389042318 -0.00131334551 -0 -0.000598719635 0.066784665
0.00307791494 2.125 0.00675168401 0.00371008134 -4.37012577 2.31735253 0.00175654143 0 -2.18506289 -0.0073764273 0 0.00336271897 0.0410363376
0.0153137855 2.125 0.0196983404 0.00552824233 -4.12468529 2.26377439 0.00334543921 0 -2.06234264 -0.00638807798 0 0.00944342278 0.0135124568
0.0394842401 2.125 0.0313799232 0.0079918392 -2.74396253 1.93492603 0.00487912446 0 -1.37198126 -0.00376376347 0 0.0102984319 -0.014888417
0.0749941245 2.125 0.0414576828 0.0105026364 -2.00778294 1.73428428 0.00640230626 0 -1.00389147 -0.00230450672 0 0.0102885757 -0.044506982
0.120969057 2.125 0.0495657399 0.0128595736 -1.57042646 1.60323548 0.00791081786 0 -0.785213232 -0.00138076243 0 0.0100026578 -0.074875392
0.176276997 2.125 0.0553972535 0.0149600226 -1.26928997 1.506387 0.00939151645 0 -0.634644985 -0.000734476256 0 0.00946585275 -0.105377331
0.239556059 2.125 0.0587764904 0.0167328101 -1.03960299 1.42810559 0.0108253956 0 -0.519801497 -0.000276699138 0 0.00869333744 -0.135067865
0.30924812 2.125 0.0596989468 0.0181218311 -0.854195237 1.36163378 0.0121922493 0 -0.427097619 3.03626493e-05 0 0.00773973158 -0.163294956
0.38363713 2.125 0.0583324954 0.0190826375 -0.69820416 1.30308199 0.0134679973 0 -0.34910208 0.000213696985 0 0.00665836083 -0.189200506
0.460891366 2.125 0.0549848676 0.0195831098 -0.568253875 1.25221395 0.0146306455 0 -0.284126937 0.000301652588 0 0.00555590587 -0.212366074
0.539108634 2.125 0.0500518233 0.0196047015 -0.456492901 1.20675087 0.0156591833 0 -0.22824645 0.000320649211 0 0.00446319999 -0.232481927
0.61636281 2.125 0.0439641662 0.0191431083 -0.358179688 1.16529226 0.0165396333 0 -0.179089844 0.000293526769 0 0.00341574755 -0.249328181
0.690751851 2.125 0.0371483043 0.018207822 -0.270417213 1.12699568 0.0172604918 0 -0.135208607 0.000239175672 0 0.00245020818 -0.262864769
0.760443926 2.125 0.0300075412 0.0168210901 -0.188693285 1.0901264 0.0178226233 0 -0.0943466425 0.000169960273 0 0.00157788629 -0.273184866
0.823723018 2.125 0.0229215641 0.0150165278 -0.110469341 1.05363035 0.0182332397 0 -0.0552346706 9.61935802e-05 0 0.000823836075 -0.280409604
0.879030943 2.125 0.0162547119 0.012837844 -0.0320981741 1.01575375 0.0185076594 0 -0.016049087 2.55482719e-05 0 0.000204445576 -0.284865379
0.925005853 2.125 0.0103608835 0.0103378817 0.0501566529 0.974420249 0.0186688304 0 0.0250783265 -3.39819162e-05 -0 -0.00025702006 -0.28688243
0.960515738 2.125 0.00557609182 0.00757759437 0.140227973 0.927049398 0.0187464952 0 0.0701139867 -7.27337974e-05 -0 -0.000526293297 -0.287002921
0.984686196 2.125 0.00219627423 0.00462524034 0.24887675 0.866470337 0.0187713504 0 0.124438375 -8.1201506e-05 -0 -0.000569800497 -0.285933018
0.996922076 2.125 0.000445593178 0.00155500555 0.318839967 0.825110674 0.0187723637 0 0.159419984 -3.5518231e-05 -0 -0.000245341333 -0.284643531
0.996922076 2.375 -0.000445593178 0.00155500555 0.290554345 -0.842184782 -0.0130562484 0 0.145277172 -3.23672612e-05 -0 0.000223576091 0.18919237
0.984686196 2.375 -0.00219627423 0.00462524034 0.248238802 -0.866943479 -0.013047576 0 0.124119401 -8.09933626e-05 -0 0.00056833995 0.187400997
0.960515738 2.375 -0.00557609182 0.00757759484 0.18661046 -0.901787341 -0.0130065978 0 0.0933052301 -9.67915839e-05 -0 0.00070037262 0.18476519
0.925005853 2.375 -0.0103608835 0.0103378817 0.144700766 -0.924733698 -0.0129154325 0 0.0723503828 -9.80370241e-05 -0 0.000741496799 0.181822196
0.879030943 2.375 -0.0162547119 0.012837844 0.115773559 -0.940246642 -0.0127559304 0 0.0578867793 -9.21489918e-05 -0 0.000737406197 0.17884405
0.823723018 2.375 -0.0229215641 0.0150165278 0.096747756 -0.950313449 -0.0125130117 0 0.048373878 -8.42452137e-05 -0 0.000721506018 0.175971091
0.760443926 2.375 -0.0300075412 0.0168210901 0.08521384 -0.956367075 -0.0121737123 0 0.04260692 -7.67540187e-05 -0 0.000712573063 0.173176304
0.690751851 2.375 -0.0371483043 0.018207822 0.0795630813 -0.959322333 -0.0117291212 0 0.0397815406 -7.03710903e-05 -0 0.000720908691 0.170471877
0.61636281 2.375 -0.0439641662 0.0191431083 0.0800306201 -0.959085226 -0.0111762285 0 0.04001531 -6.55847616e-05 -0 0.000763204647 0.167728052
0.539108634 2.375 -0.0500518233 0.0196047015 0.086345017 -0.955795169 -0.0105156898 0 0.0431725085 -6.06503672e-05 -0 0.000844208233 0.164843306
0.460891366 2.375 -0.0549848676 0.0195831098 0.100672185 -0.948278844 -0.00975176692 0 0.0503360927 -5.34409482e-05 -0 0.000984287472 0.161658093
0.38363713 2.375 -0.0583324954 0.0190826375 0.125403583 -0.935156345 -0.00889131427 0 0.0627017915 -3.83818478e-05 -0 0.00119589979 0.157923505
0.30924812 2.375 -0.0596989468 0.0181218311 0.163240314 -0.914711177 -0.00794529915 0 0.0816201568 -5.80243068e-06 -0 0.00147909543 0.153393134
0.239556059 2.375 -0.0587764904 0.0167328101 0.224153101 -0.880794466 -0.0069271028 0 0.112076551 5.96602476e-05 0 0.00187440636 0.147815526
0.176276997 2.375 -0.0553972535 0.0149600226 0.316545725 -0.826692283 -0.0058465302 0 0.158272862 0.000183169584 0 0.00236067013 0.140570864
0.120969057 2.375 -0.0495657399 0.0128595736 0.453501761 -0.73924011 -0.00471869111 0 0.22675088 0.000398731296 0 0.0028885291 0.13135089
0.0749941245 2.375 -0.0414576828 0.0105026355 0.648637056 -0.592748106 -0.00355377793 0 0.324318528 0.000744496996 0 0.00332384068 0.119593546
0.0394842401 2.375 -0.0313799232 0.0079918392 0.894114196 -0.325392425 -0.00235949457 0 0.447057098 0.00122641411 0 0.00335572148 0.105112158
0.0153137855 2.375 -0.0196983404 0.00552824233 0.938597083 0.247793555 -0.0011370182 0 0.469298542 0.00145364576 0 0.00214890786 0.0877337828
0.00307791494 2.375 -0.00675168401 0.00371008134 -0.843860388 1.35788822 0.000148877501 0 -0.421930194 -0.00142436975 -0 -0.000649332709 0.0667529926
0.00307791494 2.375 0.00675168401 0.00371008134 -4.4846158 2.34192514 0.00152727216 0 -2.2423079 -0.00756967813 0 0.00345081696 0.0406268537
0.0153137855 2.375 0.0196983404 0.00552824233 -4.20282173 2.28096771 0.00283275358 0 -2.10141087 -0.00650909124 0 0.00962231494 0.0127452966
0.0394842401 2.375 0.0313799232 0.0079918392 -2.78794503 1.94626009 0.00408890098 0 -1.39397252 -0.00382409221 0 0.0104635041 -0.0160004143
0.0749941245 2.375 0.0414576828 0.0105026364 -2.03684473 1.74264634 0.00533139706 0 -1.01842237 -0.00233786344 0 0.0104374979 -0.0459606536
0.120969057 2.375 0.0495657399 0.0128595736 -1.5917511 1.6098783 0.00655777752 0 -0.795875549 -0.0013995117 0 0.0101384828 -0.0766666383
0.176276997 2.375 0.0553972535 0.0149600226 -1.28591371 1.511904 0.00775568187 0 -0.642956853 -0.000744095596 0 0.00958982483 -0.107499056
0.239556059 2.375 0.0587764904 0.0167328101 -1.05304623 1.43281782 0.00891086459 0 -0.526523113 -0.000280277163 0 0.0088057518 -0.137508482
0.30924812 2.375 0.0596989468 0.0181218311 -0.865290403 1.36571968 0.010007292 0 -0.432645202 3.07570335e-05 0 0.00784026366 -0.166039467
0.38363713 2.375 0.0583324954 0.0190826375 -0.707433224 1.30664134 0.0110248327 0 -0.353716612 0.000216521701 0 0.00674637267 -0.192227229
0.460891366 2.375 0.0549848676 0.0195831098 -0.575970054 1.2553196 0.0119481683 0 -0.287985027 0.000305748661 0 0.00563134812 -0.215649262
0.539108634 2.375 0.0500518233 0.0196047015 -0.46292007 1.209445 0.0127626657 0 -0.231460035 0.000325163768 0 0.00452603912 -0.235991746
0.61636281 2.375 0.0439641662 0.0191431083 -0.363461733 1.1675961 0.013456732 0 -0.181730866 0.000297855382 0 0.00346611929 -0.253031641
0.690751851 2.375 0.0371483043 0.018207822 -0.274667144 1.12892449 0.014023006 0 -0.137333572 0.00024293462 0 0.00248871627 -0.266726285
0.760443926 2.375 0.0300075412 0.0168210901 -0.192017794 1.09169984 0.0144626498 0 -0.0960088968 0.000172954737 0 0.00160568638 -0.277169228
0.823723018 2.375 0.0229215641 0.0150165278 -0.112953424 1.0548625 0.0147817731 0 -0.0564767122 9.83566497e-05 0 0.000842361362 -0.284483731
0.879030943 2.375 0.0162547119 0.012837844 -0.0338027477 1.01665032 0.0149936676 0 -0.0169013739 2.69050124e-05 0 0.000215302658 -0.288999498
0.925005853 2.375 0.0103608835 0.0103378817 0.0491283536 0.975009322 0.0151154399 0 0.0245641768 -3.32852251e-05 -0 -0.000251750665 -0.291051149
0.960515738 2.375 0.00557609182 0.00757759437 0.139760613 0.927366853 0.0151705742 0 0.0698803067 -7.24913843e-05 -0 -0.000524539209 -0.291188389
0.984686196 2.375 0.00219627423 0.00462524034 0.248848438 0.866557002 0.0151836872 0 0.124424219 -8.11922655e-05 -0 -0.000569735654 -0.290123731
0.996922076 2.375 0.000445593178 0.00155500555 0.3190341 0.825066984 0.0151782632 0 0.15951705 -3.55398588e-05 -0 -0.000245490723 -0.288834512
0.996922076 2.625 -0.000445593178 0.00155500555 0.29052037 -0.842238188 -0.0106978416 0 0.145260185 -3.23634777e-05 -0 0.000223549941 0.192122534
0.984686196 2.625 -0.00219627423 0.00462524034 0.248529494 -0.866808116 -0.01068753 0 0.124264747 -8.10882048e-05 -0 0.000569005439 0.190330654
0.960515738 2.625 -0.00557609182 0.00757759484 0.187417448 -0.901370645 -0.0106519461 0 0.0937087238 -9.72101479e-05 -0 0.00070340134 0.187686995
0.925005853 2.625 -0.0103608835 0.0103378817 0.145947099 -0.924089313 -0.0105733871 0 0.0729735494 -9.88814354e-05 -0 0.00074788346 0.184724078
0.879030943 2.625 -0.0162547119 0.012837844 0.117436707 -0.939390361 -0.0104406476 0 0.0587183535 -9.34727577e-05 -0 0.000747999351 0.181710765
0.823723018 2.625 -0.0229215641 0.0150165278 0.0988488197 -0.949234605 -0.0102396011 0 0.0494244099 -8.60747605e-05 -0 0.00073717488 0.178783566
0.760443926 2.625 -0.0300075412 0.0168210901 0.0877591372 -0.955061078 -0.00995993614 0 0.0438795686 -7.9046622e-05 -0 0.000733857276 0.175912425
0.690751851 2.625 -0.0371483043 0.018207822 0.0825612545 -0.957782149 -0.00959593058 0 0.0412806273 -7.30228785e-05 -0 0.000748074672 0.173108265
0.61636281 2.625 -0.0439641662 0.0191431083 0.0834980607 -0.957297444 -0.00914284587 0 0.0417490304 -6.84263141e-05 -0 0.000796271546 0.170240104
0.539108634 2.625 -0.0500518233 0.0196047015 0.0903006792 -0.953742802 -0.0086016655 0 0.0451503396 -6.34288954e-05 -0 0.000882883382 0.167206898
0.460891366 2.625 -0.0549848676 0.0195831098 0.105154991 -0.945928872 -0.00797644258 0 0.0525774956 -5.58206084e-05 -0 0.00102811668 0.163850009
0.38363713 2.625 -0.0583324954 0.0190826375 0.130450547 -0.932467997 -0.00727075338 0 0.0652252734 -3.99265591e-05 -0 0.00124402973 0.159921542
0.30924812 2.625 -0.0596989468 0.0181218311 0.168896079 -0.911625862 -0.00649490952 0 0.0844480395 -6.00346675e-06 -0 0.00153034145 0.155178189
0.239556059 2.625 -0.0587764904 0.0167328101 0.230464816 -0.877213299 -0.00565722585 0 0.115232408 6.13401644e-05 0 0.00192718604 0.149370998
0.176276997 2.625 -0.0553972535 0.0149600226 0.323542893 -0.8224563 -0.00476953387 0 0.161771446 0.000187218509 0 0.00241285237 0.141882852
0.120969057 2.625 -0.0495657399 0.0128595736 0.46110189 -0.734086752 -0.00383993983 0 0.230550945 0.000405413593 0 0.00293693761 0.132408082
0.0749941245 2.625 -0.0414576828 0.0105026355 0.656386137 -0.58617878 -0.00287899375 0 0.328193069 0.000753391243 0 0.00336354948 0.120387748
0.0394842401 2.625 -0.0313799232 0.0079918392 0.899916649 -0.316353917 -0.00189311802 0 0.449958324 0.00123437308 0 0.00337749883 0.105636552
0.0153137855 2.625 -0.0196983404 0.00552824233 0.931506038 0.261712015 -0.000883027911 0 0.465753019 0.0014426636 0 0.00213267305 0.0879817754
0.00307791494 2.625 -0.00675168401 0.00371008134 -0.899002314 1.37804294 0.000179961324 0 -0.449501157 -0.00151744497 -0 -0.000691763184 0.0667102262
0.00307791494 2.625 0.00675168401 0.00371008134 -4.57991552 2.36218405 0.00131703913 0 -2.28995776 -0.00773053616 0 0.00352414791 0.0402727015
0.0153137855 2.625 0.0196983404 0.00552824233 -4.26764154 2.29513311 0.00239323452 0 -2.13382077 -0.00660948036 0 0.00977071933 0.01209608
0.0394842401 2.625 0.0313799232 0.0079918392 -2.82421708 1.95555758 0.00342639908 0 -1.41210854 -0.00387384486 0 0.0105996374 -0.0169328675
0.0749941245 2.625 0.0414576828 0.0105026364 -2.06071019 1.74948287 0.00444535166 0 -1.0303551 -0.00236525596 0 0.0105597926 -0.0471726805
0.120969057 2.625 0.0495657399 0.0128595736 -1.60919428 1.61529088 0.00544799864 0 -0.804597139 -0.00141484814 0 0.0102495849 -0.0781542808
0.176276997 2.625 0.0553972535 0.0149600226 -1.29945922 1.51638317 0.00642351806 0 -0.649729609 -0.000751933723 0 0.00969084166 -0.109255172
0.239556059 2.625 0.0587764904 0.0167328101 -1.06394696 1.43662548 0.00736132264 0 -0.531973481 -0.000283178524 0 0.00889690593 -0.139523298
0.30924812 2.625 0.0596989468 0.0181218311 -0.874235392 1.36900234 0.00824654102 0 -0.437117696 3.10749856e-05 0 0.00792131294 -0.168298602
0.38363713 2.625 0.0583324954 0.0190826375 -0.714858055 1.3094945 0.00906616449 0 -0.357429028 0.000218794186 0 0.0068171788 -0.194712922
0.460891366 2.625 0.0549848676 0.0195831098 -0.582156658 1.25779986 0.00980708003 0 -0.291078329 0.000309032766 0 0.00569183566 -0.218340158
0.539108634 2.625 0.0500518233 0.0196047015 -0.468050003 1.211586 0.0104580224 0 -0.234025002 0.000328767142 0 0.0045761955 -0.23886326
0.61636281 2.625 0.0439641662 0.0191431083 -0.367664933 1.16942024 0.011010766 0 -0.183832467 0.000301299879 0 0.00350620272 -0.256056547
0.690751851 2.625 0.0371483043 0.018207822 -0.278046966 1.1304493 0.011461556 0 -0.139023483 0.000245923962 0 0.00251934025 -0.269876271
0.760443926 2.625 0.0300075412 0.0168210901 -0.194642425 1.09293318 0.0118103623 0 -0.0973212123 0.000175318797 0 0.00162763405 -0.280416191
0.823723018 2.625 0.0229215641 0.0150165278 -0.114888787 1.05581403 0.0120642185 0 -0.0574443936 0.000100041914 0 0.000856794592 -0.287800491
0.879030943 2.625 0.0162547119 0.012837844 -0.0351190567 1.01733446 0.0122327209 0 -0.0175595284 2.79527176e-05 0 0.000223686729 -0.292362213
0.925005853 2.625 0.0103608835 0.0103378817 0.0483902693 0.975426912 0.0123308897 0 0.0241951346 -3.27851631e-05 -0 -0.000247968477 -0.29444015
0.960515738 2.625 0.00557609182 0.00757759437 0.139551759 0.927520931 0.012376368 0 0.0697758794 -7.23830526e-05 -0 -0.000523755327 -0.294588208
0.984686196 2.625 0.00219627423 0.00462524034 0.249171495 0.866415024 0.012388289 0 0.124585748 -8.1297665e-05 -0 -0.000570475298 -0.293524861
0.996922076 2.625 0.000445593178 0.00155500555 0.319673419 0.824726105 0.0123858452 0 0.159836709 -3.56110759e-05 -0 -0.000245982665 -0.292232662
0.996922076 2.875 -0.000445593178 0.00155500555 0.29117322 -0.841872513 -0.00879886746 0 0.14558661 -3.24362045e-05 -0 0.000224052288 0.19454129
0.984686196 2.875 -0.00219627423 0.00462524034 0.249236584 -0.866421521 -0.00878494978 0 0.124618292 -8.13189035e-05 -0 0.00057062431 0.192744762
0.960515738 2.875 -0.00557609182 0.00757759484 0.18828547 -0.900909543 -0.00874853134 0 0.094142735 -9.76603769e-05 -0 0.000706659164 0.190091163
0.925005853 2.875 -0.0103608835 0.0103378817 0.147088826 -0.92349112 -0.00867947936 0 0.0735444129 -9.96549716e-05 -0 0.000753734028 0.187108889
0.879030943 2.875 -0.0162547119 0.012837844 0.118871033 -0.938645601 -0.00856599212 0 0.0594355166 -9.46143991e-05 -0 0.000757135218 0.184064373
0.823723018 2.875 -0.0229215641 0.0150165278 0.100606859 -0.94832623 -0.0083976686 0 0.0503034294 -8.76056147e-05 -0 0.00075028569 0.181090891
0.760443926 2.875 -0.0300075412 0.0168210901 0.0898560882 -0.953979671 -0.00816708803 0 0.0449280441 -8.09353951e-05 -0 0.000751392334 0.178156272
0.690751851 2.875 -0.0371483043 0.018207822 0.0850191116 -0.956514001 -0.00786700845 0 0.0425095558 -7.51967818e-05 -0 0.000770344981 0.175269842
0.61636281 2.875 -0.0439641662 0.0191431083 0.0863381028 -0.955827236 -0.00749531388 0 0.0431690514 -7.07537183e-05 -0 0.000823355338 0.172299474
0.539108634 2.875 -0.0500518233 0.0196047015 0.0935391188 -0.952056289 -0.00705063343 0 0.0467695594 -6.57036362e-05 -0 0.000914546079 0.169144139
0.460891366 2.875 -0.0549848676 0.0195831098 0.108819425 -0.944000959 -0.00653660297 0 0.0544097126 -5.77658393e-05 -0 0.00106394431 0.165646315
0.38363713 2.875 -0.0583324954 0.0190826375 0.134577811 -0.930261612 -0.00595802069 0 0.0672889054 -4.11897745e-05 -0 0.00128338905 0.161558881
0.30924812 2.875 -0.0596989468 0.0181218311 0.173533261 -0.909086585 -0.00532066822 0 0.0867666304 -6.16829675e-06 -0 0.00157235819 0.156640589
0.239556059 2.875 -0.0587764904 0.0167328101 0.235640883 -0.874264061 -0.00463178754 0 0.117820442 6.27178233e-05 0 0.00197046925 0.150644138
0.176276997 2.875 -0.0553972535 0.0149600226 0.329277277 -0.818967342 -0.00390022993 0 0.164638638 0.00019053671 0 0.00245561707 0.142955631
0.120969057 2.875 -0.0495657399 0.0128595736 0.467336893 -0.72983098 -0.00313445926 0 0.233668447 0.000410895562 0 0.0029766506 0.13327086
0.0749941245 2.875 -0.0414576828 0.0105026355 0.662728608 -0.580745995 -0.00234112144 0 0.331364304 0.000760671101 0 0.00339605077 0.121033043
0.0394842401 2.875 -0.0313799232 0.0079918392 0.904592216 -0.308877707 -0.00152568519 0 0.452296108 0.00124078628 0 0.00339504681 0.106058717
0.0153137855 2.875 -0.0196983404 0.00552824233 0.925343335 0.273232818 -0.000691965222 0 0.462671667 0.00143311918 0 0.00211856351 0.0881752968
0.00307791494 2.875 -0.00675168401 0.00371008134 -0.945194602 1.39470232 0.000187367201 0 -0.472597301 -0.00159541389 -0 -0.000727307226 0.0666630119
0.00307791494 2.875 0.00675168401 0.00371008134 -4.65916252 2.3788991 0.0011267513 0 -2.32958126 -0.00786429923 0 0.00358512695 0.0399683341
0.0153137855 2.875 0.0196983404 0.00552824233 -4.32133532 2.30680108 0.00201354362 0 -2.16066766 -0.00669263862 0 0.00989365112 0.0115486793
0.0394842401 2.875 0.0313799232 0.0079918392 -2.85421038 1.96321225 0.00286431983 0 -1.42710519 -0.00391498534 0 0.0107122054 -0.0177136138
0.0749941245 2.875 0.0414576828 0.0105026364 -2.08037496 1.75509584 0.00370192528 0 -1.04018748 -0.0023878268 0 0.0106605617 -0.0481833294
0.120969057 2.875 0.0495657399 0.0128595736 -1.62350941 1.61971879 0.00452265143 0 -0.811754704 -0.0014274345 0 0.0103407633 -0.0793906376
0.176276997 2.875 0.0553972535 0.0149600226 -1.31053042 1.5200336 0.00531949103 0 -0.655265212 -0.000758340058 0 0.0097734062 -0.110710815
0.239556059 2.875 0.0587764904 0.0167328101 -1.07282424 1.43971777 0.00608277321 0 -0.53641212 -0.00028554126 0 0.00897113886 -0.141189143
0.30924812 2.875 0.0596989468 0.0181218311 -0.881504536 1.37166262 0.00680175424 0 -0.440752268 3.13333694e-05 0 0.00798717793 -0.170162737
0.38363713 2.875 0.0583324954 0.0190826375 -0.720868945 1.31179774 0.0074646771 0 -0.360434473 0.000220633912 0 0.00687450124 -0.196760312
0.460891366 2.875 0.0549848676 0.0195831098 -0.587144732 1.25979352 0.00806245208 0 -0.293572366 0.000311680662 0 0.00574060483 -0.220552802
0.539108634 2.875 0.0500518233 0.0196047015 -0.472177744 1.21330297 0.00858548284 0 -0.236088872 0.000331666553 0 0.00461655296 -0.241220757
0.61636281 2.875 0.0439641662 0.0191431083 -0.37104845 1.17088294 0.00902837515 0 -0.185524225 0.000304072688 0 0.00353846955 -0.258537024
0.690751851 2.875 0.0371483043 0.018207822 -0.280764103 1.13166952 0.0093908906 0 -0.140382051 0.000248327182 0 0.00254396 -0.272457063
0.760443926 2.875 0.0300075412 0.0168210901 -0.19677496 1.09392941 0.00967031717 0 -0.0983874798 0.000177239606 0 0.00164546666 -0.283074409
0.823723018 2.875 0.0229215641 0.0150165278 -0.116499782 1.05659938 0.00987452269 0 -0.0582498908 0.000101444719 0 0.000868808653 -0.29051584
0.879030943 2.875 0.0162547119 0.012837844 -0.0362516642 1.01791525 0.0100117326 0 -0.0181258321 2.88542069e-05 0 0.00023090074 -0.295115858
0.925005853 2.875 0.0103608835 0.0103378817 0.0476558805 0.975829005 0.0100926757 0 0.0238279402 -3.22876003e-05 -0 -0.000244205206 -0.297216594
0.960515738 2.875 0.00557609182 0.00757759437 0.13914156 0.927769244 0.0101345778 0 0.0695707798 -7.21702891e-05 -0 -0.000522215792 -0.297376573
0.984686196 2.875 0.00219627423 0.00462524034 0.248947263 0.866573513 0.0101507306 0 0.124473631 -8.12245053e-05 -0 -0.000569961907 -0.296317875
0.996922076 2.875 0.000445593178 0.00155500555 0.319514036 0.824853241 0.0101538301 0 0.159757018 -3.55933225e-05 -0 -0.000245860021 -0.295027435
0.996922076 3.125 -0.000445593178 0.00155500555 0.291427553 -0.841736794 -0.00718525052 0 0.145713776 -3.24645334e-05 -0 0.000224247997 0.196521968
0.984686196 3.125 -0.00219627423 0.00462524034 0.249674618 -0.866183519 -0.00717750192 0 0.124837309 -8.14618179e-05 -0 0.00057162717 0.194723129
0.960515738 3.125 -0.00557609182 0.00757759484 0.188983023 -0.900536418 -0.00715076923 0 0.0944915116 -9.80221812e-05 -0 0.000709277112 0.19206126
0.925005853 3.125 -0.0103608835 0.0103378817 0.147998333 -0.923012078 -0.00709673762 0 0.0739991665 -0.00010027118 -0 0.000758394657 0.189063817
0.879030943 3.125 -0.0162547119 0.012837844 0.120039344 -0.938036025 -0.00700491667 0 0.0600196719 -9.55443029e-05 -0 0.000764576544 0.185993761
0.823723018 3.125 -0.0229215641 0.0150165278 0.102037549 -0.947583914 -0.00686872005 0 0.0510187745 -8.88514187e-05 -0 0.000760955154 0.1829824
0.760443926 3.125 -0.0300075412 0.0168210901 0.0915694237 -0.953092813 -0.00668054819 0 0.0457847118 -8.2478633e-05 -0 0.000765719509 0.179995969
0.690751851 3.125 -0.0371483043 0.018207822 0.0870300531 -0.955472946 -0.00643485785 0 0.0435150266 -7.6975397e-05 -0 0.000788565783 0.177041769
0.61636281 3.125 -0.0439641662 0.0191431083 0.0886585116 -0.954622388 -0.00613084435 0 0.0443292558 -7.26552826e-05 -0 0.000845483737 0.173987761
0.539108634 3.125 -0.0500518233 0.0196047015 0.09619385 -0.950669706 -0.00576761365 0 0.048096925 -6.75683696e-05 -0 0.000940501806 0.170732215
0.460891366 3.125 -0.0549848676 0.0195831098 0.111821532 -0.942417026 -0.00534656644 0 0.0559107661 -5.9359485e-05 -0 0.00109329645 0.167118311
0.38363713 3.125 -0.0583324954 0.0190826375 0.137955785 -0.928450584 -0.00487285852 0 0.0689778924 -4.2223659e-05 -0 0.0013156028 0.162900552
0.30924812 3.125 -0.0596989468 0.0181218311 0.177327394 -0.907002568 -0.00435078144 0 0.0886636972 -6.30316072e-06 -0 0.00160673633 0.157838523
0.239556059 3.125 -0.0587764904 0.0167328101 0.23988682 -0.871836483 -0.00378584862 0 0.11994341 6.38479105e-05 0 0.00200597453 0.151686892
0.176276997 3.125 -0.0553972535 0.0149600226 0.333984256 -0.816091657 -0.00318464637 0 0.166992128 0.000193260406 0 0.00249071955 0.143832967
0.120969057 3.125 -0.0495657399 0.0128595736 0.472444475 -0.726325691 -0.00255441666 0 0.236222237 0.000415386283 0 0.00300918263 0.133975312
0.0749941245 3.125 -0.0414576828 0.0105026355 0.667922497 -0.57625854 -0.00190205872 0 0.333961248 0.000766632555 0 0.00342266588 0.121558309
0.0394842401 3.125 -0.0313799232 0.0079918392 0.908363283 -0.302713096 -0.00123111904 0 0.454181641 0.00124595885 0 0.00340920012 0.106399395
0.0153137855 3.125 -0.0196983404 0.00552824233 0.920056522 0.282742262 -0.000543788075 0 0.460028261 0.00142493122 0 0.00210645958 0.088327758
0.00307791494 3.125 -0.00675168401 0.00371008134 -0.983789206 1.40847051 0.000179678202 0 -0.491894603 -0.00166055851 -0 -0.000757004949 0.0666165426
0.00307791494 3.125 0.00675168401 0.00371008134 -4.72502327 2.39270186 0.000953033566 0 -2.36251163 -0.00797546655 0 0.00363580557 0.0397093259
0.0153137855 3.125 0.0196983404 0.00552824233 -4.36578512 2.31641579 0.00168291479 0 -2.18289256 -0.00676148012 0 0.0099954186 0.0110893082
0.0394842401 3.125 0.0313799232 0.0079918392 -2.87897015 1.96950865 0.00238165632 0 -1.43948507 -0.00394894695 0 0.0108051319 -0.0183650274
0.0749941245 3.125 0.0414576828 0.0105026364 -2.09655452 1.7597003 0.00306787342 0 -1.04827726 -0.00240639737 0 0.0107434709 -0.0490236431
0.120969057 3.125 0.0495657399 0.0128595736 -1.63524342 1.62333894 0.00373846292 0 -0.817621708 -0.00143775134 0 0.0104155019 -0.0804156065
0.176276997 3.125 0.0553972535 0.0149600226 -1.31958961 1.52301359 0.00438858569 0 -0.659794807 -0.000763582182 0 0.0098409662 -0.111914918
0.239556059 3.125 0.0587764904 0.0167328101 -1.08007026 1.44223619 0.0050098598 0 -0.540035129 -0.000287469855 0 0.00903173164 -0.142564684
0.30924812 3.125 0.0596989468 0.0181218311 -0.887413502 1.3738203 0.00559258461 0 -0.443706751 3.15434081e-05 0 0.0080407178 -0.171699479
0.38363713 3.125 0.0583324954 0.0190826375 -0.725741148 1.31366038 0.00612917542 0 -0.362870574 0.000222125134 0 0.00692096446 -0.198445261
0.460891366 3.125 0.0549848676 0.0195831098 -0.591180563 1.26140273 0.00661149621 0 -0.295590281 0.000313823024 0 0.00578006357 -0.222371385
0.539108634 3.125 0.0500518233 0.0196047015 -0.475501537 1.21468186 0.0070322156 0 -0.237750769 0.000334001234 0 0.00464905053 -0.243156001
0.61636281 3.125 0.0439641662 0.0191431083 -0.373775363 1.17205834 0.00738817453 0 -0.186887681 0.000306307367 0 0.00356447441 -0.260570735
0.690751851 3.125 0.0371483043 0.018207822 -0.282961011 1.13265264 0.00767803192 0 -0.141480505 0.00025027027 0 0.00256386562 -0.274571717
0.760443926 3.125 0.0300075412 0.0168210901 -0.198480368 1.09472275 0.00790172815 0 -0.0992401838 0.000178775706 0 0.00165972754 -0.285251349
0.823723018 3.125 0.0229215641 0.0150165278 -0.117777348 1.05721915 0.00806367397 0 -0.0588886738 0.000102557191 0 0.000878336257 -0.292737752
0.879030943 3.125 0.0162547119 0.012837844 -0.0371450186 1.01837039 0.00817066431 0 -0.0185725093 2.95652644e-05 0 0.000236590859 -0.297368079
0.925005853 3.125 0.0103608835 0.0103378817 0.047088027 0.9761374 0.00823372602 0 0.0235440135 -3.19028732e-05 -0 -0.000241295347 -0.299486488
0.960515738 3.125 0.00557609182 0.00757759437 0.138831794 0.927954674 0.00826328993 0 0.0694158971 -7.20096214e-05 -0 -0.000521053211 -0.299655497
0.984686196 3.125 0.00219627423 0.00462524034 0.248919547 0.866609514 0.00827205181 0 0.124459773 -8.12154685e-05 -0 -0.000569898461 -0.298600227
0.996922076 3.125 0.000445593178 0.00155500555 0.319669068 0.824780285 0.00827139616 0 0.159834534 -3.5610592e-05 -0 -0.000245979318 -0.297309577
0.996922076 3.375 -0.000445593178 0.00155500555 0.291611671 -0.84163785 -0.00583553314 0 0.145805836 -3.24850444e-05 -0 0.000224389674 0.198133916
0.984686196 3.375 -0.00219627423 0.00462524034 0.24995923 -0.866029322 -0.00582802296 0 0.124979615 -8.15546809e-05 -0 0.000572278805 0.196333513
0.960515738 3.375 -0.00557609182 0.00757759484 0.189465284 -0.90027827 -0.00580739975 0 0.0947326422 -9.82723286e-05 -0 0.000711087137 0.193666548
0.925005853 3.375 -0.0103608835 0.0103378817 0.148713291 -0.922634006 -0.00576326251 0 0.0743566453 -0.000100755569 -0 0.000762058364 0.190657258
0.879030943 3.375 -0.0162547119 0.012837844 0.120968044 -0.93754977 -0.00568920374 0 0.0604840219 -9.62834965e-05 -0 0.000770491839 0.187566832
0.823723018 3.375 -0.0229215641 0.0150165278 0.103188753 -0.946984768 -0.00557863712 0 0.0515943766 -8.98538565e-05 -0 0.000769540376 0.184525251
0.760443926 3.375 -0.0300075412 0.0168210901 0.0929605961 -0.952370703 -0.00542533398 0 0.046480298 -8.37316911e-05 -0 0.000777352718 0.181496546
0.690751851 3.375 -0.0371483043 0.018207822 0.0886651278 -0.954624295 -0.00522688031 0 0.0443325639 -7.84215736e-05 -0 0.000803380972 0.178487271
0.61636281 3.375 -0.0439641662 0.0191431083 0.0905444026 -0.953640819 -0.00497996807 0 0.0452722013 -7.42007614e-05 -0 0.000863468391 0.175364897
0.539108634 3.375 -0.0500518233 0.0196047015 0.0983474255 -0.949542344 -0.0046852529 0 0.0491737127 -6.90810848e-05 -0 0.000961557613 0.172027946
0.460891366 3.375 -0.0549848676 0.0195831098 0.114264727 -0.941125095 -0.00434321165 0 0.0571323633 -6.06564317e-05 -0 0.00111718394 0.168319598
0.38363713 3.375 -0.0583324954 0.0190826375 0.140708089 -0.926971555 -0.00395828485 0 0.0703540444 -4.30660475e-05 -0 0.00134184991 0.163995311
0.30924812 3.375 -0.0596989468 0.0181218311 0.180424809 -0.905297041 -0.00353321433 0 0.0902124047 -6.41325914e-06 -0 0.00163480151 0.15881598
0.239556059 3.375 -0.0587764904 0.0167328101 0.243352532 -0.869849443 -0.00307285786 0 0.121676266 6.47703419e-05 0 0.00203495543 0.152537063
0.176276997 3.375 -0.0553972535 0.0149600226 0.337832808 -0.813732445 -0.00258344412 0 0.168916404 0.000195487373 0 0.00251942058 0.144547954
0.120969057 3.375 -0.0495657399 0.0128595736 0.476620376 -0.723446846 -0.00206944346 0 0.238310188 0.000419057847 0 0.00303578074 0.134548068
0.0749941245 3.375 -0.0414576828 0.0105026355 0.6721434 -0.572585583 -0.00153635442 0 0.3360717 0.000771477236 0 0.00344429514 0.121984072
0.0394842401 3.375 -0.0313799232 0.0079918392 0.911409676 -0.297639608 -0.000989198685 0 0.455704838 0.00125013746 0 0.0034206335 0.106674276
0.0153137855 3.375 -0.0196983404 0.00552824233 0.915583014 0.290545702 -0.000426575541 0 0.457791507 0.001418003 0 0.00209621759 0.0884471908
0.00307791494 3.375 -0.00675168401 0.00371008134 -1.01568055 1.41974664 0.000163808465 0 -0.507840276 -0.00171438872 -0 -0.000781544659 0.0665731728
0.00307791494 3.375 0.00675168401 0.00371008134 -4.77931738 2.40402102 0.000795982778 0 -2.38965869 -0.00806711055 0 0.0036775833 0.0394918174
0.0153137855 3.375 0.0196983404 0.00552824233 -4.40240479 2.32430696 0.00139140896 0 -2.20120239 -0.00681819394 0 0.0100792581 0.0107072219
0.0394842401 3.375 0.0313799232 0.0079918392 -2.89928842 1.97466063 0.00196057931 0 -1.44964421 -0.00397681678 0 0.0108813886 -0.018904442
0.0749941245 3.375 0.0414576828 0.0105026364 -2.10979056 1.76345801 0.00251889974 0 -1.05489528 -0.0024215898 0 0.0108112982 -0.0497172661
0.120969057 3.375 0.0495657399 0.0128595736 -1.64483023 1.62629056 0.00306399167 0 -0.822415113 -0.00144618028 0 0.0104765641 -0.081259869
0.176276997 3.375 0.0553972535 0.0149600226 -1.32697344 1.52543783 0.00359083712 0 -0.663486719 -0.000767854857 0 0.00989603158 -0.112905107
0.239556059 3.375 0.0587764904 0.0167328101 -1.08595014 1.44427609 0.00409269333 0 -0.542975068 -0.000289034826 0 0.00908089988 -0.143694073
0.30924812 3.375 0.0596989468 0.0181218311 -0.892200351 1.37556517 0.00456228852 0 -0.446100175 3.17135527e-05 0 0.00808409043 -0.17295903
0.38363713 3.375 0.0583324954 0.0190826375 -0.729683399 1.3151648 0.00499472022 0 -0.3648417 0.000223331735 0 0.00695855962 -0.199824899
0.460891366 3.375 0.0549848676 0.0195831098 -0.594431162 1.26269639 0.00538137555 0 -0.297215581 0.00031554859 0 0.00581184542 -0.22385855
0.539108634 3.375 0.0500518233 0.0196047015 -0.47818327 1.21579218 0.00571876764 0 -0.239091635 0.000335884921 0 0.00467526959 -0.244736865
0.61636281 3.375 0.0439641662 0.0191431083 -0.375960469 1.17299807 0.00600385666 0 -0.187980235 0.000308098039 0 0.00358531228 -0.262231112
0.690751851 3.375 0.0371483043 0.018207822 -0.284707546 1.13343227 0.00623452663 0 -0.142353773 0.000251815043 0 0.00257969089 -0.276296079
0.760443926 3.375 0.0300075412 0.0168210901 -0.199845314 1.09535575 0.00641280413 0 -0.099922657 0.000180005154 0 0.00167114148 -0.287025273
0.823723018 3.375 0.0229215641 0.0150165278 -0.11878252 1.05770493 0.00654059649 0 -0.0593912601 0.00010343246 0 0.000885832414 -0.294547677
0.879030943 3.375 0.0162547119 0.012837844 -0.0378397703 1.01872265 0.00662571192 0 -0.0189198852 3.01182463e-05 0 0.000241015994 -0.29920119
0.925005853 3.375 0.0103608835 0.0103378817 0.0466800332 0.976358235 0.0066754818 0 0.0233400166 -3.16264486e-05 -0 -0.00023920463 -0.301333457
0.960515738 3.375 0.00557609182 0.00757759437 0.138690948 0.928043187 0.00669777393 0 0.0693454742 -7.19365635e-05 -0 -0.000520524627 -0.301508218
0.984686196 3.375 0.00219627423 0.00462524034 0.248931348 0.866616249 0.00670361519 0 0.124465674 -8.12193175e-05 -0 -0.000569925469 -0.300453901
0.996922076 3.375 0.000445593178 0.00155500555 0.319731653 0.824756563 0.00670343637 0 0.159865826 -3.5617566e-05 -0 -0.000246027485 -0.299163133
0.996922076 3.625 -0.000445593178 0.00155500555 0.291901588 -0.841472864 -0.00467354059 0 0.145950794 -3.25173423e-05 -0 0.000224612755 0.199439734
0.984686196 3.625 -0.00219627423 0.00462524034 0.250299573 -0.865839839 -0.00466972589 0 0.125149786 -8.16657266e-05 -0 0.000573058031 0.197637141
0.960515738 3.625 -0.00557609182 0.00757759484 0.189914346 -0.90003556 -0.00465285778 0 0.0949571729 -9.85052466e-05 -0 0.000712772482 0.19496496
0.925005853 3.625 -0.0103608835 0.0103378817 0.149311066 -0.922316432 -0.00461757183 0 0.0746555328 -0.000101160578 -0 0.0007651216 0.191945449
0.879030943 3.625 -0.0162547119 0.012837844 0.121730506 -0.937149227 -0.00455865264 0 0.0608652532 -9.68903769e-05 -0 0.000775348279 0.188838363
0.823723018 3.625 -0.0229215641 0.0150165278 0.104131341 -0.946492851 -0.00446978211 0 0.0520656705 -9.06746282e-05 -0 0.000776569825 0.185771719
0.760443926 3.625 -0.0300075412 0.0168210901 0.0940811634 -0.95178777 -0.00434702635 0 0.0470405817 -8.47410047e-05 -0 0.000786723103 0.182708636
0.690751851 3.625 -0.0371483043 0.018207822 0.0899767876 -0.95394218 -0.00418832898 0 0.0449883938 -7.95816886e-05 -0 0.000815265696 0.179655209
0.61636281 3.625 -0.0439641662 0.0191431083 0.0920655131 -0.9528476 -0.00399082899 0 0.0460327566 -7.54473076e-05 -0 0.000877974264 0.176477745
0.539108634 3.625 -0.0500518233 0.0196047015 0.10008961 -0.948628664 -0.00375452638 0 0.0500448048 -7.03048208e-05 -0 0.000978591153 0.173074841
0.460891366 3.625 -0.0549848676 0.0195831098 0.116236627 -0.940080464 -0.00348073244 0 0.0581183136 -6.17031983e-05 -0 0.00113646348 0.169289917
0.38363713 3.625 -0.0583324954 0.0190826375 0.142931938 -0.925774276 -0.00317183137 0 0.0714659691 -4.37466952e-05 -0 0.00136305741 0.164879695
0.30924812 3.625 -0.0596989468 0.0181218311 0.182928324 -0.903915763 -0.00283029675 0 0.0914641619 -6.50224729e-06 -0 0.00165748538 0.159605131
0.239556059 3.625 -0.0587764904 0.0167328101 0.246151268 -0.868241131 -0.00246101618 0 0.123075634 6.55152471e-05 0 0.00205835886 0.153223321
0.176276997 3.625 -0.0553972535 0.0149600226 0.340935051 -0.811825514 -0.00206801295 0 0.170467526 0.000197282498 0 0.0025425558 0.145124689
0.120969057 3.625 -0.0495657399 0.0128595736 0.479993463 -0.721112907 -0.00165525079 0 0.239996731 0.000422023557 0 0.00305726519 0.135010034
0.0749941245 3.625 -0.0414576828 0.0105026355 0.675556004 -0.569598556 -0.00122560561 0 0.337778002 0.000775394205 0 0.00346178259 0.122326486
0.0394842401 3.625 -0.0313799232 0.0079918392 0.913842082 -0.293525636 -0.000784575939 0 0.456921041 0.00125347392 0 0.00342976279 0.106893994
0.0153137855 3.625 -0.0196983404 0.00552824233 0.911860228 0.296883225 -0.000332593918 0 0.455930114 0.0014122373 0 0.00208769413 0.0885410458
0.00307791494 3.625 -0.00675168401 0.00371008134 -1.04184246 1.42893052 0.000143349171 0 -0.52092123 -0.00175854785 -0 -0.000801675662 0.0665346384
0.00307791494 3.625 0.00675168401 0.00371008134 -4.82364607 2.41322303 0.000652961433 0 -2.41182303 -0.00814193394 0 0.00371169345 0.0393113345
0.0153137855 3.625 0.0196983404 0.00552824233 -4.43211889 2.33069038 0.00113075972 0 -2.21605945 -0.00686421385 0 0.0101472884 0.0103936037
0.0394842401 3.625 0.0313799232 0.0079918392 -2.9157722 1.97883034 0.00158777088 0 -1.4578861 -0.0039994265 0 0.0109432545 -0.019345317
0.0749941245 3.625 0.0414576828 0.0105026364 -2.1205318 1.76650155 0.00203596056 0 -1.0602659 -0.00243391842 0 0.0108663393 -0.050283093
0.120969057 3.625 0.0495657399 0.0128595736 -1.65258598 1.62867427 0.00247295201 0 -0.826292992 -0.00145299942 0 0.0105259642 -0.0819476023
0.176276997 3.625 0.0553972535 0.0149600226 -1.33291984 1.52738714 0.00289471447 0 -0.666459918 -0.000771295687 0 0.00994037744 -0.113710336
0.239556059 3.625 0.0587764904 0.0167328101 -1.09067965 1.44591451 0.00329485536 0 -0.545339823 -0.000290293625 0 0.00912044942 -0.144611031
0.30924812 3.625 0.0596989468 0.0181218311 -0.896046877 1.37696528 0.00366944075 0 -0.448023438 3.18502789e-05 0 0.00811894238 -0.173980623
0.38363713 3.625 0.0583324954 0.0190826375 -0.732839227 1.31636739 0.00401258469 0 -0.366419613 0.000224297619 0 0.00698865438 -0.200942621
0.460891366 3.625 0.0549848676 0.0195831098 -0.597032666 1.26373017 0.0043194592 0 -0.298516333 0.000316929567 0 0.00583728077 -0.225062072
0.539108634 3.625 0.0500518233 0.0196047015 -0.480323911 1.21667695 0.00458753109 0 -0.240161955 0.00033738857 0 0.00469619967 -0.246015385
0.61636281 3.625 0.0439641662 0.0191431083 -0.377705812 1.1737473 0.00481283665 0 -0.188852906 0.000309528346 0 0.00360195688 -0.263572663
0.690751851 3.625 0.0371483043 0.018207822 -0.286108971 1.13405645 0.00499510765 0 -0.143054485 0.000253054575 0 0.00259238901 -0.27768898
0.760443926 3.625 0.0300075412 0.0168210901 -0.200922966 1.09585428 0.00513494015 0 -0.100461483 0.000180975811 0 0.00168015296 -0.288457751
0.823723018 3.625 0.0229215641 0.0150165278 -0.11959219 1.05809486 0.00523543358 0 -0.0597960949 0.0001041375 0 0.000891870644 -0.29600805
0.879030943 3.625 0.0162547119 0.012837844 -0.0384104252 1.01901042 0.00530225039 0 -0.0192052126 3.0572457e-05 0 0.000244650728 -0.300680935
0.925005853 3.625 0.0103608835 0.0103378817 0.0463276505 0.976546884 0.00534057617 0 0.0231638253 -3.13877063e-05 -0 -0.000237398912 -0.302824229
0.960515738 3.625 0.00557609182 0.00757759437 0.13850534 0.928151906 0.00535815954 0 0.0692526698 -7.18402953e-05 -0 -0.000519827998 -0.303004384
0.984686196 3.625 0.00219627423 0.00462524034 0.248897731 0.866644979 0.0053627491 0 0.124448866 -8.12083454e-05 -0 -0.000569848518 -0.301952034
0.996922076 3.625 0.000445593178 0.00155500555 0.319786727 0.824733019 0.00536036491 0 0.159893364 -3.56236997e-05 -0 -0.00024606986 -0.300661296
0.996922076 3.875 -0.000445593178 0.00155500555 0.29178381 -0.841547847 -0.00366017222 0 0.145891905 -3.25042238e-05 -0 0.00022452214 0.200470686
0.984686196 3.875 -0.00219627423 0.00462524034 0.250358522 -0.865810692 -0.00365626812 0 0.125179261 -8.1684957e-05 -0 0.000573192956 0.198668376
0.960515738 3.875 -0.00557609182 0.00757759484 0.190214992 -0.899873197 -0.00364166498 0 0.0951074958 -9.86611849e-05 -0 0.000713900838 0.195992976
0.925005853 3.875 -0.0103608835 0.0103378817 0.149756908 -0.922079206 -0.00361460447 0 0.0748784542 -0.00010146264 -0 0.000767406193 0.192966044
0.879030943 3.875 -0.0162547119 0.012837844 0.122316957 -0.936840594 -0.00356841087 0 0.0611584783 -9.73571514e-05 -0 0.000779083581 0.189846158
0.823723018 3.875 -0.0229215641 0.0150165278 0.104864538 -0.946109533 -0.00349831581 0 0.0524322689 -9.13130789e-05 -0 0.000782037736 0.186760142
0.760443926 3.875 -0.0300075412 0.0168210901 0.0949664712 -0.95132643 -0.00340262055 0 0.0474832356 -8.55384278e-05 -0 0.000794126245 0.183670059
0.690751851 3.875 -0.0371483043 0.018207822 0.0910175443 -0.953400075 -0.00327798724 0 0.0455087721 -8.05022064e-05 -0 0.000824695861 0.180581436
0.61636281 3.875 -0.0439641662 0.0191431083 0.0932685137 -0.952219367 -0.00312274694 0 0.0466342568 -7.64331562e-05 -0 0.000889446586 0.177360311
0.539108634 3.875 -0.0500518233 0.0196047015 0.101463139 -0.947907269 -0.00293785334 0 0.0507315695 -7.12696201e-05 -0 0.000992020476 0.173905209
0.460891366 3.875 -0.0549848676 0.0195831098 0.117797911 -0.939252198 -0.00272405148 0 0.0588989556 -6.25319954e-05 -0 0.00115172844 0.170059964
0.38363713 3.875 -0.0583324954 0.0190826375 0.144697428 -0.92482239 -0.00248175859 0 0.0723487139 -4.42870514e-05 -0 0.00137989386 0.165581226
0.30924812 3.875 -0.0596989468 0.0181218311 0.184912801 -0.902819097 -0.00221499801 0 0.0924564004 -6.57278633e-06 -0 0.00167546642 0.160231128
0.239556059 3.875 -0.0587764904 0.0167328101 0.24837029 -0.866963685 -0.00192525983 0 0.124185145 6.61058584e-05 0 0.00207691477 0.153767571
0.176276997 3.875 -0.0553972535 0.0149600226 0.343400478 -0.810306668 -0.0016168654 0 0.171700239 0.000198709124 0 0.0025609422 0.145581961
0.120969057 3.875 -0.0495657399 0.0128595736 0.482675314 -0.719251692 -0.0012921989 0 0.241337657 0.00042438152 0 0.00307434681 0.135375693
0.0749941245 3.875 -0.0414576828 0.0105026355 0.678263307 -0.567217588 -0.000955760479 0 0.339131653 0.000778501562 0 0.0034756558 0.122596875
0.0394842401 3.875 -0.0313799232 0.0079918392 0.915754318 -0.290250421 -0.000609025359 0 0.457877159 0.00125609688 0 0.00343693979 0.107066564
0.0153137855 3.875 -0.0196983404 0.00552824233 0.908835948 0.301933765 -0.00025382638 0 0.454417974 0.00140755356 0 0.00208077021 0.0886134878
0.00307791494 3.875 -0.00675168401 0.00371008134 -1.06278586 1.4362402 0.000120386481 0 -0.531392932 -0.00179389864 -0 -0.000817791151 0.0665014982
0.00307791494 3.875 0.00675168401 0.00371008134 -4.85900116 2.42053723 0.000518880785 0 -2.42950058 -0.0082016103 0 0.00373889832 0.0391653366
0.0153137855 3.875 0.0196983404 0.00552824233 -4.45579433 2.33576393 0.000894926488 0 -2.22789717 -0.00690088095 0 0.0102014933 0.0101418421
0.0394842401 3.875 0.0313799232 0.0079918392 -2.92889977 1.98214483 0.00125326961 0 -1.46444988 -0.00401743315 0 0.0109925242 -0.0196983274
0.0749941245 3.875 0.0414576828 0.0105026364 -2.12906265 1.76891494 0.00160414726 0 -1.06453133 -0.00244371011 0 0.0109100547 -0.0507352464
0.120969057 3.875 0.0495657399 0.0128595736 -1.65874743 1.6305654 0.00194606185 0 -0.829373717 -0.00145841681 0 0.0105652083 -0.082496345
0.176276997 3.875 0.0553972535 0.0149600226 -1.33764148 1.52893305 0.00227552652 0 -0.668820739 -0.000774027954 0 0.00997558981 -0.114352465
0.239556059 3.875 0.0587764904 0.0167328101 -1.09442186 1.44720948 0.00258782506 0 -0.547210932 -0.000291289645 0 0.00915174186 -0.145341501
0.30924812 3.875 0.0596989468 0.0181218311 -0.89907968 1.37806797 0.00287994742 0 -0.44953984 3.19580831e-05 0 0.00814642292 -0.17479375
0.38363713 3.875 0.0583324954 0.0190826375 -0.735323668 1.31731308 0.00314667821 0 -0.367661834 0.000225058029 0 0.00701234723 -0.201831192
0.460891366 3.875 0.0549848676 0.0195831098 -0.599084496 1.26454461 0.00338542461 0 -0.299542248 0.000318018778 0 0.00585734192 -0.22601828
0.539108634 3.875 0.0500518233 0.0196047015 -0.48201108 1.21737349 0.00359299779 0 -0.24100554 0.000338573649 0 0.00471269479 -0.247030631
0.61636281 3.875 0.0439641662 0.0191431083 -0.379071593 1.17433274 0.00376749039 0 -0.189535797 0.000310647592 0 0.00361498119 -0.26463753
0.690751851 3.875 0.0371483043 0.018207822 -0.287191033 1.1345377 0.00390845537 0 -0.143595517 0.000254011626 0 0.0026021935 -0.278793633
0.760443926 3.875 0.0300075412 0.0168210901 -0.201767683 1.09624434 0.00401681662 0 -0.100883842 0.000181736672 0 0.00168721657 -0.289592743
0.823723018 3.875 0.0229215641 0.0150165278 -0.120212555 1.058393 0.00409537554 0 -0.0601062775 0.000104677696 0 0.000896497106 -0.297165394
0.879030943 3.875 0.0162547119 0.012837844 -0.0388280153 1.01922071 0.00414633751 0 -0.0194140077 3.09048301e-05 0 0.000247310498 -0.301852316
0.925005853 3.875 0.0103608835 0.0103378817 0.0460848212 0.976676881 0.00417637825 0 0.0230424106 -3.12231859e-05 -0 -0.000236154563 -0.304003745
0.960515738 3.875 0.00557609182 0.00757759437 0.138429999 0.928198516 0.00418943167 0 0.0692149997 -7.18012161e-05 -0 -0.000519545225 -0.304187298
0.984686196 3.875 0.00219627423 0.00462524034 0.249014914 0.866583824 0.0041936636 0 0.124507457 -8.12465805e-05 -0 -0.000570116797 -0.303135276
0.996922076 3.875 0.000445593178 0.00155500555 0.320020318 0.824598134 0.00419348478 0 0.160010159 -3.56497185e-05 -0 -0.000246249576 -0.301843315
0.996922076 4.125 -0.000445593178 0.00155500555 0.292101622 -0.841362476 -0.00275313854 0 0.146050811 -3.2539625e-05 -0 0.000224766685 0.20126982
0.984686196 4.125 -0.00219627423 0.00462524034 0.25066942 -0.865634441 -0.00274822116 0 0.12533471 -8.17863984e-05 -0 0.000573904777 0.199465275
0.960515738 4.125 -0.00557609182 0.00757759484 0.190524161 -0.899704576 -0.00273650885 0 0.0952620804 -9.88215543e-05 -0 0.000715061266 0.196785793
0.925005853 4.125 -0.0103608835 0.0103378817 0.150118411 -0.921886206 -0.00271508098 0 0.0750592053 -0.000101707563 -0 0.000769258651 0.193752751
0.879030943 4.125 -0.0162547119 0.012837844 0.122789204 -0.936591506 -0.002679497 0 0.0613946021 -9.77330346e-05 -0 0.00078209152 0.190622568
0.823723018 4.125 -0.0229215641 0.0150165278 0.105442822 -0.945806682 -0.00262731314 0 0.052721411 -9.18166261e-05 -0 0.000786350283 0.187520877
0.760443926 4.125 -0.0300075412 0.0168210901 0.0956484079 -0.95097059 -0.00255519152 0 0.047824204 -8.61526642e-05 -0 0.000799828733 0.184409946
0.690751851 4.125 -0.0371483043 0.018207822 0.091822505 -0.95298028 -0.00246155262 0 0.0459112525 -8.12141734e-05 -0 0.000831989455 0.181294203
0.61636281 4.125 -0.0439641662 0.0191431083 0.094198823 -0.951732993 -0.00234481692 0 0.0470994115 -7.71955456e-05 -0 0.000898318423 0.178039119
0.539108634 4.125 -0.0500518233 0.0196047015 0.102521896 -0.947350621 -0.00220608711 0 0.0512609482 -7.20133103e-05 -0 0.00100237201 0.174543768
0.460891366 4.125 -0.0549848676 0.0195831098 0.118998766 -0.938614428 -0.00204533339 0 0.059499383 -6.31694493e-05 -0 0.00116346928 0.170651942
0.38363713 4.125 -0.0583324954 0.0190826375 0.146049738 -0.924092412 -0.00186342001 0 0.073024869 -4.47009479e-05 -0 0.00139279012 0.166120574
0.30924812 4.125 -0.0596989468 0.0181218311 0.186437547 -0.901975453 -0.0016631484 0 0.0932187736 -6.62698358e-06 -0 0.0016892819 0.16071263
0.239556059 4.125 -0.0587764904 0.0167328101 0.250082076 -0.86597681 -0.00144523382 0 0.125041038 6.65614643e-05 0 0.00209122873 0.154185951
0.176276997 4.125 -0.0553972535 0.0149600226 0.34530133 -0.809133589 -0.00121304393 0 0.172650665 0.000199809045 0 0.00257511786 0.145933121
0.120969057 4.125 -0.0495657399 0.0128595736 0.48473078 -0.717821896 -0.000968903303 0 0.24236539 0.000426188722 0 0.00308743888 0.135656133
0.0749941245 4.125 -0.0414576828 0.0105026355 0.680339694 -0.565384626 -0.000716075301 0 0.340169847 0.000780884817 0 0.00348629593 0.122804366
0.0394842401 4.125 -0.0313799232 0.0079918392 0.917218208 -0.287717938 -0.000454872847 0 0.458609104 0.00125810481 0 0.00344243366 0.107198507
0.0153137855 4.125 -0.0196983404 0.00552824233 0.906464398 0.305835843 -0.000186860561 0 0.453232199 0.00140388054 0 0.0020753406 0.088667959
0.00307791494 4.125 -0.00675168401 0.00371008134 -1.07893872 1.44185257 9.43690538e-05 0 -0.539469361 -0.00182116358 -0 -0.000830220524 0.0664744452
0.00307791494 4.125 0.00675168401 0.00371008134 -4.88628769 2.42616725 0.000394262373 0 -2.44314384 -0.00824766792 0 0.00375989499 0.0390518941
0.0153137855 4.125 0.0196983404 0.00552824233 -4.47418404 2.33969736 0.000678380951 0 -2.23709202 -0.00692936219 0 0.0102435965 0.00994614046
0.0394842401 4.125 0.0313799232 0.0079918392 -2.93901777 1.98469567 0.000947780907 0 -1.46950889 -0.00403131172 0 0.0110304989 -0.0199719518
0.0749941245 4.125 0.0414576828 0.0105026364 -2.13563728 1.7707727 0.00121153146 0 -1.06781864 -0.00245125615 0 0.0109437453 -0.0510851666
0.120969057 4.125 0.0495657399 0.0128595736 -1.66348124 1.6320169 0.00146780908 0 -0.831740618 -0.00146257889 0 0.0105953598 -0.0829206333
0.176276997 4.125 0.0553972535 0.0149600226 -1.34125924 1.53011644 0.00171452761 0 -0.670629621 -0.000776121335 0 0.0100025693 -0.1148481
0.239556059 4.125 0.0587764904 0.0167328101 -1.09729624 1.44820321 0.00194898248 0 -0.548648119 -0.000292054698 0 0.00917577837 -0.145904943
0.30924812 4.125 0.0596989468 0.0181218311 -0.901409507 1.37891436 0.00216710567 0 -0.450704753 3.20408981e-05 0 0.0081675332 -0.175420597
0.38363713 4.125 0.0583324954 0.0190826375 -0.737229705 1.31803799 0.00236713886 0 -0.368614852 0.000225641401 0 0.00703052385 -0.20251596
0.460891366 4.125 0.0549848676 0.0195831098 -0.60064888 1.26516497 0.00254502892 0 -0.30032444 0.000318849226 0 0.00587263703 -0.226754785
0.539108634 4.125 0.0500518233 0.0196047015 -0.483291268 1.21790147 0.00269943476 0 -0.241645634 0.000339472899 0 0.00472521177 -0.247811884
0.61636281 4.125 0.0439641662 0.0191431083 -0.380116582 1.17478025 0.0028296113 0 -0.190058291 0.000311503973 0 0.00362494681 -0.265456408
0.690751851 4.125 0.0371483043 0.018207822 -0.288034439 1.13491225 0.00293421745 0 -0.14401722 0.000254757586 0 0.00260983547 -0.279643208
0.760443926 4.125 0.0300075412 0.0168210901 -0.202421308 1.09654558 0.00301557779 0 -0.101210654 0.000182325399 0 0.00169268239 -0.29046616
0.823723018 4.125 0.0229215641 0.0150165278 -0.120699763 1.05862665 0.00307404995 0 -0.0603498816 0.000105101943 0 0.000900130486 -0.298055738
0.879030943 4.125 0.0162547119 0.012837844 -0.039175868 1.01939499 0.00311267376 0 -0.019587934 3.11817021e-05 0 0.000249526114 -0.302754104
0.925005853 4.125 0.0103608835 0.0103378817 0.0458697081 0.976790905 0.00313532352 0 0.022934854 -3.10774412e-05 -0 -0.000235052255 -0.304912418
0.960515738 4.125 0.00557609182 0.00757759437 0.138291419 0.928277254 0.0031453371 0 0.0691457093 -7.17293296e-05 -0 -0.000519025081 -0.3050991
0.984686196 4.125 0.00219627423 0.00462524034 0.248874426 0.866669297 0.00314968824 0 0.124437213 -8.1200742e-05 -0 -0.000569795142 -0.304048866
0.996922076 4.125 0.000445593178 0.00155500555 0.319869101 0.824694455 0.00315070152 0 0.159934551 -3.56328783e-05 -0 -0.000246133248 -0.302758038
0.996922076 4.375 -0.000445593178 0.00155500555 0.292105138 -0.841362715 -0.00190997124 0 0.146052569 -3.25400179e-05 -0 0.000224769392 0.201847255
0.984686196 4.375 -0.00219627423 0.00462524034 0.250736535 -0.865597963 -0.00190868974 0 0.125368267 -8.1808299e-05 -0 0.000574058446 0.200042486
0.960515738 4.375 -0.00557609182 0.00757759484 0.190699399 -0.899609327 -0.00190216303 0 0.0953496993 -9.89124383e-05 -0 0.000715718896 0.197361231
0.925005853 4.375 -0.0103608835 0.0103378817 0.150385857 -0.921743214 -0.00188723207 0 0.0751929283 -0.000101888763 -0 0.000770629151 0.194323584
0.879030943 4.375 -0.0162547119 0.012837844 0.123117208 -0.936418355 -0.00186237693 0 0.0615586042 -9.79941033e-05 -0 0.000784180709 0.191185907
0.823723018 4.375 -0.0229215641 0.0150165278 0.105845928 -0.945595443 -0.00182712078 0 0.0529229641 -9.21676401e-05 -0 0.000789356534 0.188073799
0.760443926 4.375 -0.0300075412 0.0168210901 0.0961443782 -0.950711548 -0.00177711248 0 0.0480721891 -8.65994007e-05 -0 0.000803976145 0.184947655
0.690751851 4.375 -0.0371483043 0.018207822 0.0924034715 -0.952677071 -0.001711905 0 0.0462017357 -8.17280234e-05 -0 0.000837253523 0.181812212
0.61636281 4.375 -0.0439641662 0.0191431083 0.0948693156 -0.95138216 -0.00163131952 0 0.0474346578 -7.77450114e-05 -0 0.000904712477 0.17853272
0.539108634 4.375 -0.0500518233 0.0196047015 0.103288352 -0.946947336 -0.00153493881 0 0.0516441762 -7.25516875e-05 -0 0.0010098659 0.175008252
0.460891366 4.375 -0.0549848676 0.0195831098 0.11987114 -0.938150764 -0.00142356753 0 0.0599355698 -6.36325494e-05 -0 0.00117199868 0.171082631
0.38363713 4.375 -0.0583324954 0.0190826375 0.147035897 -0.923559666 -0.00129693747 0 0.0735179484 -4.50027801e-05 -0 0.0014021945 0.166512936
0.30924812 4.375 -0.0596989468 0.0181218311 0.187547028 -0.901360989 -0.00115644932 0 0.093773514 -6.66642063e-06 -0 0.00169933483 0.161062703
0.239556059 4.375 -0.0587764904 0.0167328101 0.251324713 -0.865259647 -0.00100579858 0 0.125662357 6.68922003e-05 0 0.00210161996 0.154490188
0.176276997 4.375 -0.0553972535 0.0149600226 0.346680522 -0.808281362 -0.000843852758 0 0.173340261 0.00020060713 0 0.00258540339 0.146188483
0.120969057 4.375 -0.0495657399 0.0128595736 0.486228943 -0.716777921 -0.000674366951 0 0.243114471 0.000427505962 0 0.00309698144 0.135860145
0.0749941245 4.375 -0.0414576828 0.0105026355 0.681851864 -0.564046025 -0.00049713254 0 0.340925932 0.000782620453 0 0.00349404477 0.122954912
0.0394842401 4.375 -0.0313799232 0.0079918392 0.91827786 -0.285870731 -0.00031504035 0 0.45913893 0.00125955825 0 0.00344641088 0.107294001
0.0153137855 4.375 -0.0196983404 0.00552824233 0.904722869 0.308669925 -0.000128418207 0 0.452361435 0.00140118331 0 0.00207135337 0.0887069181
0.00307791494 4.375 -0.00675168401 0.00371008134 -1.09080124 1.44596028 6.77257776e-05 0 -0.54540062 -0.00184118631 -0 -0.000839348417 0.0664543137
0.00307791494 4.375 0.00675168401 0.00371008134 -4.90631962 2.43029213 0.000277817249 0 -2.45315981 -0.00828148052 0 0.00377530907 0.0389682055
0.0153137855 4.375 0.0196983404 0.00552824233 -4.48758221 2.34255886 0.000474782661 0 -2.2437911 -0.00695011253 0 0.0102742715 0.00980265159
0.0394842401 4.375 0.0313799232 0.0079918392 -2.94639778 1.98655415 0.000662952662 0 -1.47319889 -0.00404143427 0 0.0110581964 -0.0201722179
0.0749941245 4.375 0.0414576828 0.0105026364 -2.14041758 1.77212214 0.000846467912 0 -1.07020879 -0.00245674304 0 0.0109682409 -0.0513410121
0.120969057 4.375 0.0495657399 0.0128595736 -1.66691828 1.63306987 0.00102461874 0 -0.833459139 -0.0014656008 0 0.0106172515 -0.0832302496
0.176276997 4.375 0.0553972535 0.0149600226 -1.3438983 1.53097904 0.00119616091 0 -0.671949148 -0.000777648471 0 0.0100222509 -0.115209728
0.239556059 4.375 0.0587764904 0.0167328101 -1.09938145 1.44892359 0.00135907531 0 -0.549690723 -0.000292609679 0 0.00919321459 -0.146315992
0.30924812 4.375 0.0596989468 0.0181218311 -0.903094649 1.37952614 0.0015104115 0 -0.451547325 3.21007974e-05 0 0.00818280224 -0.175877303
0.38363713 4.375 0.0583324954 0.0190826375 -0.738608837 1.31856215 0.0016490519 0 -0.369304419 0.000226063508 0 0.00704367645 -0.203014761
0.460891366 4.375 0.0549848676 0.0195831098 -0.601778984 1.26561284 0.00177228451 0 -0.300889492 0.000319449115 0 0.00588368578 -0.227290794
0.539108634 4.375 0.0500518233 0.0196047015 -0.484223247 1.21828556 0.0018787384 0 -0.242111623 0.000340127532 0 0.00473432383 -0.248380348
0.61636281 4.375 0.0439641662 0.0191431083 -0.380867481 1.17510152 0.00196862221 0 -0.190433741 0.000312119315 0 0.00363210752 -0.266052336
0.690751851 4.375 0.0371483043 0.018207822 -0.288629174 1.13517618 0.00204104185 0 -0.144314587 0.000255283579 0 0.0026152241 -0.280260742
0.760443926 4.375 0.0300075412 0.0168210901 -0.202889919 1.09676135 0.00209659338 0 -0.10144496 0.000182747506 0 0.00169660104 -0.291100532
0.823723018 4.375 0.0229215641 0.0150165278 -0.121045232 1.05879211 0.00213652849 0 -0.0605226159 0.000105402774 0 0.000902706874 -0.298702419
0.879030943 4.375 0.0162547119 0.012837844 -0.0394083261 1.01951146 0.00216275454 0 -0.0197041631 3.1366726e-05 0 0.000251006742 -0.303408653
0.925005853 4.375 0.0103608835 0.0103378817 0.0457353592 0.976862252 0.00217741728 0 0.0228676796 -3.0986419e-05 -0 -0.000234363804 -0.305571407
0.960515738 4.375 0.00557609182 0.00757759437 0.138239264 0.928308129 0.00218397379 0 0.0691196322 -7.17022776e-05 -0 -0.000518829329 -0.305759966
0.984686196 4.375 0.00219627423 0.00462524034 0.248928547 0.866641045 0.00218582153 0 0.124464273 -8.1218408e-05 -0 -0.000569919124 -0.30471012
0.996922076 4.375 0.000445593178 0.00155500555 0.319996297 0.824620485 0.00218456984 0 0.159998149 -3.56470482e-05 -0 -0.000246231124 -0.303418666
0.996922076 4.625 -0.000445593178 0.00155500555 0.292148829 -0.841338158 -0.00111576915 0 0.146074414 -3.25448818e-05 -0 0.000224803007 0.202224806
0.984686196 4.625 -0.00219627423 0.00462524034 0.250813186 -0.865555048 -0.00111743808 0 0.125406593 -8.18333065e-05 -0 0.000574233942 0.20041962
0.960515738 4.625 -0.00557609182 0.00757759484 0.190825343 -0.899540663 -0.00111633539 0 0.0954126716 -9.89777691e-05 -0 0.0007161916 0.197736874
0.925005853 4.625 -0.0103608835 0.0103378817 0.150556743 -0.921651781 -0.0011099875 0 0.0752783716 -0.000102004538 -0 0.000771504827 0.194696367
0.879030943 4.625 -0.0162547119 0.012837844 0.123338342 -0.93630147 -0.00109770894 0 0.0616691709 -9.8170116e-05 -0 0.000785589218 0.191553757
0.823723018 4.625 -0.0229215641 0.0150165278 0.106114388 -0.945454657 -0.00107651949 0 0.0530571938 -9.24014093e-05 -0 0.000791358587 0.188434437
0.760443926 4.625 -0.0300075412 0.0168210901 0.0964663625 -0.950543284 -0.00104799867 0 0.0482331812 -8.68894131e-05 -0 0.000806668599 0.185298502
0.690751851 4.625 -0.0371483043 0.018207822 0.0927826166 -0.952479064 -0.00100964308 0 0.0463913083 -8.20633577e-05 -0 0.000840688881 0.182150155
0.61636281 4.625 -0.0439641662 0.0191431083 0.0953068137 -0.9511531 -0.000962078571 0 0.0476534069 -7.81035342e-05 -0 0.000908884627 0.178854778
0.539108634 4.625 -0.0500518233 0.0196047015 0.103787184 -0.946684718 -0.000905424356 0 0.0518935919 -7.29020758e-05 -0 0.001014743 0.175311238
0.460891366 4.625 -0.0549848676 0.0195831098 0.120437801 -0.937849402 -0.000839233398 0 0.0602189004 -6.39333521e-05 -0 0.001177539 0.171363726
0.38363713 4.625 -0.0583324954 0.0190826375 0.147683203 -0.923209727 -0.000764995813 0 0.0738416016 -4.52009008e-05 -0 0.00140836753 0.166769043
0.30924812 4.625 -0.0596989468 0.0181218311 0.188269138 -0.900960803 -0.000682145357 0 0.0941345692 -6.69208839e-06 -0 0.00170587772 0.161290854
0.239556059 4.625 -0.0587764904 0.0167328101 0.252133012 -0.864792824 -0.000592917204 0 0.126066506 6.71073358e-05 0 0.00210837903 0.15468885
0.176276997 4.625 -0.0553972535 0.0149600226 0.347580373 -0.807724833 -0.000497221947 0 0.173790187 0.000201127812 0 0.00259211403 0.146355048
0.120969057 4.625 -0.0495657399 0.0128595736 0.487208307 -0.716094613 -0.00039690733 0 0.243604153 0.000428367057 0 0.00310321944 0.135993317
0.0749941245 4.625 -0.0414576828 0.0105026355 0.682840586 -0.563169003 -0.000292465091 0 0.341420293 0.000783755328 0 0.00349911139 0.123052932
0.0394842401 4.625 -0.0313799232 0.0079918392 0.918964624 -0.284667015 -0.000185132027 0 0.459482312 0.00126050028 0 0.00344898831 0.107356027
0.0153137855 4.625 -0.0196983404 0.00552824233 0.903570056 0.310531735 -7.54892826e-05 0 0.451785028 0.00139939797 0 0.00206871401 0.0887321681
0.00307791494 4.625 -0.00675168401 0.00371008134 -1.09859109 1.44865143 4.08291817e-05 0 -0.549295545 -0.00185433519 -0 -0.000845342583 0.0664405823
0.00307791494 4.625 0.00675168401 0.00371008134 -4.91937208 2.43297601 0.000164978206 0 -2.45968604 -0.00830351189 0 0.00378535246 0.0389129855
0.0153137855 4.625 0.0196983404 0.00552824233 -4.49629831 2.34441853 0.000280883163 0 -2.24814916 -0.00696361158 0 0.0102942269 0.00970874913
0.0394842401 4.625 0.0313799232 0.0079918392 -2.95123482 1.98777127 0.000392008573 0 -1.47561741 -0.00404806901 0 0.0110763507 -0.0203034282
0.0749941245 4.625 0.0414576828 0.0105026364 -2.1435411 1.77300334 0.000500269234 0 -1.07177055 -0.00246032816 0 0.0109842466 -0.0515084006
0.120969057 4.625 0.0495657399 0.0128595736 -1.66916585 1.63375807 0.000605747104 0 -0.834582925 -0.00146757695 0 0.0106315669 -0.0834329426
0.176276997 4.625 0.0553972535 0.0149600226 -1.3456111 1.53153861 0.000706359744 0 -0.672805548 -0.000778639514 0 0.010035024 -0.11544618
0.239556059 4.625 0.0587764904 0.0167328101 -1.10074234 1.44939351 0.000802278519 0 -0.55037117 -0.000292971905 0 0.00920459535 -0.146584481
0.30924812 4.625 0.0596989468 0.0181218311 -0.904195189 1.37992549 0.000892013311 0 -0.452097595 3.21399166e-05 0 0.00819277391 -0.176175803
0.38363713 4.625 0.0583324954 0.0190826375 -0.739507198 1.31890345 0.000973105431 0 -0.369753599 0.000226338467 0 0.00705224322 -0.203340486
0.460891366 4.625 0.0549848676 0.0195831098 -0.60251236 1.26590335 0.00104573369 0 -0.30125618 0.000319838407 0 0.0058908565 -0.227640927
0.539108634 4.625 0.0500518233 0.0196047015 -0.484818459 1.21853077 0.00110852718 0 -0.242409229 0.000340545637 0 0.00474014319 -0.248751253
0.61636281 4.625 0.0439641662 0.0191431083 -0.381358862 1.17531168 0.00116086006 0 -0.190679431 0.000312522025 0 0.0036367937 -0.266440719
0.690751851 4.625 0.0371483043 0.018207822 -0.289024234 1.13535142 0.00120377541 0 -0.144512117 0.000255633029 0 0.00261880388 -0.280663729
0.760443926 4.625 0.0300075412 0.0168210901 -0.2031883 1.09689867 0.0012358427 0 -0.10159415 0.000183016251 0 0.00169909606 -0.291514456
0.823723018 4.625 0.0229215641 0.0150165278 -0.121267438 1.05889845 0.00125843287 0 -0.060633719 0.000105596257 0 0.000904363988 -0.299124002
0.879030943 4.625 0.0162547119 0.012837844 -0.0395618677 1.01958823 0.00127315521 0 -0.0197809339 3.14889367e-05 0 0.000251984689 -0.303835481
0.925005853 4.625 0.0103608835 0.0103378817 0.0456423163 0.976911485 0.00127983093 0 0.0228211582 -3.09233801e-05 -0 -0.000233887011 -0.306001127
0.960515738 4.625 0.00557609182 0.00757759437 0.138189018 0.928336859 0.00128167868 0 0.0690945089 -7.16762224e-05 -0 -0.000518640794 -0.306191087
0.984686196 4.625 0.00219627423 0.00462524034 0.248918891 0.866648436 0.00127905607 0 0.124459445 -8.12152502e-05 -0 -0.000569896947 -0.305141777
0.996922076 4.625 0.000445593178 0.00155500555 0.320009947 0.824614108 0.00127577782 0 0.160004973 -3.56485652e-05 -0 -0.000246241601 -0.303850323
0.996922076 4.875 -0.000445593178 0.00155500555 0.291944087 -0.841460526 -0.000385224819 0 0.145972043 -3.25220753e-05 -0 0.000224645468 0.20240514
0.984686196 4.875 -0.00219627423 0.00462524034 0.250675559 -0.865635216 -0.000381737947 0 0.12533778 -8.17883993e-05 -0 0.000573918805 0.200601205
0.960515738 4.875 -0.00557609182 0.00757759484 0.190791726 -0.899559975 -0.000377506018 0 0.0953958631 -9.89603359e-05 -0 0.000716065464 0.197919399
0.925005853 4.875 -0.0103608835 0.0103378817 0.150587857 -0.921635509 -0.000372886658 0 0.0752939284 -0.000102025624 -0 0.000771664258 0.194878578
0.879030943 4.875 -0.0162547119 0.012837844 0.123417675 -0.936259687 -0.000367194414 0 0.0617088377 -9.82332567e-05 -0 0.000786094461 0.191734761
0.823723018 4.875 -0.0229215641 0.0150165278 0.106238544 -0.945389509 -0.000358134508 0 0.053119272 -9.25095228e-05 -0 0.000792284496 0.188612059
0.760443926 4.875 -0.0300075412 0.0168210901 0.0966182947 -0.950463891 -0.000348180532 0 0.0483091474 -8.70262666e-05 -0 0.000807939097 0.185471654
0.690751851 4.875 -0.0371483043 0.018207822 0.0929689407 -0.95238173 -0.000334739685 0 0.0464844704 -8.22281581e-05 -0 0.000842377136 0.182317033
0.61636281 4.875 -0.0439641662 0.0191431083 0.0955216289 -0.951040626 -0.000318676233 0 0.0477608144 -7.8279576e-05 -0 0.000910933188 0.179013759
0.539108634 4.875 -0.0500518233 0.0196047015 0.104036212 -0.946553588 -0.000299781561 0 0.052018106 -7.30769971e-05 -0 0.00101717783 0.175460964
0.460891366 4.875 -0.0549848676 0.0195831098 0.120719731 -0.937699437 -0.000277280807 0 0.0603598654 -6.40830185e-05 -0 0.00118029548 0.171502247
0.38363713 4.875 -0.0583324954 0.0190826375 0.147996187 -0.923040509 -0.000252962112 0 0.0739980936 -4.52966888e-05 -0 0.00141135207 0.166895434
0.30924812 4.875 -0.0596989468 0.0181218311 0.18862921 -0.900761187 -0.000225782394 0 0.094314605 -6.70488726e-06 -0 0.00170914026 0.161403775
0.239556059 4.875 -0.0587764904 0.0167328101 0.252537191 -0.864559293 -0.000195652246 0 0.126268595 6.72149108e-05 0 0.00211175904 0.154786646
0.176276997 4.875 -0.0553972535 0.0149600226 0.348027587 -0.807448089 -0.00016438961 0 0.174013793 0.000201386603 0 0.0025954491 0.146437094
0.120969057 4.875 -0.0495657399 0.0128595736 0.48769021 -0.715758204 -0.000130623579 0 0.243845105 0.00042879075 0 0.00310628884 0.136058599
0.0749941245 4.875 -0.0414576828 0.0105026355 0.683323503 -0.562740207 -9.63360071e-05 0 0.341661751 0.000784309639 0 0.00350158592 0.123101145
0.0394842401 4.875 -0.0313799232 0.0079918392 0.919300675 -0.284076273 -6.10500574e-05 0 0.459650338 0.00126096117 0 0.00345024932 0.107386567
0.0153137855 4.875 -0.0196983404 0.00552824233 0.903000772 0.311447024 -2.51680613e-05 0 0.451500386 0.00139851635 0 0.00206741062 0.0887446627
0.00307791494 4.875 -0.00675168401 0.00371008134 -1.10245037 1.44998288 1.33365393e-05 0 -0.551225185 -0.00186084933 -0 -0.000848312222 0.0664338991
0.00307791494 4.875 0.00675168401 0.00371008134 -4.92586374 2.43430972 5.44115901e-05 0 -2.46293187 -0.00831446983 0 0.00379034784 0.0388857163
0.0153137855 4.875 0.0196983404 0.00552824233 -4.50061989 2.34534001 9.31657851e-05 0 -2.25030994 -0.00697030406 0 0.0103041213 0.00966221001
0.0394842401 4.875 0.0313799232 0.0079918392 -2.95361495 1.98836994 0.000129424036 0 -1.47680748 -0.00405133376 0 0.0110852839 -0.0203682221
0.0749941245 4.875 0.0414576828 0.0105026364 -2.14508891 1.77343988 0.000165507197 0 -1.07254446 -0.00246210466 0 0.0109921787 -0.0515911467
0.120969057 4.875 0.0495657399 0.0128595736 -1.67027259 1.63409686 0.000200375915 0 -0.835136294 -0.00146854995 0 0.010638617 -0.0835331231
0.176276997 4.875 0.0553972535 0.0149600226 -1.34645581 1.53181458 0.00023368001 0 -0.673227906 -0.000779128342 0 0.0100413235 -0.115562908
0.239556059 4.875 0.0587764904 0.0167328101 -1.10141706 1.44962656 0.000265359879 0 -0.550708532 -0.000293151475 0 0.0092102373 -0.146717131
0.30924812 4.875 0.0596989468 0.0181218311 -0.904736996 1.38012207 0.000295013189 0 -0.452368498 3.21591724e-05 0 0.00819768291 -0.17632331
0.38363713 4.875 0.0583324954 0.0190826375 -0.739946365 1.31907022 0.000321775675 0 -0.369973183 0.000226472883 0 0.00705643091 -0.203501314
0.460891366 4.875 0.0549848676 0.0195831098 -0.602878094 1.26604819 0.000345796347 0 -0.301439047 0.000320032588 0 0.00589443231 -0.227813661
0.539108634 4.875 0.0500518233 0.0196047015 -0.485118985 1.21865451 0.000367194414 0 -0.242559493 0.000340756727 0 0.00474308152 -0.248934612
0.61636281 4.875 0.0439641662 0.0191431083 -0.381597042 1.17541349 0.000384986401 0 -0.190798521 0.000312717195 0 0.00363906496 -0.266632766
0.690751851 4.875 0.0371483043 0.018207822 -0.289208889 1.13543332 0.000398874283 0 -0.144604445 0.00025579636 0 0.002620477 -0.280862629
0.760443926 4.875 0.0300075412 0.0168210901 -0.203328252 1.09696317 0.000410556793 0 -0.101664126 0.0001831423 0 0.00170026638 -0.291718453
0.823723018 4.875 0.0229215641 0.0150165278 -0.121365547 1.05894542 0.000418663025 0 -0.0606827736 0.000105681691 0 0.0009050956 -0.299331635
0.879030943 4.875 0.0162547119 0.012837844 -0.0396063328 1.01961076 0.000425636768 0 -0.0198031664 3.15243269e-05 0 0.000252267928 -0.30404523
0.925005853 4.875 0.0103608835 0.0103378817 0.0456503034 0.976908147 0.000429928303 0 0.0228251517 -3.09287898e-05 -0 -0.000233927945 -0.306211323
0.960515738 4.875 0.00557609182 0.00757759437 0.13828367 0.928286672 0.000434160233 0 0.069141835 -7.17253133e-05 -0 -0.000518996036 -0.306400806
0.984686196 4.875 0.00219627423 0.00462524034 0.249117017 0.866534948 0.000436663628 0 0.124558508 -8.12798971e-05 -0 -0.000570350618 -0.305349648
0.996922076 4.875 0.000445593178 0.00155500555 0.3202582 0.82446444 0.000439882278 0 0.1601291 -3.56762212e-05 -0 -0.000246432639 -0.304056555
0.996922076 5.125 -0.000445593178 0.00155500555 0.292418122 -0.841178775 0.000354766846 0 0.146209061 -3.25748842e-05 -0 0.000225010226 0.202417418
0.984686196 5.125 -0.00219627423 0.00462524034 0.251026869 -0.865432262 0.000358581543 0 0.125513434 -8.19030247e-05 -0 0.000574723177 0.200610489
0.960515738 5.125 -0.00557609182 0.00757759484 0.190966308 -0.899462938 0.000360578299 0 0.0954831541 -9.90508779e-05 -0 0.00071672065 0.197925627
0.925005853 5.125 -0.0103608835 0.0103378817 0.150674224 -0.921588659 0.000360399485 0 0.0753371119 -0.00010208413 -0 0.00077210681 0.19488281
0.879030943 5.125 -0.0162547119 0.012837844 0.123471379 -0.936231017 0.00035816431 0 0.0617356896 -9.8276003e-05 -0 0.000786436489 0.191737354
0.823723018 5.125 -0.0229215641 0.0150165278 0.106266379 -0.945374787 0.000352561474 0 0.0531331897 -9.25337663e-05 -0 0.000792492123 0.188613504
0.760443926 5.125 -0.0300075412 0.0168210901 0.0966320038 -0.950456679 0.000344336033 0 0.0483160019 -8.70386139e-05 -0 0.000808053708 0.185472593
0.690751851 5.125 -0.0371483043 0.018207822 0.0929768682 -0.952377558 0.000332444906 0 0.0464884341 -8.22351722e-05 -0 0.000842448964 0.182317525
0.61636281 5.125 -0.0439641662 0.0191431083 0.095525682 -0.95103848 0.000317186117 0 0.047762841 -7.82829011e-05 -0 0.000910971896 0.179014117
0.539108634 5.125 -0.0500518233 0.0196047015 0.104039192 -0.946552038 0.000298947096 0 0.0520195961 -7.30790853e-05 -0 0.00101720681 0.175461128
0.460891366 5.125 -0.0549848676 0.0195831098 0.120720625 -0.93769896 0.000276893377 0 0.0603603125 -6.40834915e-05 -0 0.00118030421 0.171502367
0.38363713 5.125 -0.0583324954 0.0190826375 0.147998035 -0.923039496 0.000252723694 0 0.0739990175 -4.52972563e-05 -0 0.00141136977 0.166895524
0.30924812 5.125 -0.0596989468 0.0181218311 0.188629866 -0.900760829 0.000225812197 0 0.0943149328 -6.70491045e-06 -0 0.00170914619 0.161403745
0.239556059 5.125 -0.0587764904 0.0167328101 0.252534688 -0.864560723 0.000195771456 0 0.126267344 6.72142487e-05 0 0.00211173808 0.154786676
0.176276997 5.125 -0.0553972535 0.0149600226 0.348027945 -0.807447851 0.000164121389 0 0.174013972 0.000201386807 0 0.00259545166 0.146437243
0.120969057 5.125 -0.0495657399 0.0128595736 0.487692773 -0.715756416 0.000130683184 0 0.243846387 0.000428792991 0 0.00310630514 0.136058629
0.0749941245 5.125 -0.0414576828 0.0105026355 0.683323741 -0.562739968 9.65148211e-05 0 0.34166187 0.000784309872 0 0.00350158708 0.1231011
0.0394842401 5.125 -0.0313799232 0.0079918392 0.919299185 -0.284078896 6.10053539e-05 0 0.459649593 0.00126095919 0 0.00345024397 0.107386552
0.0153137855 5.125 -0.0196983404 0.00552824233 0.903000176 0.311447978 2.48402357e-05 0 0.451500088 0.00139851542 0 0.00206740922 0.0887447521
0.00307791494 5.125 -0.00675168401 0.00371008134 -1.10244966 1.44998264 -1.38282776e-05 0 -0.551224828 -0.00186084805 -0 -0.00084831164 0.066433914
0.00307791494 5.125 0.00675168401 0.00371008134 -4.92586613 2.4343102 -5.42923808e-05 0 -2.46293306 -0.00831447262 0 0.00379034947 0.0388857797
0.0153137855 5.125 0.0196983404 0.00552824233 -4.50062752 2.34534168 -9.29795206e-05 0 -2.25031376 -0.00697031617 0 0.010304139 0.00966216624
0.0394842401 5.125 0.0313799232 0.0079918392 -2.95360756 1.98836803 -0.000129744411 0 -1.47680378 -0.00405132351 0 0.0110852551 -0.0203681402
0.0749941245 5.125 0.0414576828 0.0105026364 -2.14509416 1.77344131 -0.000165842474 0 -1.07254708 -0.00246211071 0 0.0109922057 -0.0515911542
0.120969057 5.125 0.0495657399 0.0128595736 -1.67027521 1.6340977 -0.000200301409 0 -0.835137606 -0.00146855228 0 0.0106386328 -0.0835331306
0.176276997 5.125 0.0553972535 0.0149600226 -1.346457 1.53181493 -0.000233605504 0 -0.673228502 -0.000779128983 0 0.0100413319 -0.11556302
0.239556059 5.125 0.0587764904 0.0167328101 -1.10141468 1.44962573 -0.000265389681 0 -0.55070734 -0.000293150835 0 0.00921021681 -0.146717161
0.30924812 5.125 0.0596989468 0.0181218311 -0.904737711 1.3801223 -0.000294953585 0 -0.452368855 3.21591979e-05 0 0.00819768943 -0.17632331
0.38363713 5.125 0.0583324954 0.0190826375 -0.739949226 1.31907129 -0.000321388245 0 -0.369974613 0.000226473756 0 0.00705645839 -0.203501374
0.460891366 5.125 0.0549848676 0.0195831098 -0.602880836 1.26604927 -0.000345259905 0 -0.301440418 0.000320034014 0 0.00589445885 -0.227813825
0.539108634 5.125 0.0500518233 0.0196047015 -0.485123277 1.2186563 -0.000366121531 0 -0.242561638 0.000340759725 0 0.00474312343 -0.24893485
0.61636281 5.125 0.0439641662 0.0191431083 -0.381601453 1.1754154 -0.000382900238 0 -0.190800726 0.000312720833 0 0.00363910734 -0.266633213
0.690751851 5.125 0.0371483043 0.018207822 -0.289222717 1.1354394 -0.000396072865 0 -0.144611359 0.000255808554 0 0.00262060203 -0.280863166
0.760443926 5.125 0.0300075412 0.0168210901 -0.203347087 1.09697175 -0.000405609608 0 -0.101673543 0.000183159267 0 0.00170042389 -0.291719735
0.823723018 5.125 0.0229215641 0.0150165278 -0.121399879 1.05896163 -0.000412106514 0 -0.0606999397 0.000105711588 0 0.000905351655 -0.299333334
0.879030943 5.125 0.0162547119 0.012837844 -0.0396698713 1.019642 -0.000415146351 0 -0.0198349357 3.15749021e-05 0 0.000252672617 -0.3040483
0.925005853 5.125 0.0103608835 0.0103378817 0.0455393195 0.976964951 -0.000415980816 0 0.0227696598 -3.08536e-05 -0 -0.000233359227 -0.306216091
0.960515738 5.125 0.00557609182 0.00757759437 0.138089478 0.928391278 -0.000414013863 0 0.069044739 -7.16245922e-05 -0 -0.000518267218 -0.306408167
0.984686196 5.125 0.00219627423 0.00462524034 0.248740613 0.866752088 -0.000410497189 0 0.124370307 -8.11570862e-05 -0 -0.000569488795 -0.305360109
0.996922076 5.125 0.000445593178 0.00155500555 0.31975615 0.824768841 -0.000405788422 0 0.159878075 -3.56202909e-05 -0 -0.000246046315 -0.304070264
0.996922076 5.375 -0.000445593178 0.00155500555 0.292266726 -0.841268063 0.00114196539 0 0.146133363 -3.25580186e-05 -0 0.000224893738 0.202227756
0.984686196 5.375 -0.00219627423 0.00462524034 0.250875473 -0.865519047 0.00113719702 0 0.125437737 -8.18536282e-05 -0 0.000574376551 0.200421914
0.960515738 5.375 -0.00557609182 0.00757759484 0.190832555 -0.899536669 0.00112953782 0 0.0954162776 -9.89815017e-05 -0 0.000716218667 0.197739109
0.925005853 5.375 -0.0103608835 0.0103378817 0.15056479 -0.921647429 0.00111854076 0 0.0752823949 -0.000102009995 -0 0.000771546096 0.194698378
0.879030943 5.375 -0.0162547119 0.012837844 0.12334919 -0.936295688 0.00110253692 0 0.0616745949 -9.81787525e-05 -0 0.000785658252 0.191555679
0.823723018 5.375 -0.0229215641 0.0150165278 0.106129766 -0.945446491 0.00107866526 0 0.0530648828 -9.24148044e-05 -0 0.000791473314 0.188435778
0.760443926 5.375 -0.0300075412 0.0168210901 0.0964761376 -0.950538158 0.00104933977 0 0.0482380688 -8.6898217e-05 -0 0.000806750322 0.185299486
0.690751851 5.375 -0.0371483043 0.018207822 0.0927904248 -0.952474952 0.00101009011 0 0.0463952124 -8.20702699e-05 -0 0.000840759662 0.182150811
0.61636281 5.375 -0.0439641662 0.0191431083 0.0953119397 -0.951150417 0.000962644815 0 0.0476559699 -7.81077397e-05 -0 0.000908933522 0.178855166
0.539108634 5.375 -0.0500518233 0.0196047015 0.103791058 -0.946682692 0.000905692577 0 0.051895529 -7.29047897e-05 -0 0.00101478084 0.175311491
0.460891366 5.375 -0.0549848676 0.0195831098 0.120440483 -0.937847972 0.000839561224 0 0.0602202415 -6.39347782e-05 -0 0.00117756519 0.171363801
0.38363713 5.375 -0.0583324954 0.0190826375 0.147683978 -0.92320931 0.00076520443 0 0.073841989 -4.52011336e-05 -0 0.00140837487 0.166769072
0.30924812 5.375 -0.0596989468 0.0181218311 0.188270748 -0.900959909 0.000682264566 0 0.0941353738 -6.69214569e-06 -0 0.00170589227 0.161290869
0.239556059 5.375 -0.0587764904 0.0167328101 0.25213325 -0.864792705 0.000593066216 0 0.126066625 6.71074013e-05 0 0.00210838113 0.154688761
0.176276997 5.375 -0.0553972535 0.0149600226 0.347580135 -0.807724953 0.000497728586 0 0.173790067 0.000201127681 0 0.0025921124 0.146355033
0.120969057 5.375 -0.0495657399 0.0128595736 0.487208664 -0.716094375 0.00039690733 0 0.243604332 0.000428367377 0 0.00310322153 0.135993257
0.0749941245 5.375 -0.0414576828 0.0105026355 0.682839036 -0.563170373 0.000292703509 0 0.341419518 0.000783753523 0 0.00349910348 0.123052888
0.0394842401 5.375 -0.0313799232 0.0079918392 0.918963671 -0.284668744 0.000185102224 0 0.459481835 0.001260499 0 0.00344898482 0.107356064
0.0153137855 5.375 -0.0196983404 0.00552824233 0.903573632 0.310525894 7.55488873e-05 0 0.451786816 0.00139940344 0 0.00206872215 0.0887322426
0.00307791494 5.375 -0.00675168401 0.00371008134 -1.09862304 1.44866252 -4.09185886e-05 0 -0.549311519 -0.00185438897 -0 -0.000845367147 0.0664408132
0.00307791494 5.375 0.00675168401 0.00371008134 -4.91943598 2.43298912 -0.000164717436 0 -2.45971799 -0.00830361992 0 0.00378540182 0.0389128625
0.0153137855 5.375 0.0196983404 0.00552824233 -4.49627829 2.34441423 -0.000281291083 0 -2.24813914 -0.00696357992 0 0.0102941804 0.00970869977
0.0394842401 5.375 0.0313799232 0.0079918392 -2.9512198 1.98776746 -0.000392127782 0 -1.4756099 -0.00404804852 0 0.0110762939 -0.0203033499
0.0749941245 5.375 0.0414576828 0.0105026364 -2.14354277 1.77300382 -0.000500641763 0 -1.07177138 -0.00246033003 0 0.0109842559 -0.0515082255
0.120969057 5.375 0.0495657399 0.0128595736 -1.66917062 1.6337595 -0.000605970621 0 -0.834585309 -0.00146758114 0 0.0106315976 -0.0834329724
0.176276997 5.375 0.0553972535 0.0149600226 -1.34560847 1.53153777 -0.000706896186 0 -0.672804236 -0.000778638001 0 0.0100350045 -0.115446106
0.239556059 5.375 0.0587764904 0.0167328101 -1.10074425 1.44939423 -0.00080254674 0 -0.550372124 -0.000292972429 0 0.00920461118 -0.146584436
0.30924812 5.375 0.0596989468 0.0181218311 -0.904198527 1.37992668 -0.000892162323 0 -0.452099264 3.2140033e-05 0 0.00819280371 -0.176175833
0.38363713 5.375 0.0583324954 0.0190826375 -0.739508867 1.31890404 -0.000973284245 0 -0.369754434 0.000226338976 0 0.00705225905 -0.20334062
0.460891366 5.375 0.0549848676 0.0195831098 -0.602515101 1.26590443 -0.00104609132 0 -0.301257551 0.000319839863 0 0.00589088351 -0.227641031
0.539108634 5.375 0.0500518233 0.0196047015 -0.484825969 1.21853387 -0.00110906363 0 -0.242412984 0.000340550905 0 0.00474021677 -0.248751551
0.61636281 5.375 0.0439641662 0.0191431083 -0.381367803 1.1753155 -0.00116145611 0 -0.190683901 0.00031252933 0 0.00363687892 -0.266441315
0.690751851 5.375 0.0371483043 0.018207822 -0.289033771 1.13535559 -0.00120431185 0 -0.144516885 0.00025564144 0 0.00261889002 -0.280664593
0.760443926 5.375 0.0300075412 0.0168210901 -0.203199983 1.09690404 -0.00123780966 0 -0.101599991 0.000183026772 0 0.00169919373 -0.291515648
0.823723018 5.375 0.0229215641 0.0150165278 -0.121285677 1.05890703 -0.00126105547 0 -0.0606428385 0.00010561214 0 0.000904500019 -0.299125582
0.879030943 5.375 0.0162547119 0.012837844 -0.0395724773 1.01959348 -0.00127875805 0 -0.0197862387 3.14973804e-05 0 0.000252052268 -0.303837657
0.925005853 5.375 0.0103608835 0.0103378817 0.0456262231 0.976919711 -0.00128936768 0 0.0228131115 -3.09124771e-05 -0 -0.00023380456 -0.306003332
0.960515738 5.375 0.00557609182 0.00757759437 0.138182044 0.928340614 -0.0012973547 0 0.069091022 -7.16726063e-05 -0 -0.000518614601 -0.306193799
0.984686196 5.375 0.00219627423 0.00462524034 0.248854458 0.866685569 -0.0013012886 0 0.124427229 -8.119423e-05 -0 -0.000569749449 -0.305144399
0.996922076 5.375 0.000445593178 0.00155500555 0.319878876 0.824693501 -0.00130498409 0 0.159939438 -3.5633966e-05 -0 -0.000246140757 -0.303853661
0.996922076 5.625 -0.000445593178 0.00155500555 0.292069614 -0.841383815 0.00191456079 0 0.146034807 -3.25360597e-05 -0 0.000224742049 0.201846436
0.984686196 5.625 -0.00219627423 0.00462524034 0.250710309 -0.865613103 0.00191172957 0 0.125355154 -8.17997425e-05 -0 0.000573998375 0.20004189
0.960515738 5.625 -0.00557609182 0.00757759484 0.190683007 -0.899618447 0.00190570951 0 0.0953415036 -9.89039399e-05 -0 0.00071565737 0.197360858
0.925005853 5.625 -0.0103608835 0.0103378817 0.150372446 -0.921750486 0.0018901825 0 0.0751862228 -0.000101879676 -0 0.000770560408 0.19432354
0.879030943 5.625 -0.0162547119 0.012837844 0.1231094 -0.936422527 0.00186574459 0 0.0615547001 -9.79878896e-05 -0 0.000784130942 0.191186085
0.823723018 5.625 -0.0229215641 0.0150165278 0.105843902 -0.945596516 0.00182920694 0 0.0529219508 -9.21658793e-05 -0 0.0007893414 0.188074172
0.760443926 5.625 -0.0300075412 0.0168210901 0.0961459875 -0.950710714 0.00177896023 0 0.0480729938 -8.66008413e-05 -0 0.000803989533 0.184947923
0.690751851 5.625 -0.0371483043 0.018207822 0.0924058557 -0.952675819 0.00171351433 0 0.0462029278 -8.17301261e-05 -0 0.00083727506 0.18181248
0.61636281 5.625 -0.0439641662 0.0191431083 0.0948723555 -0.951380551 0.00163239241 0 0.0474361777 -7.77474997e-05 -0 0.000904741464 0.178532794
0.539108634 5.625 -0.0500518233 0.0196047015 0.103289843 -0.946946561 0.00153592229 0 0.0516449213 -7.25527279e-05 -0 0.00100988033 0.175008282
0.460891366 5.625 -0.0549848676 0.0195831098 0.119871557 -0.938150525 0.00142428279 0 0.0599357784 -6.36327677e-05 -0 0.00117200275 0.171082586
0.38363713 5.625 -0.0583324954 0.0190826375 0.147036433 -0.923559368 0.00129750371 0 0.0735182166 -4.50029438e-05 -0 0.00140219962 0.166512921
0.30924812 5.625 -0.0596989468 0.0181218311 0.187547386 -0.90136081 0.00115692616 0 0.0937736928 -6.66643336e-06 -0 0.00169933809 0.161062613
0.239556059 5.625 -0.0587764904 0.0167328101 0.25132513 -0.865259409 0.0010060966 0 0.125662565 6.68923094e-05 0 0.00210162345 0.154490143
0.176276997 5.625 -0.0553972535 0.0149600226 0.346679151 -0.808282197 0.000844448805 0 0.173339576 0.000200606315 0 0.00258539291 0.146188378
0.120969057 5.625 -0.0495657399 0.0128595736 0.486230552 -0.716776788 0.00067448616 0 0.243115276 0.000427507388 0 0.00309699168 0.135860175
0.0749941245 5.625 -0.0414576828 0.0105026355 0.681851089 -0.564046681 0.000497192144 0 0.340925545 0.00078261958 0 0.00349404081 0.122954749
0.0394842401 5.625 -0.0313799232 0.0079918392 0.918276012 -0.28587389 0.000315055251 0 0.459138006 0.00125955581 0 0.00344640389 0.107294001
0.0153137855 5.625 -0.0196983404 0.00552824233 0.904723406 0.30866909 0.000128671527 0 0.452361703 0.00140118413 0 0.00207135454 0.0887069777
0.00307791494 5.625 -0.00675168401 0.00371008134 -1.09081626 1.44596553 -6.73383474e-05 0 -0.54540813 -0.00184121181 -0 -0.00083936 0.0664543733
0.00307791494 5.625 0.00675168401 0.00371008134 -4.90631866 2.43029189 -0.000278323889 0 -2.45315933 -0.00828147866 0 0.00377530814 0.0389681384
0.0153137855 5.625 0.0196983404 0.00552824233 -4.48754835 2.34255171 -0.000475093722 0 -2.24377418 -0.00695005944 0 0.0102741932 0.00980281178
0.0394842401 5.625 0.0313799232 0.0079918392 -2.94639778 1.98655415 -0.000663176179 0 -1.47319889 -0.00404143427 0 0.0110581964 -0.0201720763
0.0749941245 5.625 0.0414576828 0.0105026364 -2.14041853 1.77212238 -0.000846251845 0 -1.07020926 -0.00245674397 0 0.0109682456 -0.0513408333
0.120969057 5.625 0.0495657399 0.0128595736 -1.66691923 1.63307023 -0.00102521479 0 -0.833459616 -0.0014656015 0 0.0106172571 -0.0832301453
0.176276997 5.625 0.0553972535 0.0149600226 -1.34389782 1.53097892 -0.00119684637 0 -0.67194891 -0.00077764818 0 0.0100222472 -0.115209572
0.239556059 5.625 0.0587764904 0.0167328101 -1.09938312 1.44892418 -0.00135964155 0 -0.549691558 -0.000292610115 0 0.00919322856 -0.146315888
0.30924812 5.625 0.0596989468 0.0181218311 -0.903095961 1.37952662 -0.00151109695 0 -0.45154798 3.21008411e-05 0 0.00818281341 -0.175877228
0.38363713 5.625 0.0583324954 0.0190826375 -0.738610148 1.31856263 -0.00164982677 0 -0.369305074 0.000226063901 0 0.00704368856 -0.203014731
0.460891366 5.625 0.0549848676 0.0195831098 -0.601778984 1.26561284 -0.00177296996 0 -0.300889492 0.000319449115 0 0.00588368578 -0.227290779
0.539108634 5.625 0.0500518233 0.0196047015 -0.484225869 1.21828663 -0.00187981129 0 -0.242112935 0.000340129365 0 0.00473434897 -0.248380318
0.61636281 5.625 0.0439641662 0.0191431083 -0.380872011 1.17510343 -0.00196987391 0 -0.190436006 0.00031212304 0 0.00363215106 -0.266052485
0.690751851 5.625 0.0371483043 0.018207822 -0.288631558 1.13517725 -0.0020430088 0 -0.144315779 0.000255285733 0 0.00261524576 -0.28026101
0.760443926 5.625 0.0300075412 0.0168210901 -0.202891946 1.0967623 -0.00209861994 0 -0.101445973 0.000182749325 0 0.00169661792 -0.29110083
0.823723018 5.625 0.0229215641 0.0150165278 -0.121044278 1.05879164 -0.00213891268 0 -0.0605221391 0.000105401938 0 0.000902699772 -0.298702806
0.879030943 5.625 0.0162547119 0.012837844 -0.0393997431 1.01950729 -0.00216656923 0 -0.0196998715 3.13598939e-05 0 0.000250952056 -0.303408921
0.925005853 5.625 0.0103608835 0.0103378817 0.0457549095 0.976852238 -0.00218099356 0 0.0228774548 -3.09996649e-05 -0 -0.00023446398 -0.305571407
0.960515738 5.625 0.00557609182 0.00757759437 0.138257742 0.928298175 -0.00218832493 0 0.069128871 -7.17118673e-05 -0 -0.000518898712 -0.30575949
0.984686196 5.625 0.00219627423 0.00462524034 0.248954952 0.866625786 -0.002189219 0 0.124477476 -8.12270227e-05 -0 -0.000569979544 -0.304709464
0.996922076 5.625 0.000445593178 0.00155500555 0.320035338 0.824596822 -0.00218975544 0 0.160017669 -3.5651392e-05 -0 -0.00024626113 -0.303417772
0.996922076 5.875 -0.000445593178 0.00155500555 0.292072773 -0.841379642 0.00274276733 0 0.146036386 -3.25364126e-05 -0 0.000224744494 0.201270476
0.984686196 5.875 -0.00219627423 0.00462524034 0.250665903 -0.865636528 0.00274124742 0 0.125332952 -8.1785256e-05 -0 0.000573896745 0.19946605
0.960515738 5.875 -0.00557609182 0.00757759484 0.190536439 -0.899697781 0.00273227692 0 0.0952682197 -9.88279207e-05 -0 0.000715107308 0.196786255
0.925005853 5.875 -0.0103608835 0.0103378817 0.15012157 -0.921884537 0.00271269679 0 0.0750607848 -0.000101709702 -0 0.000769274891 0.193753287
0.879030943 5.875 -0.0162547119 0.012837844 0.122794807 -0.936588526 0.00267833471 0 0.0613974035 -9.77374948e-05 -0 0.000782127201 0.190622807
0.823723018 5.875 -0.0229215641 0.0150165278 0.105445087 -0.94580549 0.00262734294 0 0.0527225435 -9.18185979e-05 -0 0.000786367164 0.187521175
0.760443926 5.875 -0.0300075412 0.0168210901 0.095654726 -0.950967252 0.00255587697 0 0.047827363 -8.6158354e-05 -0 0.000799881585 0.184410006
0.690751851 5.875 -0.0371483043 0.018207822 0.0918254852 -0.95297873 0.0024625659 0 0.0459127426 -8.12168073e-05 -0 0.000832016463 0.181294054
0.61636281 5.875 -0.0439641662 0.0191431083 0.0941999555 -0.951732397 0.0023458004 0 0.0470999777 -7.71964769e-05 -0 0.000898329192 0.17803897
0.539108634 5.875 -0.0500518233 0.0196047015 0.102523506 -0.947349787 0.0022072196 0 0.0512617528 -7.2014438e-05 -0 0.00100238773 0.17454353
0.460891366 5.875 -0.0549848676 0.0195831098 0.118999004 -0.938614309 0.00204631686 0 0.0594995022 -6.31695802e-05 -0 0.00116347161 0.170651659
0.38363713 5.875 -0.0583324954 0.0190826375 0.146049082 -0.92409277 0.0018645525 0 0.0730245411 -4.47007478e-05 -0 0.00139278383 0.166120321
0.30924812 5.875 -0.0596989468 0.0181218311 0.186437428 -0.901975513 0.00166398287 0 0.093218714 -6.62697948e-06 -0 0.00168928085 0.160712406
0.239556059 5.875 -0.0587764904 0.0167328101 0.250083327 -0.865976095 0.00144609809 0 0.125041664 6.65617918e-05 0 0.00209123921 0.154185712
0.176276997 5.875 -0.0553972535 0.0149600226 0.345299244 -0.809134901 0.00121381879 0 0.172649622 0.000199807837 0 0.00257510226 0.145932809
0.120969057 5.875 -0.0495657399 0.0128595736 0.4847278 -0.717823982 0.000969588757 0 0.2423639 0.000426186103 0 0.00308742002 0.135656014
0.0749941245 5.875 -0.0414576828 0.0105026355 0.680337429 -0.565386653 0.0007160604 0 0.340168715 0.000780882197 0 0.00348628429 0.122804292
0.0394842401 5.875 -0.0313799232 0.0079918392 0.917218506 -0.287717342 0.000455066562 0 0.458609253 0.00125810527 0 0.00344243506 0.107198536
0.0153137855 5.875 -0.0196983404 0.00552824233 0.906465471 0.305834055 0.000187069178 0 0.453232735 0.00140388217 0 0.00207534293 0.0886679068
0.00307791494 5.875 -0.00675168401 0.00371008134 -1.07892132 1.44184649 -9.42796469e-05 0 -0.539460659 -0.00182113412 -0 -0.000830207078 0.0664744824
0.00307791494 5.875 0.00675168401 0.00371008134 -4.88627148 2.42616391 -0.000394679606 0 -2.44313574 -0.00824763998 0 0.00375988218 0.0390520245
0.0153137855 5.875 0.0196983404 0.00552824233 -4.47418213 2.33969688 -0.000678602606 0 -2.23709106 -0.00692935893 0 0.0102435919 0.00994624663
0.0394842401 5.875 0.0313799232 0.0079918392 -2.93901587 1.9846952 -0.000948052853 0 -1.46950793 -0.00403130893 0 0.0110304914 -0.0199717619
0.0749941245 5.875 0.0414576828 0.0105026364 -2.13563728 1.7707727 -0.00121151656 0 -1.06781864 -0.00245125615 0 0.0109437453 -0.0510850996
0.120969057 5.875 0.0495657399 0.0128595736 -1.66346955 1.63201332 -0.00146849453 0 -0.831734776 -0.00146256853 0 0.0105952853 -0.082920365
0.176276997 5.875 0.0553972535 0.0149600226 -1.34125662 1.5301156 -0.00171542168 0 -0.670628309 -0.000776119821 0 0.0100025497 -0.114847682
0.239556059 5.875 0.0587764904 0.0167328101 -1.09729886 1.44820404 -0.00194996595 0 -0.54864943 -0.000292055396 0 0.00917580072 -0.145904616
0.30924812 5.875 0.0596989468 0.0181218311 -0.90141046 1.37891471 -0.00216829777 0 -0.45070523 3.20409308e-05 0 0.00816754159 -0.175420284
0.38363713 5.875 0.0583324954 0.0190826375 -0.737231016 1.31803846 -0.00236859918 0 -0.368615508 0.000225641794 0 0.00703053642 -0.202515706
0.460891366 5.875 0.0549848676 0.0195831098 -0.600649118 1.26516509 -0.00254634023 0 -0.300324559 0.000318849343 0 0.00587263936 -0.226754546
0.539108634 5.875 0.0500518233 0.0196047015 -0.483294725 1.2179029 -0.00270056725 0 -0.241647363 0.000339475286 0 0.00472524529 -0.247811645
0.61636281 5.875 0.0439641662 0.0191431083 -0.380118251 1.17478096 -0.00283080339 0 -0.190059125 0.000311505341 0 0.00362496264 -0.265456378
0.690751851 5.875 0.0371483043 0.018207822 -0.288037896 1.1349138 -0.00293540955 0 -0.144018948 0.000254760642 0 0.00260986667 -0.279643089
0.760443926 5.875 0.0300075412 0.0168210901 -0.202429652 1.09654939 -0.00301605463 0 -0.101214826 0.000182332922 0 0.00169275212 -0.290466338
0.823723018 5.875 0.0229215641 0.0150165278 -0.120700598 1.05862701 -0.00307410955 0 -0.0603502989 0.00010510267 0 0.000900136714 -0.298056126
0.879030943 5.875 0.0162547119 0.012837844 -0.039177537 1.01939583 -0.00311118364 0 -0.0195887685 3.11830299e-05 0 0.000249536737 -0.302754372
0.925005853 5.875 0.0103608835 0.0103378817 0.0458632708 0.976794183 -0.00313222408 0 0.0229316354 -3.10730829e-05 -0 -0.000235019266 -0.304912835
0.960515738 5.875 0.00557609182 0.00757759437 0.138271034 0.928288281 -0.0031401515 0 0.0691355169 -7.17187577e-05 -0 -0.000518948596 -0.305099636
0.984686196 5.875 0.00219627423 0.00462524034 0.248881876 0.866665006 -0.00314128399 0 0.124440938 -8.12031722e-05 -0 -0.000569812197 -0.30404979
0.996922076 5.875 0.000445593178 0.00155500555 0.319912195 0.824668407 -0.00313931704 0 0.159956098 -3.56376768e-05 -0 -0.000246166397 -0.302758783
0.996922076 6.125 -0.000445593178 0.00155500555 0.292025685 -0.84140414 0.0036636591 0 0.146012843 -3.25311667e-05 -0 0.000224708259 0.200475052
0.984686196 6.125 -0.00219627423 0.00462524034 0.250522971 -0.865715683 0.00365898013 0 0.125261486 -8.17386172e-05 -0 0.000573569501 0.198671266
0.960515738 6.125 -0.00557609182 0.00757759484 0.190277398 -0.899838507 0.00364416838 0 0.0951386988 -9.86935556e-05 -0 0.000714135065 0.19599472
0.925005853 6.125 -0.0103608835 0.0103378817 0.149780869 -0.922066152 0.00361743569 0 0.0748904347 -0.000101478872 -0 0.000767529011 0.192967191
0.879030943 6.125 -0.0162547119 0.012837844 0.122331679 -0.936832726 0.00357079506 0 0.0611658394 -9.7368873e-05 -0 0.000779177353 0.189846918
0.823723018 6.125 -0.0229215641 0.0150165278 0.10487777 -0.9461025 0.0035007894 0 0.052438885 -9.1324604e-05 -0 0.000782136398 0.1867605
0.760443926 6.125 -0.0300075412 0.0168210901 0.0949752331 -0.951321781 0.00340518355 0 0.0474876165 -8.55463149e-05 -0 0.00079419947 0.183669984
0.690751851 6.125 -0.0371483043 0.018207822 0.0910220742 -0.953397691 0.0032800734 0 0.0455110371 -8.05062155e-05 -0 0.000824736839 0.180581197
0.61636281 6.125 -0.0439641662 0.0191431083 0.0932722688 -0.9522174 0.00312498212 0 0.0466361344 -7.64362412e-05 -0 0.000889482442 0.177359894
0.539108634 6.125 -0.0500518233 0.0196047015 0.101464629 -0.947906494 0.00293964148 0 0.0507323146 -7.12706606e-05 -0 0.000992034911 0.173904672
0.460891366 6.125 -0.0549848676 0.0195831098 0.117798448 -0.9392519 0.00272554159 0 0.0588992238 -6.25322791e-05 -0 0.00115173368 0.170059428
0.38363713 6.125 -0.0583324954 0.0190826375 0.144696951 -0.924822628 0.00248321891 0 0.0723484755 -4.42869059e-05 -0 0.00137988932 0.165580645
0.30924812 6.125 -0.0596989468 0.0181218311 0.184911489 -0.902819812 0.00221630931 0 0.0924557447 -6.57273949e-06 -0 0.00167545455 0.160230622
0.239556059 6.125 -0.0587764904 0.0167328101 0.248370171 -0.866963744 0.00192642212 0 0.124185085 6.61058293e-05 0 0.00207691384 0.153767094
0.176276997 6.125 -0.0553972535 0.0149600226 0.343397856 -0.810308278 0.00161775947 0 0.171698928 0.000198707596 0 0.00256092241 0.145581469
0.120969057 6.125 -0.0495657399 0.0128595736 0.482670605 -0.719254971 0.00129285455 0 0.241335303 0.000424377358 0 0.00307431701 0.135375381
0.0749941245 6.125 -0.0414576828 0.0105026355 0.678260565 -0.567219973 0.000956445932 0 0.339130282 0.000778498419 0 0.0034756416 0.122596718
0.0394842401 6.125 -0.0313799232 0.0079918392 0.915753245 -0.290252268 0.000609964132 0 0.457876623 0.00125609536 0 0.0034369356 0.107066467
0.0153137855 6.125 -0.0196983404 0.00552824233 0.908837557 0.301931024 0.000254109502 0 0.454418778 0.001407556 0 0.00208077393 0.0886134431
0.00307791494 6.125 -0.00675168401 0.00371008134 -1.06276679 1.43623352 -0.000120222569 0 -0.531383395 -0.0017938664 -0 -0.000817776483 0.0665015131
0.00307791494 6.125 0.00675168401 0.00371008134 -4.8589592 2.42052865 -0.000519171357 0 -2.4294796 -0.00820153952 0 0.00373886619 0.0391654782
0.0153137855 6.125 0.0196983404 0.00552824233 -4.45577192 2.33575916 -0.000895524397 0 -2.22788596 -0.00690084603 0 0.0102014421 0.0101421131
0.0394842401 6.125 0.0313799232 0.0079918392 -2.92890358 1.98214579 -0.00125414133 0 -1.46445179 -0.00401743827 0 0.0109925391 -0.0196980499
0.0749941245 6.125 0.0414576828 0.0105026364 -2.12905931 1.76891398 -0.00160507113 0 -1.06452966 -0.00244370615 0 0.0109100379 -0.050735075
0.120969057 6.125 0.0495657399 0.0128595736 -1.65873265 1.63056087 -0.00194710493 0 -0.829366326 -0.00145840377 0 0.0105651142 -0.082495898
0.176276997 6.125 0.0553972535 0.0149600226 -1.33763719 1.52893162 -0.00227643549 0 -0.668818593 -0.000774025451 0 0.00997555815 -0.114351861
0.239556059 6.125 0.0587764904 0.0167328101 -1.09442067 1.447209 -0.00258916616 0 -0.547210336 -0.000291289354 0 0.00915173255 -0.145340905
0.30924812 6.125 0.0596989468 0.0181218311 -0.8990767 1.3780669 -0.00288140774 0 -0.44953835 3.19579776e-05 0 0.00814639591 -0.174793079
0.38363713 6.125 0.0583324954 0.0190826375 -0.73532331 1.31731296 -0.00314849615 0 -0.367661655 0.000225057927 0 0.00701234397 -0.201830432
0.460891366 6.125 0.0549848676 0.0195831098 -0.599087238 1.26454568 -0.00338745117 0 -0.299543619 0.000318020233 0 0.00585736893 -0.226017609
0.539108634 6.125 0.0500518233 0.0196047015 -0.482014537 1.21737492 -0.00359532237 0 -0.241007268 0.000338576094 0 0.00471272878 -0.247030035
0.61636281 6.125 0.0439641662 0.0191431083 -0.379075766 1.17433453 -0.0037702322 0 -0.189537883 0.000310651027 0 0.00361502124 -0.264637083
0.690751851 6.125 0.0371483043 0.018207822 -0.28719914 1.13454127 -0.00391107798 0 -0.14359957 0.000254018785 0 0.00260226685 -0.278793305
0.760443926 6.125 0.0300075412 0.0168210901 -0.201778889 1.09624934 -0.00401967764 0 -0.100889444 0.000181746771 0 0.0016873104 -0.289592803
0.823723018 6.125 0.0229215641 0.0150165278 -0.120230436 1.05840147 -0.00409859419 0 -0.0601152182 0.000104693267 0 0.000896630401 -0.297165751
0.879030943 6.125 0.0162547119 0.012837844 -0.0388516188 1.01923227 -0.00414907932 0 -0.0194258094 3.09236202e-05 0 0.000247460848 -0.301853329
0.925005853 6.125 0.0103608835 0.0103378817 0.0460574627 0.976690888 -0.00417929888 0 0.0230287313 -3.12046504e-05 -0 -0.00023601437 -0.304005295
0.960515738 6.125 0.00557609182 0.00757759437 0.138353705 0.928239584 -0.0041924715 0 0.0691768527 -7.17616422e-05 -0 -0.000519258901 -0.304189414
0.984686196 6.125 0.00219627423 0.00462524034 0.248864114 0.866670787 -0.00419688225 0 0.124432057 -8.11973805e-05 -0 -0.000569771568 -0.303138822
0.996922076 6.125 0.000445593178 0.00155500555 0.319834292 0.824710906 -0.00419729948 0 0.159917146 -3.56290002e-05 -0 -0.000246106472 -0.301848114
0.996922076 6.375 -0.000445593178 0.00155500555 0.291804314 -0.841530561 0.00468894839 0 0.145902157 -3.25065048e-05 -0 0.000224537915 0.199438646
0.984686196 6.375 -0.00219627423 0.00462524034 0.250257313 -0.865864158 0.00468102098 0 0.125128657 -8.16519387e-05 -0 0.000572961231 0.19763656
0.960515738 6.375 -0.00557609182 0.00757759484 0.189925313 -0.900029421 0.00466239452 0 0.0949626565 -9.85109364e-05 -0 0.000712813693 0.19496417
0.925005853 6.375 -0.0103608835 0.0103378817 0.14931494 -0.922314286 0.00462585688 0 0.07465747 -0.000101163205 -0 0.000765141449 0.191944569
0.879030943 6.375 -0.0162547119 0.012837844 0.121731818 -0.937148511 0.0045658052 0 0.0608659089 -9.68914173e-05 -0 0.000775356602 0.188837409
0.823723018 6.375 -0.0229215641 0.0150165278 0.104134858 -0.946490943 0.00447559357 0 0.0520674288 -9.06776913e-05 -0 0.000776596076 0.18577078
0.760443926 6.375 -0.0300075412 0.0168210901 0.0940850377 -0.951785684 0.00435173512 0 0.0470425189 -8.47444971e-05 -0 0.000786755525 0.182707414
0.690751851 6.375 -0.0371483043 0.018207822 0.0899772048 -0.953941941 0.0041923821 0 0.0449886024 -7.95820597e-05 -0 0.000815269479 0.179654017
0.61636281 6.375 -0.0439641662 0.0191431083 0.0920649171 -0.952847898 0.00399377942 0 0.0460324585 -7.54468201e-05 -0 0.000877968618 0.176476479
0.539108634 6.375 -0.0500518233 0.0196047015 0.100086689 -0.948630154 0.00375699997 0 0.0500433445 -7.03027763e-05 -0 0.000978562748 0.173073709
0.460891366 6.375 -0.0549848676 0.0195831098 0.116234779 -0.940081418 0.00348290801 0 0.0581173897 -6.1702216e-05 -0 0.00113644544 0.169288889
0.38363713 6.375 -0.0583324954 0.0190826375 0.142930031 -0.92577529 0.0031734705 0 0.0714650154 -4.37461131e-05 -0 0.00136303925 0.164878711
0.30924812 6.375 -0.0596989468 0.0181218311 0.182926297 -0.903916836 0.00283169746 0 0.0914631486 -6.50217498e-06 -0 0.00165746699 0.159604251
0.239556059 6.375 -0.0587764904 0.0167328101 0.246149719 -0.868242025 0.00246235728 0 0.123074859 6.55148324e-05 0 0.00205834582 0.153222501
0.176276997 6.375 -0.0553972535 0.0149600226 0.340929449 -0.811828971 0.00206896663 0 0.170464724 0.000197279252 0 0.00254251412 0.145123929
0.120969057 6.375 -0.0495657399 0.0128595736 0.479989231 -0.721115828 0.00165575743 0 0.239994615 0.000422019832 0 0.00305723818 0.135009587
0.0749941245 6.375 -0.0414576828 0.0105026355 0.675556064 -0.569598496 0.00122615695 0 0.337778032 0.000775394205 0 0.00346178282 0.122326069
0.0394842401 6.375 -0.0313799232 0.0079918392 0.913839102 -0.293530703 0.000784963369 0 0.456919551 0.00125346985 0 0.00342975161 0.106893554
0.0153137855 6.375 -0.0196983404 0.00552824233 0.911865413 0.296874523 0.000332579017 0 0.455932707 0.00141224533 0 0.002087706 0.0885408521
0.00307791494 6.375 -0.00675168401 0.00371008134 -1.04179382 1.42891347 -0.000143259764 0 -0.520896912 -0.00175846578 -0 -0.000801638293 0.0665345937
0.00307791494 6.375 0.00675168401 0.00371008134 -4.82356548 2.41320634 -0.000652968884 0 -2.41178274 -0.00814179797 0 0.00371163129 0.0393116102
0.0153137855 6.375 0.0196983404 0.00552824233 -4.43208361 2.33068275 -0.00113086589 0 -2.2160418 -0.00686415937 0 0.0101472083 0.0103940088
0.0394842401 6.375 0.0313799232 0.0079918392 -2.91575789 1.97882676 -0.00158828124 0 -1.45787895 -0.00399940694 0 0.0109432014 -0.0193446912
0.0749941245 6.375 0.0414576828 0.0105026364 -2.12052798 1.76650047 -0.00203707814 0 -1.06026399 -0.00243391399 0 0.0108663198 -0.050282564
0.120969057 6.375 0.0495657399 0.0128595736 -1.65257454 1.62867069 -0.0024741292 0 -0.82628727 -0.00145298941 0 0.0105258906 -0.0819468126
0.176276997 6.375 0.0553972535 0.0149600226 -1.33291483 1.52738547 -0.00289605558 0 -0.666457415 -0.000771292835 0 0.00994034018 -0.113709465
0.239556059 6.375 0.0587764904 0.0167328101 -1.09067583 1.4459132 -0.00329643488 0 -0.545337915 -0.000290292635 0 0.00912041776 -0.144610032
0.30924812 6.375 0.0596989468 0.0181218311 -0.896043539 1.37696409 -0.00367113948 0 -0.44802177 3.18501625e-05 0 0.00811891258 -0.17397958
0.38363713 6.375 0.0583324954 0.0190826375 -0.732835412 1.31636596 -0.00401434302 0 -0.366417706 0.000224296455 0 0.00698861806 -0.200941458
0.460891366 6.375 0.0549848676 0.0195831098 -0.597028732 1.26372862 -0.00432193279 0 -0.298514366 0.000316927471 0 0.00583724212 -0.225060821
0.539108634 6.375 0.0500518233 0.0196047015 -0.480321527 1.216676 -0.00459074974 0 -0.240160763 0.000337386853 0 0.00469617592 -0.246013984
0.61636281 6.375 0.0439641662 0.0191431083 -0.377705455 1.17374706 -0.00481665134 0 -0.188852727 0.000309528055 0 0.00360195339 -0.263571262
0.690751851 6.375 0.0371483043 0.018207822 -0.286111712 1.13405764 -0.00499969721 0 -0.143055856 0.000253056991 0 0.00259241369 -0.27768755
0.760443926 6.375 0.0300075412 0.0168210901 -0.200926185 1.09585571 -0.00514030457 0 -0.100463092 0.000180978721 0 0.00168017996 -0.2884565
0.823723018 6.375 0.0229215641 0.0150165278 -0.119595051 1.05809617 -0.00524246693 0 -0.0597975254 0.000104139988 0 0.000891891948 -0.296006829
0.879030943 6.375 0.0162547119 0.012837844 -0.0384138823 1.01901209 -0.00531071424 0 -0.0192069411 3.05752073e-05 0 0.00024467273 -0.300679833
0.925005853 6.375 0.0103608835 0.0103378817 0.0463246703 0.976548374 -0.00535058975 0 0.0231623352 -3.13856872e-05 -0 -0.000237383632 -0.302823186
0.960515738 6.375 0.00557609182 0.00757759437 0.138490021 0.928160071 -0.00536894798 0 0.0692450106 -7.18323499e-05 -0 -0.000519770547 -0.303003401
0.984686196 6.375 0.00219627423 0.00462524034 0.248934865 0.866623461 -0.00537627935 0 0.124467432 -8.12204671e-05 -0 -0.00056993356 -0.301951349
0.996922076 6.375 0.000445593178 0.00155500555 0.319879711 0.824676514 -0.00537770987 0 0.159939855 -3.5634057e-05 -0 -0.000246141397 -0.300660133
0.996922076 6.625 -0.000445593178 0.00155500555 0.291499555 -0.841704369 0.00584879518 0 0.145749778 -3.24725552e-05 -0 0.000224303411 0.198130578
0.984686196 6.625 -0.00219627423 0.00462524034 0.249911547 -0.8660568 0.00584122539 0 0.124955773 -8.15391322e-05 -0 0.000572169665 0.196330756
0.960515738 6.625 -0.00557609182 0.00757759484 0.189476371 -0.900272071 0.00581803918 0 0.0947381854 -9.82780766e-05 -0 0.000711128756 0.193663523
0.925005853 6.625 -0.0103608835 0.0103378817 0.148709238 -0.922636151 0.00577187538 0 0.0743546188 -0.000100752826 -0 0.000762037584 0.190654263
0.879030943 6.625 -0.0162547119 0.012837844 0.120959938 -0.937554061 0.00569623709 0 0.0604799688 -9.62770428e-05 -0 0.000770440209 0.187564015
0.823723018 6.625 -0.0229215641 0.0150165278 0.103182137 -0.946988225 0.00558418036 0 0.0515910685 -8.98480866e-05 -0 0.000769491016 0.184522703
0.760443926 6.625 -0.0300075412 0.0168210901 0.092956543 -0.952372789 0.00542974472 0 0.0464782715 -8.37280386e-05 -0 0.000777318899 0.181494117
0.690751851 6.625 -0.0371483043 0.018207822 0.088658154 -0.954627931 0.0052305758 0 0.044329077 -7.84154036e-05 -0 0.000803317758 0.178485006
0.61636281 6.625 -0.0439641662 0.0191431083 0.0905380845 -0.953644097 0.00498279929 0 0.0452690423 -7.41955882e-05 -0 0.000863408088 0.175363004
0.539108634 6.625 -0.0500518233 0.0196047015 0.0983440876 -0.949544072 0.00468760729 0 0.0491720438 -6.90787419e-05 -0 0.000961525016 0.172026172
0.460891366 6.625 -0.0549848676 0.0195831098 0.114260077 -0.941127539 0.00434523821 0 0.0571300387 -6.06539652e-05 -0 0.00111713842 0.168317974
0.38363713 6.625 -0.0583324954 0.0190826375 0.140702963 -0.926974297 0.00396007299 0 0.0703514814 -4.30644795e-05 -0 0.00134180102 0.16399391
0.30924812 6.625 -0.0596989468 0.0181218311 0.18042165 -0.905298769 0.00353473425 0 0.0902108252 -6.41314682e-06 -0 0.00163477287 0.158814773
0.239556059 6.625 -0.0587764904 0.0167328101 0.243349135 -0.869851351 0.00307416916 0 0.121674567 6.47694396e-05 0 0.00203492702 0.152535915
0.176276997 6.625 -0.0553972535 0.0149600226 0.337824404 -0.813737631 0.00258418918 0 0.168912202 0.000195482513 0 0.00251935795 0.144546986
0.120969057 6.625 -0.0495657399 0.0128595736 0.476613402 -0.723451674 0.00207009912 0 0.238306701 0.000419051707 0 0.00303573627 0.134547502
0.0749941245 6.625 -0.0414576828 0.0105026355 0.672139406 -0.57258904 0.00153690577 0 0.336069703 0.000771472638 0 0.00344427489 0.12198364
0.0394842401 6.625 -0.0313799232 0.0079918392 0.911405444 -0.297646701 0.000989168882 0 0.455702722 0.00125013175 0 0.0034206179 0.106673986
0.0153137855 6.625 -0.0196983404 0.00552824233 0.915585399 0.290541649 0.000426664948 0 0.457792699 0.00141800661 0 0.00209622295 0.0884471536
0.00307791494 6.625 -0.00675168401 0.00371008134 -1.01565886 1.41973901 -0.000163838267 0 -0.507829428 -0.00171435205 -0 -0.000781527953 0.066573143
0.00307791494 6.625 0.00675168401 0.00371008134 -4.77926159 2.40400934 -0.000795684755 0 -2.38963079 -0.00806701649 0 0.00367754046 0.0394919626
0.0153137855 6.625 0.0196983404 0.00552824233 -4.40236282 2.3242979 -0.00139194354 0 -2.20118141 -0.00681812968 0 0.0100791622 0.010707546
0.0394842401 6.625 0.0313799232 0.0079918392 -2.89926219 1.97465396 -0.00196101516 0 -1.44963109 -0.00397678092 0 0.0108812908 -0.0189039093
0.0749941245 6.625 0.0414576828 0.0105026364 -2.10977054 1.76345229 -0.00251985341 0 -1.05488527 -0.00242156675 0 0.0108111948 -0.049716536
0.120969057 6.625 0.0495657399 0.0128595736 -1.64481235 1.62628508 -0.00306500494 0 -0.822406173 -0.00144616468 0 0.0104764504 -0.0812588334
0.176276997 6.625 0.0553972535 0.0149600226 -1.3269639 1.52543473 -0.00359219313 0 -0.663481951 -0.000767849328 0 0.0098959608 -0.112903833
0.239556059 6.625 0.0587764904 0.0167328101 -1.08594465 1.44427419 -0.00409415364 0 -0.542972326 -0.000289033371 0 0.00908085424 -0.143692687
0.30924812 6.625 0.0596989468 0.0181218311 -0.892195463 1.37556338 -0.00456422567 0 -0.446097732 3.17133818e-05 0 0.00808404665 -0.17295751
0.38363713 6.625 0.0583324954 0.0190826375 -0.729676843 1.3151623 -0.00499692559 0 -0.364838421 0.000223329727 0 0.00695849722 -0.19982326
0.460891366 6.625 0.0549848676 0.0195831098 -0.594422102 1.26269281 -0.00538378954 0 -0.297211051 0.000315543788 0 0.00581175694 -0.223856643
0.539108634 6.625 0.0500518233 0.0196047015 -0.478176475 1.21578932 -0.00572144985 0 -0.239088237 0.000335880148 0 0.00467520347 -0.24473466
0.61636281 6.625 0.0439641662 0.0191431083 -0.375953913 1.17299521 -0.00600701571 0 -0.187976956 0.000308092684 0 0.00358524988 -0.262228757
0.690751851 6.625 0.0371483043 0.018207822 -0.284703493 1.13343048 -0.00623869896 0 -0.142351747 0.000251811463 0 0.0025796541 -0.276293457
0.760443926 6.625 0.0300075412 0.0168210901 -0.199835777 1.09535134 -0.00641828775 0 -0.0999178886 0.000179996568 0 0.00167106173 -0.28702265
0.823723018 6.625 0.0229215641 0.0150165278 -0.118772984 1.0577004 -0.00654685497 0 -0.0593864918 0.000103424158 0 0.000885761343 -0.294544518
0.879030943 6.625 0.0162547119 0.012837844 -0.0378329754 1.01871932 -0.00663393736 0 -0.0189164877 3.01128384e-05 0 0.000240972717 -0.299197972
0.925005853 6.625 0.0103608835 0.0103378817 0.0466787219 0.976358831 -0.00668537617 0 0.023339361 -3.1625561e-05 -0 -0.000239197921 -0.30133
0.960515738 6.625 0.00557609182 0.00757759437 0.138684869 0.928046405 -0.00670987368 0 0.0693424344 -7.19334057e-05 -0 -0.000520501751 -0.30150494
0.984686196 6.625 0.00219627423 0.00462524034 0.248990774 0.866581857 -0.00671851635 0 0.124495387 -8.12387079e-05 -0 -0.000570061558 -0.300450683
0.996922076 6.625 0.000445593178 0.00155500555 0.319852531 0.824683189 -0.00671857595 0 0.159926265 -3.56310302e-05 -0 -0.0002461205 -0.299159259
0.996922076 6.875 -0.000445593178 0.00155500555 0.291354835 -0.841779947 0.00718912482 0 0.145677418 -3.24564353e-05 -0 0.000224192045 0.196514249
0.984686196 6.875 -0.00219627423 0.00462524034 0.24959898 -0.86622715 0.0071823895 0 0.12479949 -8.14371451e-05 -0 0.000571454002 0.194715947
0.960515738 6.875 -0.00557609182 0.00757759484 0.188917041 -0.900573015 0.00715374947 0 0.0944585204 -9.79879624e-05 -0 0.000709029497 0.192055151
0.925005853 6.875 -0.0103608835 0.0103378817 0.147958994 -0.923033357 0.00709950924 0 0.073979497 -0.000100244521 -0 0.000758193026 0.189058632
0.879030943 6.875 -0.0162547119 0.012837844 0.120011926 -0.938050628 0.00700739026 0 0.0600059628 -9.55224823e-05 -0 0.000764401979 0.18598929
0.823723018 6.875 -0.0229215641 0.0150165278 0.102019787 -0.947593272 0.00687152147 0 0.0510098934 -8.883595e-05 -0 0.000760822732 0.18297869
0.760443926 6.875 -0.0300075412 0.0168210901 0.0915600061 -0.953097761 0.00668305159 0 0.0457800031 -8.24701492e-05 -0 0.000765640754 0.179992542
0.690751851 6.875 -0.0371483043 0.018207822 0.0870202184 -0.955478072 0.00643715262 0 0.0435101092 -7.69666949e-05 -0 0.000788476667 0.177038729
0.61636281 6.875 -0.0439641662 0.0191431083 0.0886492729 -0.954627216 0.00613340735 0 0.0443246365 -7.26477083e-05 -0 0.000845395611 0.173985079
0.539108634 6.875 -0.0500518233 0.0196047015 0.0961860418 -0.950673819 0.00576943159 0 0.0480930209 -6.75628835e-05 -0 0.000940425438 0.170729905
0.460891366 6.875 -0.0549848676 0.0195831098 0.111816287 -0.942419827 0.00534820557 0 0.0559081435 -5.9356702e-05 -0 0.00109324523 0.167116269
0.38363713 6.875 -0.0583324954 0.0190826375 0.137950778 -0.928453267 0.00487440825 0 0.068975389 -4.22221274e-05 -0 0.00131555507 0.162898675
0.30924812 6.875 -0.0596989468 0.0181218311 0.177322388 -0.90700531 0.00435215235 0 0.0886611938 -6.30298246e-06 -0 0.00160669093 0.157836884
0.239556059 6.875 -0.0587764904 0.0167328101 0.239879847 -0.871840477 0.00378683209 0 0.119939923 6.38460551e-05 0 0.00200591609 0.151685417
0.176276997 6.875 -0.0553972535 0.0149600226 0.33397454 -0.816097617 0.00318545103 0 0.16698727 0.000193254789 0 0.00249064714 0.143831834
0.120969057 6.875 -0.0495657399 0.0128595736 0.472438812 -0.726329565 0.00255537033 0 0.236219406 0.000415381306 0 0.00300914678 0.133974537
0.0749941245 6.875 -0.0414576828 0.0105026355 0.667916834 -0.576263428 0.00190292299 0 0.333958417 0.000766626035 0 0.00342263677 0.121557616
0.0394842401 6.875 -0.0313799232 0.0079918392 0.908358991 -0.302720129 0.00123168528 0 0.454179496 0.00124595303 0 0.00340918382 0.10639897
0.0153137855 6.875 -0.0196983404 0.00552824233 0.920062065 0.282732487 0.000543832779 0 0.460031033 0.00142493984 0 0.00210647215 0.0883275196
0.00307791494 6.875 -0.00675168401 0.00371008134 -0.983756661 1.40845895 -0.000179842114 0 -0.491878331 -0.00166050368 -0 -0.00075697992 0.0666165128
0.00307791494 6.875 0.00675168401 0.00371008134 -4.72492838 2.39268208 -0.000952988863 0 -2.36246419 -0.00797530636 0 0.00363573246 0.0397094525
0.0153137855 6.875 0.0196983404 0.00552824233 -4.36568785 2.31639481 -0.001683807 0 -2.18284392 -0.00676132925 0 0.00999519508 0.0110899806
0.0394842401 6.875 0.0313799232 0.0079918392 -2.87894845 1.96950316 -0.00238258764 0 -1.43947423 -0.00394891715 0 0.0108050508 -0.0183641836
0.0749941245 6.875 0.0414576828 0.0105026364 -2.09653592 1.75969505 -0.00306858867 0 -1.04826796 -0.00240637618 0 0.0107433768 -0.0490226373
0.120969057 6.875 0.0495657399 0.0128595736 -1.63522553 1.62333345 -0.0037394166 0 -0.817612767 -0.00143773563 0 0.0104153873 -0.0804143101
0.176276997 6.875 0.0553972535 0.0149600226 -1.31957817 1.52300978 -0.00438958406 0 -0.659789085 -0.000763575546 0 0.00984088052 -0.111913368
0.239556059 6.875 0.0587764904 0.0167328101 -1.08006072 1.44223285 -0.0050112009 0 -0.54003036 -0.000287467294 0 0.00903165154 -0.142562956
0.30924812 6.875 0.0596989468 0.0181218311 -0.887403131 1.37381649 -0.00559416413 0 -0.443701565 3.1543037e-05 0 0.00804062374 -0.171697468
0.38363713 6.875 0.0583324954 0.0190826375 -0.72573328 1.3136574 -0.00613123178 0 -0.36286664 0.000222122733 0 0.00692088949 -0.198442996
0.460891366 6.875 0.0549848676 0.0195831098 -0.591172814 1.26139963 -0.00661358237 0 -0.295586407 0.00031381892 0 0.00577998767 -0.222368926
0.539108634 6.875 0.0500518233 0.0196047015 -0.475493431 1.21467853 -0.00703427196 0 -0.237746716 0.000333995529 0 0.00464897091 -0.243153259
0.61636281 6.875 0.0439641662 0.0191431083 -0.373763084 1.1720531 -0.00739073753 0 -0.186881542 0.000306297297 0 0.00356435729 -0.260567755
0.690751851 6.875 0.0371483043 0.018207822 -0.282945395 1.13264573 -0.00768053532 0 -0.141472697 0.000250256475 0 0.00256372429 -0.2745682
0.760443926 6.875 0.0300075412 0.0168210901 -0.198466778 1.09471655 -0.00790482759 0 -0.0992333889 0.000178763468 0 0.00165961392 -0.285247356
0.823723018 6.875 0.0229215641 0.0150165278 -0.117754221 1.05720818 -0.00806701183 0 -0.0588771105 0.000102537051 0 0.000878163788 -0.292733401
0.879030943 6.875 0.0162547119 0.012837844 -0.037112236 1.0183543 -0.00817388296 0 -0.018556118 2.9539171e-05 0 0.000236382053 -0.297362864
0.925005853 6.875 0.0103608835 0.0103378817 0.0471342802 0.976113677 -0.00823676586 0 0.0235671401 -3.19342107e-05 -0 -0.000241532354 -0.299480498
0.960515738 6.875 0.00557609182 0.00757759437 0.138903081 0.927916229 -0.00826722383 0 0.0694515407 -7.20465905e-05 -0 -0.000521320791 -0.299648464
0.984686196 6.875 0.00219627423 0.00462524034 0.249001205 0.866562307 -0.00827747583 0 0.124500602 -8.12421058e-05 -0 -0.000570085424 -0.298592091
0.996922076 6.875 0.000445593178 0.00155500555 0.319743216 0.824735284 -0.00827568769 0 0.159871608 -3.56188539e-05 -0 -0.00024603639 -0.297300845
0.996922076 7.125 -0.000445593178 0.00155500555 0.291175663 -0.841871142 0.00879317522 0 0.145587832 -3.24364773e-05 -0 0.00022405418 0.194536015
0.984686196 7.125 -0.00219627423 0.00462524034 0.249213457 -0.866434932 0.00877937675 0 0.124606729 -8.13113584e-05 -0 0.000570571341 0.192739561
0.960515738 7.125 -0.00557609182 0.00757759484 0.188252747 -0.900927722 0.00874608755 0 0.0941263735 -9.76434094e-05 -0 0.000706536346 0.190086648
0.925005853 7.125 -0.0103608835 0.0103378817 0.147079229 -0.923496306 0.00867909193 0 0.0735396147 -9.96484741e-05 -0 0.000753684901 0.187104508
0.879030943 7.125 -0.0162547119 0.012837844 0.118862212 -0.93865031 0.00856617093 0 0.0594311059 -9.46073778e-05 -0 0.000757078989 0.18406032
0.823723018 7.125 -0.0229215641 0.0150165278 0.100601196 -0.94832921 0.0083988905 0 0.0503005981 -8.76006816e-05 -0 0.000750243431 0.181086943
0.760443926 7.125 -0.0300075412 0.0168210901 0.0898484588 -0.953983665 0.00816848874 0 0.0449242294 -8.09285193e-05 -0 0.000751328538 0.178152591
0.690751851 7.125 -0.0371483043 0.018207822 0.0850123167 -0.956517518 0.00786864758 0 0.0425061584 -7.51907719e-05 -0 0.000770283397 0.17526643
0.61636281 7.125 -0.0439641662 0.0191431083 0.0863291025 -0.955831945 0.00749710202 0 0.0431645513 -7.07463405e-05 -0 0.00082326954 0.172296301
0.539108634 7.125 -0.0500518233 0.0196047015 0.0935301185 -0.952060997 0.00705230236 0 0.0467650592 -6.56973134e-05 -0 0.000914458069 0.169141456
0.460891366 7.125 -0.0549848676 0.0195831098 0.108813286 -0.944004238 0.0065382123 0 0.0544066429 -5.77625833e-05 -0 0.00106388435 0.165643871
0.38363713 7.125 -0.0583324954 0.0190826375 0.134571016 -0.930265248 0.0059594214 0 0.0672855079 -4.11876972e-05 -0 0.00128332432 0.161556706
0.30924812 7.125 -0.0596989468 0.0181218311 0.173526525 -0.909090281 0.00532180071 0 0.0867632627 -6.16805755e-06 -0 0.00157229719 0.156638697
0.239556059 7.125 -0.0587764904 0.0167328101 0.235634029 -0.874267995 0.0046325922 0 0.117817014 6.27159898e-05 0 0.00197041174 0.150642499
0.176276997 7.125 -0.0553972535 0.0149600226 0.329268873 -0.818972468 0.0039010644 0 0.164634436 0.00019053185 0 0.0024555542 0.14295426
0.120969057 7.125 -0.0495657399 0.0128595736 0.467329919 -0.729835749 0.00313529372 0 0.23366496 0.000410889421 0 0.00297660613 0.133269817
0.0749941245 7.125 -0.0414576828 0.0105026355 0.662721515 -0.580752075 0.00234131515 0 0.331360757 0.000760662952 0 0.00339601445 0.121032178
0.0394842401 7.125 -0.0313799232 0.0079918392 0.904583335 -0.308892131 0.00152592361 0 0.452291667 0.00124077406 0 0.00339501351 0.106058143
0.0153137855 7.125 -0.0196983404 0.00552824233 0.925349593 0.273221433 0.000691875815 0 0.462674797 0.00143312896 0 0.00211857795 0.0881752372
0.00307791494 7.125 -0.00675168401 0.00371008134 -0.945178866 1.39469671 -0.000187531114 0 -0.472589433 -0.00159538735 -0 -0.000727295119 0.0666630641
0.00307791494 7.125 0.00675168401 0.00371008134 -4.65907383 2.3788805 -0.00112718344 0 -2.32953691 -0.00786414929 0 0.0035850585 0.0399684571
0.0153137855 7.125 0.0196983404 0.00552824233 -4.32121897 2.30677581 -0.0020136144 0 -2.16060948 -0.00669245841 0 0.00989338476 0.0115494495
0.0394842401 7.125 0.0313799232 0.0079918392 -2.85418797 1.96320653 -0.00286448747 0 -1.42709398 -0.00391495461 0 0.0107121216 -0.0177126154
0.0749941245 7.125 0.0414576828 0.0105026364 -2.08035636 1.75509048 -0.00370258093 0 -1.04017818 -0.00238780538 0 0.0106604667 -0.0481822416
0.120969057 7.125 0.0495657399 0.0128595736 -1.62348628 1.61971164 -0.0045234412 0 -0.81174314 -0.00142741413 0 0.0103406161 -0.0793891251
0.176276997 7.125 0.0553972535 0.0149600226 -1.31051683 1.52002907 -0.00532050431 0 -0.655258417 -0.0007583322 0 0.00977330469 -0.110709041
0.239556059 7.125 0.0587764904 0.0167328101 -1.07281256 1.43971372 -0.00608402491 0 -0.536406279 -0.000285538146 0 0.00897104107 -0.141187087
0.30924812 7.125 0.0596989468 0.0181218311 -0.881493092 1.37165844 -0.00680324435 0 -0.440746546 3.1332962e-05 0 0.00798707362 -0.170160428
0.38363713 7.125 0.0583324954 0.0190826375 -0.720857859 1.31179345 -0.00746637583 0 -0.360428929 0.000220630522 0 0.00687439553 -0.196757644
0.460891366 7.125 0.0549848676 0.0195831098 -0.587135792 1.25978994 -0.00806412101 0 -0.293567896 0.000311675889 0 0.00574051728 -0.220549852
0.539108634 7.125 0.0500518233 0.0196047015 -0.472167134 1.21329856 -0.00858750939 0 -0.236083567 0.000331659074 0 0.00461644912 -0.241217524
0.61636281 7.125 0.0439641662 0.0191431083 -0.371038318 1.17087865 -0.00903075933 0 -0.185519159 0.000304064364 0 0.00353837269 -0.258533388
0.690751851 7.125 0.0371483043 0.018207822 -0.28075552 1.13166571 -0.00939279795 0 -0.14037776 0.000248319615 0 0.00254388223 -0.272453189
0.760443926 7.125 0.0300075412 0.0168210901 -0.196758986 1.09392202 -0.0096719861 0 -0.0983794928 0.000177225229 0 0.00164533302 -0.283070236
0.823723018 7.125 0.0229215641 0.0150165278 -0.11648941 1.05659449 -0.00987619162 0 -0.0582447052 0.000101435689 0 0.000868731353 -0.290511012
0.879030943 7.125 0.0162547119 0.012837844 -0.0362480879 1.01791346 -0.0100120902 0 -0.0181240439 2.88513602e-05 0 0.000230877966 -0.29511103
0.925005853 7.125 0.0103608835 0.0103378817 0.0476668477 0.975823402 -0.010091722 0 0.0238334239 -3.22950327e-05 -0 -0.000244261435 -0.297211617
0.960515738 7.125 0.00557609182 0.00757759437 0.139178634 0.927749276 -0.0101316571 0 0.0695893168 -7.21895194e-05 -0 -0.000522354967 -0.297371328
0.984686196 7.125 0.00219627423 0.00462524034 0.248972118 0.866559267 -0.0101445317 0 0.124486059 -8.1232618e-05 -0 -0.000570018834 -0.296311945
0.996922076 7.125 0.000445593178 0.00155500555 0.31951648 0.824851811 -0.0101473927 0 0.15975824 -3.55935917e-05 -0 -0.000245861884 -0.295021415
0.996922076 7.375 -0.000445593178 0.00155500555 0.290422022 -0.842296481 0.0107063949 0 0.145211011 -3.23525201e-05 -0 0.000223474271 0.192117661
0.984686196 7.375 -0.00219627423 0.00462524034 0.248496652 -0.866826952 0.0106955767 0 0.124248326 -8.10774873e-05 -0 0.000568930234 0.190326259
0.960515738 7.375 -0.00557609182 0.00757759484 0.187441111 -0.901357472 0.0106595159 0 0.0937205553 -9.72224298e-05 -0 0.000703490165 0.187682107
0.925005853 7.375 -0.0103608835 0.0103378817 0.145942509 -0.924091756 0.0105794072 0 0.0729712546 -9.88783213e-05 -0 0.000747859885 0.184719086
0.879030943 7.375 -0.0162547119 0.012837844 0.117423415 -0.939397395 0.010446012 0 0.0587117076 -9.34621785e-05 -0 0.000747914775 0.181706205
0.823723018 7.375 -0.0229215641 0.0150165278 0.0988417268 -0.9492383 0.0102432668 0 0.0494208634 -8.60685832e-05 -0 0.000737121969 0.178779244
0.760443926 7.375 -0.0300075412 0.0168210901 0.0877525806 -0.955064476 0.00996309519 0 0.0438762903 -7.90407139e-05 -0 0.000733802386 0.175908297
0.690751851 7.375 -0.0371483043 0.018207822 0.0825539231 -0.957785964 0.00959861279 0 0.0412769616 -7.30164029e-05 -0 0.000748008315 0.173104405
0.61636281 7.375 -0.0439641662 0.0191431083 0.0834890604 -0.957302094 0.00914525986 0 0.0417445302 -6.84189363e-05 -0 0.000796185748 0.170236528
0.539108634 7.375 -0.0500518233 0.0196047015 0.0902916789 -0.953747511 0.00860363245 0 0.0451458395 -6.34225726e-05 -0 0.000882795372 0.167203754
0.460891366 7.375 -0.0549848676 0.0195831098 0.105148017 -0.945932508 0.0079780221 0 0.0525740087 -5.58169049e-05 -0 0.00102804834 0.163847163
0.38363713 7.375 -0.0583324954 0.0190826375 0.130442679 -0.932472229 0.00727197528 0 0.0652213395 -3.99241471e-05 -0 0.00124395476 0.159918964
0.30924812 7.375 -0.0596989468 0.0181218311 0.168887258 -0.91163069 0.00649601221 0 0.0844436288 -6.00315343e-06 -0 0.00153026159 0.155175984
0.239556059 7.375 -0.0587764904 0.0167328101 0.230456114 -0.877218246 0.00565803051 0 0.115228057 6.13378506e-05 0 0.00192711328 0.149369121
0.176276997 7.375 -0.0553972535 0.0149600226 0.323533237 -0.822462142 0.00476998091 0 0.161766618 0.000187212907 0 0.00241278019 0.141881302
0.120969057 7.375 -0.0495657399 0.0128595736 0.461090744 -0.734094381 0.00384056568 0 0.230545372 0.000405403785 0 0.0029368666 0.13240689
0.0749941245 7.375 -0.0414576828 0.0105026355 0.656377316 -0.58618629 0.00287921727 0 0.328188658 0.000753381115 0 0.00336350431 0.120386958
0.0394842401 7.375 -0.0313799232 0.0079918392 0.899910092 -0.316364229 0.00189305842 0 0.449955046 0.00123436411 0 0.00337747438 0.105636008
0.0153137855 7.375 -0.0196983404 0.00552824233 0.931513131 0.261698484 0.000883311033 0 0.465756565 0.00144267466 0 0.00213268935 0.0879815817
0.00307791494 7.375 -0.00675168401 0.00371008134 -0.898952007 1.3780247 -0.000179842114 0 -0.449476004 -0.0015173601 -0 -0.000691724534 0.0667102784
0.00307791494 7.375 0.00675168401 0.00371008134 -4.57981634 2.36216307 -0.00131765753 0 -2.28990817 -0.00773036852 0 0.00352407154 0.0402730443
0.0153137855 7.375 0.0196983404 0.00552824233 -4.26756954 2.29511738 -0.00239331461 0 -2.13378477 -0.00660936953 0 0.00977055449 0.0120967878
0.0394842401 7.375 0.0313799232 0.0079918392 -2.82417989 1.95554805 -0.00342655182 0 -1.41208994 -0.00387379387 0 0.0105994977 -0.0169319399
0.0749941245 7.375 0.0414576828 0.0105026364 -2.06067681 1.74947333 -0.00444621593 0 -1.03033841 -0.00236521754 0 0.0105596222 -0.0471713468
0.120969057 7.375 0.0495657399 0.0128595736 -1.60917139 1.61528373 -0.0054487139 0 -0.804585695 -0.00141482812 0 0.0102494387 -0.0781525895
0.176276997 7.375 0.0553972535 0.0149600226 -1.29944181 1.51637745 -0.00642439723 0 -0.649720907 -0.000751923595 0 0.00969071221 -0.109253116
0.239556059 7.375 0.0587764904 0.0167328101 -1.0639317 1.43662024 -0.00736242533 0 -0.531965852 -0.00028317442 0 0.00889677741 -0.139520943
0.30924812 7.375 0.0596989468 0.0181218311 -0.874221087 1.3689971 -0.00824800134 0 -0.437110543 3.10744763e-05 0 0.00792118255 -0.168295845
0.38363713 7.375 0.0583324954 0.0190826375 -0.714848757 1.30949092 -0.00906762481 0 -0.357424378 0.000218791349 0 0.00681709033 -0.194709808
0.460891366 7.375 0.0549848676 0.0195831098 -0.582146525 1.25779581 -0.00980880857 0 -0.291073263 0.000309027411 0 0.00569173647 -0.218336865
0.539108634 7.375 0.0500518233 0.0196047015 -0.468036532 1.2115804 -0.0104603171 0 -0.234018266 0.000328757684 0 0.00457606371 -0.238859504
0.61636281 7.375 0.0439641662 0.0191431083 -0.367653847 1.16941547 -0.0110135674 0 -0.183826923 0.000301290798 0 0.00350609701 -0.256052375
0.690751851 7.375 0.0371483043 0.018207822 -0.278036594 1.13044465 -0.0114648938 0 -0.139018297 0.000245914795 0 0.00251924642 -0.269871801
0.760443926 7.375 0.0300075412 0.0168210901 -0.194630742 1.09292781 -0.011814177 0 -0.097315371 0.000175308276 0 0.00162753637 -0.280411363
0.823723018 7.375 0.0229215641 0.0150165278 -0.114879131 1.05580938 -0.0120682716 0 -0.0574395657 0.000100033503 0 0.00085672253 -0.287795305
0.879030943 7.375 0.0162547119 0.012837844 -0.0351128578 1.01733136 -0.0122383833 0 -0.0175564289 2.79477845e-05 0 0.00022364725 -0.292356819
0.925005853 7.375 0.0103608835 0.0103378817 0.0483942032 0.975424826 -0.0123380423 0 0.0241971016 -3.27878297e-05 -0 -0.000247988646 -0.294434637
0.960515738 7.375 0.00557609182 0.00757759437 0.139528215 0.927533507 -0.0123850703 0 0.0697641075 -7.23708436e-05 -0 -0.000523666968 -0.294582635
0.984686196 7.375 0.00219627423 0.00462524034 0.249202847 0.866396844 -0.0123971701 0 0.124601424 -8.13079023e-05 -0 -0.000570547127 -0.293519825
0.996922076 7.375 0.000445593178 0.00155500555 0.319768429 0.824668348 -0.0123955011 0 0.159884214 -3.56216588e-05 -0 -0.000246055773 -0.292227149
0.996922076 7.625 -0.000445593178 0.00155500555 0.290515602 -0.842207491 0.0130738914 0 0.145257801 -3.23629465e-05 -0 0.000223546274 0.189182818
0.984686196 7.625 -0.00219627423 0.00462524034 0.248185754 -0.866973817 0.01306355 0 0.124092877 -8.09760459e-05 -0 0.000568218471 0.187391773
0.960515738 7.625 -0.00557609182 0.00757759484 0.186551034 -0.901820123 0.0130180717 0 0.0932755172 -9.6760763e-05 -0 0.000700149627 0.18475689
0.925005853 7.625 -0.0103608835 0.0103378817 0.144662678 -0.924754202 0.0129235387 0 0.0723313391 -9.80112236e-05 -0 0.000741301628 0.181814805
0.879030943 7.625 -0.0162547119 0.012837844 0.115744174 -0.940262198 0.0127620399 0 0.0578720868 -9.21255996e-05 -0 0.000737219001 0.178837314
0.823723018 7.625 -0.0229215641 0.0150165278 0.0967230797 -0.950326383 0.0125174224 0 0.0483615398 -8.42237278e-05 -0 0.000721321965 0.175965309
0.760443926 7.625 -0.0300075412 0.0168210901 0.0851989985 -0.956374764 0.0121769905 0 0.0425994992 -7.67406455e-05 -0 0.000712448906 0.173171043
0.690751851 7.625 -0.0371483043 0.018207822 0.0795512795 -0.959328473 0.011731565 0 0.0397756398 -7.03606493e-05 -0 0.000720801763 0.170467123
0.61636281 7.625 -0.0439641662 0.0191431083 0.0800169706 -0.959092319 0.0111782253 0 0.0400084853 -6.55735712e-05 -0 0.000763074437 0.167723671
0.539108634 7.625 -0.0500518233 0.0196047015 0.0863308311 -0.95580256 0.0105172992 0 0.0431654155 -6.06404028e-05 -0 0.000844069582 0.16483964
0.460891366 7.625 -0.0549848676 0.0195831098 0.100661457 -0.948284447 0.00975307822 0 0.0503307283 -5.34352548e-05 -0 0.000984182581 0.16165486
0.38363713 7.625 -0.0583324954 0.0190826375 0.125393808 -0.935161531 0.00889214873 0 0.0626969039 -3.83788574e-05 -0 0.00119580666 0.157920718
0.30924812 7.625 -0.0596989468 0.0181218311 0.163230836 -0.914716363 0.0079460144 0 0.0816154182 -5.80209371e-06 -0 0.00147900952 0.153390691
0.239556059 7.625 -0.0587764904 0.0167328101 0.224141777 -0.880800903 0.00692772865 0 0.112070888 5.96572318e-05 0 0.00187431171 0.147813484
0.176276997 7.625 -0.0553972535 0.0149600226 0.316536486 -0.826697826 0.00584682822 0 0.158268243 0.000183164229 0 0.00236060121 0.14056927
0.120969057 7.625 -0.0495657399 0.0128595736 0.453492343 -0.739246488 0.00471916795 0 0.226746172 0.00039872303 0 0.00288846926 0.131349534
0.0749941245 7.625 -0.0414576828 0.0105026355 0.648625016 -0.592758238 0.0035546124 0 0.324312508 0.000744483143 0 0.00332377898 0.11959257
0.0394842401 7.625 -0.0313799232 0.0079918392 0.89410615 -0.325404763 0.00235942006 0 0.447053075 0.00122640305 0 0.00335569121 0.105111614
0.0153137855 7.625 -0.0196983404 0.00552824233 0.938602805 0.247781932 0.00113715231 0 0.469301403 0.00145365461 0 0.0021489209 0.0877335817
0.00307791494 7.625 -0.00675168401 0.00371008134 -0.843797326 1.35786498 -0.000148773193 0 -0.421898663 -0.00142426335 -0 -0.000649284164 0.0667529851
0.00307791494 7.625 0.00675168401 0.00371008134 -4.4844861 2.34189749 -0.00152779371 0 -2.24224305 -0.00756945834 0 0.00345071685 0.0406272858
0.0153137855 7.625 0.0196983404 0.00552824233 -4.20274544 2.28095102 -0.00283287466 0 -2.10137272 -0.00650897343 0 0.00962214079 0.0127461068
0.0394842401 7.625 0.0313799232 0.0079918392 -2.78790331 1.94624937 -0.00408940762 0 -1.39395165 -0.00382403494 0 0.0104633477 -0.0159993395
0.0749941245 7.625 0.0414576828 0.0105026364 -2.03680921 1.7426362 -0.00533167273 0 -1.0184046 -0.00233782269 0 0.0104373163 -0.0459591337
0.120969057 7.625 0.0495657399 0.0128595736 -1.59172869 1.60987139 -0.00655844808 0 -0.795864344 -0.00139949203 0 0.0101383394 -0.0766647682
0.176276997 7.625 0.0553972535 0.0149600226 -1.28589511 1.5118978 -0.00775638223 0 -0.642947555 -0.000744084769 0 0.00958968606 -0.107496843
0.239556059 7.625 0.0587764904 0.0167328101 -1.05302882 1.43281174 -0.00891169906 0 -0.526514411 -0.000280272536 0 0.00880560651 -0.137505874
0.30924812 7.625 0.0596989468 0.0181218311 -0.865275025 1.36571407 -0.0100081563 0 -0.432637513 3.07564842e-05 0 0.00784012396 -0.166036427
0.38363713 7.625 0.0583324954 0.0190826375 -0.707420111 1.30663633 -0.0110258758 0 -0.353710055 0.000216517685 0 0.00674624741 -0.192223832
0.460891366 7.625 0.0549848676 0.0195831098 -0.575954199 1.25531328 -0.011950016 0 -0.287977099 0.00030574025 0 0.00563119305 -0.215645447
0.539108634 7.625 0.0500518233 0.0196047015 -0.462901115 1.20943713 -0.0127646029 0 -0.231450558 0.000325150468 0 0.00452585379 -0.235987365
0.61636281 7.625 0.0439641662 0.0191431083 -0.36344409 1.16758847 -0.0134591162 0 -0.181722045 0.000297840917 0 0.00346595095 -0.253026605
0.690751851 7.625 0.0371483043 0.018207822 -0.274651051 1.12891734 -0.0140258074 0 -0.137325525 0.000242920389 0 0.00248857052 -0.266720742
0.760443926 7.625 0.0300075412 0.0168210901 -0.191995978 1.09168983 -0.0144667625 0 -0.0959979892 0.000172935077 0 0.00160550396 -0.277163148
0.823723018 7.625 0.0229215641 0.0150165278 -0.11292541 1.05484915 -0.0147868395 0 -0.0564627051 9.83322607e-05 0 0.000842152454 -0.284476876
0.879030943 7.625 0.0162547119 0.012837844 -0.0337682962 1.01663327 -0.0150006413 0 -0.0168841481 2.68775912e-05 0 0.000215083215 -0.288991839
0.925005853 7.625 0.0103608835 0.0103378817 0.0491763949 0.974984527 -0.0151251554 0 0.0245881975 -3.33177741e-05 -0 -0.000251996884 -0.291042596
0.960515738 7.625 0.00557609182 0.00757759437 0.139817536 0.927335918 -0.0151836872 0 0.0699087679 -7.25209029e-05 -0 -0.000524752832 -0.291178793
0.984686196 7.625 0.00219627423 0.00462524034 0.248910666 0.866520762 -0.0152016878 0 0.124455333 -8.12125654e-05 -0 -0.000569878146 -0.29011336
0.996922076 7.625 0.000445593178 0.00155500555 0.319102824 0.825024962 -0.0151980519 0 0.159551412 -3.55475167e-05 -0 -0.000245543604 -0.288823664
0.996922076 7.875 -0.000445593178 0.00155500555 0.289864779 -0.842542231 0.0160562098 0 0.144932389 -3.22904452e-05 -0 0.000223045485 0.185580716
0.984686196 7.875 -0.00219627423 0.00462524034 0.247328937 -0.867417872 0.0160403848 0 0.123664469 -8.0696489e-05 -0 0.000566256756 0.183794484
0.960515738 7.875 -0.00557609182 0.00757759484 0.185335338 -0.902446151 0.0159878135 0 0.0926676691 -9.61301994e-05 -0 0.000695586961 0.181173071
0.925005853 7.875 -0.0103608835 0.0103378817 0.143021345 -0.925595284 0.0158747137 0 0.0715106726 -9.68991953e-05 -0 0.000732890854 0.178257316
0.879030943 7.875 -0.0162547119 0.012837844 0.113623023 -0.941345394 0.0156775713 0 0.0568115115 -9.04372864e-05 -0 0.000723708596 0.175325185
0.823723018 7.875 -0.0229215641 0.0150165278 0.0941129923 -0.951656699 0.0153791606 0 0.0470564961 -8.19509296e-05 -0 0.000701856974 0.172520533
0.760443926 7.875 -0.0300075412 0.0168210901 0.0820532441 -0.957978547 0.0149625838 0 0.0410266221 -7.39071984e-05 -0 0.000686143583 0.169819802
0.690751851 7.875 -0.0371483043 0.018207822 0.0758503079 -0.961218953 0.0144169927 0 0.037925154 -6.70872614e-05 -0 0.000687267864 0.167238623
0.61636281 7.875 -0.0439641662 0.0191431083 0.0757501125 -0.961281002 0.0137379467 0 0.0378750563 -6.2076906e-05 -0 0.000722384022 0.164647415
0.539108634 7.875 -0.0500518233 0.0196047015 0.0814638138 -0.95831573 0.0129268169 0 0.0407319069 -5.72217177e-05 -0 0.000796484004 0.161945105
0.460891366 7.875 -0.0549848676 0.0195831098 0.0951585174 -0.95115602 0.0119884908 0 0.0475792587 -5.0514067e-05 -0 0.000930379494 0.158970624
0.38363713 7.875 -0.0583324954 0.0190826375 0.11920625 -0.938442409 0.0109342635 0 0.0596031249 -3.6485053e-05 -0 0.00113679958 0.15547289
0.30924812 7.875 -0.0596989468 0.0181218311 0.156303048 -0.918477774 0.00977629423 0 0.0781515241 -5.55584347e-06 -0 0.00141623791 0.151202977
0.239556059 7.875 -0.0587764904 0.0167328101 0.216411769 -0.885164082 0.00853013992 0 0.108205885 5.75998274e-05 0 0.0018096721 0.145905256
0.176276997 7.875 -0.0553972535 0.0149600226 0.307976902 -0.831847966 0.00721186399 0 0.153988451 0.000178211209 0 0.0022967672 0.138957888
0.120969057 7.875 -0.0495657399 0.0128595736 0.444193125 -0.745501697 0.00583726168 0 0.222096562 0.00039054692 0 0.00282923901 0.130047306
0.0749941245 7.875 -0.0414576828 0.0105026355 0.639098287 -0.600734711 0.00441884995 0 0.319549143 0.000733548484 0 0.00327496068 0.118609652
0.0394842401 7.875 -0.0313799232 0.0079918392 0.886852622 -0.336360753 0.00296799839 0 0.443426311 0.00121645373 0 0.00332846795 0.104456298
0.0153137855 7.875 -0.0196983404 0.00552824233 0.946673036 0.230921566 0.00148326159 0 0.473336518 0.00146615331 0 0.00216739764 0.0874130055
0.00307791494 7.875 -0.00675168401 0.00371008134 -0.777999759 1.33341658 -8.07791948e-05 0 -0.388999879 -0.0013132022 -0 -0.000598654326 0.066784665
0.00307791494 7.875 0.00675168401 0.00371008134 -4.36998987 2.31732321 -0.00175656378 0 -2.18499494 -0.00737619819 0 0.00336261466 0.0410369411
0.0153137855 7.875 0.0196983404 0.00552824233 -4.1246314 2.26376247 -0.00334548391 0 -2.0623157 -0.00638799462 0 0.00944329891 0.0135132251
0.0394842401 7.875 0.0313799232 0.0079918392 -2.74391508 1.93491375 -0.00487949885 0 -1.37195754 -0.00376369851 0 0.010298254 -0.0148872361
0.0749941245 7.875 0.0414576828 0.0105026364 -2.00774956 1.73427463 -0.00640241802 0 -1.00387478 -0.0023044683 0 0.0102884043 -0.0445055105
0.120969057 7.875 0.0495657399 0.0128595736 -1.57039571 1.60322583 -0.00791120529 0 -0.785197854 -0.00138073554 0 0.0100024622 -0.0748733655
0.176276997 7.875 0.0553972535 0.0149600226 -1.26927137 1.5063808 -0.00939200819 0 -0.634635687 -0.00073446543 0 0.00946571305 -0.105374925
0.239556059 7.875 0.0587764904 0.0167328101 -1.03958631 1.42809975 -0.0108259916 0 -0.519793153 -0.000276694715 0 0.00869319774 -0.135065094
0.30924812 7.875 0.0596989468 0.0181218311 -0.854179025 1.36162782 -0.0121927261 0 -0.427089512 3.03620745e-05 0 0.00773958489 -0.163291767
0.38363713 7.875 0.0583324954 0.0190826375 -0.698186398 1.30307519 -0.0134688318 0 -0.349093199 0.000213691557 0 0.00665819133 -0.18919687
0.460891366 7.875 0.0549848676 0.0195831098 -0.568236232 1.25220692 -0.01463148 0 -0.284118116 0.000301643246 0 0.00555573357 -0.212361857
0.539108634 7.875 0.0500518233 0.0196047015 -0.456475019 1.20674348 -0.0156599879 0 -0.22823751 0.000320636638 0 0.0044630249 -0.232477203
0.61636281 7.875 0.0439641662 0.0191431083 -0.358162165 1.16528475 -0.0165401399 0 -0.179081082 0.000293512421 0 0.00341558061 -0.249322817
0.690751851 7.875 0.0371483043 0.018207822 -0.270393014 1.12698495 -0.0172612071 0 -0.135196507 0.00023915428 0 0.00244998909 -0.262858897
0.760443926 7.875 0.0300075412 0.0168210901 -0.188663363 1.09011269 -0.0178233385 0 -0.0943316817 0.000169933308 0 0.00157763599 -0.273177981
0.823723018 7.875 0.0229215641 0.0150165278 -0.110432982 1.05361307 -0.0182332993 0 -0.0552164912 9.61619226e-05 0 0.000823564944 -0.280401886
0.879030943 7.875 0.0162547119 0.012837844 -0.032043457 1.0157268 -0.0185065269 0 -0.0160217285 2.55047198e-05 0 0.000204097058 -0.284856498
0.925005853 7.875 0.0103608835 0.0103378817 0.0502380133 0.974378526 -0.0186660886 0 0.0251190066 -3.40370389e-05 -0 -0.000257436972 -0.286872059
0.960515738 7.875 0.00557609182 0.00757759437 0.140350819 0.926983237 -0.0187408924 0 0.0701754093 -7.2797513e-05 -0 -0.000526754302 -0.286990792
0.984686196 7.875 0.00219627423 0.00462524034 0.2490502 0.86637044 -0.0187634826 0 0.1245251 -8.12580911e-05 -0 -0.00057019759 -0.285918981
0.996922076 7.875 0.000445593178 0.00155500555 0.31904453 0.824986935 -0.0187628865 0 0.159522265 -3.55410193e-05 -0 -0.000245498726 -0.284628123
0.996922076 8.125 -0.000445593178 0.00155500555 0.289459765 -0.842700779 0.0198915005 0 0.144729882 -3.2245327e-05 -0 0.000222733826 0.181154713
0.984686196 8.125 -0.00219627423 0.00462524034 0.246596098 -0.867760837 0.0198757052 0 0.123298049 -8.04573865e-05 -0 0.000564578921 0.17937158
0.960515738 8.125 -0.00557609182 0.00757759484 0.18401742 -0.903100252 0.0198118389 0 0.0920087099 -9.54466159e-05 -0 0.000690640591 0.176762983
0.925005853 8.125 -0.0103608835 0.0103378817 0.141078293 -0.926571488 0.0196724236 0 0.0705391467 -9.55827418e-05 -0 0.000722933968 0.173877448
0.879030943 8.125 -0.0162547119 0.012837844 0.111053526 -0.942639351 0.0194309354 0 0.0555267632 -8.83921166e-05 -0 0.000707342464 0.170998529
0.823723018 8.125 -0.0229215641 0.0150165278 0.090891242 -0.953281343 0.0190640688 0 0.045445621 -7.91455241e-05 -0 0.000677830423 0.168275729
0.760443926 8.125 -0.0300075412 0.0168210901 0.0781663656 -0.95994246 0.0185491443 0 0.0390831828 -7.04061968e-05 -0 0.000653640833 0.165689752
0.690751851 8.125 -0.0371483043 0.018207822 0.0712757707 -0.963537574 0.0178765655 0 0.0356378853 -6.30412251e-05 -0 0.000645818713 0.163258627
0.61636281 8.125 -0.0439641662 0.0191431083 0.0704613328 -0.96397531 0.0170373023 0 0.0352306664 -5.77427709e-05 -0 0.000671948015 0.160854697
0.539108634 8.125 -0.0500518233 0.0196047015 0.0754330754 -0.961410344 0.0160333216 0 0.0377165377 -5.29856115e-05 -0 0.000737520575 0.158376232
0.460891366 8.125 -0.0549848676 0.0195831098 0.0883481503 -0.954688787 0.0148734748 0 0.0441740751 -4.68988437e-05 -0 0.000863793539 0.155660614
0.38363713 8.125 -0.0583324954 0.0190826375 0.111565888 -0.942470133 0.0135706067 0 0.055782944 -3.41465966e-05 -0 0.00106393802 0.152453586
0.30924812 8.125 -0.0596989468 0.0181218311 0.147746205 -0.923096061 0.0121423304 0 0.0738731027 -5.25168753e-06 -0 0.00133870565 0.148502544
0.239556059 8.125 -0.0587764904 0.0167328101 0.206886113 -0.890506268 0.0106067657 0 0.103443056 5.50644945e-05 0 0.0017300169 0.143548414
0.176276997 8.125 -0.0553972535 0.0149600226 0.297437966 -0.838141561 0.00898656249 0 0.148718983 0.00017211285 0 0.00221817219 0.136963338
0.120969057 8.125 -0.0495657399 0.0128595736 0.43271929 -0.753145039 0.00729882717 0 0.216359645 0.000380458776 0 0.00275615742 0.128430903
0.0749941245 8.125 -0.0414576828 0.0105026355 0.62733078 -0.610441089 0.00556126237 0 0.31366539 0.00072004192 0 0.0032146601 0.117383145
0.0394842401 8.125 -0.0313799232 0.0079918392 0.877702832 -0.349689603 0.00378546119 0 0.438851416 0.00120390346 0 0.00329412776 0.103627615
0.0153137855 8.125 -0.0196983404 0.00552824233 0.95574367 0.210362613 0.00196999311 0 0.477871835 0.00148020149 0 0.00218816474 0.0869919509
0.00307791494 8.125 -0.00675168401 0.00371008134 -0.699478865 1.3036406 5.79059124e-05 0 -0.349739432 -0.0011806651 -0 -0.000538234133 0.0667933747
0.00307791494 8.125 0.00675168401 0.00371008134 -4.23207378 2.28737187 -0.00199294835 0 -2.11603689 -0.00714340713 0 0.00325649115 0.0415055677
0.0153137855 8.125 0.0196983404 0.00552824233 -4.02992487 2.24274588 -0.00394351408 0 -2.01496243 -0.00624131877 0 0.00922647025 0.0144188488
0.0394842401 8.125 0.0313799232 0.0079918392 -2.69036031 1.92102218 -0.0058310423 0 -1.34518015 -0.00369023974 0 0.0100972559 -0.0135595901
0.0749941245 8.125 0.0414576828 0.0105026364 -1.97216988 1.7239809 -0.00771290064 0 -0.986084938 -0.00226363051 0 0.0101060811 -0.0427579246
0.120969057 8.125 0.0495657399 0.0128595736 -1.54415178 1.595011 -0.00958508253 0 -0.772075891 -0.00135766098 0 0.00983530376 -0.0727091655
0.176276997 8.125 0.0553972535 0.0149600226 -1.24868751 1.49951887 -0.0114330649 0 -0.624343753 -0.000722554629 0 0.00931220688 -0.102800839
0.239556059 8.125 0.0587764904 0.0167328101 -1.02287412 1.42221618 -0.0132339299 0 -0.511437058 -0.000272246602 0 0.0085534472 -0.132092878
0.30924812 8.125 0.0596989468 0.0181218311 -0.840326428 1.35650384 -0.0149588883 0 -0.420163214 2.98696796e-05 0 0.00761406869 -0.159940064
0.38363713 8.125 0.0583324954 0.0190826375 -0.686583161 1.29857934 -0.0165790617 0 -0.343291581 0.000210140191 0 0.0065475381 -0.185489416
0.460891366 8.125 0.0549848676 0.0195831098 -0.558504939 1.24827027 -0.0180624425 0 -0.27925247 0.000296477461 0 0.00546058919 -0.208329707
0.539108634 8.125 0.0500518233 0.0196047015 -0.448353052 1.20331931 -0.0193815529 0 -0.224176526 0.000314931647 0 0.00438361568 -0.228157371
0.61636281 8.125 0.0439641662 0.0191431083 -0.351463556 1.16234362 -0.0205135047 0 -0.175731778 0.000288022915 0 0.00335169979 -0.244756535
0.690751851 8.125 0.0371483043 0.018207822 -0.264985442 1.12451124 -0.0214463472 0 -0.132492721 0.000234371459 0 0.00240099197 -0.258090138
0.760443926 8.125 0.0300075412 0.0168210901 -0.184438467 1.08809316 -0.0221749544 0 -0.0922192335 0.000166127851 0 0.00154230662 -0.268251479
0.823723018 8.125 0.0229215641 0.0150165278 -0.107301593 1.05203891 -0.0227077603 0 -0.0536507964 9.34351992e-05 0 0.000800212321 -0.275360227
0.879030943 8.125 0.0162547119 0.012837844 -0.0299044847 1.01458001 -0.0230637193 0 -0.0149522424 2.3802224e-05 0 0.000190473133 -0.279738575
0.925005853 8.125 0.0103608835 0.0103378817 0.0514729619 0.973645389 -0.0232739449 0 0.025736481 -3.4873734e-05 -0 -0.00026376528 -0.281709552
0.960515738 8.125 0.00557609182 0.00757759437 0.140796244 0.926637709 -0.023373723 0 0.0703981221 -7.30285465e-05 -0 -0.000528426026 -0.281808347
0.984686196 8.125 0.00219627423 0.00462524034 0.248835921 0.866381168 -0.0234040022 0 0.124417961 -8.11881837e-05 -0 -0.000569707016 -0.280731618
0.996922076 8.125 0.000445593178 0.00155500555 0.318476796 0.825212419 -0.0234014392 0 0.159238398 -3.54777731e-05 -0 -0.000245061878 -0.279442221
0.996922076 8.375 -0.000445593178 0.00155500555 0.288800597 -0.842956066 0.0249898732 0 0.144400299 -3.21718981e-05 -0 0.000222226605 0.175634965
0.984686196 8.375 -0.00219627423 0.00462524034 0.24546349 -0.868281901 0.0249614716 0 0.122731745 -8.00878479e-05 -0 0.000561985886 0.173856631
0.960515738 8.375 -0.00557609182 0.00757759484 0.182142496 -0.90401268 0.0248716176 0 0.0910712481 -9.44741259e-05 -0 0.00068360375 0.171267152
0.925005853 8.375 -0.0103608835 0.0103378817 0.138525069 -0.927828312 0.0246901512 0 0.0692625344 -9.38528901e-05 -0 0.000709850341 0.168421105
0.879030943 8.375 -0.0162547119 0.012837844 0.107773244 -0.944262743 0.0243843794 0 0.0538866222 -8.57812047e-05 -0 0.000686449115 0.165609717
0.823723018 8.375 -0.0229215641 0.0150165278 0.0868300796 -0.955299735 0.0239238441 0 0.0434150398 -7.56091758e-05 -0 0.00064754393 0.162988499
0.760443926 8.375 -0.0300075412 0.0168210901 0.0732783079 -0.962382257 0.0232825279 0 0.036639154 -6.60034129e-05 -0 0.000612766016 0.16054523
0.690751851 8.375 -0.0371483043 0.018207822 0.065539062 -0.96641469 0.022441417 0 0.032769531 -5.79672742e-05 -0 0.000593839213 0.15830034
0.61636281 8.375 -0.0439641662 0.0191431083 0.0638328791 -0.96732074 0.0213939548 0 0.0319164395 -5.2310781e-05 -0 0.000608736358 0.156128764
0.539108634 8.375 -0.0500518233 0.0196047015 0.0678831935 -0.965251863 0.0201410353 0 0.0339415967 -4.76824316e-05 -0 0.000663704181 0.153928444
0.460891366 8.375 -0.0549848676 0.0195831098 0.0798324943 -0.959071457 0.0186937451 0 0.0399162471 -4.23783822e-05 -0 0.000780534639 0.151533887
0.38363713 8.375 -0.0583324954 0.0190826375 0.102018356 -0.947465181 0.0170682669 0 0.0510091782 -3.12244119e-05 -0 0.000972888782 0.148687586
0.30924812 8.375 -0.0596989468 0.0181218311 0.137081921 -0.928808033 0.0152872503 0 0.0685409606 -4.87262196e-06 -0 0.00124207826 0.145131811
0.239556059 8.375 -0.0587764904 0.0167328101 0.195021927 -0.897105992 0.0133766234 0 0.0975109637 5.19067398e-05 0 0.0016308066 0.140601873
0.176276997 8.375 -0.0553972535 0.0149600226 0.284316421 -0.845904529 0.0113623738 0 0.14215821 0.000164520054 0 0.00212031696 0.134464607
0.120969057 8.375 -0.0495657399 0.0128595736 0.418441892 -0.762543261 0.00926910341 0 0.209220946 0.000367905712 0 0.00266521936 0.126397893
0.0749941245 8.375 -0.0414576828 0.0105026355 0.612586379 -0.622384906 0.00711834431 0 0.30629319 0.000703118509 0 0.00313910446 0.115829021
0.0394842401 8.375 -0.0313799232 0.0079918392 0.865972102 -0.366065115 0.00492079556 0 0.432986051 0.00118781289 0 0.00325010065 0.102563567
0.0153137855 8.375 -0.0196983404 0.00552824233 0.965703905 0.185172677 0.00267785788 0 0.482851952 0.00149562734 0 0.00221096864 0.086428009
0.00307791494 8.375 -0.00675168401 0.00371008134 -0.605492353 1.26708019 0.000318363309 0 -0.302746177 -0.00102202338 -0 -0.000465913559 0.066755712
0.00307791494 8.375 0.00675168401 0.00371008134 -4.06484938 2.25052094 -0.0022181198 0 -2.03242469 -0.00686114468 0 0.00312781543 0.0420334153
0.0153137855 8.375 0.0196983404 0.00552824233 -3.91435337 2.2168293 -0.00463630818 0 -1.95717669 -0.00606232788 0 0.00896187034 0.0154849822
0.0394842401 8.375 0.0313799232 0.0079918392 -2.6246078 1.90382743 -0.00698590651 0 -1.3123039 -0.00360005023 0 0.00985047873 -0.0119717149
0.0749941245 8.375 0.0414576828 0.0105026364 -1.92824292 1.71118546 -0.00933864713 0 -0.964121461 -0.00221321173 0 0.0098809842 -0.0406490602
0.120969057 8.375 0.0495657399 0.0128595736 -1.51154733 1.58474302 -0.0116948783 0 -0.755773664 -0.00132899429 0 0.0096276328 -0.0700808242
0.176276997 8.375 0.0553972535 0.0149600226 -1.22295141 1.4908905 -0.0140342414 0 -0.611475706 -0.000707662373 0 0.00912027806 -0.0996583924
0.239556059 8.375 0.0587764904 0.0167328101 -1.00182462 1.41476429 -0.0163300484 0 -0.500912309 -0.000266644114 0 0.00837742817 -0.128448129
0.30924812 8.375 0.0596989468 0.0181218311 -0.822769046 1.34997225 -0.0185451806 0 -0.411384523 2.92455952e-05 0 0.00745498389 -0.155812323
0.38363713 8.375 0.0583324954 0.0190826375 -0.671816826 1.29282284 -0.0206373036 0 -0.335908413 0.000205620701 0 0.00640672026 -0.180907339
0.460891366 8.375 0.0549848676 0.0195831098 -0.546053767 1.24319935 -0.022565335 0 -0.273026884 0.000289867865 0 0.00533885229 -0.203330636
0.539108634 8.375 0.0500518233 0.0196047015 -0.437919974 1.19888699 -0.0242897868 0 -0.218959987 0.000307603215 0 0.00428160932 -0.222786427
0.61636281 8.375 0.0439641662 0.0191431083 -0.342834949 1.15852082 -0.0257765055 0 -0.171417475 0.000280951819 0 0.00326941372 -0.239066064
0.690751851 8.375 0.0371483043 0.018207822 -0.257997513 1.12127972 -0.0270063579 0 -0.128998756 0.000228190853 0 0.00233767554 -0.252135724
0.760443926 8.375 0.0300075412 0.0168210901 -0.178973079 1.08544493 -0.0279712081 0 -0.0894865394 0.000161205069 0 0.00149660418 -0.262090504
0.823723018 8.375 0.0229215641 0.0150165278 -0.103231549 1.04995668 -0.0286807418 0 -0.0516157746 8.98911167e-05 0 0.000769859529 -0.269048005
0.879030943 8.375 0.0162547119 0.012837844 -0.0270961523 1.01303792 -0.0291599035 0 -0.0135480762 2.15669534e-05 0 0.000172585773 -0.273324639
0.925005853 8.375 0.0103608835 0.0103378817 0.053173244 0.972604513 -0.0294478536 0 0.026586622 -3.60257036e-05 -0 -0.000272478093 -0.275235087
0.960515738 8.375 0.00557609182 0.00757759437 0.141555369 0.926050127 -0.0295932889 0 0.0707776845 -7.34222849e-05 -0 -0.000531275116 -0.27530393
0.984686196 8.375 0.00219627423 0.00462524034 0.248765349 0.866230726 -0.0296474099 0 0.124382675 -8.11651553e-05 -0 -0.000569545431 -0.27421698
0.996922076 8.375 0.000445593178 0.00155500555 0.317944765 0.825333714 -0.0296560526 0 0.158972383 -3.54185067e-05 -0 -0.000244652474 -0.272927403
0.996922076 8.625 -0.000445593178 0.00155500555 0.287296355 -0.843617022 0.0318435133 0 0.143648177 -3.20043255e-05 -0 0.000221069131 0.168659776
0.984686196 8.625 -0.00219627423 0.00462524034 0.243579924 -0.869142354 0.0318064392 0 0.121789962 -7.94732987e-05 -0 0.000557673455 0.166890845
0.960515738 8.625 -0.00557609182 0.00757759484 0.179570079 -0.905221224 0.0316933393 0 0.0897850394 -9.31398608e-05 -0 0.000673949195 0.164327174
0.925005853 8.625 -0.0103608835 0.0103378817 0.13515532 -0.929437816 0.0314645469 0 0.0675776601 -9.15698329e-05 -0 0.000692582631 0.161532372
0.879030943 8.625 -0.0162547119 0.012837844 0.103518009 -0.946317017 0.0310816765 0 0.0517590046 -8.23942901e-05 -0 0.000659345882 0.158806339
0.823723018 8.625 -0.0229215641 0.0150165278 0.0816199183 -0.957835913 0.0305029154 0 0.0408099592 -7.1072318e-05 -0 0.000608688628 0.156313807
0.760443926 8.625 -0.0300075412 0.0168210901 0.0670458674 -0.965438843 0.0296983421 0 0.0335229337 -6.0389717e-05 -0 0.000560649263 0.154048488
0.690751851 8.625 -0.0371483043 0.018207822 0.0582244396 -0.97002846 0.0286413431 0 0.0291122198 -5.14977182e-05 -0 0.000527562574 0.152037919
0.61636281 8.625 -0.0439641662 0.0191431083 0.0554160476 -0.971512973 0.0273218453 0 0.0277080238 -4.54132241e-05 -0 0.000528470031 0.15015772
0.539108634 8.625 -0.0500518233 0.0196047015 0.0583095551 -0.970065832 0.0257435143 0 0.0291547775 -4.09577297e-05 -0 0.000570101314 0.148305714
0.460891366 8.625 -0.0549848676 0.0195831098 0.0690423846 -0.964564979 0.0239167213 0 0.0345211923 -3.66505446e-05 -0 0.000675038027 0.146313742
0.38363713 8.625 -0.0583324954 0.0190826375 0.0899326801 -0.953723907 0.0218643844 0 0.0449663401 -2.75253915e-05 -0 0.000857634819 0.143919453
0.30924812 8.625 -0.0596989468 0.0181218311 0.123590231 -0.935962081 0.0196149945 0 0.0617951155 -4.39305541e-06 -0 0.00111983216 0.140858918
0.239556059 8.625 -0.0587764904 0.0167328101 0.180031061 -0.905357957 0.0172030926 0 0.0900155306 4.79167902e-05 0 0.00150545035 0.136860102
0.176276997 8.625 -0.0553972535 0.0149600226 0.267745495 -0.855593085 0.0146633089 0 0.133872747 0.000154931273 0 0.00199673767 0.131282151
0.120969057 8.625 -0.0495657399 0.0128595736 0.400382519 -0.774256289 0.0120283365 0 0.200191259 0.000352027419 0 0.00255019218 0.123796351
0.0749941245 8.625 -0.0414576828 0.0105026355 0.593843699 -0.637235701 0.0093241334 0 0.296921849 0.000681605889 0 0.00304306042 0.113823973
0.0394842401 8.625 -0.0313799232 0.0079918392 0.850645065 -0.386408836 0.00656934083 0 0.425322533 0.00116678956 0 0.00319257635 0.101167217
0.0153137855 8.625 -0.0196983404 0.00552824233 0.976303995 0.153889239 0.00375877321 0 0.488151997 0.00151204423 0 0.00223523751 0.0856530219
0.00307791494 8.625 -0.00675168401 0.00371008134 -0.492456079 1.22166097 0.000801563263 0 -0.246228039 -0.000831226993 -0 -0.000378934521 0.0666341931
0.00307791494 8.625 0.00675168401 0.00371008134 -3.86062908 2.20468211 -0.0023805052 0 -1.93031454 -0.00651643705 0 0.00297067221 0.0426146276
0.0153137855 8.625 0.0196983404 0.00552824233 -3.77202511 2.18448973 -0.00542283244 0 -1.88601255 -0.0058418978 0 0.00863601081 0.0167370029
0.0394842401 8.625 0.0313799232 0.0079918392 -2.54300284 1.88226783 -0.00839391537 0 -1.27150142 -0.00348811643 0 0.00954420492 -0.0100666368
0.0749941245 8.625 0.0414576828 0.0105026364 -1.87329197 1.69504046 -0.0113878772 0 -0.936645985 -0.00215013977 0 0.00959939696 -0.0380886011
0.120969057 8.625 0.0495657399 0.0128595736 -1.47042871 1.57169366 -0.0144077688 0 -0.735214353 -0.00129284163 0 0.00936573278 -0.0668617263
0.176276997 8.625 0.0553972535 0.0149600226 -1.19026136 1.47985053 -0.0174310803 0 -0.595130682 -0.000688746222 0 0.00887648854 -0.0957837179
0.239556059 8.625 0.0587764904 0.0167328101 -0.974893451 1.40516067 -0.0204210132 0 -0.487446725 -0.000259476161 0 0.00815222505 -0.123927854
0.30924812 8.625 0.0596989468 0.0181218311 -0.800162792 1.34149861 -0.0233300328 0 -0.400081396 2.84420494e-05 0 0.00725015206 -0.150667474
0.38363713 8.625 0.0583324954 0.0190826375 -0.652679086 1.28530073 -0.0260985792 0 -0.326339543 0.000199763279 0 0.00622421503 -0.175170764
0.460891366 8.625 0.0549848676 0.0195831098 -0.529831409 1.23653126 -0.0286670327 0 -0.264915705 0.000281256362 0 0.0051802434 -0.19704704
0.539108634 8.625 0.0500518233 0.0196047015 -0.424271226 1.1930263 -0.0309765041 0 -0.212135613 0.000298016093 0 0.00414816383 -0.216012478
0.61636281 8.625 0.0439641662 0.0191431083 -0.331520438 1.15344393 -0.0329783261 0 -0.165760219 0.00027167963 0 0.00316151395 -0.231868282
0.690751851 8.625 0.0371483043 0.018207822 -0.248830199 1.11697376 -0.034638226 0 -0.1244151 0.000220082642 0 0.00225461181 -0.244586959
0.760443926 8.625 0.0300075412 0.0168210901 -0.171790004 1.08189559 -0.0359442532 0 -0.0858950019 0.000154735098 0 0.00143653806 -0.254265875
0.823723018 8.625 0.0229215641 0.0150165278 -0.0978753567 1.04714525 -0.0369076729 0 -0.0489376783 8.52270896e-05 0 0.000729915162 -0.261019856
0.879030943 8.625 0.0162547119 0.012837844 -0.0233929157 1.01093137 -0.0375589132 0 -0.0116964579 1.86193938e-05 0 0.000148998442 -0.265158623
0.925005853 8.625 0.0103608835 0.0103378817 0.0554341674 0.971146464 -0.0379528403 0 0.0277170837 -3.75575146e-05 -0 -0.000284063863 -0.266985625
0.960515738 8.625 0.00557609182 0.00757759437 0.142630994 0.925155878 -0.0381520987 0 0.0713154972 -7.39801981e-05 -0 -0.000535312109 -0.267011702
0.984686196 8.625 0.00219627423 0.00462524034 0.248969972 0.8657763 -0.0382285118 0 0.124484986 -8.12319122e-05 -0 -0.000570013886 -0.265907913
0.996922076 8.625 0.000445593178 0.00155500555 0.317715168 0.825119615 -0.0382423997 0 0.158857584 -3.53929317e-05 -0 -0.000244475843 -0.264614195
0.996922076 8.875 -0.000445593178 0.00155500555 0.285644829 -0.844181001 0.0413960516 0 0.142822415 -3.18203492e-05 -0 0.000219798298 0.159713209
0.984686196 8.875 -0.00219627423 0.00462524034 0.241291583 -0.870056391 0.0413556695 0 0.120645791 -7.87266763e-05 -0 0.0005524343 0.157953411
0.960515738 8.875 -0.00557609182 0.00757759484 0.176224232 -0.906684518 0.0412185788 0 0.0881121159 -9.14044213e-05 -0 0.000661391765 0.155420482
0.925005853 8.875 -0.0103608835 0.0103378817 0.130762875 -0.931429744 0.0409362018 0 0.0653814375 -8.85938862e-05 -0 0.000670074194 0.152688831
0.879030943 8.875 -0.0162547119 0.012837844 0.0979970098 -0.948876321 0.0404568911 0 0.0489985049 -7.79998954e-05 -0 0.000624180539 0.150068879
0.823723018 8.875 -0.0229215641 0.0150165278 0.0748648047 -0.961018503 0.0397319794 0 0.0374324024 -6.51901573e-05 -0 0.000558311702 0.147737041
0.760443926 8.875 -0.0300075412 0.0168210901 0.0589898229 -0.969283879 0.0387161076 0 0.0294949114 -5.31334517e-05 -0 0.000493283209 0.145696059
0.690751851 8.875 -0.0371483043 0.018207822 0.0487928391 -0.974581897 0.0373803675 0 0.0243964195 -4.31557601e-05 -0 0.000442104327 0.143979669
0.61636281 8.875 -0.0439641662 0.0191431083 0.0445551872 -0.976816118 0.0357083082 0 0.0222775936 -3.65127926e-05 -0 0.000424896454 0.142467842
0.539108634 8.875 -0.0500518233 0.0196047015 0.0459626317 -0.976166785 0.0337012708 0 0.0229813159 -3.22850174e-05 -0 0.000449383602 0.141056687
0.460891366 8.875 -0.0549848676 0.0195831098 0.055126965 -0.971539438 0.0313709676 0 0.0275634825 -2.92636687e-05 -0 0.000538984896 0.139575526
0.38363713 8.875 -0.0583324954 0.0190826375 0.0743519664 -0.961676538 0.0287449062 0 0.0371759832 -2.27566543e-05 -0 0.000709050801 0.137755394
0.30924812 8.875 -0.0596989468 0.0181218311 0.106205702 -0.94505322 0.0258596539 0 0.0531028509 -3.77511651e-06 -0 0.000962313556 0.135324314
0.239556059 8.875 -0.0587764904 0.0167328101 0.160715222 -0.915842116 0.0227596164 0 0.0803576112 4.27757186e-05 0 0.00134392804 0.132000327
0.176276997 8.875 -0.0553972535 0.0149600226 0.246390402 -0.867888033 0.0194933414 0 0.123195201 0.000142574107 0 0.00183748011 0.127132952
0.120969057 8.875 -0.0495657399 0.0128595736 0.3770625 -0.789099514 0.0161069036 0 0.18853125 0.000331523799 0 0.00240165787 0.120383725
0.0749941245 8.875 -0.0414576828 0.0105026355 0.569488406 -0.656012118 0.0126369596 0 0.284744203 0.000653651194 0 0.00291825552 0.111166954
0.0394842401 8.875 -0.0313799232 0.0079918392 0.830104351 -0.412083358 0.00910846889 0 0.415052176 0.00113861484 0 0.00311548449 0.099278897
0.0153137855 8.875 -0.0196983404 0.00552824233 0.986882806 0.114397466 0.00551351905 0 0.493441403 0.00152842794 0 0.00225945748 0.0845486224
0.00307791494 8.875 -0.00675168401 0.00371008134 -0.355526328 1.16426945 0.00173039734 0 -0.177763164 -0.000600100379 -0 -0.000273569982 0.0663549304
0.00307791494 8.875 0.00675168401 0.00371008134 -3.60824108 2.14668012 -0.00234566629 0 -1.80412054 -0.00609042635 0 0.00277646515 0.0432236679
0.0153137855 8.875 0.0196983404 0.00552824233 -3.59431171 2.14342546 -0.00625737011 0 -1.79715586 -0.00556666544 0 0.0082291374 0.0181963984
0.0394842401 8.875 0.0313799232 0.0079918392 -2.44006753 1.85471439 -0.0100998459 0 -1.22003376 -0.00334692537 0 0.00915787648 -0.00777475722
0.0749941245 8.875 0.0414576828 0.0105026364 -1.80332971 1.67425609 -0.0140047781 0 -0.901664853 -0.00206983811 0 0.0092408862 -0.0349551216
0.120969057 8.875 0.0495657399 0.0128595736 -1.41758752 1.55475533 -0.0179780498 0 -0.708793759 -0.00124638225 0 0.00902916677 -0.0628769398
0.176276997 8.875 0.0553972535 0.0149600226 -1.14784431 1.46538746 -0.0219983459 0 -0.573922157 -0.000664201565 0 0.00856015924 -0.0909428522
0.239556059 8.875 0.0587764904 0.0167328101 -0.939648151 1.39246953 -0.0260138959 0 -0.469824076 -0.000250095327 0 0.00785749778 -0.118237622
0.30924812 8.875 0.0596989468 0.0181218311 -0.770325065 1.33019829 -0.0299583375 0 -0.385162532 2.73814585e-05 0 0.0069797975 -0.144147307
0.38363713 8.875 0.0583324954 0.0190826375 -0.627266288 1.27519703 -0.0337465107 0 -0.313633144 0.000191985266 0 0.00598186767 -0.167858049
0.460891366 8.875 0.0549848676 0.0195831098 -0.508201003 1.22752225 -0.0372844338 0 -0.254100502 0.000269774057 0 0.0049687596 -0.18899712
0.539108634 8.875 0.0500518233 0.0196047015 -0.406023145 1.18506718 -0.0404829085 0 -0.203011572 0.000285198301 0 0.00396974944 -0.207298175
0.61636281 8.875 0.0439641662 0.0191431083 -0.316389561 1.14652419 -0.0432651043 0 -0.15819478 0.000259279914 0 0.00301721971 -0.222576901
0.690751851 8.875 0.0371483043 0.018207822 -0.236603856 1.11109257 -0.045576632 0 -0.118301928 0.000209268808 0 0.00214383076 -0.234816611
0.760443926 8.875 0.0300075412 0.0168210901 -0.162269473 1.07704365 -0.0473969877 0 -0.0811347365 0.000146159757 0 0.00135692582 -0.244118378
0.823723018 8.875 0.0229215641 0.0150165278 -0.0908685923 1.04330897 -0.0487345159 0 -0.0454342961 7.91258062e-05 0 0.000677661563 -0.250594169
0.879030943 8.875 0.0162547119 0.012837844 -0.0186566114 1.00806391 -0.0496366918 0 -0.00932830572 1.48495728e-05 0 0.000118831107 -0.254545182
0.925005853 8.875 0.0103608835 0.0103378817 0.0581655502 0.969183564 -0.0501758754 0 0.0290827751 -3.94080671e-05 -0 -0.000298060419 -0.256258667
0.960515738 8.875 0.00557609182 0.00757759437 0.143693626 0.923992336 -0.0504431427 0 0.071846813 -7.45313664e-05 -0 -0.000539300323 -0.256227881
0.984686196 8.875 0.00219627423 0.00462524034 0.248647153 0.865331531 -0.0505389273 0 0.124323577 -8.11265927e-05 -0 -0.000569274824 -0.255102724
0.996922076 8.875 0.000445593178 0.00155500555 0.316635609 0.825111508 -0.0505506396 0 0.158317804 -3.52726674e-05 -0 -0.000243645118 -0.253806204
0.996922076 9.125 -0.000445593178 0.00155500555 0.283144832 -0.844855487 0.0554466844 0 0.141572416 -3.15418547e-05 -0 0.000217874607 0.147961751
0.984686196 9.125 -0.00219627423 0.00462524034 0.237992883 -0.871170938 0.0553923845 0 0.118996441 -7.76504021e-05 -0 0.000544881972 0.14621301
0.960515738 9.125 -0.00557609182 0.00757759484 0.17160058 -0.908488393 0.0552108586 0 0.0858002901 -8.9006222e-05 -0 0.000644038664 0.143717885
0.925005853 9.125 -0.0103608835 0.0103378817 0.124795854 -0.933914542 0.0548432767 0 0.062397927 -8.45511313e-05 -0 0.000639497128 0.141064271
0.879030943 9.125 -0.0162547119 0.012837844 0.0905758739 -0.952094138 0.0542299598 0 0.0452879369 -7.20931057e-05 -0 0.000576912484 0.138577893
0.823723018 9.125 -0.0229215641 0.0150165278 0.0658780336 -0.965028524 0.0533095896 0 0.0329390168 -5.73647303e-05 -0 0.000491291983 0.136447817
0.760443926 9.125 -0.0300075412 0.0168210901 0.0483120084 -0.974156857 0.0520230234 0 0.0241560042 -4.3515709e-05 -0 0.000403993472 0.134690434
0.690751851 9.125 -0.0371483043 0.018207822 0.0363525748 -0.980364323 0.0503308773 0 0.0181762874 -3.21527295e-05 -0 0.000329385017 0.133347735
0.61636281 9.125 -0.0439641662 0.0191431083 0.0302706361 -0.983567595 0.0482093245 0 0.015135318 -2.48066626e-05 -0 0.000288673153 0.132303566
0.539108634 9.125 -0.0500518233 0.0196047015 0.0297215581 -0.983968675 0.0456516296 0 0.014860779 -2.08769816e-05 -0 0.000290592143 0.131455079
0.460891366 9.125 -0.0549848676 0.0195831098 0.0368080139 -0.980495632 0.042665258 0 0.018404007 -1.95392131e-05 -0 0.000359877653 0.130628258
0.38363713 9.125 -0.0583324954 0.0190826375 0.0538055897 -0.971932113 0.0392736346 0 0.0269027948 -1.64680932e-05 -0 0.000513112114 0.129547
0.30924812 9.125 -0.0596989468 0.0181218311 0.0832284093 -0.956822991 0.0355153382 0 0.0416142046 -2.95838117e-06 -0 0.000754119828 0.127929091
0.239556059 9.125 -0.0587764904 0.0167328101 0.13513875 -0.929447353 0.0314456373 0 0.067569375 3.59683218e-05 0 0.00113005319 0.125480294
0.176276997 9.125 -0.0553972535 0.0149600226 0.218065679 -0.883854151 0.0271320939 0 0.10903284 0.000126183979 0 0.00162624568 0.12153548
0.120969057 9.125 -0.0495657399 0.0128595736 0.34605056 -0.808354259 0.0226454586 0 0.17302528 0.000304257264 0 0.00220413087 0.115742899
0.0749941245 9.125 -0.0414576828 0.0105026355 0.536816061 -0.680336833 0.0180480331 0 0.26840803 0.000616150326 0 0.00275083119 0.107505493
0.0394842401 9.125 -0.0313799232 0.0079918392 0.801530957 -0.445297807 0.0133760571 0 0.400765479 0.00109942211 0 0.00300824526 0.0966129825
0.0153137855 9.125 -0.0196983404 0.00552824233 0.995912194 0.0633516312 0.00862468779 0 0.497956097 0.00154241221 0 0.00228013028 0.0828962624
0.00307791494 9.125 -0.00675168401 0.00371008134 -0.18816781 1.09002507 0.00362859666 0 -0.0940839052 -0.00031761243 -0 -0.000144791149 0.0657689944
0.00307791494 9.125 0.00675168401 0.00371008134 -3.29107428 2.07149005 -0.00176141411 0 -1.64553714 -0.00555507373 0 0.00253241183 0.0437874608
0.0153137855 9.125 0.0196983404 0.00552824233 -3.3679142 2.08994389 -0.00695912167 0 -1.6839571 -0.00521603413 0 0.0077108033 0.0198656879
0.0394842401 9.125 0.0313799232 0.0079918392 -2.30731702 1.81856275 -0.0121050384 0 -1.15365851 -0.0031648376 0 0.00865964685 -0.00501671387
0.0749941245 9.125 0.0414576828 0.0105026364 -1.71196079 1.64671135 -0.0173908509 0 -0.855980396 -0.00196496607 0 0.00877268054 -0.031086212
0.120969057 9.125 0.0495657399 0.0128595736 -1.3477428 1.53206432 -0.0228376165 0 -0.673871398 -0.00118497282 0 0.00858429819 -0.0578727014
0.176276997 9.125 0.0553972535 0.0149600226 -1.09111953 1.44579113 -0.0284186006 0 -0.545559764 -0.000631377683 0 0.00813712925 -0.084784545
0.239556059 9.125 0.0587764904 0.0167328101 -0.892032623 1.37508988 -0.0340646952 0 -0.446016312 -0.000237422049 0 0.00745932898 -0.110920906
0.30924812 9.125 0.0596989468 0.0181218311 -0.729681611 1.3145752 -0.0396696925 0 -0.364840806 2.59367716e-05 0 0.006611533 -0.135688305
0.38363713 9.125 0.0583324954 0.0190826375 -0.592429638 1.26110888 -0.0451005697 0 -0.296214819 0.000181322932 0 0.0056496514 -0.158297509
0.460891366 9.125 0.0549848676 0.0195831098 -0.478458762 1.2148819 -0.0502060652 0 -0.239229381 0.000253985665 0 0.00467796531 -0.178404823
0.539108634 9.125 0.0500518233 0.0196047015 -0.380942583 1.17385483 -0.0548396409 0 -0.190471292 0.000267581228 0 0.0037245329 -0.195771024
0.61636281 9.125 0.0439641662 0.0191431083 -0.295678973 1.13675523 -0.0588770509 0 -0.147839487 0.000242307695 0 0.0028197153 -0.21023573
0.690751851 9.125 0.0371483043 0.018207822 -0.220000029 1.10278153 -0.0622319281 0 -0.110000014 0.000194583234 0 0.00199338607 -0.221798643
0.760443926 9.125 0.0300075412 0.0168210901 -0.149551749 1.0702076 -0.0648649335 0 -0.0747758746 0.000134704605 0 0.00125057786 -0.230567381
0.823723018 9.125 0.0229215641 0.0150165278 -0.0817503929 1.03792548 -0.0667907298 0 -0.0408751965 7.1185932e-05 0 0.000609661685 -0.236652598
0.879030943 9.125 0.0162547119 0.012837844 -0.0128096342 1.0040791 -0.0680785477 0 -0.0064048171 1.01957203e-05 0 8.15894673e-05 -0.240340278
0.925005853 9.125 0.0103608835 0.0103378817 0.0611258745 0.966507077 -0.0688345432 0 0.0305629373 -4.14137357e-05 -0 -0.00031323015 -0.241897687
0.960515738 9.125 0.00557609182 0.00757759437 0.144246459 0.922477543 -0.0692003071 0 0.0721232295 -7.48181119e-05 -0 -0.000541375135 -0.241790131
0.984686196 9.125 0.00219627423 0.00462524034 0.247311652 0.864802063 -0.0693233609 0 0.123655826 -8.06908574e-05 -0 -0.000566217233 -0.24063845
0.996922076 9.125 0.000445593178 0.00155500555 0.314328909 0.825144768 -0.0693339705 0 0.157164454 -3.50157061e-05 -0 -0.000241870148 -0.239338875
0.996922076 9.375 -0.000445593178 0.00155500555 0.278485537 -0.845865667 0.0776254535 0 0.139242768 -3.1022817e-05 -0 0.000214289365 0.131989866
0.984686196 9.375 -0.00219627423 0.00462524034 0.232271254 -0.872764707 0.0775277019 0 0.116135627 -7.57835951e-05 -0 0.000531782396 0.130257219
0.960515738 9.375 -0.00557609182 0.00757759484 0.164157748 -0.910974979 0.077245459 0 0.0820788741 -8.51457517e-05 -0 0.000616104749 0.127815053
0.925005853 9.375 -0.0103608835 0.0103378817 0.115756214 -0.937207282 0.0767222792 0 0.0578781068 -7.84266376e-05 -0 0.000593174889 0.125267193
0.879030943 9.375 -0.0162547119 0.012837844 0.0798450708 -0.956239223 0.0759044737 0 0.0399225354 -6.35520119e-05 -0 0.000508563826 0.122953899
0.823723018 9.375 -0.0229215641 0.0150165278 0.0532476902 -0.970138669 0.0747213811 0 0.0266238451 -4.63665856e-05 -0 0.000397099939 0.121082246
0.760443926 9.375 -0.0300075412 0.0168210901 0.0336158276 -0.980326593 0.0731022209 0 0.0168079138 -3.02785302e-05 -0 0.000281101442 0.119684547
0.690751851 9.375 -0.0371483043 0.018207822 0.0194351673 -0.987686515 0.0709939897 0 0.00971758366 -1.71898064e-05 -0 0.000176099042 0.11881423
0.61636281 9.375 -0.0439641662 0.0191431083 0.0109717846 -0.992146492 0.0683631152 0 0.0054858923 -8.99133192e-06 -0 0.000104631414 0.118363179
0.539108634 9.375 -0.0500518233 0.0196047015 0.00783997774 -0.993937075 0.0651853085 0 0.00391998887 -5.50694813e-06 -0 7.665265e-05 0.118230872
0.460891366 9.375 -0.0549848676 0.0195831098 0.0120806098 -0.992040515 0.0614409745 0 0.0060403049 -6.41288625e-06 -0 0.000118113996 0.118242897
0.38363713 9.375 -0.0583324954 0.0190826375 0.025917232 -0.985302269 0.0571156591 0 0.012958616 -7.93239906e-06 -0 0.000247157324 0.118118577
0.30924812 9.375 -0.0596989468 0.0181218311 0.0518221855 -0.972343504 0.0522104204 0 0.0259110928 -1.84203668e-06 -0 0.000469552877 0.117566645
0.239556059 9.375 -0.0587764904 0.0167328101 0.099919796 -0.947572291 0.0467649698 0 0.049959898 2.65945e-05 0 0.000835546351 0.116277508
0.176276997 9.375 -0.0553972535 0.0149600226 0.178799331 -0.905279398 0.040864557 0 0.0893996656 0.000103462458 0 0.00133341318 0.113566905
0.120969057 9.375 -0.0495657399 0.0128595736 0.302783728 -0.834276199 0.0346339643 0 0.151391864 0.000266215851 0 0.00192854751 0.109060995
0.0749941245 9.375 -0.0414576828 0.0105026355 0.490699947 -0.713095188 0.0282009244 0 0.245349973 0.00056321884 0 0.00251451624 0.102142937
0.0394842401 9.375 -0.0313799232 0.0079918392 0.759466648 -0.4899638 0.0216524601 0 0.379733324 0.00104172446 0 0.00285037258 0.0925908685
0.0153137855 9.375 -0.0196983404 0.00552824233 0.999748051 -0.00519698858 0.0149983317 0 0.499874026 0.001548353 0 0.00228891242 0.0802362785
0.00307791494 9.375 -0.00675168401 0.00371008134 0.0192834139 0.990278959 0.00801257789 0 0.00964170694 3.25488836e-05 0 1.48381787e-05 0.0645406321
0.00307791494 9.375 0.00675168401 0.00371008134 -2.88188291 1.97024941 0.000471487641 0 -1.44094145 -0.00486439094 0 0.00221754774 0.0441043749
0.0153137855 9.375 0.0196983404 0.00552824233 -3.07034492 2.01749802 -0.00684358552 0 -1.53517246 -0.00475517567 0 0.00702952174 0.0216759592
0.0394842401 9.375 0.0313799232 0.0079918392 -2.12984061 1.76907873 -0.0141752381 0 -1.06492031 -0.00292140152 0 0.00799355563 -0.00172223803
0.0749941245 9.375 0.0414576828 0.0105026364 -1.58779025 1.60851288 -0.0218299329 0 -0.793895125 -0.00182244473 0 0.00813638791 -0.0262596961
0.120969057 9.375 0.0495657399 0.0128595736 -1.25132132 1.50014329 -0.0298571661 0 -0.625660658 -0.00110019639 0 0.00797015242 -0.0514581315
0.176276997 9.375 0.0553972535 0.0149600226 -1.01173496 1.41784167 -0.03820692 0 -0.505867481 -0.00058544171 0 0.00754511077 -0.0767335519
0.239556059 9.375 0.0587764904 0.0167328101 -0.824652553 1.34998727 -0.0467637926 0 -0.412326276 -0.000219488269 0 0.00689588534 -0.101205274
0.30924812 9.375 0.0596989468 0.0181218311 -0.671769857 1.29178464 -0.0553378612 0 -0.335884929 2.38782814e-05 0 0.00608680351 -0.12431246
0.38363713 9.375 0.0583324954 0.0190826375 -0.542670131 1.24040866 -0.0636901557 0 -0.271335065 0.000166093218 0 0.00517512439 -0.145307764
0.460891366 9.375 0.0549848676 0.0195831098 -0.43607235 1.19622386 -0.0715601742 0 -0.218036175 0.000231485188 0 0.00426354678 -0.163894087
0.539108634 9.375 0.0500518233 0.0196047015 -0.345470905 1.1572715 -0.0786992311 0 -0.172735453 0.000242665265 0 0.00337772118 -0.179878354
0.61636281 9.375 0.0439641662 0.0191431083 -0.266776204 1.12230444 -0.0849055052 0 -0.133388102 0.000218622008 0 0.00254408689 -0.193138376
0.690751851 9.375 0.0371483043 0.018207822 -0.197358012 1.09052765 -0.0900412202 0 -0.0986790061 0.000174557077 0 0.00178823026 -0.203700647
0.760443926 9.375 0.0300075412 0.0168210901 -0.132813454 1.06017423 -0.0940425396 0 -0.0664067268 0.00011962805 0 0.00111060927 -0.211685911
0.823723018 9.375 0.0229215641 0.0150165278 -0.0704772472 1.03008747 -0.096938014 0 -0.0352386236 6.13695956e-05 0 0.00052559108 -0.217198804
0.879030943 9.375 0.0162547119 0.012837844 -0.00649690628 0.998363078 -0.0988332629 0 -0.00324845314 5.17115768e-06 0 4.1381285e-05 -0.220505908
0.925005853 9.375 0.0103608835 0.0103378817 0.0631321073 0.962749302 -0.0999084413 0 0.0315660536 -4.27729865e-05 -0 -0.000323510758 -0.221841395
0.960515738 9.375 0.00557609182 0.00757759437 0.142739892 0.920424759 -0.10039112 0 0.071369946 -7.40366813e-05 -0 -0.000535720785 -0.221627727
0.984686196 9.375 0.00219627423 0.00462524034 0.243054569 0.864199102 -0.100525528 0 0.121527284 -7.93018844e-05 -0 -0.000556470652 -0.220441043
0.996922076 9.375 0.000445593178 0.00155500555 0.3086344 0.825385571 -0.100519866 0 0.1543172 -3.43813481e-05 -0 -0.000237488348 -0.219139218
0.996922076 9.625 -0.000445593178 0.00155500555 0.266727924 -0.848195076 0.117631629 0 0.133363962 -2.97130373e-05 -0 0.000205242104 0.109149024
0.984686196 9.625 -0.00219627423 0.00462524034 0.21931082 -0.875739753 0.117341861 0 0.10965541 -7.15549686e-05 -0 0.000502109644 0.107449159
0.960515738 9.625 -0.00557609182 0.00757759484 0.149366796 -0.914885879 0.116692066 0 0.074683398 -7.74739456e-05 -0 0.000560592453 0.105095156
0.925005853 9.625 -0.0103608835 0.0103378817 0.0994688869 -0.941878438 0.115741611 0 0.0497344434 -6.73917239e-05 -0 0.000509712962 0.102703132
0.879030943 9.625 -0.0162547119 0.012837844 0.0619428158 -0.96173203 0.114580557 0 0.0309714079 -4.93028638e-05 -0 0.00039453755 0.100625657
0.823723018 9.625 -0.0229215641 0.0150165278 0.0333887935 -0.976625085 0.113201663 0 0.0166943967 -2.90740172e-05 -0 0.000249000237 0.0990871266
0.760443926 9.625 -0.0300075412 0.0168210901 0.0114627481 -0.987981677 0.111487523 0 0.00573137403 -1.03247539e-05 -0 9.5853502e-05 0.0981393233
0.690751851 9.625 -0.0371483043 0.018207822 -0.00525677204 -0.996651232 0.109284252 0 -0.00262838602 4.64945288e-06 0 -4.76307978e-05 0.09785074
0.61636281 9.625 -0.0439641662 0.0191431083 -0.0165444613 -1.00259757 0.10650152 0 -0.00827223063 1.35581176e-05 0 -0.000157774732 0.0981220081
0.539108634 9.625 -0.0500518233 0.0196047015 -0.0229736567 -1.00615489 0.103082478 0 -0.0114868283 1.61371281e-05 0 -0.000224616902 0.0988624245
0.460891366 9.625 -0.0549848676 0.0195831098 -0.0227113962 -1.0064373 0.098971352 0 -0.0113556981 1.20561463e-05 0 -0.000222052826 0.0999077708
0.38363713 9.625 -0.0583324954 0.0190826375 -0.0137472153 -1.00244653 0.0940650105 0 -0.00687360764 4.20756396e-06 0 -0.000131099077 0.10098917
0.30924812 9.625 -0.0596989468 0.0181218311 0.00628697872 -0.992937088 0.0882549584 0 0.00314348936 -2.23472725e-07 -0 5.69653494e-05 0.101823881
0.239556059 9.625 -0.0587764904 0.0167328101 0.0477311611 -0.972435713 0.0814715922 0 0.0238655806 1.2704053e-05 0 0.000399136101 0.102097809
0.176276997 9.625 -0.0553972535 0.0149600226 0.119508266 -0.935448229 0.0736770779 0 0.0597541332 6.91536043e-05 0 0.00089124433 0.101103202
0.120969057 9.625 -0.0495657399 0.0128595736 0.236505687 -0.871374071 0.0648192614 0 0.118252844 0.000207942358 0 0.0015063968 0.0984259173
0.0749941245 9.625 -0.0414576828 0.0105026355 0.418925166 -0.76029551 0.0550056249 0 0.209462583 0.000480836723 0 0.00214671739 0.0934050307
0.0394842401 9.625 -0.0313799232 0.0079918392 0.69066155 -0.554398179 0.0445101261 0 0.345330775 0.000947347726 0 0.00259213848 0.0857867524
0.0153137855 9.625 -0.0196983404 0.00552824233 0.988062859 -0.103948951 0.0336417407 0 0.494031429 0.00153025566 0 0.00226215948 0.0753970966
0.00307791494 9.625 -0.00675168401 0.00371008134 0.282689154 0.846648335 0.0223042592 0 0.141344577 0.00047715698 0 0.000217523309 0.0617627054
0.00307791494 9.625 0.00675168401 0.00371008134 -2.32754683 1.82412767 0.0102591291 0 -1.16377342 -0.00392871536 0 0.00179099792 0.043551717
0.0153137855 9.625 0.0196983404 0.00552824233 -2.65594983 1.91205335 -0.00139009207 0 -1.32797492 -0.00411338406 0 0.00608076854 0.0232874807
0.0394842401 9.625 0.0313799232 0.0079918392 -1.87607598 1.69584739 -0.0133292712 0 -0.938037992 -0.0025733246 0 0.00704114605 0.00207090494
0.0749941245 9.625 0.0414576828 0.0105026364 -1.40581369 1.55084538 -0.0263130516 0 -0.702906847 -0.00161357434 0 0.00720387651 -0.0201712456
0.120969057 9.625 0.0495657399 0.0128595736 -1.10723567 1.45106757 -0.0404798649 0 -0.553617835 -0.000973512302 0 0.00705241505 -0.0429441184
0.176276997 9.625 0.0553972535 0.0149600226 -0.891654849 1.37425303 -0.0555287749 0 -0.445827425 -0.000515957188 0 0.00664960174 -0.065681085
0.239556059 9.625 0.0587764904 0.0167328101 -0.722267985 1.31043482 -0.0709123164 0 -0.361133993 -0.000192237741 0 0.00603972794 -0.0875390097
0.30924812 9.625 0.0596989468 0.0181218311 -0.584104061 1.2556684 -0.0860280842 0 -0.292052031 2.07621706e-05 0 0.00529247709 -0.108019374
0.38363713 9.625 0.0583324954 0.0190826375 -0.468263745 1.20754933 -0.100440696 0 -0.234131873 0.000143319907 0 0.00446555484 -0.126452431
0.460891366 9.625 0.0549848676 0.0195831098 -0.374017358 1.1666472 -0.113805577 0 -0.187008679 0.000198543858 0 0.00365682552 -0.142624736
0.539108634 9.625 0.0500518233 0.0196047015 -0.29516387 1.13107574 -0.125823617 0 -0.147581935 0.00020732866 0 0.00288586179 -0.156421408
0.61636281 9.625 0.0439641662 0.0191431083 -0.227677584 1.09959769 -0.136244595 0 -0.113838792 0.00018658083 0 0.00217122631 -0.167782977
0.690751851 9.625 0.0371483043 0.018207822 -0.168912292 1.07140839 -0.144900918 0 -0.0844561458 0.000149397718 0 0.00153048802 -0.176778033
0.760443926 9.625 0.0300075412 0.0168210901 -0.114407778 1.04469943 -0.151693255 0 -0.0572038889 0.00010304965 0 0.000956697855 -0.183546111
0.823723018 9.625 0.0229215641 0.0150165278 -0.0613400936 1.01824296 -0.156593055 0 -0.0306700468 5.34132196e-05 0 0.000457449845 -0.188183591
0.879030943 9.625 0.0162547119 0.012837844 -0.00563979149 0.990022898 -0.159669697 0 -0.00281989574 4.48894434e-06 0 3.59219921e-05 -0.190923646
0.925005853 9.625 0.0103608835 0.0103378817 0.0569229126 0.957651496 -0.161185265 0 0.0284614563 -3.85661588e-05 -0 -0.000291692704 -0.191943467
0.960515738 9.625 0.00557609182 0.00757759437 0.130955577 0.918110609 -0.161608607 0 0.0654777884 -6.79243676e-05 -0 -0.000491492799 -0.191594571
0.984686196 9.625 0.00219627423 0.00462524034 0.227371573 0.864028394 -0.161503404 0 0.113685787 -7.41849653e-05 -0 -0.000520564616 -0.190375686
0.996922076 9.625 0.000445593178 0.00155500555 0.291075051 0.826376438 -0.161328495 0 0.145537525 -3.24252687e-05 -0 -0.000223976764 -0.189078942
0.996922076 9.875 -0.000445593178 0.00155500555 0.236504018 -0.857052386 0.170168161 0 0.118252009 -2.63461461e-05 -0 0.000181985379 0.0731740519
0.984686196 9.875 -0.00219627423 0.00462524034 0.187986732 -0.885021091 0.169561088 0 0.0939933658 -6.13347947e-05 -0 0.000430393469 0.0715862885
0.960515738 9.875 -0.00557609182 0.00757759484 0.117399156 -0.924267411 0.16831702 0 0.058699578 -6.08928858e-05 -0 0.000440613832 0.0694690198
0.925005853 9.875 -0.0103608835 0.0103378817 0.069425106 -0.950148344 0.166712344 0 0.034712553 -4.70365922e-05 -0 0.000355758268 0.0673963875
0.879030943 9.875 -0.0162547119 0.012837844 0.0343642831 -0.968696296 0.165115729 0 0.0171821415 -2.73519618e-05 -0 0.000218879301 0.0656636208
0.823723018 9.875 -0.0229215641 0.0150165278 0.0068911314 -0.983020604 0.163644016 0 0.0034455657 -6.00060275e-06 -0 5.13912964e-05 0.0644814149
0.760443926 9.875 -0.0300075412 0.0168210901 -0.0160331726 -0.99486506 0.162100792 0 -0.0080165863 1.4441438e-05 0 -0.000134072194 0.0639407858
0.690751851 9.875 -0.0371483043 0.018207822 -0.0353002548 -1.00481534 0.160144836 0 -0.0176501274 3.12219854e-05 0 -0.000319850136 0.064172104
0.61636281 9.875 -0.0439641662 0.0191431083 -0.0499011278 -1.01245797 0.157575175 0 -0.0249505639 4.08937667e-05 0 -0.000475877518 0.0651124194
0.539108634 9.875 -0.0500518233 0.0196047015 -0.0602737665 -1.01806939 0.15429987 0 -0.0301368833 4.23374258e-05 0 -0.00058930571 0.0666896328
0.460891366 9.875 -0.0549848676 0.0195831098 -0.0650833845 -1.02103543 0.150233045 0 -0.0325416923 3.45489461e-05 0 -0.00063633034 0.0687572211
0.38363713 9.875 -0.0583324954 0.0190826375 -0.0630178452 -1.02075779 0.145159796 0 -0.0315089226 1.92876578e-05 0 -0.000600963947 0.0710860714
0.30924812 9.875 -0.0596989468 0.0181218311 -0.0522478819 -1.01635432 0.138822764 0 -0.0261239409 1.85716817e-06 0 -0.000473410037 0.0734391659
0.239556059 9.875 -0.0587764904 0.0167328101 -0.0230822563 -1.00295925 0.130977169 0 -0.0115411282 -6.14353803e-06 -0 -0.000193017753 0.0755417123
0.176276997 9.875 -0.0553972535 0.0149600226 0.0318486094 -0.976438642 0.121321619 0 0.0159243047 1.84292385e-05 0 0.000237514076 0.0767283663
0.120969057 9.875 -0.0495657399 0.0128595736 0.127300203 -0.927758813 0.109377161 0 0.0636501014 0.000111925867 0 0.000810824567 0.0766513646
0.0749941245 9.875 -0.0414576828 0.0105026355 0.287202597 -0.83889854 0.0951136202 0 0.143601298 0.000329647301 0 0.00147172541 0.074640125
0.0394842401 9.875 -0.0313799232 0.0079918392 0.548830152 -0.667018354 0.0790974498 0 0.274415076 0.000752804335 0 0.00205982779 0.0703358054
0.0153137855 9.875 -0.0196983404 0.00552824233 0.919273317 -0.277229846 0.0622117668 0 0.459636658 0.00142371829 0 0.00210466632 0.0634154081
0.00307791494 9.875 -0.00675168401 0.00371008134 0.638757706 0.599370599 0.0446893722 0 0.319378853 0.00107817259 0 0.000491510495 0.0533885024
0.00307791494 9.875 0.00675168401 0.00371008134 -1.48311067 1.57556844 0.0263561159 0 -0.741555333 -0.00250337366 0 0.00114122219 0.0389748104
0.0153137855 9.875 0.0196983404 0.00552824233 -2.00076723 1.73225033 0.00872190297 0 -1.00038362 -0.00309867458 0 0.00458073523 0.0223710053
0.0394842401 9.875 0.0313799232 0.0079918392 -1.45334506 1.56628609 -0.00964266993 0 -0.72667253 -0.00199348456 0 0.00545458449 0.00494239759
0.0749941245 9.875 0.0414576828 0.0105026364 -1.08402848 1.44329989 -0.0302315541 0 -0.542014241 -0.00124423357 0 0.00555493729 -0.0131031703
0.120969057 9.875 0.0495657399 0.0128595736 -0.841343403 1.3559128 -0.0533274934 0 -0.420671701 -0.000739732466 0 0.0053588436 -0.0312181991
0.176276997 9.875 0.0553972535 0.0149600226 -0.667759299 1.28904974 -0.0781665891 0 -0.33387965 -0.00038639977 0 0.0049798796 -0.0489691645
0.239556059 9.875 0.0587764904 0.0167328101 -0.535351515 1.23477066 -0.103406817 0 -0.267675757 -0.000142488352 0 0.00447670044 -0.0657491162
0.30924812 9.875 0.0596989468 0.0181218311 -0.429916263 1.18894863 -0.127739549 0 -0.214958131 1.52815155e-05 0 0.00389540521 -0.0812984183
0.38363713 9.875 0.0583324954 0.0190826375 -0.342088103 1.14867055 -0.150479406 0 -0.171044052 0.000104701743 0 0.0032622919 -0.0950874165
0.460891366 9.875 0.0549848676 0.0195831098 -0.271765947 1.11464584 -0.171261907 0 -0.135882974 0.000144264573 0 0.00265709776 -0.106991298
0.539108634 9.875 0.0500518233 0.0196047015 -0.21399951 1.08534312 -0.189815283 0 -0.106999755 0.000150317283 0 0.00209230534 -0.116966546
0.61636281 9.875 0.0439641662 0.0191431083 -0.165568829 1.05980086 -0.205890626 0 -0.0827844143 0.00013568296 0 0.00157893181 -0.125016078
0.690751851 9.875 0.0371483043 0.018207822 -0.124447584 1.0374707 -0.219321877 0 -0.0622237921 0.000110070047 0 0.0011276002 -0.131250188
0.760443926 9.875 0.0300075412 0.0168210901 -0.0870420933 1.01693654 -0.229961365 0 -0.0435210466 7.84007643e-05 0 0.000727861247 -0.135839283
0.823723018 9.875 0.0229215641 0.0150165278 -0.0512983799 0.997405291 -0.237657458 0 -0.0256491899 4.46691811e-05 0 0.000382562779 -0.138902277
0.879030943 9.875 0.0162547119 0.012837844 -0.013064146 0.976898193 -0.242351025 0 -0.00653207302 1.03982966e-05 0 8.32105507e-05 -0.140671059
0.925005853 9.875 0.0103608835 0.0103378817 0.0334269404 0.952289462 -0.244372368 0 0.0167134702 -2.2647273e-05 -0 -0.000171291205 -0.141248763
0.960515738 9.875 0.00557609182 0.00757759437 0.0950532556 0.919313252 -0.24456057 0 0.0475266278 -4.930246e-05 -0 -0.000356746867 -0.140823424
0.984686196 9.875 0.00219627423 0.00462524034 0.184230626 0.869620323 -0.243987322 0 0.0921153128 -6.01092834e-05 -0 -0.000421793928 -0.139689341
0.996922076 9.875 0.000445593178 0.00155500555 0.244959354 0.834114373 -0.243503273 0 0.122479677 -2.72880552e-05 -0 -0.000188491598 -0.138474971