x y z A dCp dVx dVy dVz dP dFx dFy dFz mu 
23.021228392801952 1.4461363636363624 -0.0044054652893009728 0.92834067744801985 0.15584969080275757 -0.91077505169459705 -0.018912607814275798 -0.11950492740305732 0.077924845401378784 -0.0019858066979242246 0.0017035815063000934 0.072293473231627367 1.0946469780028729
22.646076769132392 1.4461363636363624 -0.020187122666364955 1.2453741929038298 0.16057614717222524 -0.91342270439626494 -0.01938001169343518 -0.068609263718179034 0.080288073586112618 -0.0052834450177861687 0.0045396973482792861 0.099745754059801017 1.0620879310277576
22.147203254108145 1.4461363636363624 -0.052474513720355123 1.6511394051443316 0.15617633042505441 -0.91798689776387821 -0.019121224870898262 -0.027533686063315077 0.078088165212527205 -0.0094456835335996556 0.0081298324753707046 0.12833073062000727 1.0195837394859408
21.493289410337972 1.4461363636363624 -0.10783371486942381 2.1553107150330217 0.13951765781543124 -0.92737605978214044 -0.018183397491214892 0.011195980671523803 0.06975882890771562 -0.013900565203962628 0.011989573848371111 0.14922712119326151 0.96849929521548583
20.651941209797744 1.4461363636363624 -0.19424595139024176 2.7564225157482349 0.11046302426603116 -0.9419475860732538 -0.016322674073436703 0.044780477172884442 0.055231512133015581 -0.016602011265271256 0.014353982269718582 0.15065117092864022 0.91279486688047373
19.594592380096699 1.4461363636363624 -0.31863940419413805 3.4337091440694181 0.069435330866178036 -0.96195440834871671 -0.0124863561888652 0.071080773078358639 0.034717665433089018 -0.01454566398231185 0.012606995619977105 0.1176460730571935 0.8620642269094041
18.303819531472517 1.4461363636363624 -0.48349589496984768 4.1388996497909067 0.021325989570731396 -0.98554767057785464 -0.0061253127700925357 0.085628733444455901 0.010662994785365698 -0.0057009675806513945 0.0049501276013732597 0.043482440886677125 0.82968084503014417
16.781973058073334 1.4461363636363624 -0.68137958948511779 4.7938315798706004 -0.026634055459210382 -1.0099281240180311 0.0015076432611897681 0.081712708855034566 -0.013317027729605191 0.0081236195331885856 -0.0070488340164590419 -0.062927051026861525 0.82949189658257783
15.058977530176515 1.4461363636363624 -0.8918309474024968 5.3023945095687726 -0.06712912204079835 -1.0314735913802435 0.008122511638988866 0.055905072494499386 -0.033564561020399175 0.02038536827231055 -0.017564208983998447 -0.17592658061290337 0.86958558843141587
13.195688651407952 1.4461363636363624 -1.0843359287281644 5.5762254029367195 -0.095810985519713121 -1.0467109341880461 0.012106297495996669 0.0077873828620084184 -0.047905492759856561 0.024250040039385381 -0.020405700011560626 -0.265245085250777 0.94700992637638748
11.278858258374239 1.4461363636363624 -1.2252116543633191 5.5647967346176799 -0.11186285205621016 -1.0524622504601191 0.013097791922772585 -0.063360170922902664 -0.05593142602810508 0.01726581877593418 -0.01328101944926261 -0.31048383463280793 1.0474246422474354
9.4071499966309986 1.4461363636363624 -1.287094559427483 5.2760717467868483 -0.1162722989617897 -1.0449248028945513 0.012745649926261392 -0.15569843822444071 -0.05813614948089485 0.0028642678237007272 0.0006530808204756179 -0.30671642680837952 1.1479282074049044
7.6721007726642148 1.4461363636363624 -1.2640445389951711 4.7698909981603279 -0.111621446082659 -1.0241231738317507 0.013030791085696459 -0.25024661713422208 -0.055810723041329502 -0.010191158931536643 0.013066203715745687 -0.26569483615696848 1.2219720999100154
6.1405049071161084 1.4461363636363624 -1.1748593804478715 4.1297894540287654 -0.10455300841563986 -0.99645368494424591 0.014402674254139386 -0.3338047710129417 -0.052276504207819929 -0.017423415770250847 0.019749867976790628 -0.21427849187794956 1.2565934939242409
4.846288702312286 1.4461363636363624 -1.0435885618159784 3.4456911493122706 -0.10586414144445588 -0.964879479766107 0.019524921464239647 -0.41772061047135073 -0.052932070722227942 -0.022551633571334696 0.024604032097783009 -0.17930780865232285 1.2571820990237057
3.7933902890615028 1.4461363636363624 -0.88840378652046037 2.7900710211801814 -0.11894188005105177 -0.92859578703031742 0.030965899943379987 -0.50566081260197893 -0.059470940025525887 -0.028047970580782573 0.030072001013931895 -0.16075178337515728 1.2323056178039278
2.9648127747366697 1.4461363636363624 -0.72108944273622877 2.2116448940606173 -0.15414597896175186 -0.88145249234641077 0.054456459005672447 -0.6117368525523178 -0.077072989480875931 -0.038244590067458957 0.040593972196913297 -0.1610758797440148 1.1906796965069029
2.3330906430849812 1.4461363636363624 -0.54611024662812513 1.734797359724348 -0.22789237695899467 -0.80975417619675016 0.10027773843862738 -0.74975657800685647 -0.11394618847949733 -0.058791959492915727 0.062017808003474964 -0.17824737906429969 1.1369634714191721
1.8717832575180993 1.4461363636363624 -0.35909570602006491 1.3757342456085468 -0.40716857726292388 -0.66676982839729015 0.20547272055246635 -0.95935787603518441 -0.20358428863146194 -0.11519442736597769 0.12101721099087445 -0.22478588956187767 1.0724732444401339
1.5978939426567997 1.4461363636363624 -0.13063894373585552 1.1951093157814408 -1.1034453253536713 -0.11729979155191572 0.5667162687662205 -1.3298566670777876 -0.55172266267683567 -0.41692959312770828 0.43674950276250646 -0.26492814958874816 0.99535774550012002
1.597893942656798 1.4461363636363624 0.13063894373585411 1.1951093157814259 -1.6773662998771304 0.9985087706864646 0.51455057760774936 -1.1897832734674274 -0.83868314993856519 -0.63378187651458284 0.66391046351762661 0.40272185653288461 0.88128641142435293
1.8717832575181004 1.4461363636363624 0.35909570602006469 1.3757342456085828 -0.93577774257318036 1.2029404864081554 0.16404796038049788 -0.67955882411185686 -0.46788887128659018 -0.26474631692400841 0.27812856599790886 0.51661558391990803 0.76430118540496694
2.3330906430849829 1.4461363636363624 0.54611024662812624 1.7347973597243187 -0.55773719494083607 1.166529124946142 0.085900560980665397 -0.4353941768288031 -0.27886859747041803 -0.14388573681230971 0.15178058491381982 0.43623746670019048 0.66228763263836921
2.9648127747366666 1.4461363636363624 0.72108944273622833 2.2116448940606146 -0.43804404492189963 1.1638526545402261 0.061614551435229113 -0.28230248049389195 -0.21902202246094982 -0.10868149167670761 0.1153578439110319 0.4577370773968048 0.54582742165203813
3.7933902890614988 1.4461363636363624 0.88840378652045959 2.7900710211801796 -0.39294968958527488 1.1669110530239046 0.0554373295655795 -0.16791362781666755 -0.19647484479263744 -0.092662410653714597 0.099349223827306599 0.53107755948060442 0.40182976481662896
4.8462887023122834 1.4461363636363624 1.0435885618159779 3.4456911493122839 -0.38492261184810594 1.1730239556112474 0.057573855860263368 -0.074984415258303849 -0.19246130592405297 -0.081997866107232795 0.089460398656728654 0.65196419759778212 0.22002249091605186
6.140504907116112 1.4461363636363624 1.1748593804478715 4.1297894540287832 -0.39996628616317809 1.1814503592913057 0.063183413186475981 0.012214376436386565 -0.19998314308158904 -0.066653069132171783 0.075552884288965116 0.81971981389920745 -0.010619268011241325
7.6721007726642263 1.4461363636363629 1.2640445389951713 4.7698909981603563 -0.43089635924904579 1.1901414251727767 0.070102753514728347 0.097700313645406961 -0.2154481796245229 -0.039341304330313347 0.05043994508144857 1.0256715137566768 -0.29657123033309862
9.4071499966310093 1.4461363636363629 1.287094559427483 5.276071746786819 -0.46745658156822145 1.1934626212290995 0.076745342481222487 0.19290854233192542 -0.23372829078411073 0.011515389800652942 0.0026256204663808037 1.233110669238435 -0.63830016397041212
11.278858258374242 1.4461363636363624 1.2252116543633187 5.5647967346176808 -0.48876346544210403 1.1837471635335943 0.081352468194111197 0.28440797138441842 -0.24438173272105201 0.075439712679419763 -0.058028889584933553 1.356600088317341 -1.0117330523157861
13.195688651407959 1.4461363636363624 1.0843359287281635 5.5762254029367302 -0.48064708041606385 1.1614041079999784 0.08067440580679433 0.3539480450356508 -0.24032354020803193 0.12165317872140161 -0.10236759470953055 1.3306331745670774 -1.3736595892717376
15.058977530176518 1.4461363636363624 0.89183094740249591 5.3023945095687441 -0.44366609154679515 1.130404923513024 0.073717682626443876 0.40052029126187405 -0.22183304577339757 0.1347298518312407 -0.11608440143616983 1.1627242550897861 -1.6856171114340583
16.781973058073334 1.4461363636363624 0.68137958948511712 4.7938315798705986 -0.38161421548170593 1.0940034375075922 0.062016459843394003 0.42535238674747111 -0.19080710774085297 0.1163956686873077 -0.10099608252942857 0.90162225752551495 -1.9222762121371209
18.30381953147252 1.4461363636363624 0.48349589496984718 4.1388996497909334 -0.30184732362219124 1.0561129117574928 0.048327755322198893 0.42911218732030809 -0.15092366181109562 0.080691299251042223 -0.070063935983234307 0.61544897425144807 -2.0760713076318535
19.594592380096703 1.4461363636363624 0.31863940419413794 3.4337091440694225 -0.2159580956077054 1.0209660193534869 0.035416600387399716 0.41512907312087921 -0.1079790478038527 0.045239993153108018 -0.039210337611441257 0.36590337478368795 -2.1571504100143821
20.651941209797744 1.4461363636363624 0.19424595139024153 2.7564225157482247 -0.13539768625508986 0.99139385573426242 0.02493032145834018 0.38976196343335784 -0.067698843127544928 0.020349559750283876 -0.017594086354053656 0.1846574463345601 -2.1860995121089952
21.493289410337976 1.4461363636363624 0.10783371486942341 2.1553107150330471 -0.065876834768130443 0.96849911539153088 0.016933611072687926 0.35721079360790797 -0.032938417384065222 0.006563507813014559 -0.0056611843096901942 0.070461406532335527 -2.1841303351771217
22.147203254108152 1.4461363636363624 0.052474513720354735 1.6511394051443316 -0.0089228684998339247 0.95223502769612534 0.010890490756573338 0.31945691061467801 -0.0044614342499169624 0.00053966303236841146 -0.00046448412448916337 0.0073319576064660693 -2.1674635683287837
22.646076769132392 1.4461363636363627 0.020187122666364871 1.2453741929038051 0.038073212905411546 0.94018721051908227 0.0063851314752608884 0.27916666413986274 0.019036606452705773 -0.001252724832290653 0.001076379441846904 -0.023650096216696514 -2.1464199939062278
23.021228392801952 1.4461363636363624 0.004405465289301011 0.92834067744802073 0.079830968931392632 0.93154285570674544 0.0025159667785748128 0.22888994945496885 0.039915484465696316 -0.0010171908073040377 0.0008726264492475512 -0.037030923743060773 -2.1254143490110686
25.506508347540908 4.3384090909090869 -0.0042939303108436733 0.90483749431962401 0.15496909647284218 -0.91136405801328002 -0.012846385293722538 -0.11950492740305679 0.077484548236421091 -0.0019245949196574968 0.0016510692182048078 0.070065052883255582 1.1498340909193312
25.140854591977543 4.3384090909090869 -0.019676036970791323 1.2138445417420842 0.1595006567146543 -0.91412150751889187 -0.013190212613277652 -0.068609263718180533 0.079750328357327149 -0.0051151908537863796 0.0043951282310507548 0.096569296576973787 1.1183350091589452
24.654611263119165 4.3384090909090869 -0.051145994852763332 1.6093368290509513 0.15542999620444309 -0.91850364221846115 -0.012765545767606121 -0.027533686063314938 0.077714998102221544 -0.0091625471181387662 0.007886138981174547 0.12448398909706955 1.0772830276177177
24.017252825347757 4.3384090909090869 -0.10510364431498297 2.1007438263200848 0.14091648205297724 -0.92672588957156843 -0.011717233530604908 0.011195980671524941 0.070458241026488622 -0.013684479486828098 0.011803194688592462 0.14690737023163966 1.0276081973425342
23.197205383583281 4.3384090909090869 -0.18932814666792466 2.6866370320991235 0.11765234139800029 -0.93821108818727394 -0.010115407486595507 0.044780477172883831 0.058826170699000147 -0.017234851962201248 0.014901131889011512 0.15639373973433904 0.97189417182547633
22.16662588951381 4.3384090909090869 -0.31057227921445646 3.3467765160125342 0.085998516467151065 -0.95335631926348108 -0.0077933145592442767 0.071080773078358861 0.042999258233575532 -0.017559300404608406 0.015218969966579465 0.14202051833081297 0.91593975218087642
20.908532068508848 4.3384090909090869 -0.47125503034185473 4.0341134233740297 0.046443879642006913 -0.97272824928053714 -0.0048573056639025849 0.085628733444455818 0.023221939821003457 -0.012101273532913617 0.010507487944739179 0.0922988779719221 0.86986493050033586
19.425214808820215 4.3384090909090869 -0.66412882189445432 4.6724641721447187 0.0018709886477895621 -0.99571500785506939 -0.0019151229625605001 0.081712708855035149 0.00093549432389478104 -0.00055622004490552836 0.00048263003420441535 0.0043085827696555147 0.84807448501074711
17.74584106805964 4.3384090909090869 -0.8692520961407102 5.1681516047766003 -0.041946794202822213 -1.0192257781570653 0.00047980447224840435 0.055905072494499025 -0.020973397101411106 0.012415653327862477 -0.010697433905065064 -0.10714760738528928 0.86354953379734534
15.929725840950049 4.3384090909090869 -1.0568833495999421 5.4350498086810939 -0.07992581382160302 -1.039163573281388 0.0020587507913682225 0.0077873828620082797 -0.03996290691080151 0.019717299240672576 -0.016591531093964055 -0.21566631269528552 0.92000825517773499
14.061424632134976 4.3384090909090869 -1.1941924664907191 5.4239104846630681 -0.10941489652135172 -1.051375291164339 0.0032221717945473739 -0.063360170922902748 -0.054707448260675862 0.016460421507938309 -0.012661500796863364 -0.29600072002264594 1.009243332182634
12.237103179035735 4.3384090909090869 -1.2545086565702093 5.1424952662170904 -0.12844265183970194 -1.0507946121286629 0.0055974365154784472 -0.15569843822444085 -0.064221325919850969 0.0030839678089857169 0.00070317454616049507 -0.33024271645869863 1.111485419514145
10.545980910591098 4.3384090909090869 -1.2320422029948652 4.649129703997934 -0.13617654347444597 -1.0360710707223122 0.010483820851461014 -0.25024661713422192 -0.068088271737222983 -0.012118292871974242 0.015537004615078598 -0.31593735911209836 1.1991035045157479
9.0531610881283981 4.3384090909090869 -1.1451149818239972 4.0252338741886717 -0.13677489927082354 -1.0124472720978424 0.017314599084559817 -0.33380477101294148 -0.068387449635411768 -0.022216026151205687 0.02518240907758142 -0.27321947900304933 1.2544343986426258
7.7917110878098192 4.3384090909090869 -1.0171676005515444 3.3584551678956425 -0.13996470764412194 -0.98219318304046888 0.027762392195126551 -0.41772061047135078 -0.069982353822060972 -0.02906102150397356 0.03170583202393748 -0.23106388575322748 1.2769618591266352
6.7654693371651078 4.3384090909090869 -0.86591170210168478 2.7194336444659863 -0.14975192369493406 -0.94453579694036671 0.043717211620441988 -0.50566081260197904 -0.074875961847467032 -0.034419318117044649 0.036903125177398521 -0.19726798963710998 1.2706742947748384
5.9578692608954249 4.3384090909090869 -0.7028333244422782 2.1556517697444848 -0.1773682050021117 -0.89338956203473374 0.07072000197173485 -0.61173685255231769 -0.08868410250105585 -0.042892048538627096 0.045526926103129479 -0.18064971908957328 1.2423368567147843
5.3421406985304776 4.3384090909090869 -0.53228414868089935 1.6908767807529181 -0.23638974390711565 -0.81244844286250339 0.11908965250120133 -0.74975657800685702 -0.11819487195355782 -0.059440160717098754 0.062701575297773801 -0.18021261666334257 1.1961642719853334
4.8925124219640344 4.3384090909090869 -0.35000433219121513 1.3409042153233113 -0.38319334511229886 -0.64178795569734026 0.2256856901165617 -0.95935787603518374 -0.19159667255614943 -0.10566675772673578 0.11100794202406655 -0.20619396854381991 1.1320407978456448
4.6255572756471857 4.3384090909090869 -0.12733150381330083 1.1648522412078384 -1.1128377728591698 -0.018636020713653834 0.58649102006756126 -1.3298566670777876 -0.55641888642958492 -0.40983304145199789 0.42931559673428749 -0.26041881195741573 1.0426205262721393
4.6255572756471839 4.3384090909090869 0.12733150381329944 1.1648522412078226 -1.982255428427786 1.1336512949235584 0.53057132614103619 -1.1897832734674274 -0.99112771421389301 -0.73001994628564071 0.76472347802211205 0.46387408502588451 0.89555585028837292
4.8925124219640352 4.3384090909090869 0.35000433219121496 1.3409042153233444 -1.2199247173001089 1.3144153844874942 0.17446122461570371 -0.67955882411185775 -0.60996235865005444 -0.33639803820192543 0.35340209849441212 0.65643394383870668 0.73728336298321262
5.3421406985304785 4.3384090909090869 0.53228414868090046 1.6908767807528888 -0.75344969703022668 1.2472765871124492 0.090458405109291706 -0.43539417682880321 -0.37672484851511334 -0.18945479758767664 0.19984996866017921 0.57439523044354146 0.59447478241254348
5.9578692608954213 4.3384090909090869 0.70283332444227786 2.1556517697444795 -0.5872861224332433 1.226370171931906 0.060063577448787417 -0.28230248049389162 -0.29364306121662165 -0.14202040816260586 0.15074478482258571 0.59815158551955117 0.43665839415989088
6.7654693371651042 4.3384090909090869 0.865911702101684 2.7194336444659868 -0.50718408047825814 1.2151996111035621 0.047738865146286336 -0.16791362781666738 -0.25359204023912907 -0.1165723269468255 0.12498455544385147 0.66811284598727894 0.25205083402985456
7.7917110878098184 4.3384090909090869 1.017167600551544 3.3584551678956531 -0.47103156964338155 1.2097479321023821 0.043804655982693098 -0.074984415258303627 -0.23551578482169078 -0.097800787104574724 0.10670152552354469 0.77761306136527997 0.031842082068903224
9.0531610881284017 4.3384090909090869 1.1451149818239974 4.0252338741886806 -0.46063475985044366 1.2077169647260553 0.043649764851578489 0.012214376436386121 -0.23031737992522183 -0.07481982385327049 0.084810100535616537 0.92015705928492808 -0.23218868412037988
10.545980910591108 4.3384090909090887 1.2320422029948659 4.6491297039979678 -0.46582450819128307 1.2059077288168856 0.045450043834664895 0.097700313645406794 -0.23291225409564154 -0.04145352549842541 0.053148048473876039 1.0807394663770733 -0.54193870532926103
12.237103179035746 4.3384090909090887 1.2545086565702095 5.1424952662170673 -0.47506660236535003 1.1981318614827301 0.048300508906735519 0.19290854233192578 -0.23753330118267502 0.011406570074927513 0.0026008085143792736 1.2214578492176744 -0.89213621942403143
14.06142463213498 4.3384090909090869 1.1941924664907186 5.423910484663069 -0.4695326624928946 1.1772833598400192 0.051465123624551731 0.28440797138441831 -0.2347663312464473 0.070636684602350883 -0.054334358202742863 1.270229288613596 -1.2538943006579171
15.929725840950058 4.3384090909090869 1.0568833495999415 5.4350498086811037 -0.43963904175550939 1.1452585589655917 0.052370376044162822 0.35394804503565047 -0.21981952087775469 0.10845675670596626 -0.091263191234914637 1.1862917187672359 -1.5844602433197195
17.745841068059644 4.3384090909090869 0.86925209614070931 5.1681516047765657 -0.38931049446203181 1.1074272004532959 0.04998986342960593 0.40052029126187427 -0.1946552472310159 0.11523035855298086 -0.099283469981493164 0.99444281271877977 -1.8513964683279382
19.425214808820215 4.3384090909090869 0.66412882189445355 4.6724641721447258 -0.32379416636337144 1.0681099726354897 0.04483971240111341 0.42535238674747144 -0.16189708318168572 0.096259699901204199 -0.083524178391872886 0.7456453398348506 -2.0390424957107163
20.908532068508848 4.3384090909090869 0.47125503034185423 4.0341134233740563 -0.24934494958889419 1.0313932769324676 0.03788916178250451 0.42911218732030854 -0.1246724747944471 0.064968548327229481 -0.05641193354392398 0.4955283506118846 -2.1495975602251169
22.166625889513817 4.3384090909090869 0.31057227921445635 3.3467765160125209 -0.17388593832711963 1.000316429048431 0.030345226193186151 0.41512907312087799 -0.086942969163559813 0.035504280220803243 -0.030772215402363884 0.28716043143709485 -2.198976068145174
23.197205383583281 4.3384090909090869 0.18932814666792447 2.686637032099124 -0.10471431498755668 0.97583437330294276 0.023392364749704946 0.38976196343335817 -0.052357157493778339 0.015339564820292946 -0.013262479945202389 0.13919538812426802 -2.2080790136306696
24.017252825347761 4.3384090909090869 0.10510364431498256 2.1007438263201048 -0.045155849338367915 0.95773330613227137 0.017413000698484105 0.35721079360790814 -0.022577924669183957 0.0043851101374279555 -0.0037822636025580804 0.04707559385694772 -2.1952057804297453
24.654611263119172 4.3384090909090869 0.051145994852762958 1.6093368290509489 0.0041396736791008415 0.94533324203934155 0.012355973325146652 0.31945691061467912 0.0020698368395504207 -0.00024403240085388371 0.00021003694761182891 -0.0033154674497758445 -2.1733264104898731
25.140854591977547 4.3384090909090878 0.01967603697079124 1.2138445417420662 0.04573526184071719 0.93608891787049164 0.0082613335701087372 0.27916666413986135 0.022867630920358595 -0.0014667312215628329 0.0012602602685846144 -0.027690306458254994 -2.1501605553417482
25.506508347540908 4.3384090909090869 0.0042939303108437106 0.9048374943196259 0.083667991936994479 0.92947346791456009 0.0045245490812153245 0.22888994945496927 0.04183399596849724 -0.0010390909922360213 0.00089141415404967307 -0.037828201964955399 -2.1285581039353199
27.991788302279865 7.2306818181818118 -0.0041823953323863738 0.88133431119122974 0.15652751292287503 -0.91056179041565877 -0.0082634882794778586 -0.1195049274030569 0.078263756461437517 -0.0018934550884764916 0.0016243550165835124 0.068931404500321675 1.1818883993823914
27.635632414822698 7.2306818181818109 -0.019164951275217688 1.1823148905803529 0.16088148804483138 -0.91342112299948486 -0.0085517802578085264 -0.068609263718179145 0.080440744022415689 -0.005025456648257774 0.0043180258606244975 0.094875211379667229 1.1509396814213335
27.162019272130191 7.2306818181818109 -0.049817475985171535 1.5675342529575675 0.15666403174001453 -0.91788512249444953 -0.0080477509343705404 -0.027533686063315188 0.078332015870007266 -0.008995406070173087 0.0077422818728048581 0.12221318119569016 1.1106538103586314
26.541216240357546 7.2306818181818118 -0.10237357376054214 2.0461769376071475 0.14218617001524314 -0.9260886611815381 -0.0069477789649690308 0.011195980671524469 0.07109308500762157 -0.013449122083859299 0.011600193233453734 0.14438073140931759 1.0618954168289743
25.742469557368821 7.2306818181818118 -0.18441034194560763 2.616851548450021 0.11920185079642132 -0.93742345601653365 -0.0054883674954890917 0.044780477172884109 0.059600925398210658 -0.017008267239666267 0.014705228330226441 0.15433764826331078 1.0070784683978027
24.738659398930928 7.2306818181818127 -0.30250515423477486 3.2598438879556304 0.088156124406954306 -0.95224770045429696 -0.0039643752511866253 0.071080773078358306 0.044078062203477153 -0.017532297361409599 0.01519556593031496 0.14180211633852222 0.95165092485769043
23.513244605545175 7.2306818181818118 -0.45901416571386178 3.9293271969571579 0.050210848669997143 -0.97079800915933112 -0.0028454790423363173 0.085628733444455929 0.025105424334998572 -0.012742957604624862 0.011064659686167789 0.097193133082370944 0.90511356502702944
22.068456559567096 7.2306818181818109 -0.64687805430379064 4.5510967644188458 0.0088556507975061649 -0.99219993833448039 -0.0025816241243509438 0.081712708855035149 0.0044278253987530825 -0.0025642836051229631 0.0022250192084690523 0.019863412436744263 0.88006814506345965
20.432704605942767 7.2306818181818109 -0.84667324487892359 5.0339086999844369 -0.031855933644788337 -1.0142591455983216 -0.0029903318102804536 0.055905072494499441 -0.015927966822394168 0.0091839863566174403 -0.0079130017922180856 -0.079258186289912547 0.88768522509530357
18.663763030492149 7.2306818181818109 -1.0294307704717198 5.2938742144254682 -0.06905025548625332 -1.0339140661508208 -0.0033639218019740958 0.0077873828620078911 -0.03452512774312666 0.016591885418678644 -0.01396158669964508 -0.18148077509154062 0.93299651981142018
16.843991005895713 7.2306818181818118 -1.1631732786181188 5.2830242347084493 -0.10040518625094452 -1.0470835256023405 -0.0026010389727220075 -0.063360170922902734 -0.050202593125472261 0.014712644246968191 -0.011317095176883327 -0.26457118904515148 1.0106986811272809
15.06705636144047 7.2306818181818118 -1.2219227537129358 5.0089187856473441 -0.12304631259759824 -1.0482381183207572 0.0010752820218849122 -0.15569843822444049 -0.06152315629879912 0.00287765857951235 0.00065613404256601121 -0.30815035862886409 1.1039685627096996
13.41986104851798 7.2306818181818109 -1.2000398669945598 4.528368409835549 -0.13440866834223675 -1.0352348577543826 0.0086074528972239391 -0.25024661713422186 -0.067204334171118374 -0.011650283820787418 0.014936964752615411 -0.30373584316966085 1.186620007373355
11.965817269140688 7.2306818181818109 -1.1153705832001228 3.9206782943485776 -0.13712318244232025 -1.012593653956571 0.018752313409234299 -0.33380477101294181 -0.068561591221160123 -0.021694065544641473 0.024590753962151671 -0.26680024794818025 1.2403223246284696
10.737133473307352 7.2306818181818109 -0.99074663928711038 3.2712191864790148 -0.14010539541271871 -0.98211958565696544 0.032496253155577887 -0.41772061047135078 -0.070052697706359357 -0.028334612922967801 0.030913313824019226 -0.22528821853008016 1.2627362738424279
9.7375483852687132 7.2306818181818109 -0.84341961768290918 2.6487962677517847 -0.14713408926278904 -0.94277009544375223 0.051242355512536031 -0.50566081260197937 -0.073567044631394518 -0.032939215168206852 0.035316213309747421 -0.18878505188162298 1.2561611417366809
8.9509257470541783 7.2306818181818118 -0.68457720614832773 2.0996586454283501 -0.16941559844553344 -0.88810702440844647 0.08037123161488699 -0.61173685255231669 -0.084707799222766722 -0.039904741482394299 0.04235610744955115 -0.16806798893376734 1.2263017946388475
8.351190753975974 7.2306818181818109 -0.51845805073367368 1.6469562017814832 -0.21995829222738106 -0.80054207639306374 0.1302142460989216 -0.74975657800685735 -0.10997914611369053 -0.053871835575827705 0.056827722436076256 -0.16333038700523744 1.1768496893906419
7.9132415864099688 7.2306818181818109 -0.34091295836236546 1.3060741850380717 -0.35272469089324088 -0.61314117540440582 0.23751853739488665 -0.95935787603518341 -0.17636234544662044 -0.094738471746850655 0.099527259143507657 -0.18486893970739376 1.1070752841442097
7.6532206086375707 7.2306818181818118 -0.12402406389074613 1.1345951666342318 -1.1280493555133488 0.046549992729185696 0.59779904543167306 -1.3298566670777878 -0.56402467775667442 -0.40464418334503183 0.42388007180279513 -0.25712167354504073 1.0070839940998313
7.6532206086375689 7.2306818181818118 0.12402406389074477 1.1345951666342189 -2.1704890273140554 1.2100425508678123 0.5391677054317201 -1.1897832734674274 -1.0852445136570277 -0.77857919569233502 0.81559112661907351 0.49472992328439103 0.84274444696147011
7.9132415864099706 7.2306818181818109 0.34091295836236524 1.3060741850381068 -1.3699494602910658 1.3696851211245629 0.1791980296564995 -0.67955882411185398 -0.6849747301455329 -0.36795529655077169 0.38655449552628274 0.71801354063242251 0.66671601847833895
8.351190753975974 7.2306818181818109 0.51845805073367468 1.6469562017814545 -0.84952769460995148 1.2851605082445006 0.091225399107128152 -0.43539417682880588 -0.42476384730497574 -0.20806497367159343 0.21948126411687002 0.63081816887754272 0.507638834539335
8.9509257470541748 7.2306818181818118 0.6845772061483274 2.0996586454283515 -0.65868664567791591 1.255299516441323 0.05670166846833638 -0.28230248049389084 -0.32934332283895795 -0.15514935197736895 0.16468024547862267 0.65344714945009863 0.33394484048828277
9.7375483852687097 7.2306818181818109 0.84341961768290852 2.6487962677517944 -0.56111412118088277 1.2374585370840507 0.040193329945773182 -0.16791362781666672 -0.28055706059044139 -0.12561778758480235 0.13468276518395653 0.71995523953288842 0.13419872748377665
10.737133473307352 7.2306818181818109 0.99074663928711004 3.2712191864790316 -0.51061745404884684 1.2263634677374271 0.03205365059162045 -0.074984415258304543 -0.25530872702442342 -0.10326617236663624 0.11266430928327373 0.82106828387415121 -0.099497287478928748
11.965817269140691 7.2306818181818127 1.1153705832001231 3.9206782943485856 -0.48627490088750402 1.2187497535637943 0.027834296900851895 0.012214376436386676 -0.24313745044375201 -0.076932867110234851 0.087205286755390493 0.94614391102202189 -0.37357564473590044
13.419861048517992 7.2306818181818135 1.20003986699456 4.5283684098355801 -0.47662520318938317 1.2109495032937549 0.026098896060571027 0.097700313645406794 -0.23831260159469159 -0.041312952220894185 0.052967817835383312 1.0770745648489333 -0.68678642993295802
15.06705636144048 7.2306818181818135 1.2219227537129358 5.0089187856473147 -0.47106896889930217 1.1971424000623092 0.026558184571384105 0.19290854233192567 -0.23553448444965108 0.011016792224634683 0.0025119353873043573 1.1797189906858025 -1.0308675279354118
16.843991005895717 7.2306818181818127 1.1631732786181184 5.2830242347084582 -0.45314281298577574 1.1710682416143305 0.02922485724679913 0.2844079713844182 -0.22657140649288787 0.066400245340588096 -0.0510756519136722 1.1940472132512359 -1.3761000960745389
18.663763030492156 7.2306818181818118 1.0294307704717189 5.2938742144254691 -0.41595594608804998 1.1356323631063832 0.031872611579578866 0.35394804503565086 -0.20797797304402499 0.099948846649597134 -0.084104033557086344 1.0932328485739307 -1.6826088871528277
20.432704605942767 7.2306818181818118 0.84667324487892259 5.0339086999843969 -0.36418579378158045 1.0966628922500345 0.033163094410399489 0.40052029126187405 -0.18209289689079022 0.10499385761720091 -0.090463612557325379 0.90610138159935061 -1.9235035548195716
22.068456559567096 7.2306818181818109 0.64687805430379008 4.5510967644188467 -0.30148449646484043 1.0580608097823023 0.032667512239054487 0.42535238674747122 -0.15074224823242022 0.08729925887561564 -0.075749237523999549 0.67623611561690256 -2.0885069026248186
23.513244605545175 7.2306818181818109 0.45901416571386139 3.9293271969571832 -0.23148401024225218 1.0229547843941262 0.030170350024478605 0.4291121873203082 -0.11574200512112609 0.058748079484825792 -0.051010725051742631 0.44808356779199532 -2.1824937831578466
24.738659398930928 7.2306818181818118 0.30250515423477475 3.259843887955606 -0.16039589096035778 0.99367228829261767 0.026060066950616884 0.41512907312087899 -0.080197945480178889 0.031899184257280985 -0.027647612147607661 0.25800223119140631 -2.2211730427327101
25.742469557368821 7.2306818181818118 0.1844103419456074 2.6168515484500259 -0.094894071976544758 0.9708369685980115 0.02133692200253887 0.38976196343335745 -0.047447035988272379 0.013539921778510326 -0.011706521218225336 0.12286493712251136 -2.2241331618508124
26.541216240357549 7.2306818181818118 0.10237357376054175 2.0461769376071679 -0.03804077790289484 0.9540255938715696 0.016625073560797621 0.35721079360790853 -0.01902038895144742 0.0035982055506957092 -0.0031035393553196593 0.038627915333893648 -2.2081214600508754
27.162019272130198 7.2306818181818127 0.049817475985171174 1.5675342529575609 0.0094147323669699912 0.94254109794350494 0.012199531999543047 0.31945691061467818 0.0047073661834849956 -0.00054057935150959835 0.00046527279384118319 -0.007344406880724649 -2.1847988814554293
27.635632414822702 7.2306818181818127 0.019164951275217612 1.182314890580338 0.049697627609079587 0.93396899007558631 0.0083828158235113095 0.27916666413986257 0.024848813804539793 -0.0015524052897937452 0.0013338740450230637 -0.029307740634307449 -2.1610674126204548
27.991788302279865 7.2306818181818127 0.0041823953323864103 0.88133431119122885 0.086655565023782244 0.92786382592656391 0.0047483209283391871 0.22888994945496915 0.043327782511891122 -0.0010482401302826061 0.00089926300579896024 -0.038161277166662975 -2.1393613440627699
30.477068257018828 10.122954545454544 -0.0040708603539290743 0.85783112806285078 0.15789386992727883 -0.90983143048915882 -0.0056098567862431312 -0.11950492740305699 0.078946934963639415 -0.0018590484842070658 0.0015948383195206774 0.067678828946345179 1.2021228675182178
30.130410237667856 10.122954545454544 -0.018653865579644057 1.1507852394186278 0.1621797103825432 -0.91273111578509381 -0.0059134446140706263 -0.068609263718179964 0.081089855191271598 -0.0049309102793436022 0.0042367887324242038 0.093090277718162417 1.1717530729585319
29.669427281141218 10.122954545454544 -0.048488957117579744 1.5257316768641855 0.15790019425215907 -0.91723077583439094 -0.0054227061370732965 -0.027533686063314938 0.078950097126079533 -0.0088246047342320916 0.0075952743806704456 0.11989264397313616 1.1322351966366604
29.065179655367338 10.122954545454544 -0.099643503206101297 1.991610048894223 0.1434116154665579 -0.92544271462660821 -0.004337798379274534 0.011195980671524802 0.071705807733278948 -0.013203286015520588 0.01138815367587517 0.14174160068151084 1.0843872803785328
28.287733731154361 10.122954545454544 -0.17949253722329053 2.5470660648009344 0.12048270222139956 -0.93675159909354999 -0.0029065853584870098 0.044780477172884386 0.060241351110699781 -0.016732579432590509 0.014466870589618153 0.15183598203244905 1.0305241732984327
27.310692908348045 10.122954545454544 -0.29443802925509333 3.1729112598987292 0.089581722110210316 -0.95150602372744397 -0.0014451293234558635 0.071080773078358417 0.044790861055105158 -0.017340709763398254 0.015029513420652393 0.14025254606246573 0.97588673706284867
26.117957142581513 10.122954545454544 -0.44677330108586888 3.8245409705403008 0.051921820103419947 -0.96992045468604093 -0.00045987705080658553 0.085628733444456678 0.025960910051709973 -0.012825777686117954 0.011136572035351839 0.097824818712363593 0.92963642659856427
24.711698310313988 10.122954545454544 -0.62962728671312718 4.4297293566929907 0.011189713116384503 -0.9910262307918164 -0.00057443690111875449 0.081712708855034621 0.0055948565581922516 -0.003153738272129451 0.0027364867988677595 0.024429436701814702 0.90387369891450686
23.119568143825894 10.122954545454544 -0.82409439361713677 4.8996657951922904 -0.028133878393882261 -1.0124254792684806 -0.0017748778139929609 0.055905072494498997 -0.014066939196941131 0.0078946271023110897 -0.0068020787470430815 -0.068130962010142085 0.90904785733532734
21.397800220034249 10.122954545454544 -1.0019781913434975 5.1526986201698692 -0.063464474870235765 -1.0312099745453196 -0.0031336778133084493 0.0077873828620081686 -0.031732237435117883 0.014843019718563544 -0.012489967321734885 -0.16235181567680171 0.94916007798117918
19.626557379656454 10.122954545454544 -1.1321540907455188 5.142137984753858 -0.093573628131240927 -1.0438146790511831 -0.0031674388923721834 -0.063360170922902859 -0.046786814065620463 0.013345940363958054 -0.010265814546222439 -0.23999433764230957 1.0192612952972171
17.897009543845215 10.122954545454544 -1.1893368508556621 4.8753423050776199 -0.11586249795405901 -1.0448064155369157 0.00021986684785432257 -0.15569843822444063 -0.057931248977029504 0.0026373919311016005 0.00060135091838379832 -0.2824217143757059 1.1041244384923079
16.293741186444873 10.122954545454544 -1.1680375309942539 4.4076071156731693 -0.12721948135922401 -1.0317616423213054 0.0080015877514969698 -0.25024661713422169 -0.063609740679612004 -0.01073307024002137 0.013760994524141071 -0.27982306605572088 1.1790529379250818
14.878473450152985 10.122954545454544 -1.0856261845762485 3.8161227145085004 -0.12955804690689976 -1.0088514798370445 0.018738019812748811 -0.33380477101294137 -0.06477902345344988 -0.019950582470163326 0.022614473249186893 -0.24535836027585747 1.2263600615131485
13.682555858804893 10.122954545454544 -0.96432567802267632 3.1839832050624053 -0.13127821809006179 -0.97759278563121044 0.033167079451077261 -0.41772061047135089 -0.065639109045030897 -0.025841410832944813 0.028193208246959891 -0.20546479412602017 1.2434320524093094
12.709627433372324 10.122954545454544 -0.8209275332641337 2.5781588910375981 -0.13581757153241814 -0.93667990922798638 0.052492492603940642 -0.50566081260197993 -0.067908785766209068 -0.029594910170349667 0.031730572666093637 -0.1696177830409909 1.2321137488672971
11.943982233212942 10.122954545454544 -0.66632108785437727 2.0436655211122234 -0.15396511486020859 -0.87921506958587048 0.08199999696771744 -0.61173685255231747 -0.076982557430104293 -0.035298362691039552 0.037466756766098223 -0.14866716609992625 1.1976181356685542
11.360240809421477 10.122954545454544 -0.5046319527864479 1.6030356228100584 -0.19838839629346516 -0.7866580568655771 0.13199458927315402 -0.74975657800685613 -0.099194198146732582 -0.047293213493316923 0.04988813877940744 -0.14338510615091676 1.1431889421176467
10.933970750855911 10.122954545454544 -0.33182158453351573 1.2712441547528421 -0.3225387228147234 -0.58733465478504809 0.23918443049770868 -0.95935787603518352 -0.1612693614073617 -0.084320563176304472 0.088582751944735 -0.16453984133908003 1.067670059712915
10.680883941627965 10.122954545454544 -0.12071662396819144 1.1043380920606389 -1.1362897162302326 0.095336283993861015 0.5989006213164495 -1.3298566670777889 -0.56814485811511628 -0.39673032661601149 0.4155900078488205 -0.25209299855077522 0.95965059218540205
10.680883941627961 10.122954545454544 0.12071662396819011 1.1043380920606234 -2.300168481837082 1.2625729686095335 0.53897471457455126 -1.1897832734674298 -1.150084240918541 -0.8030932428910339 0.84127051733924418 0.51030680070045731 0.78502569358671748
10.933970750855913 10.122954545454544 0.33182158453351551 1.2712441547528741 -1.4658381297323269 1.4044752872264432 0.17744605341973066 -0.67955882411185642 -0.73291906486616343 -0.38321072132270417 0.40258104299558883 0.74778237846958706 0.6000784205341092
11.360240809421477 10.122954545454544 0.5046319527864489 1.6030356228100291 -0.90824831434566478 1.3080321031577853 0.087933169156202626 -0.4353941768288046 -0.45412415717283239 -0.21651458572080334 0.22839449684956833 0.65643597809622267 0.43342357067054288
11.943982233212935 10.122954545454544 0.66632108785437683 2.0436655211122243 -0.70144339598989247 1.2724252429398772 0.051794851349172957 -0.28230248049389151 -0.35072169799494624 -0.16081437292705 0.17069327117769911 0.67730668701158314 0.25276173100644034
12.70962743337232 10.122954545454544 0.82092753326413292 2.5781588910376136 -0.59217162996229655 1.2501390533873213 0.033600457609893691 -0.16791362781666716 -0.29608581498114828 -0.12903533759606836 0.13834693643327914 0.73954229869292565 0.047004998895268331
13.682555858804895 10.122954545454544 0.9643256780226761 3.1839832050624182 -0.53145194126969186 1.2350167343878902 0.023726451903593938 -0.074984415258303655 -0.26572597063484593 -0.10461345493655756 0.11413420650780376 0.83178051385447505 -0.19065835385455862
14.87847345015299 10.122954545454544 1.0856261845762487 3.8161227145085084 -0.49778834203741784 1.2236505302621452 0.017847432164294165 0.012214376436386759 -0.24889417101870892 -0.076654191751129794 0.086889401419054227 0.94271667629032674 -0.4653052036582625
16.293741186444883 10.122954545454547 1.1680375309942543 4.4076071156731951 -0.4795962389863655 1.2123655655120014 0.014853392229381177 0.097700313645406267 -0.23979811949318275 -0.04046188574968284 0.051876655587478525 1.0548863163733337 -0.77434792178945344
17.897009543845222 10.122954545454547 1.1893368508556623 4.8753423050775853 -0.46684049789653259 1.1955779634448089 0.014836627550334169 0.19290854233192603 -0.2334202489482663 0.010626746220783842 0.0024230011186192539 1.137951417275886 -1.1087387823292401
19.626557379656461 10.122954545454544 1.1321540907455183 5.1421379847538695 -0.44408797844080738 1.1674216171825151 0.018079048336915777 0.28440797138441798 -0.22204398922040369 0.063338055764057336 -0.048720188795993491 1.1389811677637756 -1.4397348633960392
21.397800220034256 10.122954545454544 1.0019781913434966 5.1526986201698648 -0.40500934663100208 1.1310324983823206 0.022262426855327068 0.35394804503565114 -0.20250467331550104 0.09472325628689468 -0.079706851979182675 1.0360757404211389 -1.7302444801680514
23.119568143825898 10.122954545454544 0.82409439361713588 4.8996657951922629 -0.35364021886862718 1.0920485256626817 0.025568198100257906 0.40052029126187372 -0.17682010943431359 0.099234723960226284 -0.085501493366411149 0.85639981731903225 -1.9564260617444247
24.711698310313984 10.122954545454544 0.62962728671312651 4.4297293566929845 -0.2924369330970098 1.0539371236775013 0.0269966575641249 0.42535238674747144 -0.1462184665485049 0.082421196906448918 -0.071516561559525488 0.63844975041455976 -2.1098870350386076
26.11795714258151 10.122954545454544 0.44677330108586844 3.8245409705403457 -0.22420797086720357 1.0195072420113593 0.0259939425015852 0.42911218732030854 -0.11210398543360178 0.05538406750900763 -0.048089766758739085 0.42242556328464842 -2.1959323334222356
27.310692908348045 10.122954545454544 0.29443802925509321 3.1729112598987115 -0.15475362814147964 0.99090703301814975 0.022907044908657165 0.41512907312087866 -0.077376814070739819 0.029956309023985529 -0.025963686299595293 0.24228815709240092 -2.2298274019280662
28.287733731154361 10.122954545454544 0.17949253722329034 2.5470660648009407 -0.090535619291328029 0.9686419678459357 0.018814071315264497 0.38976196343335701 -0.045267809645664014 0.012573543034311619 -0.01087099694719452 0.11409575325389044 -2.2302744744304372
29.065179655367345 10.122954545454544 0.099643503206100908 1.9916100488942485 -0.034590064539396836 0.95225072713619807 0.014459119543977408 0.35721079360790869 -0.017295032269698418 0.0031845573590618521 -0.0027467577807527769 0.034187266488426342 -2.2131476688552065
29.669427281141225 10.122954545454544 0.04848895711757939 1.525731676864172 0.012236007681777794 0.94106675439433274 0.010229288952003231 0.31945691061467951 0.006118003840888897 -0.0006838365958200173 0.00058857328268183693 -0.0092907251925301026 -2.1894640597409696
30.13041023766786 10.122954545454546 0.018653865579643977 1.1507852394186173 0.052036259540119367 0.93273105534780276 0.0065186258272862205 0.27916666413986208 0.026018129770059684 -0.0015821099104181373 0.0013593971624258647 -0.029868531893280873 -2.1657359953709174
30.477068257018828 10.122954545454544 0.004070860353929109 0.85783112806285766 0.088618054901401955 0.9268131947273579 0.0029390842737644332 0.22888994945496893 0.044309027450700977 -0.0010433923794109831 0.00089510422300268942 -0.037984794355804666 -2.1442117526299271
32.962348211757792 13.015227272727277 -0.003959325375471774 0.8343279449344595 0.15898659056961839 -0.9092407824331441 -0.0036306083699043502 -0.1195049274030571 0.079493295284809196 -0.0018206268020927736 0.0015618771722150154 0.06628008411869056 1.2139385717374038
32.625188060513018 13.015227272727275 -0.018142779884070426 1.119255588256876 0.16326007522174191 -0.9121497062621482 -0.0039505792213895014 -0.068609263718177799 0.081630037610870954 -0.0048277587623941657 0.0041481577981777118 0.091142888125594082 1.1842031000379176
32.176835290152248 13.015227272727275 -0.047160438249987946 1.4839291007708075 0.15896792777365532 -0.91665799032363993 -0.0034780934341954129 -0.027533686063316853 0.079483963886827658 -0.0086408625975016012 0.0074371288335565869 0.11739629073745832 1.1455094907209147
31.589143070377126 13.015227272727277 -0.096913432651660442 1.9370431601812728 0.1444803149269499 -0.92487215569156289 -0.0024146876183921608 0.011195980671524081 0.072240157463474952 -0.012937232156898982 0.01115867578495614 0.13888542535181017 1.0986366195418311
30.832997904939901 13.015227272727277 -0.17457473250097344 2.4772805811518226 0.12158758151973603 -0.93616564024113358 -0.0010106316545362396 0.044780477172884497 0.060793790759868016 -0.016423374820291398 0.014199534454752343 0.14903017518440523 1.0458145791995512
29.882726417765163 13.015227272727277 -0.28637090427541168 3.0859786318418063 0.090800311538850265 -0.95086646832554156 0.00041421473232406813 0.071080773078359027 0.045400155769425132 -0.017095026943220775 0.014816575582844001 0.13826545086717937 0.99209649683289258
28.722669679617852 13.015227272727275 -0.43453243645787598 3.7197547441234051 0.0533592168075675 -0.96917835318840118 0.0013501526392446592 0.085628733444457067 0.02667960840378375 -0.012819711002446202 0.011131304357915095 0.097778546880362444 0.94631415321405354
27.354940061060876 13.015227272727275 -0.61237651912246371 4.3083619489670939 0.012985621710554063 -0.990119211802298 0.001165298680378706 0.081712708855034066 0.0064928108552770314 -0.0035596265070268972 0.0030886744887684311 0.027573521621627493 0.9201382499045796
25.806431681709029 13.015227272727275 -0.80151554235535016 4.7654228904000906 -0.025743618452057859 -1.0112458720573567 -0.00016603734122893178 0.055905072494499053 -0.01287180922602893 0.007025974901119946 -0.0060536405244746398 -0.060634457190800448 0.92358685249722772
24.131837409576352 13.015227272727275 -0.97452561221527512 5.0115230259142276 -0.060138040853365382 -1.0295990003048032 -0.0018155144934096537 0.0077873828620081686 -0.030069020426682691 0.01367967683806807 -0.011511048285254157 -0.14962726012919247 0.9603155683858482
22.409123753417202 13.015227272727277 -1.1011349028729187 5.001251734799216 -0.088962373245994986 -1.0416058679239253 -0.0022534180841284179 -0.063360170922902831 -0.044481186622997493 0.012340622285431464 -0.009492515050445469 -0.22191613260046758 1.0252632347722124
20.726962726249955 13.015227272727277 -1.1567509479983886 4.7417658245078407 -0.1099159102548033 -1.0419564816849614 0.00077256971872007572 -0.15569843822444032 -0.054957955127401648 0.0024334775001967715 0.00055485645207015437 -0.26058580046281044 1.103530620761338
19.167621324371762 13.015227272727275 -1.1360351949939482 4.2868458215107452 -0.12010134403620887 -1.0283037928705583 0.0083237141415738597 -0.25024661713422264 -0.060050672018104434 -0.0098549223566619434 0.012635110881897092 -0.25692877507682182 1.1715101887986588
17.791129631165283 13.015227272727275 -1.0558817859523741 3.7115671346683912 -0.12117033471803929 -1.0046817351626396 0.01895575368128137 -0.3338047710129407 -0.060585167359019643 -0.018147737284089117 0.020570904130647473 -0.22318641921358981 1.2123653332855377
16.627978244302437 13.015227272727275 -0.93790471675824238 3.0967472236457598 -0.12122406034842803 -0.97243083436714339 0.033344029568884125 -0.41772061047135162 -0.060612030174214016 -0.0232085155125995 0.025320696117540609 -0.18453067027158818 1.2236679515738005
15.681706481475937 13.015227272727275 -0.798435448845358 2.5075215143233933 -0.12339592096658247 -0.93001798244367939 0.052627140304959852 -0.50566081260197793 -0.061697960483291236 -0.026151515256837992 0.02803869146448407 -0.14988259857844086 1.2072315390873678
14.937038719371703 13.015227272727277 -0.64806496956042681 1.9876723967960759 -0.13812612743878638 -0.87015643447080959 0.082048340734098668 -0.61173685255231702 -0.069063063719393192 -0.030799456685154811 0.032691480968991361 -0.12971898959953004 1.1680245585086606
14.369290864866981 13.015227272727275 -0.49080585483922218 1.5591150438386205 -0.17795088667033587 -0.77357810696683971 0.13188204133762094 -0.74975657800686113 -0.088975443335167936 -0.041258905480661044 0.043522735091717529 -0.12509009443503236 1.1090131044675029
13.954699915301854 13.015227272727275 -0.32273021070466595 1.2364141244676041 -0.29657984450515373 -0.5649637666371059 0.23880588891742741 -0.95935787603517642 -0.14828992225257687 -0.07540988151680221 0.079221658121727961 -0.14715188647673161 1.0287706158180463
13.708547274618356 13.015227272727277 -0.11740918404563673 1.0740810174870257 -1.1442817240620968 0.13454688538938386 0.59804690846359898 -1.3298566670777887 -0.57214086203104841 -0.38857447948544505 0.40704644980545807 -0.24691055642087018 0.91488919290599735
13.708547274618354 13.015227272727277 0.11740918404563544 1.0740810174870141 -2.4022591554071435 1.3030550089903525 0.53732909946272767 -1.1897832734674285 -1.2011295777035718 -0.81575767686630551 0.85453699046238019 0.51835411879435578 0.7338304431140048
13.954699915301855 13.015227272727275 0.32273021070466579 1.2364141244676339 -1.5365412214541712 1.4297310643130354 0.17495745129661819 -0.67955882411184765 -0.76827061072708558 -0.39068869177160476 0.41043700572131198 0.76237459684256814 0.54416502623905794
14.369290864866979 13.015227272727275 0.49080585483922301 1.5591150438385879 -0.94884208851481899 1.3236726179806244 0.084645139888244292 -0.43539417682881187 -0.4744210442574095 -0.21999432977611208 0.23206517053666309 0.66698597954238181 0.37406921719446351
14.937038719371696 13.015227272727277 0.64806496956042614 1.9876723967960759 -0.7294656780562061 1.2835492063662712 0.047669931819937304 -0.28230248049389128 -0.36473283902810305 -0.1626567469254214 0.17264882302788992 0.68506626848655061 0.19089454836598721
15.681706481475931 13.015227272727275 0.79843544884535733 2.5075215143234098 -0.61151315883297741 1.2579743542490043 0.028612872596520983 -0.16791362781666491 -0.30575657941648871 -0.12959906273813304 0.13895134176787996 0.74277318563568884 -0.016163611087146205
16.627978244302437 13.015227272727275 0.93790471675824205 3.0967472236457732 -0.54378135122683058 1.2400956897337194 0.017926767668813633 -0.074984415258304238 -0.27189067561341529 -0.10410769849761051 0.11358242175047582 0.82775924956368274 -0.25324621538624142
17.79112963116529 13.015227272727277 1.0558817859523746 3.7115671346683881 -0.50431899096614274 1.2263930184086396 0.011400191794848613 0.012214376436386842 -0.25215949548307137 -0.075532089407259209 0.085617470964078332 0.92891671874194348 -0.52470324714669614
19.167621324371776 13.015227272727278 1.1360351949939487 4.286845821510779 -0.48142235663138533 1.213182509461268 0.0080749044721839039 0.09770031364540667 -0.24071117831569266 -0.039503137816119395 0.050647433680907843 1.0298906925355349 -0.82749008925004441
20.726962726249965 13.015227272727278 1.1567509479983886 4.7417658245078051 -0.46518851019075935 1.1949510378697816 0.0081744467740934613 0.19290854233192595 -0.23259425509537968 0.010299016496111578 0.0023482755654738088 1.1028569022732808 -1.152605281655229
22.409123753417205 13.015227272727277 1.1011349028729183 5.0012517347992205 -0.44037316605804722 1.1659080019282828 0.011991785131775807 0.28440797138441803 -0.22018658302902361 0.061087386820658986 -0.046988954476959319 1.0985083507428233 -1.4724713148303241
24.131837409576356 13.015227272727277 0.97452561221527434 5.011523025914224 -0.40053300880885434 1.1291427274497434 0.017043804494579012 0.35394804503565114 -0.20026650440442717 0.091109754254284261 -0.076666195619488064 0.99655153125954854 -1.7518947146366706
25.806431681709029 13.015227272727277 0.80151554235534928 4.7654228904000524 -0.34926007853720997 1.0901337023990179 0.021262307459995716 0.40052029126187394 -0.17463003926860499 0.095320420877720524 -0.082128896097161883 0.82261921803875449 -1.9685671501020698
27.354940061060869 13.015227272727275 0.61237651912246294 4.3083619489670957 -0.28856416176918787 1.0521828491236038 0.023468294943473023 0.42535238674747045 -0.14428208088459393 0.079101383215003096 -0.068635971745961977 0.61273386296958632 -2.1149123928057767
28.722669679617848 13.015227272727275 0.43453243645787554 3.7197547441234402 -0.22094460371615243 1.0179765433162105 0.023045426169023556 0.42911218732030898 -0.11047230185807622 0.053082600095235334 -0.046091411706301925 0.40487180256662336 -2.1963169807515288
29.88272641776517 13.015227272727277 0.28637090427541162 3.0859786318418001 -0.15204898707397163 0.98959733866284283 0.020345688368571382 0.4151290731208781 -0.076024493536985815 0.028626350357915092 -0.024810986560464113 0.23153138348744007 -2.2276169202734044
30.832997904939905 13.015227272727277 0.17457473250097327 2.477280581151819 -0.088280768871138005 0.96751970015703814 0.016492742032365445 0.38976196343335878 -0.044140384435569002 0.011924475661676653 -0.010309817858119665 0.10820593917434003 -2.2268888275442835
31.589143070377133 13.015227272727277 0.096913432651660081 1.937043160181291 -0.032666402159786889 0.95127074117664467 0.012281208044505231 0.35721079360790819 -0.016333201079893445 0.0029250547293274251 -0.0025229304832727817 0.031401420746966204 -2.2094344403486836
32.176835290152255 13.015227272727277 0.047160438249987599 1.4839291007707875 0.013915024610191784 0.94019468774889803 0.008136754825185161 0.31945691061467907 0.006957512305095892 -0.00075636524537653739 0.00065099817426982184 -0.010276112280226008 -2.1858529911431415
32.625188060513018 13.015227272727277 0.018142779884070349 1.1192555882568731 0.053515180346898727 0.9319499721532214 0.0044769062680431694 0.27916666413986146 0.026757590173449364 -0.0015824957846548363 0.0013597287173570155 -0.029875816783458232 -2.162402023202155
32.962348211757792 13.015227272727277 0.0039593253754718087 0.83432794493446605 0.089936326102990405 0.92610593693471055 0.00092655803553036236 0.2288899494549691 0.044968163051495202 -0.0010299012337972168 0.00088353045492624998 -0.037493647974179235 -2.1412163832937563
35.447628166496749 15.907499999999999 -0.0038477903970144741 0.81082476180606899 0.15986464163738145 -0.90876280285103817 -0.0020245600346181429 -0.11950492740305722 0.079932320818690727 -0.001779111091924896 0.0015262617237744238 0.064768700918678979 1.2190777919080478
35.119965883358169 15.907499999999999 -0.017631694188496791 1.0877259370951387 0.16415693044560375 -0.91166346887923699 -0.002357540566346631 -0.06860926371817927 0.082078465222801877 -0.0047175336241546476 0.00405344899244677 0.089061956178156737 1.1900218658437014
34.684243299163271 15.907499999999999 -0.045831919382396148 1.4421265246774269 0.15988495810279413 -0.91616228146230116 -0.001900540650436337 -0.027533686063314938 0.079942479051397064 -0.0084458897269145891 0.0072693170738807053 0.1147473547610917 1.1522035550130274
34.113106485386915 15.907499999999999 -0.0941833620972196 1.8824762714683452 0.14542144985914129 -0.92436598170216056 -0.00085558720341327873 0.011195980671524525 0.072710724929570647 -0.012654686053081697 0.010914972933483527 0.13585220036718793 1.1063639812073827
33.378262078725442 15.907499999999999 -0.16965692777865637 2.4074950975027347 0.12257523192583841 -0.93563839158838047 0.0005264259100945213 0.044780477172884803 0.061287615962919206 -0.016090373350844154 0.013911623724428094 0.14600842917474374 1.0546510360294414
32.45475992718228 15.907500000000001 -0.27830377929573014 2.9990460037848909 0.091893726027094447 -0.95028948041424322 0.0019238205519565199 0.071080773078357973 0.045946863013547223 -0.016813515376247732 0.014572584308460267 0.13598857093823138 1.0019391782331446
31.327382216654179 15.907500000000001 -0.42229157182988308 3.6149685177065294 0.054660480374694842 -0.96850362142280366 0.0028239909557216071 0.085628733444456845 0.027330240187347421 -0.012762402744975424 0.01108154382462322 0.097341445128328555 0.9567466951053305
29.998181811807758 15.907499999999999 -0.59512575153180003 4.1869945412412175 0.014629220485830485 -0.98928615041402113 0.0025933231091933096 0.081712708855034732 0.0073146102429152426 -0.0038972034970053302 0.0033815887692086213 0.030188455074268969 0.93031055102028015
28.493295219592152 15.907499999999999 -0.77893669109356334 4.631179985607921 -0.023604188427024608 -1.0101867976236651 0.0012021660673355466 0.055905072494498803 -0.011802094213512304 0.0062606048004261823 -0.0053941910497771681 -0.054029281217536328 0.93224678007241513
26.865874599118449 15.907499999999999 -0.94707303308705271 4.8703474316585993 -0.057307540400666213 -1.0282249790292868 -0.0005381162044267437 0.0077873828620084462 -0.028653770200333106 0.012668597684593885 -0.010660254725316561 -0.13856815359481225 0.96598636287331852
25.191690127177939 15.907499999999999 -1.0701157150003184 4.8603654848446203 -0.085206635225141492 -1.0398032844446718 -0.0011196534440907897 -0.063360170922902803 -0.042603317612570746 0.011486674867770559 -0.0088356511965047221 -0.20655996141328348 1.0264888451624357
23.556915908654691 15.907499999999999 -1.1241650451411149 4.6081893439380917 -0.10505077373385419 -1.039618136413764 0.001703087753610472 -0.15569843822444068 -0.052525386866927093 0.0022602487768594924 0.00051535862444709001 -0.2420358259796547 1.0992133662007044
22.041501462298648 15.907499999999999 -1.1040328589936423 4.1660845273483584 -0.11401159831751495 -1.025332421887118 0.0090362358031551727 -0.25024661713422197 -0.057005799158757475 -0.0090916893182398338 0.011656560902487923 -0.23703044178073324 1.1613162223686089
20.703785812177571 15.907499999999999 -1.0261373873284998 3.6070115548283006 -0.11367789533067829 -1.0009362440004526 0.019465498348180413 -0.33380477101294059 -0.056838947665339146 -0.016545976890329293 0.018755269543012675 -0.20348748038032655 1.1966155457995993
19.57340062979997 15.907499999999999 -0.91148375549380833 3.0095112422291312 -0.11205495067768334 -0.96769371880915012 0.033664652715303944 -0.41772061047135189 -0.05602747533884167 -0.020848739260935552 0.022746159312662492 -0.16576811334828423 1.2029027841612661
18.653785529579544 15.907499999999999 -0.7759433644265824 2.4368841376091916 -0.11208282133584513 -0.92390824508582414 0.052759061752299247 -0.50566081260198026 -0.056041410667922564 -0.023084757748023703 0.024750627016151536 -0.1323060421106137 1.1820673329807985
17.930095205530456 15.907499999999999 -0.62980885126647612 1.9316792724799372 -0.123936664883326 -0.86197139521828048 0.081975617949261351 -0.61173685255231569 -0.061968332441662999 -0.026856983835933462 0.028506820264141738 -0.11311435920775235 1.1389384660727013
17.378340920312475 15.907499999999999 -0.4769797568919964 1.5151944648671825 -0.16013645354386852 -0.76203032713010377 0.13157244321400757 -0.74975657800685702 -0.080068226771934259 -0.036082611787888692 0.038062424001956363 -0.10939643850041691 1.0762918409974409
16.975429079747787 15.907499999999999 -0.31363883687581628 1.2015840941823634 -0.27506438427354851 -0.54585135029083531 0.23820821427584643 -0.95935787603518052 -0.13753219213677426 -0.067969049920240762 0.071404711522324998 -0.13263213940425012 0.99253160412037567
16.73621060760874 15.907499999999999 -0.11410174412308202 1.0438239429134235 -1.1527079368241147 0.16653327180656297 0.59703923760023547 -1.3298566670777892 -0.57635396841205733 -0.38040902239785856 0.3984928249689994 -0.24172200786874387 0.87460499217144294
16.73621060760874 15.907499999999999 0.11410174412308077 1.0438239429134046 -2.4848420125170119 1.3350061388987693 0.53573910049272344 -1.1897832734674241 -1.2424210062585059 -0.82003106823314642 0.85901352939207354 0.52106954529789573 0.68989247499954431
16.975429079747791 15.907499999999999 0.31363883687581606 1.2015840941823945 -1.5905583682804334 1.4487563447311298 0.17280979848793734 -0.6795588241118552 -0.7952791841402167 -0.39303067687309057 0.41289737217865397 0.76694465475608609 0.49834269441482409
17.378340920312475 15.907499999999999 0.47697975689199729 1.5151944648671667 -0.97884609551178192 1.3351221902058072 0.082016727046335308 -0.43539417682880999 -0.48942304775589096 -0.22055767367651086 0.23265942448152527 0.66869394394132664 0.32730048289823394
17.930095205530449 15.907499999999999 0.62980885126647568 1.9316792724799368 -0.74977821176568504 1.2915479810739068 0.044579522839497079 -0.2823024804938899 -0.37488910588284252 -0.16247638528019812 0.17245738168680955 0.68430663397026792 0.14404897164174255
18.653785529579537 15.907499999999999 0.77594336442658185 2.4368841376092156 -0.6254446089229766 1.263574382366442 0.025087900344323989 -0.16791362781666744 -0.3127223044614883 -0.12881757534039637 0.1381134597632114 0.73829423438644537 -0.061988635104247271
19.57340062979997 15.907499999999999 0.911483755493808 3.0095112422291557 -0.55284636886280003 1.2437952623165016 0.014037512963323907 -0.074984415258302378 -0.27642318443140002 -0.10286158466063251 0.11222290051022854 0.81785141114776716 -0.29652358736513396
20.703785812177578 15.907500000000001 1.0261373873285002 3.6070115548282815 -0.50964063805673776 1.2285920984244287 0.0072734279447030361 0.012214376436385538 -0.25482031902836888 -0.074178908706306876 0.084083607538849178 0.91227488893876418 -0.56350305581280002
22.041501462298658 15.907500000000004 1.104032858993643 4.1660845273483931 -0.48393038206570682 1.2142363275906034 0.0038950659276684165 0.097700313645406572 -0.24196519103285341 -0.038590325460972456 0.049477106315126813 1.0060926602634321 -0.85977393364024413
23.556915908654702 15.907500000000004 1.1241650451411154 4.6081893439380588 -0.4656962727747056 1.195184220872707 0.004152739695349906 0.19290854233192589 -0.2328481363873528 0.010019816070977888 0.002284615162904474 1.0729590847396824 -1.1765582292096344
25.191690127177942 15.907500000000001 1.0701157150003184 4.8603654848446203 -0.4396229247172756 1.1656183321570448 0.0083026664213870158 0.28440797138441815 -0.2198114623586378 0.059265403302249983 -0.045587468751998851 1.0657444003750645 -1.4872425631362913
26.865874599118456 15.907499999999999 0.94707303308705204 4.8703474316586064 -0.39915271998808555 1.1285760582151656 0.013768886194803794 0.35394804503565103 -0.19957635999404277 0.088238043176978739 -0.074249734670631728 0.9651409748943478 -1.7579893465646694
28.493295219592152 15.907499999999999 0.77893669109356267 4.631179985607881 -0.34766336662197883 1.0894533634184091 0.018391080604411872 0.40052029126187416 -0.17383168331098942 0.092211725420472207 -0.079450417300539602 0.79579104625127561 -1.9674922172258895
29.998181811807747 15.907499999999999 0.59512575153179958 4.1869945412412122 -0.28696071167711845 1.0514741975875261 0.020930135523113371 0.42535238674747167 -0.14348035583855923 0.076445924793765233 -0.066331840493575711 0.59216419363804151 -2.108642887044097
31.327382216654172 15.907499999999999 0.42229157182988269 3.6149685177065756 -0.2194281917741332 1.0172808337178649 0.020751573858369236 0.42911218732030842 -0.1097140958870666 0.051233193302114691 -0.044485579102751499 0.39076600027611208 -2.1868025717708077
32.45475992718228 15.907499999999999 0.27830377929573002 2.9990460037849003 -0.15066419756430482 0.9889389032729432 0.018218007778405668 0.41512907312087766 -0.075332098782152412 0.027566569687799788 -0.023892455080393653 0.22295982331029068 -2.2164438894788212
33.378262078725442 15.907499999999999 0.16965692777865618 2.4074950975027307 -0.087029057718383429 0.96690496349893307 0.014472772370346384 0.38976196343335828 -0.043514528859191715 0.011424249492003368 -0.0098773258271475529 0.10366675069974449 -2.2151431657336156
34.113106485386922 15.907499999999999 0.094183362097219253 1.8824762714683585 -0.031520615414874831 0.95069152338254326 0.010329168091489227 0.35721079360790842 -0.015760307707437415 0.0027429481184621427 -0.0023658591248633207 0.029446446622465032 -2.1977399385776124
34.684243299163271 15.907500000000001 0.045831919382395815 1.4421265246773971 0.014975396895026916 0.93964520126363271 0.0062274479302522404 0.31945691061468096 0.0074876984475134578 -0.00079107223276662442 0.00068087023087668949 -0.010747647562298972 -2.1744984091615009
35.119965883358169 15.907500000000002 0.017631694188496722 1.0877259370951369 0.054499615002673196 0.9314288099853919 0.0025943321964695741 0.27916666413986091 0.027249807501336598 -0.0015662071992981483 0.0013457330672646925 -0.029568305827349102 -2.1514736013116642
35.447628166496749 15.907500000000001 0.0038477903970145083 0.81082476180607155 0.09085738096300866 0.92560851704169766 -0.00093981666439031664 0.22888994945496838 0.04542869048150433 -0.0010111390023391947 0.00086743473394685527 -0.036810607233560826 -2.130717742013656
37.932908121235712 18.799772727272725 -0.0037362554185571746 0.78732157867766728 0.16058513622379533 -0.90836831384612837 -0.0006652089420504868 -0.11950492740305592 0.080292568111897666 -0.0017353262836907082 0.0014886996641627613 0.063174710997433395 1.2186445547285285
37.614743706203328 18.799772727272725 -0.01712060849292316 1.0561962859333989 0.16491279558065552 -0.9112513136842354 -0.0010082956653585579 -0.068609263718181976 0.082456397790327762 -0.0046018799706001564 0.0039540758405368446 0.086878539705624647 1.1903024295982654
37.191651308174293 18.799772727272725 -0.044503400514804357 1.4003239485840238 0.16067958547476457 -0.91573030564688551 -0.00056389437313364497 -0.027533686063312746 0.080339792737382287 -0.0082418300216933211 0.0070936843404188201 0.11197496343885302 1.1534006183936927
36.637069900396703 18.799772727272725 -0.091453291542778772 1.8279093827554 0.14625615793114122 -0.92391464722070782 0.00046554988636153397 0.011195980671523831 0.073128078965570609 -0.012358399126907229 0.010659418290233258 0.13267146315316405 1.1086434736605781
35.923526252510982 18.799772727272725 -0.16473912305633928 2.3377096138536362 0.12346786162590295 -0.93515961359820243 0.0018287517947239047 0.044780477172884053 0.061733930812951476 -0.015737743968793436 0.013606742838801538 0.1428085741414622 1.0580976636706236
35.026793436599391 18.799772727272725 -0.2702366543160486 2.9121133757280138 0.09289636732498685 -0.94975833655268316 0.0032028927981695779 0.071080773078356557 0.046448183662493425 -0.016504278632901132 0.014304563111652204 0.13348744836699974 1.0064631211914978
33.932094753690507 18.799772727272725 -0.41005070720189019 3.5101822912896523 0.055861721871985792 -0.96787881661998154 0.0040736316741070084 0.085628733444457678 0.027930860935992896 -0.012664803944385858 0.010996799172101609 0.096597039197719253 0.9619512104523511
32.641423562554635 18.799772727272725 -0.57787498394113657 4.0656271335153331 0.016152756923168976 -0.98851191563843643 0.003803804573308883 0.081712708855035482 0.008076378461584488 -0.004178339332725713 0.0036255292730659702 0.032366184965185119 0.93538454054952447
31.180158757475276 18.799772727272725 -0.75635783983177685 4.4969370808157336 -0.021613078391213847 -1.0091987556009474 0.002360710506964007 0.055905072494499053 -0.010806539195606923 0.0055663306054433356 -0.0047959984201429379 -0.0480376658834629 0.93598303617187306
29.599911788660549 18.799772727272725 -0.91962045395883052 4.7291718374029807 -0.054695791346669687 -1.0269541580465849 0.00055252661482007161 0.0077873828620080299 -0.027347895673334843 0.01174074990058413 -0.0098794979304352611 -0.12841942542076829 0.96697358492143126
27.974256500938672 18.799772727272725 -1.0390965271277186 4.7194792348899952 -0.08180459707885035 -1.0381666876404865 -0.00012038709038841616 -0.063360170922902762 -0.040902298539425175 0.010708380000868932 -0.0082369799490693493 -0.19256421769057808 1.0233898589536445
26.386869091059424 18.799772727272725 -1.0915791422838417 4.4746128633683249 -0.10070759751664449 -1.0375253897083148 0.0025806126644623492 -0.1556984382244406 -0.050353798758322244 0.002103993406208825 0.0004797308857196035 -0.2253034210840564 1.0910886875384678
24.91538160022553 18.799772727272725 -1.0720305229933369 4.0453232331859761 -0.10860926240468327 -1.0226878920599431 0.0097656772192948084 -0.25024661713422214 -0.054304631202341636 -0.0084098368048094539 0.010782349843232942 -0.21925378918840732 1.1479629558182884
23.616441993189859 18.799772727272725 -0.99639298870462578 3.5024559749882056 -0.10705011425276934 -0.99760880680249153 0.020028921385748286 -0.33380477101294109 -0.053525057126384668 -0.015129642832553834 0.017149820243004679 -0.18606897129477165 1.1784359793516808
22.518823015297503 18.799772727272725 -0.88506279422937439 2.9222752608124942 -0.10398514752604093 -0.96350156040654411 0.034049702019801134 -0.41772061047135123 -0.051992573763020467 -0.018786471282813601 0.020496206670986082 -0.14937104167535153 1.1804915356297729
21.625864577683146 18.799772727272725 -0.75345128000780692 2.366246760895014 -0.10223162639756422 -0.91855022168105138 0.05295525701912028 -0.50566081260197993 -0.051115813198782112 -0.020445450694114593 0.02192085920201909 -0.11717933928665923 1.1560909224269214
20.923151691689213 18.799772727272725 -0.61155273297252566 1.8756861481638203 -0.11179068844084039 -0.85489757353160856 0.081968594229699987 -0.61173685255231691 -0.055895344220420196 -0.023522756598983483 0.024967769969284393 -0.099071494987979819 1.109950263390749
20.387390975757974 18.799772727272725 -0.46315365894477056 1.4712738858957541 -0.14522288679192208 -0.75222184849078577 0.13134021158986489 -0.74975657800686013 -0.072611443395961039 -0.031773713601422046 0.033517101431664968 -0.096332580533832549 1.0447003459315669
19.996158244193722 18.799772727272725 -0.3045474630469665 1.1667540638971197 -0.25769106365759198 -0.52991830785158744 0.23771856543100001 -0.95935787603517886 -0.12884553182879599 -0.061830299184213997 0.064955662640108408 -0.12065322187716909 0.95863125453711984
19.763873940599126 18.799772727272725 -0.11079430420052731 1.0135668683398151 -1.1611214154077443 0.19270046872566604 0.59621236970513503 -1.3298566670777872 -0.58056070770387214 -0.37207827406591021 0.38976605130843162 -0.23642842886487861 0.8382820762781783
19.763873940599126 18.799772727272725 0.11079430420052611 1.0135668683398105 -2.5532209138197004 1.360867535930764 0.5344868807057529 -1.1897832734674267 -1.2766104569098502 -0.8181728614396564 0.8570669875623157 0.51988879129177856 0.65201226655107869
19.996158244193722 18.799772727272725 0.30454746304696634 1.1667540638971536 -1.6342771377655954 1.4639567480788278 0.17119457378017253 -0.67955882411185287 -0.81713856888279768 -0.39212785629321889 0.41194891632797193 0.765182926070061 0.46039278425033797
20.387390975757974 18.799772727272725 0.46315365894477151 1.4712738858957191 -1.0028908729372121 1.3442118297545103 0.080108304618226767 -0.43539417682880993 -0.50144543646860607 -0.21942524401022348 0.23146485967662719 0.6652606067684993 0.28988657000692936
20.923151691689206 18.799772727272725 0.61155273297252521 1.8756861481638085 -0.76612162130321604 1.2979324975944675 0.042404746177757503 -0.28230248049389062 -0.38306081065160802 -0.16120566636165642 0.17110860194153346 0.67895470923135759 0.10790762894752808
21.625864577683142 18.799772727272725 0.75345128000780637 2.3662467608950166 -0.63688688053135945 1.2681394497841434 0.022676640535494983 -0.16791362781666552 -0.31844344026567972 -0.1273719275774185 0.13656348947681024 0.73000877018996946 -0.095919941796133737
22.518823015297507 18.799772727272725 0.88506279422937406 2.9222752608125342 -0.56068068664063109 1.2469671675494338 0.011441466809104959 -0.074984415258303017 -0.28034034332031554 -0.10129534716258136 0.11051412151854693 0.80539827276573561 -0.32700075524349981
23.616441993189866 18.799772727272725 0.99639298870462578 3.5024559749881785 -0.5148058899950525 1.2307054163314093 0.0045691592066208356 0.012214376436385482 -0.25740294499752625 -0.072758719578093684 0.082473788422199365 0.89480896901882612 -0.58902170789685371
24.91538160022554 18.799772727272732 1.0720305229933371 4.0453232331860001 -0.48714232870932861 1.2155638981817012 0.0011776502981418 0.097700313645406808 -0.2435711643546643 -0.037720424524157907 0.048361796179224287 0.98341337634367354 -0.87883008519198069
26.386869091059438 18.799772727272732 1.0915791422838417 4.4746128633682831 -0.46748671894276095 1.1959392581236568 0.0015179317409095392 0.19290854233192578 -0.23374335947138047 0.0097667802469745893 0.0022269205429454571 1.0458630697823565 -1.1878762817772781
27.974256500938679 18.799772727272725 1.0390965271277182 4.7194792348900121 -0.44040702376469842 1.1659696563478961 0.0058215164405466249 0.28440797138441803 -0.22020351188234921 0.057650131336486797 -0.044344987368894501 1.0366976554501126 -1.4903658179367323
29.599911788660549 18.799772727272725 0.91962045395882974 4.7291718374029648 -0.39927705369567912 1.1286568379569974 0.011470712446564002 0.35394804503565092 -0.19963852684783956 0.085706997066210447 -0.072119933335546019 0.93745658590637082 -1.7535707750821143
31.180158757475276 18.799772727272725 0.75635783983177607 4.496937080815707 -0.3473773541475953 1.0893558835745007 0.016266817657971944 0.40052029126187394 -0.17368867707379765 0.089465145271288016 -0.077083940174046087 0.77208794471439735 -1.9569633470701724
32.641423562554628 18.799772727272725 0.57787498394113601 4.0656271335153358 -0.28642491291536376 1.0512569582069717 0.018949085070741993 0.42535238674747178 -0.14321245645768188 0.074091406513409605 -0.064288833865909473 0.57392566198767214 -2.0937782286338673
33.932094753690507 18.799772727272725 0.4100507072018898 3.5101822912897069 -0.21876016173973856 1.0169889329671795 0.018878629590014538 0.42911218732030826 -0.10938008086986928 0.049596655212759071 -0.043064579552725711 0.37828379094541636 -2.1693305438565504
35.026793436599391 18.799772727272725 0.27023665431604849 2.9121133757279924 -0.14994980979577632 0.98860911374861393 0.016422017499643993 0.41512907312087638 -0.074974904897888162 0.026640583621124495 -0.023089885854201467 0.21547040071793039 -2.1977630913434143
35.923526252510982 18.799772727272725 0.16473912305633909 2.3377096138536224 -0.086308954508438784 0.96655705804291814 0.012728704428585881 0.38976196343335945 -0.043154477254219392 0.01100131006061815 -0.0095116553669685692 0.099828883133459334 -2.1961926673290351
36.63706990039671 18.799772727272725 0.091453291542778425 1.8279093827554154 -0.030805894262104339 0.95033260093712357 0.0086192104159896997 0.35721079360790764 -0.015402947131052169 0.0026030462042605372 -0.0022451903385775187 0.027944553742614418 -2.1790401070369829
37.191651308174301 18.799772727272725 0.044503400514804031 1.4003239485840167 0.015677154696749795 0.93928138295693497 0.004539955317276077 0.31945691061467896 0.0078385773483748977 -0.00080413727638532556 0.00069211522077346059 -0.010925151560522874 -2.1562703083532333
37.614743706203328 18.799772727272728 0.01712060849292309 1.0561962859333784 0.055184696280762946 0.93106413753477646 0.00092149274615915388 0.27916666413986219 0.027592348140381473 -0.0015399250713319806 0.00132315066009787 -0.029072127545289105 -2.1337583609621933
37.932908121235712 18.799772727272725 0.0037362554185572075 0.78732157867767116 0.091526827017566426 0.92524363620440575 -0.0026033985834352825 0.22888994945496968 0.045763413508783213 -0.00098906357288913987 0.00084849669058439502 -0.036006949219065193 -2.113487985190365
40.418188075974669 21.692045454545458 -0.0036247204400998746 0.7638183955492841 0.16118910821038868 -0.90803590065644602 0.00051694781026685298 -0.119504927403056 0.080594554105194338 -0.0016898550417119792 0.001449690848760723 0.061519326302521229 1.213416333579195
40.109521529048486 21.692045454545458 -0.016609522797349525 1.0246666347716669 0.16556047839357457 -0.9108964063104148 0.00016585911576199935 -0.068609263718179755 0.082780239196787286 -0.0044820383133456782 0.003851104227920444 0.084616058231814839 1.1858141094542547
39.699059317185323 21.692045454545458 -0.04317488164721256 1.3585213724906844 0.16137596983283786 -0.91534996935410662 0.00059991863187424245 -0.027533686063315854 0.080687984916418931 -0.0080304480148920242 0.0069117493541904955 0.10910309002956323 1.1498617537935369
39.161033315406492 21.692045454545458 -0.088723220988337917 1.7733424940424853 0.14700232658947876 -0.92350945374722182 0.0016162508567904941 0.011195980671523081 0.07350116329473938 -0.012050643086640547 0.010393971258553705 0.12936760124215807 1.1062279296507114
38.468790426296522 21.692045454545458 -0.15982131833402219 2.2679241302045083 0.12427893517208388 -0.93472295004027084 0.0029631672409836229 0.044780477172887356 0.062139467586041941 -0.015368236372560184 0.013287269167803952 0.13945556159676842 1.0568990643291258
37.598826946016516 21.692045454545458 -0.262169529336367 2.8251807476711273 0.0938180099489061 -0.94926860238523292 0.0043167435948599352 0.071080773078355974 0.04690900497445305 -0.016170445725409082 0.014015223965108306 0.13078739076416637 1.0064045397827364
36.536807290726841 21.692045454545458 -0.39780984257389729 3.4053960648728294 0.05697533945704758 -0.96729816849921413 0.0051607915784693667 0.085628733444457622 0.02848766972852379 -0.012531672404109019 0.010881201582251393 0.095581617824356813 0.96265582505918368
35.284665313301531 21.692045454545458 -0.5606242163504731 3.9442597257894967 0.017568194970901008 -0.98779110140344761 0.0048557418419006761 0.081712708855035537 0.0087840974854505038 -0.0044088177965377765 0.00382551456646167 0.034151513536229305 0.93607103249555956
33.86702229535841 21.692045454545458 -0.73377898856999013 4.3626941760235791 -0.019764935167488007 -1.0082798396207848 0.0033649741688588091 0.055905072494498609 -0.0098824675837440035 0.0049383938323113406 -0.0042549626848695657 -0.042618545273890043 0.9354956007195846
32.333948978202649 21.692045454545458 -0.89216787483060811 4.5879962431473906 -0.052273800517569136 -1.0257733305641996 0.0014938169094503783 0.0077873828620080299 -0.026136900258784568 0.010885890510494997 -0.0091601587360300944 -0.11906903872312362 0.96396271061156424
30.75682287469942 21.692045454545458 -1.0080773392551183 4.578592984935403 -0.078669934935758246 -1.0366556205227955 0.00074034780784783694 -0.063360170922902748 -0.039334967467879123 0.0099906285972162032 -0.0076848792653222099 -0.17965720117365516 1.0165941847648641
29.216822273464167 21.692045454545458 -1.058993239426568 4.3410363827986007 -0.096747658715479634 -1.0356131015989267 0.0033404859827046766 -0.15569843822444077 -0.048373829357739817 0.0019609230961521668 0.00044710946857965382 -0.20998292140178759 1.0796694555635797
27.789261738152419 21.692045454545458 -1.040028186993031 3.9245619390235893 -0.10373604368656641 -1.0202962394829276 0.010404710300679078 -0.25024661713422214 -0.051868021843283207 -0.0077927069330269464 0.0099911204376322074 -0.20316452777345451 1.1318204936627907
26.529098174202161 21.692045454545458 -0.96664859008075132 3.3979003951481301 -0.1011308181196291 -0.99462740598335597 0.02053086056276968 -0.33380477101294059 -0.050565409059814548 -0.013866377524342438 0.015717878114904056 -0.17053294847039269 1.1580606716496185
25.464245400795047 21.692045454545458 -0.85864183296494034 2.8350392793958812 -0.09685351449934898 -0.95978095962840271 0.034402261867089952 -0.41772061047135256 -0.04842675724967449 -0.016975682506795493 0.01852062006762421 -0.13497347857496686 1.156547301482248
24.597943625786758 21.692045454545458 -0.73095919558903133 2.2956093841808305 -0.093633973804771342 -0.91384695605280697 0.053149386793258424 -0.50566081260197637 -0.046816986902385671 -0.018166983951304252 0.019477971079234577 -0.10412072632167463 1.1292994069091513
23.916208177847974 21.692045454545458 -0.5932966146785752 1.8196930238476869 -0.10134092482120249 -0.84876130782682679 0.081995063184794548 -0.6117368525523198 -0.050670462410601247 -0.020687375920258159 0.021958210597963674 -0.087129637683997604 1.080922639295522
23.39644103120348 21.692045454545458 -0.44932756099754478 1.4273533069243287 -0.13258973107436223 -0.74380431515683898 0.13118668211320542 -0.74975657800686002 -0.066294865537181114 -0.028143671941326328 0.029687883479717604 -0.085326901910648678 1.0139176151266118
23.016887408639668 21.692045454545458 -0.29545608921811672 1.1319240336119001 -0.24334391339116279 -0.51636570896656897 0.23736645441993176 -0.95935787603517686 -0.1216719566955814 -0.056644850740752893 0.059508103042707483 -0.11053454107121821 0.9264877834307409
22.791537273589519 21.692045454545458 -0.1074868642779726 0.98330979376622407 -1.1694109455434134 0.2148052720788256 0.59560967559243105 -1.3298566670777847 -0.5847054727717067 -0.36354802549615461 0.38083029361051207 -0.23100808210521964 0.80492227045169518
22.791537273589519 21.692045454545458 0.10748686427797144 0.98330979376620897 -2.6119979269204112 1.3826436312212835 0.53358249422257098 -1.1897832734674223 -1.3059989634602056 -0.81202137926859308 0.85062307755029287 0.51597997595300982 0.61856069459266783
23.016887408639668 21.692045454545458 0.29545608921811661 1.1319240336119234 -1.6714654504901265 1.476736439935221 0.17004335338173179 -0.67955882411184365 -0.83573272524506326 -0.38907860748153156 0.40874553578912659 0.7592327414795198 0.42808057998862969
23.396441031203477 21.692045454545458 0.44932756099754573 1.4273533069242941 -1.0234054167278872 1.3518999219479235 0.078765021098460064 -0.43539417682881854 -0.5117027083639436 -0.21722938931984287 0.22914852091591612 0.65860314294618538 0.25904822085676293
23.916208177847963 21.692045454545458 0.59329661467857475 1.8196930238476847 -0.78023331125371609 1.3034057553801714 0.040890800952743334 -0.28230248049389139 -0.39011665562685804 -0.15927405284578838 0.16905832855070826 0.6708192750210521 0.07916579081349634
24.597943625786751 21.692045454545458 0.73095919558903066 2.2956093841808398 -0.64700890209130746 1.2721526591149346 0.021012557948879088 -0.16791362781666458 -0.32350445104565373 -0.12553349882545342 0.13459239388064562 0.71947215401535836 -0.12174516743209203
25.464245400795047 21.692045454545458 0.85864183296494001 2.8350392793959247 -0.56792235530629065 1.2498825561566422 0.0096586018656510363 -0.074984415258302822 -0.28396117765314532 -0.099540730576751238 0.10859981927252479 0.79144733417696256 -0.34884449813909663
26.529098174202165 21.692045454545458 0.96664859008075155 3.3979003951481235 -0.51995081131392373 1.2327993663689309 0.0027097237048246152 0.01221437643638526 -0.25997540565696187 -0.071292157799400527 0.080811404771890583 0.87677274407143124 -0.60562034819783717
27.789261738152433 21.692045454545465 1.0400281869930315 3.9245619390236355 -0.49075149477166646 1.2170479199995539 -0.00070986619529408838 0.09770031364540685 -0.24537574738583323 -0.036865514046934653 0.047265705486383022 0.96112491036049674 -0.88895377401814557
29.216822273464182 21.692045454545465 1.058993239426568 4.3410363827985625 -0.46992822124508371 1.1969604805478216 -0.000351492792829692 0.19290854233192592 -0.23496411062254186 0.0095247070038484063 0.0021717254976608312 1.0199409686634524 -1.1905052231958713
30.756822874699424 21.692045454545458 1.0080773392551181 4.5785929849354199 -0.44193677619073624 1.1666331262959591 0.0040038272506669192 0.28440797138441803 -0.22096838809536812 0.056123425015899363 -0.04317063145793737 1.0092435486437301 -1.485220444407318
32.333948978202656 21.692045454545458 0.89216787483060744 4.5879962431473746 -0.4001203984844055 1.1290468086263805 0.0097202793391707593 0.35394804503565092 -0.20006019924220275 0.083324089807721977 -0.070114786515453734 0.91139252836684015 -1.7413716237761747
33.86702229535841 21.692045454545458 0.73377898856998935 4.3626941760235542 -0.34772245046409256 1.089538097802601 0.014583558834706386 0.40052029126187461 -0.17386122523204628 0.086880649502596288 -0.074857116346623731 0.74978363815879301 -1.9391161578417595
35.284665313301517 21.692045454545458 0.56062421635047244 3.9442597257894985 -0.28642100008486215 1.0512831267859311 0.017324390560370669 0.42535238674747078 -0.14321050004243108 0.07187864231743106 -0.062368826722382323 0.55678518354676731 -2.0719844318328313
36.536807290726841 21.692045454545458 0.39780984257389684 3.405396064872841 -0.21853341555278383 1.0169055099899476 0.017301155974364414 0.42911218732030804 -0.10926670777639191 0.048066219511040002 -0.041735708286220058 0.36661084613571182 -2.1452360516708642
37.598826946016516 21.692045454545458 0.26216952933636689 2.8251807476711068 -0.14959818332314501 0.98845567401481971 0.014880069921023727 0.41512907312087755 -0.074799091661572503 0.025784700670629903 -0.022348076293550304 0.20854797570902373 -2.1726873495760151
38.468790426296522 21.692045454545458 0.15982131833402202 2.2679241302045292 -0.085888314750788064 0.96635822546631878 0.011211899256970387 0.38976196343335878 -0.042944157375394032 0.010620882138258408 -0.009182740058744393 0.096376776575904655 -2.1710081113300164
39.161033315406499 21.692045454545458 0.088723220988337584 1.7733424940424938 -0.030344332940235086 0.95010214784296587 0.0071197285360733937 0.35721079360790697 -0.015172166470117543 0.0024875029834468864 -0.0021455315147601317 0.026704159416022426 -2.1542175661352387
39.699059317185331 21.692045454545458 0.04317488164721224 1.3585213724906313 0.016159858080890932 0.93903040770229607 0.0030524727832204751 0.31945691061468118 0.008079929040445466 -0.00080415256609177278 0.00069212838051479391 -0.010925359289184413 -2.131996832115099
40.109521529048493 21.692045454545461 0.016609522797349459 1.0246666347716589 0.055680211193161244 0.93079828709997747 -0.0005578275794396936 0.27916666413986169 0.027840105596580622 -0.0015073696469374942 0.0012951780450146757 -0.028457516180160389 -2.110050865397286
40.418188075974669 21.692045454545458 0.0036247204400999067 0.76381839554929198 0.092031172209240064 0.92496572589219916 -0.004077346438381097 0.22888994945496957 0.046015586104620032 -0.00096482536617462132 0.00082770324641488259 -0.035124555101787726 -2.0903016078125205
42.90346803071364 24.58431818181819 -0.0035131854616425751 0.7403152124208825 0.16170465513024335 -0.90775076956726575 0.0015676562710223597 -0.11950492740305453 0.080852327565121673 -0.0016430956344934192 0.0014095769436830721 0.059817045835032459 1.2039670733665717
42.604299351893651 24.58431818181819 -0.016098437101775893 0.99313698360993763 0.16612320531757319 -0.91058667867966547 0.0012100519045064296 -0.068609263718180463 0.083061602658786593 -0.0043588884423427831 0.0037452900969981557 0.082291121243884324 1.1771251271770995
42.206467326196353 24.58431818181819 -0.041846362779620769 1.3167187963972919 0.16199197691419986 -0.91501215542806524 0.0016354315799921677 -0.02753368606331813 0.080995988457099932 -0.0078130566861544948 0.0067246421874145503 0.10614957290736779 1.1421490435667083
41.684996730416287 24.58431818181819 -0.085993150433897075 1.7187756053295176 0.14767333835940355 -0.92314372640060505 0.0026404667398487731 0.011195980671524525 0.073836669179701775 -0.011733151228393726 0.010120126848283126 0.12595922213574737 1.0996730236951371
41.014054600082062 24.58431818181819 -0.1549035136117051 2.198138646555404 0.12501812216227348 -0.9343237136146213 0.0039730189123804074 0.04478047717288669 0.062509061081136741 -0.014983940485100111 0.01295500964413614 0.13596835607065125 1.0516044676275669
40.170860455433633 24.58431818181819 -0.25410240435668541 2.7382481196141795 0.094664868246617573 -0.94881741119168417 0.0053080760616174049 0.071080773078357917 0.047332434123308786 -0.015814343556864733 0.013706583638715355 0.12790721824077014 1.0023061945937926
39.141519827763176 24.58431818181819 -0.38556897794590439 3.3006098384559253 0.058003703572444443 -0.96676081303556871 0.006127545598360094 0.085628733444456151 0.029001851786222221 -0.012365292566750464 0.010736734627551276 0.094312604917279663 0.9593972579052632
37.927907064048412 24.58431818181819 -0.54337344875980942 3.8228923180635803 0.018879638500886031 -0.98712201755094697 0.0057894021137003069 0.081712708855035593 0.0094398192504430156 -0.004592141300942456 0.0039845836795072637 0.03557157111880891 0.9329016275705263
36.553885833241537 24.58431818181819 -0.71120013730820331 4.2284512712314104 -0.018052310818168493 -1.0074268380849296 0.0042543617328981743 0.055905072494498165 -0.0090261554090842466 0.0043716933390743071 -0.0037666886560863578 -0.037727896320431824 0.93130262771357786
35.067986167744749 24.58431818181819 -0.86471529570238559 4.4468206488917144 -0.050034849816499527 -1.0246798531095478 0.0023248905470303516 0.0077873828620081409 -0.025017424908249764 0.010099015674799726 -0.0084980265573711689 -0.11046226188742748 0.95745713076716354
33.539389248460161 24.58431818181819 -0.97705815138251828 4.4377067349807469 -0.075781336946046274 -1.0352606357369387 0.0014972575651444955 -0.063360170922902984 -0.037890668473023137 0.0093276629836945273 -0.0071749202925310328 -0.16773537408933503 1.0065859300309674
32.046775455868911 24.58431818181819 -1.0264073365692945 4.2074599022288179 -0.093118294936001877 -1.0338569702478626 0.0040070363589688983 -0.15569843822444032 -0.046559147468000939 0.0018292862627229706 0.00041709499490875918 -0.19588676082221573 1.065394976391848
30.663141876079308 24.58431818181819 -1.0080258509927253 3.8038006448611759 -0.099302287743369133 -1.0181152483323745 0.0109662878566156 -0.25024661713422275 -0.049651143871684567 -0.0072301028774113844 0.0092697992168209089 -0.18849681496647747 1.1132559990838138
29.441754355214456 24.58431818181819 -0.93690419145687698 3.2933448153080218 -0.095787857597060322 -0.99192853853690877 0.02097634100816561 -0.33380477101294059 -0.047893928798530161 -0.01272965165524741 0.014429371536374198 -0.15655314633973225 1.1357603475191849
28.409667786292587 24.58431818181819 -0.83222087170050629 2.7478032979792388 -0.090472049826828993 -0.95643913318446228 0.034723564442966634 -0.41772061047135156 -0.045236024913414496 -0.015369256189985974 0.01676799471849013 -0.12220079930464313 1.131225227584941
27.570022673890371 24.58431818181819 -0.70846711117025574 2.224972007466627 -0.086013630346694958 -0.9096567880241393 0.05334136244048724 -0.50566081260197893 -0.043006815173347479 -0.016174960009393516 0.017342196377518385 -0.092703807572922473 1.101712818833859
26.909264664006734 24.58431818181819 -0.57504049638462451 1.7636998995315327 -0.09217319269940849 -0.84333771265702051 0.082053143384126823 -0.61173685255231847 -0.046086596349704245 -0.018236930117351276 0.01935723282260287 -0.076809022068245844 1.0517140981060802
26.405491086648983 24.58431818181819 -0.435501463050319 1.3834327279528997 -0.1216324984848649 -0.73641650594779062 0.13110416464762303 -0.74975657800686324 -0.060816249242432452 -0.025023442617635925 0.026396450692097038 -0.075866888945875302 0.98360769360457934
26.037616573085611 24.58431818181819 -0.286364715389267 1.097094003326649 -0.23115925036648477 -0.50453963756630493 0.23713175700488576 -0.95935787603517508 -0.11557962518324238 -0.052152818766385209 0.054789010343086489 -0.10176896597885197 0.89553257494949223
25.819200606579912 24.58431818181819 -0.10417942435541791 0.95305271919261292 -1.177541718336589 0.23404315732099179 0.59518632702421381 -1.3298566670777856 -0.58877085916829452 -0.35481134531516773 0.37167829099967259 -0.22545656321078286 0.77364646313508789
25.819200606579912 24.58431818181819 0.10417942435541677 0.95305271919260348 -2.6641030086087349 1.4016051899045578 0.53293682779339191 -1.1897832734674245 -1.3320515043043675 -0.8027350180662155 0.84089526329948427 0.51007917512161638 0.58825404075453447
26.037616573085611 24.58431818181819 0.28636471538926689 1.0970940033266761 -1.7043250197925053 1.4879144965549806 0.1692196067415562 -0.67955882411184731 -0.85216250989625264 -0.38451999535098036 0.40395649747674456 0.75033724448053296 0.39975975385241519
26.405491086648979 24.58431818181819 0.43550146305031989 1.3834327279528473 -1.0416437228149498 1.3586840038304175 0.077803671724739509 -0.43539417682881854 -0.52082186140747488 -0.21429726636030053 0.22605551567649471 0.6497134369874028 0.23284724673361254
26.909264664006727 24.58431818181819 0.57504049638462429 1.763699899531542 -0.79292118652054744 1.3082973396240589 0.039806622064080532 -0.28230248049389284 -0.39646059326027372 -0.15688344781872071 0.16652086759658602 0.66075069258426145 0.055627153066297001
27.570022673890364 24.58431818181819 0.70846711117025518 2.2249720074666399 -0.65627767917151236 1.2758095248367138 0.019817898498026849 -0.1679136278166625 -0.32813883958575618 -0.1234137563182693 0.13231968403728248 0.70732323980623824 -0.14187401447192438
28.409667786292587 24.58431818181819 0.83222087170050607 2.7478032979792757 -0.57474455178467432 1.2526179839537603 0.0083711127493012825 -0.074984415258303738 -0.28737227589233716 -0.097636742807146418 0.10652255174115258 0.77630874682856388 -0.3646018715171146
29.441754355214464 24.58431818181819 0.9369041914568772 3.2933448153079929 -0.52500105604978753 1.2348481839949974 0.0013518662340805863 0.012214376436386482 -0.26250052802489376 -0.06976960055066396 0.079085548886559817 0.85804786972078606 -0.61587363850104382
30.663141876079322 24.584318181818194 1.0080258509927256 3.8038006448612256 -0.49449446269837538 1.2185830490009275 -0.0021128415860503097 0.097700313645406323 -0.24724723134918769 -0.036003660327133716 0.046160712781260375 0.9386554263290745 -0.89261748480015468
32.046775455868925 24.584318181818194 1.0264073365692945 4.2074599022287948 -0.47264111473975645 1.1980919237403382 -0.0017751910611910591 0.19290854233192606 -0.23632055736987823 0.0092849197785009503 0.0021170516865828665 0.99426366281086398 -1.1866936644532435
33.539389248460168 24.58431818181819 0.97705815138251795 4.437706734980738 -0.44379502329404596 1.1674332865200447 0.0025788819385295309 0.28440797138441837 -0.22189751164702298 0.054625196360351319 -0.042018180817049902 0.98230154350814147 -1.4737527923747775
35.067986167744756 24.58431818181819 0.86471529570238503 4.4468206488917188 -0.40129338359926026 1.1295774297284424 0.0083063387112983899 0.35394804503565058 -0.20064669179963013 0.080996908875020826 -0.068156531769968734 0.88593800112128795 -1.7230193608759503
36.553885833241537 24.58431818181819 0.71120013730820264 4.2284512712313642 -0.34837149169401438 1.0898537084479361 0.013186438632126672 0.40052029126187433 -0.17418574584700719 0.084364453121941851 -0.072689139860536447 0.72806875817792227 -1.9152970080912854
37.927907064048405 24.58431818181819 0.54337344875980897 3.8228923180635972 -0.28668668375047845 1.05143129534977 0.015945594934446212 0.42535238674747067 -0.14334334187523923 0.069731513175902052 -0.060505770867943856 0.54015312630944068 -2.0443880277980058
39.141519827763176 24.58431818181819 0.385568977945904 3.3006098384559608 -0.21854168675420005 1.0169318292784424 0.015939637630177063 0.42911218732030876 -0.10927084337710002 0.046588954296197811 -0.040453004743166029 0.35534344345895646 -2.1154840552821716
40.170860455433633 24.58431818181819 0.2541024043566853 2.7382481196141661 -0.14944914090742101 0.98839963900262451 0.013533187972689233 0.4151290731208771 -0.074724570453710504 0.024966390408224966 -0.021638831675603282 0.20192944052002132 -2.1420703779689028
41.014054600082069 24.58431818181819 0.15490351361170496 2.1981386465554147 -0.085642314546008791 0.96624551027944927 0.0098762478395913299 0.38976196343335801 -0.042821157273004395 0.010264586621273551 -0.0088746894586174564 0.093143654035946488 -2.1403698892321121
41.684996730416294 24.58431818181819 0.085993150433896756 1.7187756053295473 -0.030036913012273958 0.94994937233920818 0.0057924031823399537 0.35721079360790831 -0.015018456506136979 0.0023865353537914323 -0.0020584444910106184 0.025620238835375939 -2.1240056035767889
42.206467326196361 24.58431818181819 0.041846362779620457 1.3167187963972362 0.016503906580315864 0.9388505621921327 0.0017313439070965296 0.31945691061468029 0.0082519532901579318 -0.00079600212375518793 0.00068511335290340669 -0.010814625935032863 -2.1023810491219836
42.604299351893651 24.58431818181819 0.016098437101775828 0.99313698360993974 0.056051527265316481 0.9305970839113028 -0.001874508865372479 0.2791666641398588 0.02802576363265824 -0.0014707298351568645 0.0012636959995269287 -0.027765795978216195 -2.0810348732480057
42.90346803071364 24.58431818181819 0.0035131854616426059 0.74031521242088638 0.092423743513238898 0.92474676816534762 -0.0053909454649954062 0.22888994945497157 0.046211871756619449 -0.00093912602186887876 0.00080565632325309299 -0.034188968137768443 -2.0618304079371645
45.388747985452596 27.476590909090916 -0.0034016504831852752 0.7168120292925011 0.16215092355558436 -0.90750277806098545 0.0025212263682844569 -0.11950492740305459 0.081075461777792179 -0.0015953220106179264 0.0013685929636167865 0.058077842718016755 1.1907253534450331
45.099077174738802 27.476590909090913 -0.01558735140620226 0.96160733244819319 0.16661696451177144 -0.91031376282253296 0.0021581557309287053 -0.068609263718180255 0.083308482255885719 -0.0042330488605566334 0.0036371648844105288 0.079915405411964902 1.1646600603254555
44.713875335207376 27.476590909090913 -0.040517843912028971 1.274916220303878 0.16253999828469623 -0.91471047976891029 0.0025760527945812789 -0.027533686063316853 0.081269999142348115 -0.0075906039463261524 0.0065331787001974779 0.10312729055701643 1.1306826288397565
44.208960145426069 27.476590909090916 -0.083263079879456248 1.6642087166165882 0.14827831267814406 -0.92281286537234153 0.0035711121443347052 0.011195980671521583 0.074139156339072032 -0.011407193857789643 0.0098389807287595863 0.12245996298094129 1.0893941586313627
43.559318773867595 27.476590909090916 -0.14998570888938803 2.1283531629062868 0.12569171208660024 -0.93395882022873444 0.0048906946867360822 0.044780477172885913 0.062845856043300119 -0.014586406796860641 0.012611304810942709 0.13236102713562475 1.0426244685866224
42.742893964850737 27.476590909090916 -0.24603527937700381 2.6513154915572574 0.095440763423697783 -0.94840297972666443 0.0062087293763883802 0.071080773078359111 0.047720381711848892 -0.015437780099539713 0.013380209135432978 0.12486155376886908 0.9945737360341752
41.746232364799511 27.476590909090913 -0.37332811331791149 3.1958236120390442 0.05894823658819992 -0.9662662210831322 0.0070052419102828462 0.085628733444457733 0.02947411829409996 -0.012167689007937825 0.010565156239011131 0.092805442327155041 0.95257609916856645
40.571148814795293 27.476590909090913 -0.52612268116914596 3.7015249103376981 0.020086639199833223 -0.98650512409299307 0.0066358232351091378 0.08171270885503365 0.010043319599916611 -0.0047306134103595595 0.0041047354063579022 0.036644201546599184 0.92627159016015381
39.240749371124664 27.476590909090913 -0.6886212860464167 4.0942083664392204 -0.016472633748809473 -1.0066387961377601 0.0050587279542614579 0.055905072494500496 -0.0082363168744047366 0.0038625004340420072 -0.0033279636608992851 -0.033333540257884348 0.92379297486322332
37.802023357286856 27.476590909090913 -0.8372627165741634 4.3056450546360869 -0.047968124095412401 -1.0236689050372747 0.0030746745128349177 0.0077873828620074192 -0.023984062047706201 0.0093744930560687827 -0.0078883619471106885 -0.10253748883718611 0.94783079451105678
36.321955622220898 27.476590909090916 -0.94603896350991823 4.2968204850261253 -0.073120005924285136 -1.0339732818347878 0.0021787878979475945 -0.063360170922903011 -0.036560002962142568 0.0087143583027856405 -0.0067031609452808862 -0.15670657831671525 0.99371440975629999
34.876728638273647 27.476590909090916 -0.99382143371202081 4.0738834216590689 -0.089785359447081659 -1.0322413162440125 0.004606606167268241 -0.15569843822444052 -0.044892679723540829 0.0017078148863156706 0.00038939834394900578 -0.18287915510083502 1.0485812243763883
33.537022014006197 27.476590909090913 -0.97602351499241957 3.6830393506987513 -0.095245669630372509 -1.0161154831776065 0.011472797827459151 -0.25024661713422247 -0.047622834815186255 -0.0067145834199901777 0.0086088457084567919 -0.17505664994742448 1.0925339481949603
32.354410536226744 27.476590909090913 -0.90715979283300274 3.1887892354679352 -0.090921464883558567 -0.98946381342776557 0.021382274190110434 -0.33380477101294015 -0.045460732441779284 -0.011699332799052681 0.013261479909831763 -0.14388197017255541 1.111727789991199
31.355090171790124 27.476590909090913 -0.80579991043607224 2.6605673165626205 -0.084693987754311806 -0.95340274686642401 0.035024014751446675 -0.41772061047135306 -0.042346993877155903 -0.013930914049499723 0.015198750695427402 -0.11076455560694842 1.1046282361959234
30.542101721993976 27.476590909090913 -0.68597502675148014 2.1543346307524214 -0.079162003918019863 -0.90587155361898408 0.053533866483345058 -0.50566081260197659 -0.039581001959009932 -0.014413894141530501 0.015454046416313641 -0.082610582536026309 1.0733289928464369
29.902321150165491 27.476590909090916 -0.55678437809067405 1.7077067752154056 -0.083994409965474359 -0.83846652794014553 0.082135952656900116 -0.6117368525523168 -0.04199720498273718 -0.016091113493518387 0.017079597731890713 -0.067771422244492063 1.0222029904585026
29.414541142094478 27.476590909090913 -0.42167536510309322 1.3395121489814708 -0.11194198372236741 -0.72981279793340659 0.13107378620613896 -0.74975657800686712 -0.055970991861183705 -0.022298674091809315 0.023522177190310061 -0.067605846917772092 0.9535137699466486
29.058345737531543 27.476590909090913 -0.27727334156041727 1.0622639730414178 -0.22056044483222514 -0.4939970126353721 0.23698072079571922 -0.95935787603516054 -0.11028022241611257 -0.048181769884979297 0.050617235099051548 -0.094020016869844444 0.86535216941573212
28.846863939570298 27.476590909090916 -0.10087198443286322 0.92279564461900088 -1.1855105735508786 0.2511976001969608 0.59488787534704202 -1.3298566670777903 -0.59275528677543932 -0.34587186755315802 0.36231385025987084 -0.21977618134099094 0.74383188223207675
28.846863939570298 27.476590909090916 0.10087198443286211 0.92279564461900132 -2.7113652601308709 1.418541703228126 0.53246639190718292 -1.1897832734674263 -1.3556826300654354 -0.79103888827522983 0.82864312539740548 0.50264714325352011 0.56020943810893553
29.058345737531546 27.476590909090913 0.27727334156041716 1.0622639730414423 -1.7340785407552728 1.4979481058530544 0.16861143940509049 -0.6795588241118371 -0.8670392703776364 -0.37881213595080099 0.39796012038514239 0.73919915141388026 0.374337564419297
29.414541142094475 27.476590909090913 0.42167536510309411 1.3395121489814192 -1.0582432500018073 1.3648196119210199 0.077088181332261863 -0.43539417682882325 -0.52912162500090365 -0.21080045713833251 0.22236684047629279 0.63911169681272628 0.21003367530442071
29.902321150165481 27.476590909090916 0.5567843780906736 1.7077067752154058 -0.80456655405555733 1.3127647746939135 0.038993715973121783 -0.28230248049389051 -0.40228327702777866 -0.15413373032465505 0.16360223373735097 0.64916962546803003 0.035910467505717261
30.542101721993969 27.476590909090913 0.68597502675147948 2.154334630752436 -0.66489109728488094 1.2791944130689674 0.018914662340851627 -0.16791362781666169 -0.33244554864244047 -0.12106401325862273 0.1298003760727845 0.69385611974407058 -0.15779033354224137
31.355090171790124 27.476590909090913 0.80579991043607202 2.6605673165626547 -0.5811926612595899 1.2551953735084573 0.0073873575061986843 -0.074984415258304404 -0.29059633062979495 -0.095597635970272585 0.10429786810985156 0.76009582915360618 -0.37581577097800473
32.354410536226752 27.476590909090916 0.90715979283300285 3.1887892354678891 -0.52987959889024494 1.2368226704642975 0.00029953977861499207 0.012214376436385455 -0.26493979944512247 -0.068182334928113597 0.077286344476653543 0.83852719201356951 -0.62132470981253729
33.537022014006197 27.47659090909092 0.9760235149924199 3.6830393506988099 -0.49820814309789019 1.2201034476182389 -0.0032200809876275112 0.097700313645406739 -0.24910407154894509 -0.035122438115364661 0.04503088750670968 0.91568098419283506 -0.8913000997715167
34.876728638273654 27.47659090909092 0.99382143371202092 4.0738834216590423 -0.47541603833339741 1.1992471754685663 -0.002923142048341678 0.19290854233192564 -0.2377080191666987 0.0090429285181798397 0.0020618753341727285 0.96835034071496739 -1.1778003427182839
36.321955622220905 27.476590909090916 0.94603896350991801 4.2968204850261431 -0.44576466853287444 1.168278564644927 0.0014034732145301564 0.28440797138441759 -0.22288233426643722 0.053125721082959786 -0.040864771263690619 0.95533712090511846 -1.4571691353328593
37.802023357286856 27.476590909090916 0.83726271657416274 4.3056450546360905 -0.40259717725597755 1.1301625293133584 0.0071144927753096386 0.35394804503565208 -0.20129858862798877 0.078680259312872924 -0.066207138865036944 0.86059866520224293 -1.6995650451718591
39.240749371124664 27.476590909090916 0.68862128604641593 4.0942083664391804 -0.34915365455360314 1.0902263420282767 0.011986408500914413 0.40052029126187272 -0.17457682727680157 0.081869491110253614 -0.070539459089748138 0.70653713168915788 -1.8864187653712041
40.571148814795293 27.476590909090913 0.52612268116914551 3.7015249103377084 -0.28708103875854896 1.0516363547772423 0.014743241082402589 0.42535238674747011 -0.14354051937927448 0.067610584244597066 -0.058665448837056336 0.52372402071933932 -2.0117894458108974
41.746232364799511 27.476590909090913 0.3733281133179111 3.1958236120390917 -0.21867158412503485 1.0170138059890474 0.014738834617629589 0.42911218732031031 -0.10933579206251742 0.045136682359030345 -0.039192002764261505 0.34426666960155067 -2.0807907155606866
42.742893964850744 27.476590909090916 0.24603527937700376 2.6513154915572636 -0.14941191280155852 0.98839647732505409 0.012335682501648059 0.41512907312087999 -0.074705956400779261 0.024167747316125979 -0.020946632957396932 0.19546997440874633 -2.1065684603676842
43.559318773867602 27.476590909090916 0.14998570888938789 2.1283531629063073 -0.085498047140149191 0.9661823217522062 0.0086821733592329434 0.38976196343335728 -0.042749023570074596 0.009921969199243149 -0.0085784648432656978 0.090034650254133694 -2.1048934875768079
44.208960145426076 27.476590909090916 0.083263079879455928 1.6642087166166037 -0.029824099716234453 0.94984386886538819 0.0046014590158382999 0.35721079360790753 -0.014912049858117227 0.0022943968066024951 -0.0019789727645308664 0.024631101347353964 -2.088992647185457
44.713875335207376 27.476590909090916 0.040517843912028673 1.2749162203038469 0.016758967660709279 0.93871615496898375 0.00054313908136549224 0.3194569106146804 0.0083794838303546393 -0.00078264234898610407 0.00067361469000675682 -0.010633117667162496 -2.0679934401648659
45.099077174738802 27.476590909090916 0.015587351406202198 0.96160733244820873 0.056339982067229788 0.9304389419344693 -0.0030605387857651749 0.27916666413985802 0.028169991033614894 -0.0014313662332782159 0.0012298735903856091 -0.02702265355150843 -2.047269050115839
45.388747985452596 27.476590909090916 0.0034016504831853051 0.71681202929250187 0.092739026672641667 0.92456861803461143 -0.0065753259560064016 0.22888994945497151 0.046369513336320833 -0.00091241299926012325 0.00078273978694509173 -0.033216478123045241 -2.0286255291576389
47.874027940191553 30.368863636363638 -0.0032901155047279753 0.69330884616411692 0.16254091510066349 -0.90728498926857282 0.0034066807382796393 -0.11950492740305629 0.081270457550331743 -0.0015467249378545791 0.0013269025641904468 0.056308661869437032 1.1740034452153503
47.593854997583954 30.368863636363635 -0.015076265710628627 0.93007768128646173 0.16705236304274673 -0.91007206917961658 0.0030388794700306186 -0.06860926371818199 0.083526181521373366 -0.0041049525683458975 0.0035271006372922455 0.077497085316685171 1.1487283694627644
47.221283344218399 30.368863636363635 -0.039189325044437173 1.2331136442104864 0.16302784783603219 -0.91444089197676426 0.003450127022952258 -0.027533686063313412 0.081513923918016096 -0.0073637550418536642 0.0063379314654132268 0.10004528113464159 1.1157688287159151
46.732923560435857 30.368863636363638 -0.080533009325015406 1.60964182790365 0.14882236409430527 -0.92251428543735825 0.0044361116417469156 0.011195980671520805 0.074411182047152635 -0.011073651269329592 0.009551292175291359 0.11887927402758515 1.0756943101652634
46.104582947653135 30.368863636363638 -0.14506790416707097 2.0585676792571848 0.1263024098934149 -0.9336269649325355 0.0057436331372930612 0.04478047717288744 0.063151204946707451 -0.0141766877270861 0.012257064582506532 0.12864312473048303 1.0302587324325891
45.314927474267854 30.368863636363642 -0.23796815439732227 2.5643828635003625 0.096146399151129214 -0.94802504413825861 0.0070455825952804845 0.07108077307835578 0.048073199575564607 -0.015041994526093188 0.013037174469091256 0.12166041984021031 0.98350345849679843
44.350944901835838 30.368863636363638 -0.36108724868991859 3.0910373856221649 0.059807937583844062 -0.96581500693550104 0.0078201536450052331 0.085628733444460453 0.029903968791922031 -0.011940363998877648 0.010367770832777507 0.091071588182452382 0.94248503546213891
43.214390565542182 30.368863636363635 -0.50887191357848249 3.580157502611824 0.021187164291298966 -0.9859415816698619 0.0074206775030636798 0.08171270885503415 0.010593582145649483 -0.004826190614413247 0.0041876673856781066 0.037384560148072232 0.91646929619646123
41.927612909007792 30.368863636363635 -0.66604243478462999 3.9599654616470525 -0.015027545157481059 -1.0059167416837518 0.0058031738910745631 0.055905072494498442 -0.0075137725787405296 0.003408120935593294 -0.0029364663692051066 -0.02941222618619984 0.91324907600388361
40.536060546828949 30.368863636363635 -0.80981013744594099 4.1644694603804604 -0.046071003655582032 -1.0227395417427316 0.0037669722071938558 0.0077873828620082242 -0.023035501827791016 0.0087085166619469377 -0.0073279622739076521 -0.095253089918793984 0.93535682983362411
39.104521995981642 30.368863636363638 -0.91501977563731818 4.1559342350715234 -0.070673022814730979 -1.0327877967202217 0.0028068667836910178 -0.063360170922902567 -0.03533651140736549 0.008146561090405428 -0.0062664063425180144 -0.14649612388756525 0.97823539266922088
37.706681820678384 30.368863636363638 -0.96123553085474733 3.9403069410893221 -0.086721600005372323 -1.0307535977571771 0.0051591714914148122 -0.15569843822444052 -0.043360800002686162 0.0015954529735778351 0.00036377873898265132 -0.17084702455105422 1.0294543117476087
36.410902151933072 30.368863636363635 -0.94402117899211391 3.5622780565363712 -0.091521616298380293 -1.0142759259159577 0.011941231870480075 -0.25024661713422269 -0.045760808149190146 -0.0062404940319648076 0.008001010175223755 -0.16269661286809201 1.0698389335635001
35.267066717239032 30.368863636363635 -0.87741539420912851 3.0842336556278367 -0.086465074690293742 -0.98720104000328124 0.021761345448574811 -0.3338047710129402 -0.043232537345146871 -0.010761104490999237 0.012197975172271509 -0.13234335171002873 1.0860948862282898
34.300512557287654 30.368863636363635 -0.7793789491716383 2.5733313351459981 -0.079424107970168967 -0.95062439918380848 0.035310780705524757 -0.41772061047135123 -0.039712053985084483 -0.012635744434900209 0.013785709167021914 -0.10046667520319426 1.0768255667747133
33.514180770097582 30.368863636363635 -0.66348294233270455 2.0836972540382379 -0.072941825527589099 -0.90242025487026445 0.053727569516790127 -0.5056608126019797 -0.03647091276379455 -0.012845843704725541 0.013772840491283033 -0.073623589933027769 1.0441457116107788
32.895377636324241 30.368863636363638 -0.53852825979672359 1.6517136508992785 -0.076605611030416076 -0.83403882127744011 0.082236724533133854 -0.61173685255231747 -0.038302805515208038 -0.014194423285696922 0.015066393003413992 -0.059783075571464069 0.99230511070224781
32.423591197539977 30.368863636363635 -0.4078492671558675 1.2955915700100427 -0.1032394705133588 -0.72382491950610117 0.13108024317487174 -0.74975657800686313 -0.0516197352566794 -0.019890846526750515 0.020982234842355296 -0.060305716824945746 0.92345742974170619
32.079074901977478 30.368863636363635 -0.26818196773156755 1.0274339427561927 -0.2111731711805358 -0.48444792389115576 0.23688783402144237 -0.95935787603517086 -0.1055865855902679 -0.044618536224449383 0.046873889092077119 -0.087066862395152753 0.83566026407900518
31.874527272560684 30.368863636363638 -0.097564544510308507 0.89253857004541515 -1.1933127155477932 0.26675137981625929 0.59467441675480837 -1.3298566670777883 -0.59665635777389658 -0.33673288568073584 0.35274042142601619 -0.21396902925466127 0.71505538258726487
31.874527272560684 30.368863636363638 0.097564544510307438 0.89253857004539139 -2.7548672355591393 1.4339244544482548 0.53211244739393193 -1.1897832734674219 -1.3774336177795696 -0.77737744835080558 0.81433225087000061 0.49396630106925454 0.53384232996410907
32.079074901977478 30.368863636363635 0.26818196773156744 1.0274339427562023 -1.7614211181241179 1.5070993369193606 0.16814431704066801 -0.67955882411184176 -0.88071055906205897 -0.37216864020260498 0.39098081292157688 0.72623529425770905 0.35110359601601526
32.42359119753997 30.368863636363635 0.40784926715586828 1.29559157001 -1.0735504504933995 1.3704470964471873 0.076531804607108692 -0.43539417682882764 -0.53677522524669974 -0.20683782223316322 0.21818678026302044 0.62709765114853078 0.18980519309526395
32.895377636324234 30.368863636363638 0.53852825979672314 1.6517136508992691 -0.81536448787463667 1.3168897839987839 0.038354845603546919 -0.28230248049388645 -0.40768224393731833 -0.15108069131414664 0.1603616451863929 0.63631105008147792 0.01913879559368099
33.514180770097575 30.368863636363635 0.663482942332704 2.0836972540382477 -0.67293988693599882 1.282346975019651 0.018197147781893422 -0.16791362781666458 -0.33646994346799941 -0.11851198606190386 0.12706418650690179 0.67922964536464725 -0.17042743665302068
34.300512557287661 30.368863636363635 0.77937894917163808 2.573331335146019 -0.58727580063072837 1.2576206198121507 0.0065965689870262608 -0.074984415258303461 -0.29363790031536419 -0.093430913097047194 0.10193395425185013 0.74286823767443833 -0.3834510064059497
35.26706671723904 30.368863636363642 0.87741539420912862 3.0842336556277949 -0.53453340342051803 1.238702506978127 -0.00055824268159105478 0.012214376436385371 -0.26726670171025901 -0.066525933490963113 0.07540877292973848 0.81815626092994698 -0.62293874156726392
36.410902151933087 30.368863636363645 0.94402117899211424 3.5622780565364338 -0.50179803725921368 1.2215709429662702 -0.0041373026599684582 0.097700313645407086 -0.25089901862960684 -0.034215607016363551 0.043868228779186932 0.89203888991389002 -0.88593442354368857
37.706681820678398 30.368863636363645 0.96123553085474733 3.9403069410892697 -0.47813737912420295 1.2003784963163979 -0.0038908868857699041 0.19290854233192598 -0.23906868956210148 0.008796490185319663 0.0020056850061280491 0.9419608095900881 -1.1646981964577461
39.104521995981642 30.368863636363642 0.91501977563731784 4.1559342350715509 -0.4477260871540083 1.1691184870921243 0.00039510306339561336 0.2844079713844182 -0.22386304357700415 0.051609903970430721 -0.039698791427212901 0.92807883007004133 -1.4362662733216089
40.536060546828949 30.368863636363638 0.80981013744594044 4.1644694603804799 -0.40391965296880006 1.1307535203164401 0.006075415724008733 0.35394804503565058 -0.20195982648440003 0.076350431917288034 -0.064246657198374954 0.83511519114786448 -1.6717255225646899
41.927612909007792 30.368863636363638 0.66604243478462943 3.9599654616470055 -0.34997055302433333 1.0906120659318919 0.010925701607091113 0.40052029126187483 -0.17498527651216667 0.079370379932587762 -0.068386203361795586 0.68496969772449579 -1.8531246996152402
43.214390565542168 30.368863636363635 0.50887191357848205 3.5801575026118266 -0.28752115021012736 1.0518600957860196 0.013668803582720122 0.42535238674747078 -0.14376057510506368 0.065493987657389702 -0.056828885964795198 0.50732847426343453 -1.9747709237734163
44.350944901835831 30.368863636363635 0.36108724868991821 3.0910373856222062 -0.21885428793084616 1.0171187281955667 0.013656916850427333 0.42911218732030881 -0.10942714396542308 0.043693194685839626 -0.03793862812702338 0.33325689511464174 -2.0416909728821109
45.314927474267861 30.368863636363638 0.23796815439732216 2.5643828635003447 -0.14942961981484193 0.98841838494413237 0.011250278622144935 0.41512907312087755 -0.074714809907420965 0.023378093648186816 -0.020262225539137087 0.18908321521912172 -2.0666816320975734
46.104582947653142 30.368863636363638 0.14506790416707083 2.0585676792571985 -0.085408566705616362 0.96614516967916431 0.0075953717360313679 0.38976196343335867 -0.042704283352808181 0.0095865991822746115 -0.008288506283399423 0.086991411399310992 -2.0650543391787815
46.732923560435864 30.368863636363638 0.080533009325015101 1.6096418279036657 -0.029666647283165481 0.94976562617446825 0.0035144772861997672 0.35721079360790675 -0.014833323641582741 0.0022074512009217164 -0.0019039800757584761 0.023697711787593691 -2.0496373228676501
47.221283344218406 30.368863636363642 0.039189325044436889 1.2331136442104476 0.016958433336889511 0.93860990495140095 -0.00054336981498237513 0.31945691061468157 0.0084792166684447556 -0.000765990293339664 0.00065928238443092575 -0.010406879887775548 -2.0292811477229731
47.593854997583961 30.368863636363642 0.015076265710628567 0.93007768128647117 0.056573737341744312 0.93030911191111332 -0.0041463943896052303 0.27916666413985947 0.028286868670872156 -0.0013901779308712683 0.0011944833428127644 -0.026245062743201368 -2.0091927959492168
47.874027940191553 30.368863636363642 0.0032901155047280043 0.69330884616412536 0.093000747834379394 0.92441871458040592 -0.0076605050507268704 0.22888994945496921 0.046500373917189697 -0.00088498687130852667 0.00075921149266720508 -0.032218027443537724 -1.9911213463331254
50.35930789493051 33.261136363636361 -0.0031785805262706758 0.66980566303571742 0.16288324336982529 -0.90709274505596427 0.0042521551477741866 -0.11950492740305474 0.081441621684912646 -0.0014974380668446867 0.0012846204014584873 0.054514368853026157 1.1540085794195529
50.088632820429112 33.261136363636361 -0.014565180015054996 0.89854803012470941 0.16743573607957807 -0.90985821836408443 0.0038801195606580122 -0.068609263718181532 0.083717868039789034 -0.0039748958083542637 0.0034153518963718262 0.07504175370023583 1.129535320707914
49.728691353229422 33.261136363636361 -0.037860806176845382 1.1913110681171148 0.16345917738700411 -0.91420148514195332 0.0042852431680678576 -0.027533686063317325 0.081729588693502053 -0.007132945737694624 0.0061392755428539454 0.096909465020197552 1.097610786160834
49.256886975445639 33.261136363636361 -0.077802938770574565 1.5550749391907015 0.14930644569862783 -0.92224753113627289 0.0052626638905007564 0.011195980671524774 0.074653222849313916 -0.01073305300190555 0.0092575179279864011 0.11522284004915608 1.0587744928646308
48.649847121438668 33.261136363636361 -0.1401500994447539 1.9887821956081044 0.12684862733960822 -0.93332902405562101 0.0065585348929774858 0.044780477172886746 0.063424313669804111 -0.013755328975835207 0.01189276076726359 0.12481960068615501 1.0147064265957073
47.886960983684972 33.261136363636368 -0.22990102941764068 2.4774502354434729 0.096778019100801527 -0.94768558358890276 0.0078446960133897771 0.071080773078356085 0.048389009550400763 -0.01462753697353724 0.012677956453599344 0.11830826599103582 0.96929294236278374
46.955657438872166 33.261136363636368 -0.34884638406192564 2.9862511592053043 0.060577250292814355 -0.96541004343194559 0.0085975436383038742 0.085628733444457789 0.030288625146407178 -0.011683968285352533 0.010145143448839777 0.089116005853798988 0.92932013169377992
45.857632316289056 33.261136363636361 -0.49162114598781892 3.4587900948859414 0.022174610243521742 -0.98543477827436188 0.0081682761589996836 0.081712708855035038 0.011087305121760871 -0.0048798863217831036 0.0042342589483553321 0.037800496973249845 0.90368883184231097
44.614476446890912 33.261136363636361 -0.64346358352284339 3.8257225568548625 -0.013723477521434768 -1.0052639993014119 0.0065109215438828062 0.055905072494499053 -0.0068617387607173841 0.0030068599757588576 -0.0025907364681552088 -0.025949327323930502 0.89986160180683838
43.270097736371042 33.261136363636361 -0.7823575583177188 4.0232938661248339 -0.044347663852863706 -1.0218940508117564 0.0044237355892311784 0.0077873828620080576 -0.022173831926431853 0.0080985885322672323 -0.0068147255772819234 -0.0885817426347901 0.92021970747455195
41.887088369742372 33.261136363636361 -0.88400058776471813 4.0150479851169028 -0.068438830065672862 -1.0317038080771803 0.0034016474447238505 -0.063360170922902845 -0.034219415032836431 0.0076215850737839392 -0.0058625901796341261 -0.13705570470755615 0.96032217409064757
40.536635003083113 33.261136363636361 -0.92864962799747386 3.8067304605195558 -0.083915493510866801 -1.029388751203008 0.0056823183691677376 -0.15569843822444066 -0.0419577467554334 0.0014914920827564212 0.00034007464842478083 -0.15971450660119355 1.0081685425808873
39.284782289859962 33.261136363636361 -0.91201884299180813 3.4415167623739773 -0.088105022534555211 -1.0125849290102684 0.01238606833109512 -0.2502466171342228 -0.044052511267277605 -0.0058038747422994742 0.0074412154920756677 -0.15131346288388198 1.0452968666447164
38.179722898251327 33.261136363636361 -0.84767099558525416 2.9796780757877293 -0.082376807777946981 -0.98512014095096678 0.022124432641159892 -0.33380477101293959 -0.04118840388897349 -0.0099047418160803143 0.011227267132417621 -0.12181154182258398 1.058950276738492
37.245934942785183 33.261136363636361 -0.75295798790720425 2.4860953537293615 -0.074599354080849833 -0.94807286137593194 0.035590661566528951 -0.41772061047135267 -0.037299677040424917 -0.011465833430071432 0.012509325892022931 -0.091164724728939439 1.0478609614342391
36.486259818201184 33.261136363636361 -0.64099085791392896 2.0130598773239972 -0.067261624105931617 -0.89925574202988889 0.053924735798260987 -0.5056608126019787 -0.033630812052965808 -0.011443936215189411 0.012269766915055881 -0.065588815066844608 1.014155247632456
35.888434122482991 33.261136363636361 -0.52027214150277301 1.5957205265831316 -0.069877541587890279 -0.82998412029475199 0.082352443047099599 -0.61173685255231369 -0.03493877079394514 -0.012508834941059963 0.013277258219201605 -0.052683832906822381 0.96195513636243823
35.432641252985469 33.261136363636361 -0.39402316920864172 1.2516709910386026 -0.095348503848153854 -0.71834715098907342 0.13111425646914529 -0.74975657800687445 -0.047674251924076927 -0.017747756201979402 0.018721555568486693 -0.053808225726105705 0.89330960711613006
35.099804066423417 33.261136363636361 -0.25909059390271788 0.99260391247093871 -0.20276285729093924 -0.47571399825030775 0.23683647280124334 -0.95935787603516931 -0.10138142864546962 -0.041389201976561277 0.043481320258906588 -0.080765266144338446 0.80625678584413518
34.90219060555107 33.261136363636361 -0.094257104587753812 0.8622814954718121 -1.2009307193542109 0.28099487310728533 0.59451984463967755 -1.3298566670777889 -0.60046535967710546 -0.327394433694641 0.34295804011097958 -0.20803512855420778 0.68702835638057158
34.90219060555107 33.261136363636361 0.094257104587752785 0.86228149547178301 -2.7952320323149715 1.4480320196088705 0.53183744196847282 -1.1897832734674236 -1.3976160161574858 -0.76202847800992024 0.79825362446689885 0.4842131571870939 0.50876174563363863
35.099804066423417 33.261136363636361 0.25909059390271771 0.99260391247097923 -1.7867435210731109 1.5155184050085437 0.16777154027183927 -0.67955882411185375 -0.89337176053655543 -0.36472108088267807 0.38315679852960205 0.7117024189695873 0.329588530279186
35.432641252985469 33.261136363636361 0.3940231692086425 1.2516709910385679 -1.0877538977094399 1.3756443899507578 0.076081015306098052 -0.43539417682881421 -0.54387694885471993 -0.20246978405705721 0.21357907275855698 0.61385449063375797 0.17163592650529302
35.888434122482991 33.261136363636361 0.52027214150277268 1.5957205265831247 -0.82541744712263942 1.3207163145840968 0.037830847479744224 -0.28230248049389306 -0.41270872356131971 -0.14775864131598998 0.1568355201835091 0.62231947310122471 0.0047403306887095972
36.486259818201177 33.261136363636361 0.64099085791392851 2.0130598773240074 -0.68046819910153067 1.2852872780623712 0.017601862003700265 -0.16791362781666741 -0.34023409955076533 -0.11577529937009101 0.12413001183162641 0.66354482906105472 -0.18039244908185992
37.24593494278519 33.261136363636361 0.75295798790720414 2.4860953537294068 -0.59299238397869547 1.2598946476962543 0.0059328031652498368 -0.074984415258300352 -0.29649619198934773 -0.091142235529705073 0.099436986741703523 0.7246709856654634 -0.38813595114243948
38.179722898251327 33.261136363636368 0.84767099558525438 2.9796780757876693 -0.53892535120193985 1.2404734993704898 -0.0012874664041255092 0.012214376436384483 -0.26946267560096993 -0.064798777784451103 0.073450999687754204 0.79691517221864117 -0.62134769737025464
39.284782289859976 33.261136363636368 0.91201884299180858 3.4415167623740386 -0.5052031503578005 1.222960961596375 -0.0049280303021911409 0.097700313645406919 -0.25260157517890025 -0.033280007424568596 0.042668685631554105 0.867646769064782 -0.87713722029183794
40.536635003083127 33.261136363636368 0.92864962799747386 3.8067304605195025 -0.48073182975428086 1.2014556508646947 -0.0047374101516802335 0.19290854233192592 -0.24036591487714043 0.0085444020884500749 0.0019482064771394671 0.91496628077090536 -1.1479727301384171
41.887088369742372 33.261136363636368 0.8840005877647179 4.0150479851169258 -0.44960327920413645 1.1699209954139997 -0.00049950640924391766 0.28440797138441731 -0.22480163960206823 0.050069377846148871 -0.038513805201873502 0.90037620764441939 -1.4115882539374831
43.270097736371049 33.261136363636361 0.78235755831771814 4.023293866124849 -0.4051886973979566 1.1313191599854366 0.0051416984784742516 0.35394804503565097 -0.2025943486989783 0.073993898507001554 -0.062263703200797056 0.80933960874500632 -1.6400000087606237
44.614476446890919 33.261136363636361 0.64346358352284272 3.8257225568548261 -0.35075743491365352 1.0909819830685363 0.0099621193027267345 0.40052029126187338 -0.17537871745682676 0.076852130999186641 -0.066216458378573373 0.66323710412759618 -1.8158715765783868
45.857632316289056 33.261136363636361 0.49162114598781848 3.4587900948859414 -0.28795064351881461 1.0520765668903647 0.012684163639231784 0.42535238674747289 -0.1439753217594073 0.063368257264708058 -0.054984397723988235 0.49086217567040341 -1.9337526266656451
46.955657438872166 33.261136363636361 0.34884638406192536 2.9862511592053469 -0.21904135347371878 1.0172235946345451 0.012658699999359388 0.42911218732030876 -0.10952067673685939 0.042248075222905863 -0.036683836613205983 0.32223467463500444 -1.9985753584921786
47.886960983684972 33.261136363636361 0.22990102941764062 2.4774502354434662 -0.14946100270098883 0.98844520338165309 0.010243791416969808 0.41512907312087521 -0.074730501350494416 0.022590319200825128 -0.019579446876059527 0.18271165526148919 -2.0227776331466134
48.649847121438683 33.261136363636361 0.14015009944475373 1.9887821956081111 -0.085339069332803996 0.96611662470739423 0.0065839697271403604 0.38976196343336011 -0.042669534666401998 0.0092540770663727678 -0.0080010099987818471 0.083974015174247504 -2.0212036009118015
49.256886975445653 33.261136363636361 0.077802938770574259 1.5550749391907397 -0.029534997206061009 0.94969952828775783 0.0025004211804696679 0.35721079360790825 -0.014767498603030504 0.0021231547569195357 -0.0018312723530371623 0.022792761846299844 -2.0062791665421429
49.728691353229429 33.261136363636368 0.037860806176845098 1.1913110681170882 0.017127686216409033 0.93851860213238536 -0.0015586839283891502 0.31945691061468023 0.0085638431082045163 -0.00074740897603231961 0.00064328957709802997 -0.010154430817525571 -1.9865755802559215
50.088632820429112 33.261136363636368 0.014565180015054937 0.89854803012471207 0.056774178585620283 0.93019629456591035 -0.0051622304531942741 0.27916666413986102 0.028387089292810141 -0.0013478093133922446 0.0011580789324758939 -0.02544518885699797 -1.9671319575609982
50.35930789493051 33.261136363636368 0.003178580526270704 0.66980566303573519 0.093226795460724654 0.92428746359394631 -0.0086764175121974898 0.22888994945497004 0.046613397730362327 -0.00085706392803015276 0.0007352569910431424 -0.031201490156925488 -1.9496400696106071
52.844587849669466 36.153409090909086 -0.0030670455478133763 0.64630247990733924 0.16318317130674487 -0.90692309317809594 0.0050896050848701462 -0.11950492740305653 0.081591585653372434 -0.0014475542107799807 0.0012418260978922858 0.052698342541467109 1.1308384427844913
52.583410643274263 36.153409090909086 -0.014054094319481365 0.86701837896298217 0.16776958340378401 -0.90967080156183111 0.0047136306729370706 -0.068609263718179866 0.083884791701892003 -0.0038430658574421773 0.0033020795756483769 0.072552946148130584 1.1071772695068991
52.236099362240445 36.153409090909086 -0.036532287309253592 1.1495084920237353 0.16383324457681359 -0.91399262043354546 0.0051128610360581476 -0.027533686063317409 0.081916622288406793 -0.0068984044094138764 0.0059374074937402392 0.093722944964577531 1.0763036086154918
51.780850390455427 36.153409090909086 -0.075072868216133723 1.5005080504777659 0.14972649573045116 -0.92201473190703254 0.0060818116342624034 0.01119598067152397 0.07486324786522558 -0.010385571129687531 0.0089578064049800257 0.11149250831824555 1.0387288672950046
51.195111295224208 36.153409090909086 -0.13523229472243681 1.9189967119590086 0.12732296504389229 -0.9330688549097822 0.0073658548468059359 0.044780477172885885 0.063661482521946144 -0.013322292374919019 0.01151836036526567 0.12089010865409984 0.99606147493273633
50.458994493102082 36.153409090909093 -0.22183390443795911 2.3905176073865944 0.097325143081649856 -0.9473899964469441 0.0086356962193321653 0.071080773078355447 0.048662571540824928 -0.014194056648347077 0.012302251049730178 0.11480225498540632 0.95203675000293198
49.560369975908493 36.153409090909093 -0.3366055194339328 2.8814649327884401 0.06124297943596102 -0.96505803981138871 0.0093659152322041334 0.085628733444458732 0.03062148971798051 -0.011397881341365889 0.0098967352869293208 0.086933962463029577 0.91317741392774487
48.500874067035937 36.153409090909086 -0.47437037839715546 3.3374226871600867 0.023033910241086697 -0.98499229027293378 0.0089056764687398191 0.081712708855036814 0.011516955120543348 -0.0048911207813780375 0.0042440070465553752 0.037887521163550632 0.88802806057354378
47.301339984774039 36.153409090909086 -0.62088473226105667 3.691479652062724 -0.012576099010149555 -1.0046883979479013 0.007207281624445722 0.055905072494497138 -0.0062880495050747776 0.0026587774338146563 -0.0022908255502497531 -0.022945360431732374 0.8837296352906957
46.004134925913142 36.153409090909086 -0.75490497918949639 3.8821182718692002 -0.042812601705359388 -1.0211396922295051 0.005068266661446592 0.0077873828620094732 -0.021406300852679694 0.0075439224449780047 -0.0063479902743534353 -0.082514847348439446 0.90251781477112603
44.669654743503116 36.153409090909086 -0.85298139989211808 3.8741617351623199 -0.06642812608454518 -1.0307268025088003 0.0039841454730347343 -0.063360170922902956 -0.03321406304227259 0.0071380852993975152 -0.0054906779065659718 -0.12836113505269367 0.94006874933282514
43.366588185487856 36.153409090909086 -0.89606372514020038 3.673153979949825 -0.081370737369185875 -1.0281489983619649 0.0061944225674502645 -0.15569843822444071 -0.040685368684592937 0.0013955135513483293 0.00031819061316755383 -0.14943676931691643 0.98480770193001632
42.158662427786844 36.153409090909086 -0.88001650699150247 3.320755468211579 -0.084989871189526722 -1.0110400987146395 0.0128226593769077 -0.25024661713422269 -0.042494935594763361 -0.0054022109980072838 0.0069262377213031813 -0.14084164280465039 1.0189742710644274
41.092379079263623 36.153409090909086 -0.81792659696137981 2.8751224959476462 -0.078639051681254735 -0.98321305803489911 0.022483528190989494 -0.33380477101294076 -0.039319525840627367 -0.0091235420054980101 0.01034175803787841 -0.1122041078111231 1.0303365450052118
40.191357328282727 36.153409090909086 -0.72653702664277031 2.3988593723127503 -0.070188056886470562 -0.94573291595451237 0.03587199679538125 -0.41772061047135084 -0.035094028443235281 -0.010409282324613241 0.011356619271927618 -0.08276409765908109 1.0177475231723294
39.458338866304793 36.153409090909086 -0.61849877349515348 1.9424225006098044 -0.062071315192921972 -0.89635284490041345 0.054129799838562517 -0.50566081260197993 -0.031035657596460986 -0.010190278036510713 0.010925640789717639 -0.058403703852290711 0.98333660306405146
38.881490608641755 36.153409090909086 -0.50201602320882255 1.5397274022670162 -0.06373631603269847 -0.82626317907548563 0.082483320533052254 -0.61173685255231458 -0.031868158016349235 -0.011009135305993459 0.011685431370430911 -0.046367503260092514 0.93109396793210408
38.441691308430968 36.153409090909086 -0.38019707126141594 1.207750412067174 -0.088165749008683791 -0.71331961849422121 0.13117143216179361 -0.74975657800686646 -0.044082874504341896 -0.015834942116533135 0.016703787531484188 -0.048008893635310315 0.86296934398632807
38.120533230869349 36.153409090909086 -0.2499992200738681 0.95777388218568826 -0.19518761193296918 -0.46769404282548593 0.23681714449724398 -0.95935787603515987 -0.097593805966484592 -0.038444826756719841 0.040388114403698008 -0.07501972776952516 0.77699447809414535
37.929853938541449 36.153409090909086 -0.090949664665199118 0.8320244208982075 -1.2083293077227895 0.29409067988664706 0.59440829802027551 -1.3298566670777865 -0.60416465386139473 -0.31785251627929967 0.33296252107073038 -0.20197194050989228 0.65954628160496498
37.929853938541449 36.153409090909086 0.090949664665198132 0.8320244208981854 -2.8327755803101002 1.4610179899702769 0.53161807293438068 -1.1897832734674192 -1.4163877901550501 -0.74516511393155827 0.78058861340141616 0.47349772725657968 0.48469760048816773
38.120533230869349 36.153409090909086 0.24999922007386802 0.95777388218572601 -1.8102418830152702 1.5232850998800411 0.16746400231229619 -0.67955882411184299 -0.90512094150763511 -0.35655149879175874 0.37457426496256646 0.69576061675184386 0.30947255634127674
38.441691308430961 36.153409090909086 0.38019707126141672 1.2077504120671367 -1.1009424421091101 1.3804504691556077 0.075702411459103155 -0.4353941768288242 -0.55047122105455504 -0.19773392774914295 0.20858336535622696 0.59949616711822284 0.15517036757723196
38.881490608641741 36.153409090909086 0.50201602320882222 1.539727402267002 -0.83476749316069987 1.3242640166519468 0.037384714370313377 -0.28230248049388829 -0.41738374658034993 -0.14418888403490809 0.1530464711294503 0.60728461997537442 -0.0076693645560198679
39.458338866304786 36.153409090909086 0.61849877349515292 1.9424225006098457 -0.68748615050614759 1.2880214032609321 0.017088851375530324 -0.16791362781666097 -0.34374307525307379 -0.11286493605192609 0.12100962747430929 0.64686461712497811 -0.18809205209441665
40.191357328282734 36.153409090909086 0.72653702664277009 2.3988593723128027 -0.5983272693387498 1.2620126547156749 0.0053540773822329064 -0.074984415258302961 -0.2991636346693749 -0.088735288385831182 0.096810986075356348 0.70553337345901301 -0.39029096411783476
41.092379079263623 36.153409090909093 0.81792659696138004 2.8751224959475974 -0.54301972503782925 1.2421218964079368 -0.0019309350196907876 0.0122143764363844 -0.27150986251891462 -0.063000038343259387 0.071412084531471104 0.77479372486168574 -0.6169750391145683
42.158662427786851 36.153409090909093 0.8800165069915028 3.3207554682116407 -0.50837317648537694 1.2242532726188946 -0.0056346855185362369 0.097700313645406572 -0.25418658824268847 -0.032313723113862859 0.041429801247959627 0.842454663501638 -0.86532326748458732
43.366588185487863 36.153409090909093 0.89606372514020038 3.6731539799497774 -0.48314135825511584 1.2024547229312743 -0.0055038032995054628 0.19290854233192598 -0.24157067912755792 0.0082859063892080278 0.0018892669527160141 0.88728560211341279 -1.1280195087223022
44.669654743503116 36.153409090909093 0.85298139989211774 3.8741617351623141 -0.45133633637780424 1.1706607966554052 -0.0013196078722083407 0.28440797138441742 -0.22566816818890212 0.048498692612252509 -0.037305620324529581 0.87213124684933496 -1.3835042063088576
46.004134925913149 36.153409090909086 0.75490497918949584 3.8821182718692104 -0.40634645838175332 1.1318343323885787 0.0042759588040720692 0.35394804503565147 -0.20317322919087666 0.071601492217645293 -0.060250563223828456 0.78317165153156632 -1.6047279667868564
47.301339984774032 36.153409090909086 0.62088473226105612 3.6914796520626729 -0.35146074012909456 1.0913121258958438 0.0090598172880015336 0.40052029126187416 -0.17573037006454728 0.074304113220870702 -0.064021064302025046 0.64124760415427773 -1.7749694840231243
48.50087406703593 36.153409090909086 0.47437037839715501 3.3374226871600654 -0.2883212818558456 1.0522634933842059 0.011754549542308267 0.42535238674747144 -0.1441606409279228 0.061223396229234124 -0.053123309896615602 0.47424768759973962 -1.889018078500031
49.560369975908493 36.153409090909086 0.33660551943393247 2.8814649327884965 -0.21919007764594323 1.0173080567508854 0.011710081505329555 0.42911218732030798 -0.10959503882297161 0.040793287969041213 -0.035420650594762071 0.31113871594484332 -1.9517049175653294
50.458994493102082 36.153409090909086 0.22183390443795906 2.3905176073865659 -0.14946890952030101 0.98845869774365336 0.0092825117842075099 0.41512907312087644 -0.074734454760150504 0.021798788080053876 -0.018893412234755217 0.17630971113748431 -1.9750996153155924
51.195111295224216 36.153409090909086 0.1352322947224367 1.9189967119590006 -0.085257808370613031 0.96608068910568456 0.0056144784505043586 0.38976196343335945 -0.042628904185306515 0.0089208529660502779 -0.0077129067833673851 0.080950248951402431 -1.9735711067077324
51.780850390455441 36.153409090909086 0.075072868216133432 1.5005080504777859 -0.029402037732404018 0.94963159079770032 0.0015259165908035142 0.35721079360790742 -0.014701018866202009 0.0020394316499423464 -0.0017590591473732734 0.021893966865790818 -1.9591385219047339
52.236099362240452 36.153409090909093 0.036532287309253314 1.1495084920236773 0.01728991287138959 0.93843003870025021 -0.0025361100488115358 0.31945691061468295 0.008644956435694795 -0.00072801348406704828 0.00062659601544161792 -0.0098909202260701618 -1.9400903733922092
52.583410643274263 36.153409090909093 0.014054094319481307 0.86701837896297196 0.056960495848102588 0.93009019032854789 -0.0061413060113774329 0.27916666413986024 0.028480247924051294 -0.00130478321740815 0.0011211095965240176 -0.02463290248442581 -1.9212955780007972
52.844587849669466 36.153409090909093 0.0030670455478134036 0.64630247990738454 0.093432784763371135 0.92416630671287436 -0.0096562835405919773 0.22888994945496818 0.046716392381685568 -0.00082881721151802513 0.00071102473121943308 -0.030173165876327915 -1.9043877686668813
55.32986780440843 39.045681818181812 -0.0029555105693560768 0.62279929677897627 0.1634432132492889 -0.9067744018927989 0.0059618075327558737 -0.11950492740305846 0.081721606624644449 -0.0013971358962948485 0.0011985732937671461 0.050862859222561452 1.1044565492894252
55.078188466119414 39.045681818181805 -0.013543008623907733 0.83548872780124017 0.16805237302937182 -0.90951043818579236 0.0055820008747367814 -0.068609263718178493 0.084026186514685908 -0.0037095526666106439 0.003187360963769609 0.070032360838433089 1.0816169032486975
54.743507371251468 39.045681818181805 -0.035203768441661801 1.1077059159303546 0.1641438100259156 -0.91381747774310484 0.0059752386631114554 -0.027533686063317131 0.082071905012957802 -0.0066601409377139613 0.005732335822322264 0.090485855208759791 1.0518095930083584
54.304813805465216 39.045681818181812 -0.072342797661692895 1.4459411617648392 0.15007144354678081 -0.92182162494746445 0.0069352901336722159 0.011195980671523109 0.075035721773390407 -0.010030950227335224 0.0086519372957357572 0.10768553676014668 1.015520120281088
53.740375469009749 39.045681818181812 -0.13031449000011974 1.8492112283098816 0.12770922226161763 -0.93285483306212036 0.0082065239410127264 0.044780477172887495 0.063854611130808814 -0.012876764946193666 0.011133160481323054 0.11684727144926568 0.97428837506836208
53.031028002519193 39.045681818181819 -0.21376677945827754 2.3035849793296652 0.09776647015183193 -0.94714919314476154 0.0094583017492032712 0.071080773078352505 0.048883235075915965 -0.013739904362081001 0.011908628875402387 0.1111290481029908 0.93170312319694015
52.165082512944821 39.045681818181812 -0.3243646548059399 2.7766787063715137 0.061779064653009419 -0.96477218221468763 0.010163256387472817 0.085628733444461563 0.030889532326504709 -0.011079532622844118 0.0096203143537942262 0.084505851946937882 0.89403106054516912
51.144115817782819 39.045681818181805 -0.45711961080649194 3.2160552794341992 0.023735294662911577 -0.98462899482356603 0.0096685625299018068 0.081712708855035371 0.011867647331455788 -0.0048567711055764306 0.0042142019624724185 0.037621442257086427 0.86946903716896073
49.988203522657159 39.045681818181805 -0.59830588099927007 3.5572367472705189 -0.01161727798008072 -1.0042057027633589 0.0079251111673129225 0.055905072494497721 -0.0058086389900403601 0.0023667517599812813 -0.0020392137130052271 -0.020425166655372248 0.86484400475465384
48.738172115455235 39.045681818181805 -0.7274524000612741 3.7409426776136065 -0.041497848906729029 -1.0204922196226798 0.0057302063196550219 0.0077873828620083074 -0.020748924453364515 0.0070463379849118627 -0.0059292874925834524 -0.077072306539626906 0.88225013527655594
47.452221117263846 39.045681818181812 -0.82196221201951802 3.7332754852076833 -0.064670673215984964 -1.0298714389014598 0.0045805339909532269 -0.063360170922903386 -0.032335336607992482 0.0066965236232647742 -0.0051510247870196185 -0.12042072028223005 0.91747971790967986
46.196541367892586 39.045681818181812 -0.8634778222829268 3.5395774993800457 -0.079112076094236095 -1.0270467080443491 0.0067180297686112288 -0.15569843822444021 -0.039556038047118047 0.0013074373257684132 0.00029810838021771625 -0.1400052402632723 0.95937737526416178
45.032542565713726 39.045681818181805 -0.8480141709911968 3.1999941740491686 -0.08219377300987607 -1.0096505905516751 0.01326983878603173 -0.25024661713422325 -0.041096886504938035 -0.0050344911246852008 0.0064547797833559477 -0.13125477715469538 0.99087186343517353
44.005035260275903 39.045681818181805 -0.78818219833750569 2.770566916107569 -0.075261292806953817 -0.98148528974661364 0.022853745140773367 -0.33380477101293848 -0.037630646403476908 -0.0084141291467612553 0.0095376212092658143 -0.1034795316721286 1.0002438776361575
43.136779713780257 39.045681818181805 -0.70011606537833637 2.3116233908961199 -0.066190197111672289 -0.94360568745943263 0.036166217570044679 -0.41772061047135323 -0.033095098555836144 -0.0094593987705586299 0.010320287895790691 -0.075211583203147164 0.98646014135367455
42.430417914408395 39.045681818181805 -0.59600668907637799 1.8717851238956238 -0.057358977354691643 -0.89370696267837901 0.054350573259033405 -0.5056608126019777 -0.028679488677345821 -0.009074208984418004 0.0097290326583205754 -0.052007159404378368 0.95164526908979252
41.874547094800505 39.045681818181812 -0.48375990491487203 1.4837342779508687 -0.058155422227650133 -0.82286399140701938 0.08263351077349039 -0.6117368525523097 -0.029077711113825067 -0.0096798528681909905 0.010274490522932797 -0.040768924801816223 0.89965451537841246
41.45074136387646 39.045681818181805 -0.36637097331419022 1.1638298330957335 -0.081646548407523056 -0.70872032117931594 0.13125215613625968 -0.74975657800688444 -0.040823274203761528 -0.014130798374634556 0.014906139344437071 -0.04284221509351166 0.83234425239161691
41.141262395315287 39.045681818181805 -0.24090784624501843 0.92294385190045913 -0.18837452473189997 -0.4603480480096494 0.23682623400904318 -0.95935787603516309 -0.094187262365949986 -0.035753628094224804 0.037560882533159534 -0.069768228203362662 0.74775266643809546
40.957517271531842 39.045681818181812 -0.087642224742644423 0.80176734632460145 -1.215447365201157 0.30610276586887109 0.59433131076643975 -1.3298566670777832 -0.60772368260057852 -0.30809793836731564 0.32274423212473025 -0.19577362233138901 0.63245337419517411
40.957517271531842 39.045681818181812 0.087642224742643465 0.80176734632458813 -2.8675662135854076 1.4729403160671741 0.53144030809349296 -1.1897832734674134 -1.4337831067927038 -0.72688564213654716 0.76144017599417535 0.46188246482874717 0.46145406634627517
41.141262395315287 39.045681818181805 0.24090784624501829 0.92294385190048611 -1.8319583745557946 1.5304251782079734 0.16720332841965729 -0.67955882411184665 -0.91597918727789729 -0.34770709309654158 0.36528279718429868 0.67850199020795909 0.29052981199336214
41.45074136387646 39.045681818181805 0.36637097331419094 1.1638298330957035 -1.1131239687944352 1.3848734921229939 0.075374335108500667 -0.43539417682882542 -0.5565619843972176 -0.1926515042680878 0.20322207503083117 0.58408710995110913 0.14016146266171267
41.874547094800498 39.045681818181812 0.4837599049148717 1.4837342779508829 -0.84340413050926899 1.3275319353397566 0.036991900050460748 -0.28230248049389528 -0.42170206525463449 -0.1403829183768345 0.14900670331304164 0.59125492098870081 -0.018354033312794449
42.430417914408388 39.045681818181805 0.59600668907637733 1.8717851238956555 -0.69396900573484976 1.290541525946481 0.016630969184834705 -0.16791362781665836 -0.34698450286742488 -0.10978612376239806 0.11770863833408809 0.62921897089922396 -0.19380198214134187
43.136779713780264 39.045681818181805 0.70011606537833615 2.3116233908961541 -0.60324340243483587 1.2639609967793766 0.0048309961385924584 -0.07498441525830335 -0.30162170121741794 -0.086210951898395949 0.094056912594781189 0.68546239977848655 -0.39019779897597329
44.005035260275918 39.045681818181819 0.7881821983375058 2.7705669161074908 -0.5467679759094175 1.2436287369773547 -0.0025198178103662244 0.012214376436384289 -0.27338398795470875 -0.061128053891070303 0.069290144363546732 0.75177148797522275 -0.61010132649387205
45.03254256571374 39.045681818181819 0.84801417099119702 3.1999941740492241 -0.51125032808754045 1.2254245858263049 -0.0062897737287412568 0.097700313645406156 -0.25562516404377023 -0.031314844726009566 0.040149127617941073 0.81641279413384815 -0.85076338687334152
46.1965413678926 39.045681818181819 0.8634778222829268 3.5395774993800218 -0.48530298725090182 1.203349719677046 -0.0062236403694514043 0.19290854233192592 -0.24265149362545091 0.008020308291277459 0.0018287080125646009 0.85884437224996701 -1.1050914756621479
47.452221117263854 39.045681818181819 0.82196221201951769 3.7332754852076953 -0.45286098766882388 1.1713106694541933 -0.0020997867971109512 0.28440797138441831 -0.22643049383441194 0.046892882835024234 -0.036070417339953274 0.84325465641391617 -1.3522430900419802
48.738172115455242 39.045681818181812 0.72745240006127354 3.740942677613587 -0.40733011076504977 1.1322716288007277 0.0034424981390552313 0.35394804503565092 -0.20366505538252488 0.069164684616139477 -0.058200060840267243 0.75651803615809343 -1.5661110445535253
49.988203522657159 39.045681818181812 0.5983058809992694 3.5572367472704989 -0.35202094214058266 1.091575694196365 0.0081818254571381262 0.40052029126187266 -0.17601047107029133 0.071716127116009831 -0.061791233170879575 0.61891317585159078 -1.7305921767022721
51.144115817782819 39.045681818181805 0.45711961080649149 3.2160552794342041 -0.28857818979787453 1.0523953609491508 0.010841639120104734 0.42535238674747167 -0.14428909489893726 0.059049539254295701 -0.05123706240197811 0.45740859164895237 -1.8407149594546599
52.165082512944821 39.045681818181805 0.32436465480593957 2.7766787063716194 -0.2192510685121305 1.0173484038042959 0.010771466110155798 0.42911218732030859 -0.10962553425606525 0.039320753394657668 -0.034142054648106976 0.29990739482638323 -1.901204707271285
53.0310280025192 39.045681818181812 0.21376677945827746 2.3035849793296546 -0.14940997101090225 0.98843740577190586 0.0083257751355595485 0.41512907312087766 -0.074704985505451127 0.020997778780833552 -0.018199162681134824 0.16983110702218401 -1.9237543773688579
53.740375469009749 39.045681818181812 0.1303144900001196 1.8492112283098943 -0.085127547847307472 0.96601841594940396 0.004645401434230317 0.38976196343335856 -0.042563773923653736 0.0085833067077183047 -0.0074210666605117543 0.077887262289860926 -1.9222499652693676
54.30481380546523 39.045681818181812 0.072342797661692604 1.4459411617648499 -0.029236037259884551 0.94954525166109938 0.000548851303620701 0.35721079360790653 -0.014618018629942275 0.0019541708113642651 -0.0016855196109942386 0.020978663832796014 -1.9082986983020407
54.743507371251475 39.045681818181819 0.035203768441661537 1.1077059159302984 0.017471908610502185 0.93832989722243521 -0.0035181854062303827 0.31945691061468579 0.0087359543052510924 -0.00070892331412577647 0.00061016524227450989 -0.0096315577937474191 -1.8899019496470497
55.078188466119414 39.045681818181819 0.013543008623907679 0.83548872780124062 0.057154287781830737 0.92997897814970498 -0.0071264332469060682 0.27916666413985941 0.028577143890915369 -0.0012616117037053637 0.0010840153132262872 -0.02381787078187373 -1.8717554332819444
55.32986780440843 39.045681818181819 0.0029555105693561032 0.62279929677900425 0.093635626243209646 0.92404571842061478 -0.010643075862894421 0.22888994945496621 0.046817813121604823 -0.00080041068696383249 0.00068665537546120389 -0.029139023769441757 -1.855433291233838
57.815147759147379 41.937954545454538 -0.0028439755908987773 0.59929611365059443 0.16366367492488076 -0.90664590734261175 0.0069351352114892656 -0.11950492740305679 0.081831837462440382 -0.0013462242385845241 0.0011548972609382491 0.049009415698723253 1.0746343359781936
57.572966288964565 41.937954545454531 -0.013031922928334102 0.80395907663948718 0.16827770017156396 -0.90938008981359941 0.0065514129083167703 -0.068609263718179325 0.08413885008578198 -0.0035743477895668441 0.0030711888034227319 0.067479838314228879 1.0526252406848462
57.250915380262491 41.937954545454531 -0.033875249574070003 1.0659033398369775 0.16437671640432117 -0.91368322846025907 0.0069381379262535119 -0.027533686063314328 0.082188358202160583 -0.006417894271738455 0.005523835843989063 0.087194649069539651 1.0239003330081597
56.828777220475004 41.937954545454538 -0.069612727107252054 1.3913742730519028 0.15031920187090475 -0.9216795678625499 0.0078881132472452924 0.011195980671522249 0.075159600935452375 -0.0096683379943558068 0.0083391754704546656 0.10379277564986129 0.98892199385253354
56.285639642795289 41.937954545454538 -0.12539668527780265 1.7794257446607897 0.1279765826307826 -0.93270279711692217 0.009144314280225687 0.044780477172886635 0.063988291315391299 -0.012416762230278535 0.010735445365800796 0.11267308154686964 0.9491656579847072
55.603061511936303 41.937954545454545 -0.20569965447859595 2.2166523512727809 0.098062050742128037 -0.94698355137930323 0.010374313157894034 0.071080773078353837 0.049031025371064019 -0.013261360879039036 0.011493866400343495 0.10725856397552364 0.90807916422850576
54.769795049981155 41.937954545454538 -0.312123790177947 2.671892479954646 0.062136747481880583 -0.96457705979272645 0.011048450046753429 0.085628733444462729 0.031068373740940292 -0.010723140004047609 0.0093108600525248029 0.081787572854830071 0.87168137731673789
53.787357568529707 41.937954545454531 -0.43986884321582842 3.0946878717083042 0.024222754294689341 -0.98437278498244529 0.010511855344688303 0.081712708855033761 0.012111377147344671 -0.0047694673510644044 0.004138448824101657 0.036945171317443272 0.84782999047107943
52.675067060540293 41.937954545454531 -0.57572702973748335 3.4229938424783461 -0.010907773521642294 -1.0038458322519987 0.0087144398167094475 0.05590507249450008 -0.0054538867608211472 0.0021383450583832169 -0.0018424165305052983 -0.018454007269657163 0.84304436836249652
51.472209304997335 41.937954545454531 -0.6999998209330518 3.5997670833580111 -0.040466161755954744 -1.019982285824131 0.0064540707383792754 0.0077873828620066698 -0.020233080877977372 0.0066118538718136569 -0.0055636818087466122 -0.07231995250509117 0.85927911066768248
50.234787491024591 41.937954545454538 -0.79094302414691797 3.5923892352531039 -0.063228346499285548 -1.0291678614152726 0.0052295573254682419 -0.063360170922902914 -0.031614173249642774 0.0063000964138819754 -0.0048460894957163122 -0.113291939323778 0.89243897893463187
49.026494550297322 41.937954545454538 -0.83089191942565344 3.4060010188103069 -0.077197576142316038 -1.0261103665601259 0.0072861591136996395 -0.15569843822444038 -0.038598788071158019 0.0012276515320898708 0.00027991644608130515 -0.13146148142038203 0.93177888110556728
47.906422703640615 41.937954545454531 -0.81601183499089114 3.079232879886785 -0.079768916174247417 -1.0084425326323898 0.01375518684336665 -0.25024661713422391 -0.039884458087123709 -0.004701578611745352 0.0060279487680793562 -0.12257537806236567 0.96090258047894961
46.917691441288198 41.937954545454531 -0.75843779971363134 2.6660113362674784 -0.072289425543861086 -0.97996065321593173 0.02325765554535001 -0.33380477101293704 -0.036144712771930543 -0.0077768839968321646 0.0088152882439101951 -0.095642496071079858 0.96859078494075446
46.082202099277787 41.937954545454531 -0.67369510411390232 2.2243874094794842 -0.062644942380675417 -0.94171270359896053 0.036491339362250089 -0.41772061047135423 -0.031322471190337708 -0.0086148797852354051 0.0093989101979688166 -0.068496821359194701 0.95391754021164044
45.402496962511997 41.937954545454531 -0.57351460465760229 1.8011477471814359 -0.053156424057281049 -0.89133737005515234 0.054600910241060091 -0.50566081260197848 -0.026578212028640524 -0.0080920113372345333 0.0086759565166114067 -0.046377874285268496 0.91899545565233576
44.867603580959262 41.937954545454538 -0.46550378662092151 1.4277411536347402 -0.053158758457404698 -0.81980412200715569 0.082812941179908756 -0.61173685255231625 -0.026579379228702349 -0.0085142563143707703 0.0090372908558652015 -0.035859747059237647 0.86754310139433699
44.459791419321959 41.937954545454531 -0.35254487536696444 1.1199092541242919 -0.075804604412579302 -0.70456622006860992 0.13136255054706658 -0.74975657800687534 -0.037902302206289651 -0.012624605138697863 0.013317302984361167 -0.038275689347718446 0.80133015312103728
44.161991559761219 41.937954545454531 -0.23181647241616871 0.88811382161524843 -0.18231365231505903 -0.453696613001972 0.23686599873117106 -0.95935787603515443 -0.091156826157529514 -0.033297412629168445 0.034980511659580431 -0.064975265636570342 0.71841433182759695
43.98518060452222 41.937954545454538 -0.084334784820089714 0.77151027175098319 -1.222183650853689 0.31699897066093602 0.59428658783651744 -1.3298566670777814 -0.61109182542684448 -0.29811405604172891 0.31228573814106136 -0.18942959803130177 0.60561600959826811
43.98518060452222 41.937954545454538 0.084334784820088798 0.77151027175099385 -2.8994147552527618 1.4837635784829839 0.53129667851146101 -1.1897832734674081 -1.4497073776263809 -0.70722292204768045 0.74084273373216458 0.44938824965456758 0.43887856765368416
44.161991559761219 41.937954545454531 0.23181647241616857 0.88811382161525143 -1.851775278962525 1.5369103584829529 0.16697794322025272 -0.67955882411183555 -0.92588763948126251 -0.33820465322890653 0.35530003328951054 0.65995930157713756 0.27259417712853035
44.459791419321952 41.937954545454531 0.3525448753669651 1.119909254124261 -1.1242183086557533 1.3888890941851559 0.075081978482391412 -0.43539417682883647 -0.56210915432787667 -0.18722889389708813 0.19750193214450901 0.56764666308294986 0.12643449166111279
44.867603580959248 41.937954545454538 0.46550378662092118 1.4277411536347053 -0.85125492544593007 1.3304954503914117 0.036634566200261558 -0.28230248049389006 -0.42562746272296503 -0.13634258651703826 0.14471817207519677 0.57423813488571895 -0.027493780021549296
45.402496962511989 41.937954545454531 0.57351460465760185 1.8011477471814836 -0.69984490684981515 1.2928214269805489 0.016207355837417219 -0.16791362781665967 -0.34992245342490758 -0.10653750738446958 0.11422559150438766 0.61060012377979511 -0.19770375654044262
46.082202099277794 41.937954545454531 0.67369510411390221 2.2243874094795233 -0.60766638528325312 1.2657112192820332 0.0043396008125359984 -0.074984415258303433 -0.30383319264162656 -0.083565770193104474 0.091170995910493144 0.6644305870025855 -0.38803411779479335
46.917691441288198 41.937954545454545 0.75843779971363157 2.6660113362674149 -0.55009052198694719 1.2449625845041272 -0.0030812627316101418 0.012214376436385233 -0.27504526099347359 -0.059178643972675422 0.067080440535742747 0.72779704904352305 -0.60089413171487649
47.906422703640629 41.937954545454545 0.81601183499089136 3.0792328798868569 -0.51374899288055498 1.2264402563694954 -0.0069238104011049243 0.097700313645406975 -0.25687449644027749 -0.030280357219053221 0.038822799121045977 0.78944255546780617 -0.83360727864144113
49.026494550297336 41.937954545454545 0.83089191942565332 3.4060010188102723 -0.4871271064304854 1.2041035503532211 -0.0069311436736573615 0.192908542331926 -0.2435635532152427 0.0077466465712531952 0.0017663104884338421 0.8295396598115754 -1.0793124747730176
50.234787491024591 41.937954545454545 0.79094302414691775 3.592389235253115 -0.45408661150348584 1.1718320835940219 -0.0028783981968834305 0.28440797138441687 -0.22704330575174292 0.045245362106017262 -0.034803129924919102 0.81362799577202816 -1.3178964106775815
51.472209304997342 41.937954545454538 0.69999982093305124 3.5997670833579791 -0.40805047797524674 1.1325919421116286 0.0025984715693358508 0.35394804503565142 -0.20402523898762337 0.066672251966151688 -0.056102751603991086 0.72925599825406717 -1.5242045395625428
52.675067060540286 41.937954545454538 0.5757270297374828 3.4229938424783448 -0.35235241325549604 1.0917338968451351 0.0072806608447364678 0.4005202912618735 -0.17617620662774802 0.069074686983494268 -0.059515345588841841 0.59611743705503395 -1.6827578425019334
53.7873575685297 41.937954545454531 0.43986884321582798 3.0946878717083202 -0.2886414556986141 1.0524347587631151 0.0098934995864410208 0.425352386747472 -0.14432072784930705 0.05683358640268607 -0.049314288473992079 0.44024341329505806 -1.7888264859206735
54.769795049981155 41.937954545454531 0.31212379017794667 2.671892479954737 -0.21915191154560576 1.0173096168644993 0.0097870155712119159 0.42911218732030942 -0.10957595577280288 0.037819756020275493 -0.032838744564791425 0.28845898213515037 -1.8470275403567959
55.603061511936311 41.937954545454538 0.20569965447859589 2.2166523512727507 -0.14922039957147493 0.98834950752398987 0.0073145880514920505 0.4151290731208771 -0.074610199785737463 0.020179728592822559 -0.017490143474468332 0.16321467532816039 -1.8686702876561851
56.285639642795289 41.937954545454538 0.12539668527780254 1.7794257446608106 -0.084893371567355214 0.96590160611458353 0.0036153468985865092 0.38976196343335762 -0.042446685783677607 0.0082366694594405727 -0.0071213665316357732 0.074741781510086078 -1.8671502599720653
56.828777220475011 41.937954545454538 0.06961272710725179 1.3913742730518956 -0.028990302421128877 0.94941587695074281 -0.00049390787538055973 0.35721079360790819 -0.014495151210564439 0.001864619016582982 -0.0016082790210592128 0.02001729597927205 -1.8536567268732473
57.250915380262498 41.937954545454545 0.033875249574069746 1.0659033398369124 0.017712705914029292 0.93819704664269654 -0.0045692469198816872 0.3194569106146834 0.008856352957014646 -0.00069157163075952576 0.00059523077210815972 -0.0093958147481588723 -1.8358982934598613
57.572966288964565 41.937954545454545 0.013031922928334048 0.80395907663950483 0.057386444411915982 0.92984545592829182 -0.0081827446870242522 0.27916666413986119 0.028693222205957991 -0.0012189322205242289 0.0010473437975824069 -0.023012128085875955 -1.8183935177122017
57.815147759147379 41.937954545454545 0.0028439755908988024 0.59929611365061208 0.093858859849764054 0.92391210874096619 -0.011702414731983326 0.22888994945496782 0.046929429924882027 -0.00077204102983546234 0.00066231764748673301 -0.028106223824539839 -1.8026549644146621
60.30042771388635 44.830227272727271 -0.0027324406124414773 0.57579293052218583 0.16384418285272617 -0.90653646414076117 0.0081258019192514946 -0.11950492740305499 0.081922091426363086 -0.0012948545905884668 0.0011108283279435665 0.047139298996928425 1.040829108180789
60.067744111809731 44.830227272727271 -0.012520837232760467 0.7724294254777665 0.16843304403075032 -0.90928535086821904 0.0077379323955866974 -0.068609263718180269 0.084216522015375161 -0.0034373393071788633 0.0029534669302709146 0.064893265662792202 1.0196593892226116
59.758323389273521 44.830227272727271 -0.032546730706478205 1.0241007637435842 0.16450546074452888 -0.91360305847677126 0.0081170763903729327 -0.027533686063317242 0.082252730372264438 -0.0061710269556378176 0.0053113589050355521 0.083840665958768837 0.99203467401454548
59.352740635484793 44.830227272727271 -0.066882656552811198 1.3368073843389703 0.15042900576549401 -0.92160927584076058 0.0090546637473582145 0.011195980671521222 0.075214502882747003 -0.0092959507767973841 0.0080179824844433516 0.099795076877903191 0.9583980370537053
58.830903816580829 44.830227272727271 -0.12047888055548556 1.7096402610116854 0.12806823007297408 -0.93264171184041955 0.010291556080896179 0.044780477172888411 0.064034115036487038 -0.01193834514393074 0.010321809315009129 0.10833179463295546 0.92016642613443178
58.175095021353428 44.830227272727271 -0.19763252949891438 2.1297197232158798 0.098137709028091047 -0.94693069146256581 0.011492616617623078 0.071080773078352977 0.049068854514045523 -0.012751107429288904 0.011051620311481545 0.10313160801806558 0.88065471849469334
57.37450758701749 44.830227272727271 -0.2998829255499541 2.5671062535377867 0.062224806907793306 -0.96451847847886163 0.01212508860691003 0.085628733444464006 0.031112403453896653 -0.010317200828294478 0.0089583846718202242 0.078691392081380235 0.84564416368653539
56.430599319276595 44.830227272727271 -0.42261807562516485 2.9733204639824757 0.02439077320727312 -0.98427601700853373 0.011531797176326779 0.081712708855033733 0.01219538660363656 -0.0046142040001385934 0.00400372740035155 0.035742472844626547 0.82266259266973629
55.36193059842342 44.830227272727271 -0.55314817847569664 3.2887509376861841 -0.010562804277917559 -1.0036653158006588 0.0096623499246531984 0.055905072494498109 -0.0052814021389587795 0.0019895083898332742 -0.0017141775742121048 -0.017169540596402577 0.81792654210133098
54.206246494539442 44.830227272727271 -0.67254724180482939 3.4585914891023881 -0.039837583386367337 -1.0196682827285546 0.0073166421211039584 0.0077873828620083629 -0.019918791693183668 0.0062538734094667011 -0.0052624517112792191 -0.068404389557601974 0.83324936954611728
53.017353864785335 44.830227272727271 -0.75992383627431792 3.4515029852984944 -0.062221596271669677 -1.0286744463123663 0.0059973757792118974 -0.063360170922903386 -0.031110798135834838 0.0059566404552887087 -0.0045819001557702473 -0.10711571771301069 0.86464012447954897
51.856447732702065 44.830227272727271 -0.79830601656837974 3.272424538240573 -0.075744064582003112 -1.0253968905204973 0.0079547361595794733 -0.15569843822444032 -0.037872032291001556 0.0011572972448049661 0.00026387498680022014 -0.1239276832789791 0.90175057468176367
50.780302841567504 44.830227272727271 -0.78400949899058536 2.958471585724411 -0.077825773300953971 -1.0074706889678513 0.014325319698849549 -0.25024661713422386 -0.038912886650476985 -0.0044071549742375152 0.0056504647888526499 -0.11489942671533022 0.92884222532912364
49.830347622300494 44.830227272727271 -0.728693401089757 2.561455756427403 -0.069827553703863732 -0.97869230989038059 0.023733754744995922 -0.33380477101293682 -0.034913776851931866 -0.0072174293577842103 0.0081811327255033803 -0.08876215194624959 0.93518214428467128
49.02762448477533 44.830227272727271 -0.64727414284946838 2.1371514280628539 -0.059650861006175893 -0.94010653681880663 0.036878883174041255 -0.41772061047135445 -0.029825430503087946 -0.0078814257984610361 0.008598705397914708 -0.062665136186596471 0.91994586871281026
48.374576010615613 44.830227272727271 -0.55102252023882681 1.7305103704672407 -0.049558275896963266 -0.88929787879642674 0.05490629530249444 -0.50566081260197959 -0.024779137948481633 -0.0072483938187494117 0.0077714608848084392 -0.041542835679091096 0.88522774270409288
47.860660067118026 44.830227272727271 -0.44724766832697094 1.371748029318606 -0.04883868253940582 -0.81714183649575234 0.083041705288041973 -0.61173685255231169 -0.02441934126970291 -0.0075155487781694225 0.0079772322727847157 -0.031653460765755495 0.83460999607618058
47.468841474767459 44.830227272727271 -0.33871877741973866 1.0759886751528631 -0.070728682135099863 -0.70092570105657459 0.13151774583252598 -0.74975657800687578 -0.035364341067549931 -0.011317295376046149 0.011938262609444356 -0.034312144998666617 0.76978355407792598
47.182720724207158 44.830227272727271 -0.22272509858731895 0.85328379133002463 -0.17707015002252557 -0.44783798988724272 0.23694672507884876 -0.95935787603515721 -0.088535075011262787 -0.031071449861376593 0.032642032168104254 -0.060631609156555771 0.68883991848093784
47.012843937512613 44.830227272727271 -0.08102734489753502 0.74125319717738913 -1.2283701628880634 0.32662523663568971 0.59427885938297953 -1.3298566670777749 -0.61418508144403172 -0.28787245365710806 0.30155727265743287 -0.18292181155295409 0.5788976229916436
47.012843937512613 44.830227272727271 0.081027344897534131 0.74125319717738014 -2.927787053668534 1.4933333945382716 0.53118564419846193 -1.1897832734674001 -1.463893526834267 -0.68613620583510437 0.71875360172393377 0.43598918947947152 0.41683782292025651
47.182720724207165 44.830227272727271 0.22272509858731884 0.85328379133002619 -1.869359640107096 1.5426417162545363 0.16678123380678075 -0.67955882411182233 -0.93467982005354799 -0.32802657208501623 0.34460747618031123 0.64009819304719018 0.25553660874403289
47.468841474767459 44.830227272727271 0.33871877741973933 1.075988675152822 -1.1340221029536597 1.3924283796240939 0.074814579826458949 -0.43539417682884807 -0.56701105147682984 -0.18145485982019377 0.19141108332989379 0.55014075836890364 0.11386600747496797
47.860660067118012 44.830227272727271 0.44724766832697066 1.3717480293185851 -0.85815581354820281 1.3330954914411295 0.036297847794818601 -0.28230248049388484 -0.4290779067741014 -0.13205744996882821 0.14016979768835774 0.55619029758092842 -0.03520385431663467
48.374576010615606 44.830227272727271 0.55102252023882636 1.7305103704673033 -0.70496659419812624 1.2948057798220158 0.015798744604421922 -0.16791362781666044 -0.35248329709906312 -0.10310841955911755 0.11054904983575427 0.5909469377609422 -0.19990009526514516
49.027624484775338 44.830227272727271 0.64727414284946816 2.1371514280628849 -0.61145559848992415 1.2672087712604858 0.0038556450542205183 -0.074984415258303488 -0.30572779924496207 -0.080789142809740547 0.088141670826446888 0.64235365098018316 -0.38388386563433835
49.830347622300501 44.830227272727271 0.72869340108975722 2.5614557564273177 -0.55284649697096833 1.2460674210940945 -0.0036452801196868311 0.012214376436385205 -0.27642324848548416 -0.057142636766403708 0.064772576563839196 0.70275761020068461 -0.58941113857085814
50.780302841567519 44.830227272727285 0.78400949899058558 2.9584715857244834 -0.51572379863727336 1.2272412511923465 -0.0075735541660601254 0.0977003136454071 -0.25786189931863668 -0.029204653010098103 0.03744362620984764 0.76139775158713663 -0.8138769150388524
51.85644773270208 44.830227272727285 0.79830601656837974 3.2724245382405215 -0.48846384337929161 1.2046540136775392 -0.0076710498146115996 0.19290854233192592 -0.2442319216896458 0.0074632628081071281 0.0017016962442583333 0.79919387492077798 -1.050658481771618
53.017353864785335 44.830227272727271 0.7599238362743177 3.4515029852985197 -0.45486149773008067 1.1721603319064986 -0.0037094269003023397 0.28440797138441654 -0.22743074886504033 0.043545112328882023 -0.03349528286294156 0.78305313120931741 -1.2803852454714071
54.206246494539442 44.830227272727271 0.67254724180482883 3.4585914891023588 -0.40835700760713611 1.1327289912943415 0.0016796737420978133 0.35394804503565203 -0.20417850380356806 0.06410562123398264 -0.053943006849919158 0.70118238739586569 -1.4788690482384463
55.36193059842342 44.830227272727271 0.5531481784756962 3.2887509376861739 -0.35230904966810872 1.0917202427722887 0.0062815186721209802 0.40052029126187305 -0.17615452483405436 0.06635754972703857 -0.057174236712460663 0.57266842891356995 -1.6312653313311551
56.430599319276581 44.830227272727271 0.42261807562516451 2.9733204639824655 -0.28837351697465174 1.0523169581694614 0.0088251692251747199 0.425352386747472 -0.14418675848732587 0.054553999754370322 -0.047336299740710172 0.42258531584814168 -1.733093372324229
57.37450758701749 44.830227272727271 0.29988292554995377 2.567106253537863 -0.21876728799978729 1.0171307554709541 0.0086628498805256388 0.42911218732031026 -0.10938364399989364 0.036272768966559003 -0.03149550182481186 0.27665979679265063 -1.7888637967630763
58.175095021353428 44.830227272727271 0.19763252949891433 2.1297197232158656 -0.14878932709281556 0.98813935449650758 0.0061478319628047728 0.41512907312087644 -0.07439466354640778 0.019332310819983111 -0.016755670839635781 0.15636071710840074 -1.8094974785162878
58.830903816580829 44.830227272727271 0.12047888055548545 1.7096402610117267 -0.084459320724332043 0.96568063432537432 0.0024176587537320486 0.38976196343335673 -0.042229660362166022 0.0078731822939575435 -0.0068070980827564641 0.071443399993378273 -1.8078920459109604
59.352740635484807 44.830227272727271 0.066882656552810948 1.3368073843389701 -0.028583046026134262 0.94919995806393687 -0.0017130579569141491 0.3572107936079072 -0.014291523013067131 0.0017663255005759529 -0.001523498485038537 0.018962082884662782 -1.7948112178071391
59.758323389273528 44.830227272727271 0.032546730706477962 1.0241007637435389 0.018080588132004971 0.93799414789742264 -0.0058028129991583612 0.31945691061468651 0.0090402940660024855 -0.00067824980539499355 0.0005837647719934496 -0.0092148220676246256 -1.7776632848304137
60.067744111809731 44.830227272727278 0.012520837232760417 0.77242942547777305 0.057710893993922152 0.92965920459949269 -0.009425653427761152 0.27916666413985758 0.028855446996961076 -0.0011777494464893688 0.0010119583001557378 -0.022234641647283532 -1.7607840500742273
60.30042771388635 44.830227272727271 0.0027324406124415016 0.5757929305221946 0.094143471391121669 0.92374141061450687 -0.01295090588726798 0.22888994945496954 0.047071735695560835 -0.00074401241461407664 0.00063827249214091922 -0.027085839541242451 -1.745621166176778
62.785707668625321 47.722500000000004 -0.0026209056339841774 0.55228974739378334 0.1639903491645669 -0.90643974177855646 0.0097579550238224583 -0.1195049274030571 0.081995174582283448 -0.0012431081603512329 0.0010664361614444999 0.045255465503419454 1.0019259684688147
62.562521934654896 47.722499999999997 -0.012009751537186834 0.74089977431602816 0.16850035607124181 -0.90923302425178698 0.0093659207105848651 -0.068609263718178312 0.084250178035620904 -0.0032983488166875947 0.0028340420552139872 0.062269274832088238 0.98160372476595925
62.265731398284551 47.722499999999997 -0.031218211838886414 0.98229818765019861 0.16448477009185536 -0.91359856465681688 0.0097359486910682854 -0.027533686063320434 0.08224238504592768 -0.0059183884910355873 0.0050939147797115659 0.080408275001589521 0.9550998448143696
61.876704050494581 47.722500000000004 -0.064152585998370371 1.2822404956260378 0.15032777433731159 -0.92164705680415049 0.010657315034201708 0.011195980671523109 0.075163887168655796 -0.0089105007407876968 0.0076855225014292707 0.095657144470580477 0.922843828943821
61.376167990366369 47.722500000000004 -0.11556107583316848 1.6398547773625969 0.12787927004588506 -0.93272429200549067 0.01186734684499522 0.044780477172890187 0.063939635022942531 -0.011434140494875213 0.0098858775187217612 0.10375650435310929 0.88620365139104029
60.747128530770553 47.722500000000011 -0.18956540451923279 2.0427870951589551 0.097853276803049782 -0.94706101392022024 0.013026235370913901 0.07108077307835195 0.048926638401524891 -0.012195174402135802 0.010569782889219986 0.098635193305963778 0.84837400343778491
59.979220124053825 47.722500000000004 -0.28764206092196115 2.4623200271209358 0.061867941724162434 -0.96468384501775573 0.013596229120358971 0.085628733444463173 0.030933970862081217 -0.0098393100784949644 0.0085434340239596753 0.075046421997885956 0.81491330219562719
59.073841070023484 47.722499999999997 -0.40536730803450133 2.8519530562565834 0.02403438028299365 -0.98443984254331518 0.012917017530051363 0.081712708855033872 0.012017190141496825 -0.0043611879612371115 0.0037841863380908094 0.033782564071754853 0.79303088035417169
58.048794136306554 47.722499999999997 -0.53056932721391004 3.1545080328940003 -0.010807488418940192 -1.0037741023697027 0.010939044758232196 0.055905072494499247 -0.005403744209470096 0.0019525041868658406 -0.0016822944340341155 -0.01685019277744702 0.7886426197567421
56.940283684081543 47.722499999999997 -0.64509466267660698 3.3174158948467487 -0.03984726860594634 -1.0196641271337772 0.0084671784331677401 0.00778738286200642 -0.01992363430297317 0.006000056094219274 -0.0050488718580390954 -0.065628155155037379 0.8034121565511636
55.799920238546072 47.722500000000004 -0.72890464840171765 3.3106167353438383 -0.061887142429078779 -1.0285054533580722 0.0070116747218957349 -0.063360170922903053 -0.030943571214539389 0.0056827862501802398 -0.0043712490959214407 -0.10219111466719873 0.83343597341755415
54.686400915106802 47.722500000000004 -0.76572011371110615 3.1388480576708098 -0.074982714783529802 -1.0250184027175571 0.0088309234142355548 -0.15569843822444018 -0.037491357391764901 0.0010988998790822217 0.00025055982150587735 -0.11767427666619863 0.86874115825667986
53.654182979494394 47.722499999999997 -0.7520071629902797 2.8377102915620158 -0.076585214228447107 -1.0068439625334427 0.015069172216142009 -0.25024661713422358 -0.038292607114223554 -0.0041598767366668489 0.0053334264766965577 -0.10845260832520524 0.89422358633314081
52.743003803312789 47.722499999999997 -0.69894900246588276 2.4569001765872578 -0.068086576294823731 -0.97778717348029331 0.02435558501129622 -0.3338047710129381 -0.034043288147411865 -0.0067502190066994344 0.0076515383639276895 -0.083016256265382921 0.89962043173171313
51.973046870272874 47.722499999999997 -0.62085318158503433 2.0499154466462288 -0.057412119855456467 -0.93889489657174907 0.037389632713086152 -0.41772061047135506 -0.028706059927728234 -0.0072759936273938961 0.0079381735334336893 -0.057851351165734068 0.88420360553781641
51.346655058719222 47.722499999999997 -0.5285304358200511 1.6598729937530683 -0.046767271570084201 -0.88770178661980093 0.055316834696225836 -0.50566081260197349 -0.023383635785042101 -0.0065609734243057679 0.0070344340564620737 -0.037603012153642819 0.85004496304087884
50.853716553276783 47.722500000000004 -0.42899155003302036 1.315754905002454 -0.045401452092559635 -0.81500335369833288 0.083360714862653437 -0.61173685255231858 -0.022700726046279818 -0.0067014248826687871 0.0071130963853166607 -0.028224590892732861 0.8005942552316283
50.477891530212965 47.722499999999997 -0.32489267947251288 1.0320680961814668 -0.066628269879158708 -0.69795068203755062 0.13175048029474565 -0.74975657800687567 -0.033314134939579354 -0.010226011428744172 0.010787101142727103 -0.031003554757768927 0.7374739760737995
50.203449888653104 47.722499999999997 -0.2136337247584692 0.81845376104479262 -0.17282443617666443 -0.44299392492472389 0.2370934084823032 -0.95935787603516143 -0.086412218088332216 -0.029088542759708756 0.030558894184914687 -0.056762241974834808 0.65882636930154093
50.040507270503014 47.722500000000004 -0.077719904974980311 0.71099612260379963 -1.2337211503064851 0.33463540667183067 0.59432443996258155 -1.3298566670777823 -0.61686057515324255 -0.27732467549120476 0.29050807647385407 -0.17621947284198416 0.5521249783634431
50.040507270503014 47.722500000000004 0.077719904974979451 0.71099612260378564 -2.9515906582050757 1.5013076056107684 0.53111382369272842 -1.1897832734674103 -1.4757953291025379 -0.66347968604269225 0.69502004114975469 0.42159263436880023 0.39519215284487286
50.203449888653104 47.722499999999997 0.21363372475846909 0.81845376104479761 -1.8840287876340036 1.5474072072196676 0.1666119060882465 -0.67955882411184509 -0.9420143938170018 -0.31710592067891341 0.33313481378170923 0.61878806201871694 0.23924629867885566
50.477891530212958 47.722499999999997 0.32489267947251349 1.0320680961813822 -1.1421273480827772 1.3953492161559327 0.074564226270644032 -0.43539417682883819 -0.57106367404138858 -0.17529206950379447 0.1849101476593587 0.53145620981677255 0.10237112278494932
50.853716553276769 47.722500000000004 0.42899155003302009 1.315754905002454 -0.86378571421062 1.3352143624480219 0.035967068689863546 -0.28230248049388607 -0.43189285710531 -0.12749801629039567 0.13533027597693356 0.53698719487822832 -0.041540618035053246
51.346655058719222 47.722499999999997 0.52853043582005066 1.6598729937530849 -0.70905223633980885 1.2963875257558775 0.015382880023325834 -0.16791362781665747 -0.35452611816990443 -0.09947283052633446 0.10665110517821798 0.5701102280619047 -0.20041271091566745
51.973046870272881 47.722499999999997 0.62085318158503411 2.0499154466462595 -0.61434621362306729 1.2683502446632879 0.0033478282535384443 -0.074984415258303683 -0.30717310681153365 -0.077857761507306181 0.084943507845135505 0.6190462681246891 -0.37772452043170274
52.743003803312796 47.722500000000011 0.69894900246588276 2.4569001765872165 -0.55477436260860524 1.2468388318532579 -0.004254291912723366 0.012214376436383734 -0.27738718130430262 -0.055001274123324416 0.062345289627171854 0.67642247799851551 -0.57557354415102668
53.654182979494408 47.722500000000011 0.75200716299027981 2.8377102915620496 -0.51690725200424747 1.2277186533115751 -0.0082951207736151472 0.097700313645407016 -0.25845362600212374 -0.028076835382516013 0.035997638076879196 0.73199429298263119 -0.79142223460779548
54.686400915106816 47.722500000000011 0.76572011371110615 3.1388480576707569 -0.48903671981433994 1.2048860888587265 -0.0085162776159847815 0.19290854233192611 -0.24451835990716997 0.0071670170094830432 0.0016341493313519768 0.76747077554469001 -1.0188912785685209
55.799920238546079 47.722500000000011 0.72890464840171743 3.3106167353438654 -0.45490283185941061 1.1721744668643119 -0.0046858194349899815 0.28440797138441687 -0.2274514159297053 0.04177144810040611 -0.032130964760189208 0.75115808596675593 -1.2393677543672283
56.94028368408155 47.722500000000004 0.64509466267660653 3.3174158948467189 -0.40796531720947393 1.1325571831478727 0.00057054804389574006 0.35394804503565147 -0.20398265860473697 0.06142992665217558 -0.051691488053651737 0.67191584448279384 -1.4296487845291852
58.048794136306547 47.722500000000004 0.53056932721390948 3.1545080328939923 -0.35161138826095928 1.0914070882236384 0.0050450295997180906 0.40052029126187416 -0.17580569413047964 0.063522872393376686 -0.054731854292602078 0.54820504499082412 -1.5755422050773118
59.07384107002347 47.722499999999997 0.40536730803450094 2.8519530562565785 -0.28750856261571589 1.0519163682970021 0.0074742098440108706 0.42535238674747022 -0.14375428130785795 0.052170218964184022 -0.045267902143678596 0.40412011141457038 -1.6728330416098123
59.979220124053825 47.722499999999997 0.28764206092196087 2.4623200271209726 -0.21785314974644798 1.0166925831689322 0.0072160771136190495 0.42911218732031148 -0.10892657487322399 0.034646775570600939 -0.030083658190355834 0.26425801398619531 -1.7259354728690104
60.747128530770553 47.722500000000004 0.18956540451923273 2.0427870951589582 -0.14789915309865864 0.98769712333041038 0.0046258310923862969 0.41512907312087333 -0.073949576549329321 0.018432249025207195 -0.01597557065869892 0.14908097135097559 -1.7453815622572164
61.376167990366376 47.722500000000004 0.11556107583316835 1.6398547773626173 -0.083635408220878338 0.96525660579219141 0.0008396761206960375 0.389761963433361 -0.041817704110439169 0.0074781394013324568 -0.0064655467739472032 0.067858673215995424 -1.7435635692659712
61.876704050494595 47.722500000000004 0.064152585998370121 1.2822404956260376 -0.027851144999075261 0.94881004393883117 -0.0033308332108255012 0.35721079360790614 -0.013925572499537631 0.0016508436264691439 -0.0014238925742402256 0.0177223471350655 -1.7308093363607713
62.265731398284558 47.722500000000011 0.031218211838886175 0.98229818765013455 0.018712716943293128 0.937645505653385 -0.0074478886428836419 0.31945691061468373 0.0093563584716465642 -0.00067330931934516584 0.00057951253087303359 -0.0091476997485107764 -1.7142158481999641
62.562521934654896 47.722500000000011 0.012009751537186787 0.74089977431603748 0.058237254896619239 0.92935771235258668 -0.011088788354479979 0.27916666413985936 0.02911862744830962 -0.0011399784858269321 0.00097950433699647626 -0.021521566572184399 -1.6979273665723311
62.785707668625321 47.722500000000011 0.0026209056339842008 0.5522897473938112 0.094574267845684568 0.92348320378907145 -0.014625167085889824 0.22888994945496735 0.047287133922842284 -0.00071690831025816978 0.00061502045508523553 -0.026099112159988731 -1.6833208999103828
65.270987623364277 50.614772727272737 -0.0025093706555268775 0.52878656426540271 0.16414379188296013 -0.90632421552253217 0.012296210834930104 -0.11950492740305517 0.082071895941480066 -0.0011913202372462273 0.0010220083990930087 0.043370121458286622 0.95567270452432784
65.057299757500047 50.614772727272737 -0.011498665841613201 0.7093701231542886 0.16847215121730008 -0.90921887026195747 0.011902255009811435 -0.068609263718182323 0.084236075608650041 -0.003157456031795792 0.0027129826707003126 0.059609370731014674 0.93620142423827313
64.773139407295574 50.614772727272737 -0.029889692971294617 0.94049561155680284 0.16425047997195308 -0.91369635750038469 0.012263052244152143 -0.027533686063317381 0.082125239985976539 -0.0056584548550758298 0.004870191752410255 0.076876770553363019 0.91084062634285035
64.40066746550437 50.614772727272737 -0.061422515443929529 1.2276736069130894 0.14989289005049555 -0.92185056414292421 0.0131642453516985 0.011195980671525246 0.074946445025247777 -0.0085066261519855923 0.0073371708958022228 0.091321418453275488 0.88001566771469319
63.921432164151916 50.614772727272737 -0.1106432711108514 1.5700692937134746 0.12721881593089202 -0.9330435960562371 0.014336693890913119 0.044780477172889355 0.063609407965446008 -0.010891009965427509 0.0094162906797980173 0.098827990035115693 0.84506218308618741
63.31916204018767 50.614772727272737 -0.18149827953955119 1.9558544671020628 0.096939985911664528 -0.94750694377175149 0.015431438404560587 0.071080773078355614 0.048469992955832264 -0.011567220783006609 0.010025523889731363 0.09355627236825606 0.80907785743831662
62.583932661090159 50.614772727272737 -0.2754011962939682 2.357533800704104 0.060717969488382373 -0.96524448464593937 0.015900798121808078 0.085628733444458233 0.030358984744191186 -0.0092454839652434621 0.0080278171585701549 0.070517189284118292 0.77742387855859241
61.717082820770372 50.614772727272737 -0.38811654044383781 2.730585648530691 0.02273720490800013 -0.98506774955488208 0.015078364979403361 0.08171270885503587 0.011368602454000065 -0.0039502299953302405 0.0034275996617226336 0.030599208083101296 0.75700835067109762
60.735657674189682 50.614772727272737 -0.50799047595212332 3.0202651281018702 -0.012104875721653086 -1.004396660874689 0.012916896485339864 0.05590507249449711 -0.0060524378608265428 0.0020938277950230859 -0.0018040600727455803 -0.018069821425351126 0.75344456634279067
59.674320873623643 50.614772727272737 -0.61764208354838468 3.1762403005911293 -0.040981251914104844 -1.0202038557021933 0.010232369844936823 0.0077873828620080299 -0.020490625957052422 0.0059082029507745177 -0.0049715801221405925 -0.064623472489606704 0.76822398608465114
58.582486612306816 50.614772727272737 -0.6978854605291176 3.1697304853892532 -0.062714363483832969 -1.0288958804086215 0.0085509942475331183 -0.0633601709229034 -0.031357181741916484 0.005513677247511695 -0.0042411689657733823 -0.099150099798408442 0.79749516518077423
57.516354097511545 50.614772727272737 -0.73313421085383257 3.005271577101055 -0.075390458430507623 -1.0252050963856056 0.010147172510546731 -0.15569843822444002 -0.037695229215253812 0.0010578565518584234 0.00024120154516153031 -0.11327920489035197 0.83162170032677907
56.528063117421276 50.614772727272737 -0.72000482698997392 2.7169489973996508 -0.076501216820634266 -1.0067850318440763 0.016178599699408484 -0.2502466171342238 -0.038250608410317133 -0.0039784811453536986 0.0051008570736327564 -0.10372342372144024 0.85609721488429957
55.655659984325084 50.614772727272737 -0.66920460384200842 2.3523445967471686 -0.067498097752794362 -0.97746269761926796 0.025281363979363838 -0.33380477101293915 -0.033749048876397181 -0.0064070974767587666 0.0072626017165055585 -0.078796442829484364 0.86110676647425155
54.918469255770418 50.614772727272737 -0.59443222032060028 1.96267946522961 -0.056346681674082744 -0.93829654351392355 0.038154550073932404 -0.41772061047135589 -0.028173340837041372 -0.006837077501275165 0.0074593121497959864 -0.054361533520924682 0.8460150536277623
54.318734106822838 50.614772727272737 -0.5060383514012754 1.5892356170388973 -0.045200689760314772 -0.88677980218674024 0.055941172607225122 -0.50566081260197449 -0.022600344880157386 -0.0060713425639175311 0.0065094698816873155 -0.034796782955126233 0.8128720985315725
53.846773039435547 50.614772727272737 -0.41073543173906979 1.2597617806863384 -0.043274720718626369 -0.81364628060789668 0.083859847370190338 -0.61173685255231325 -0.021637360359313185 -0.0061156850965075988 0.0064913743443139197 -0.025757613179269338 0.76500558254046047
53.486941585658471 50.614772727272737 -0.3110665815252871 0.98814751721001393 -0.063942912315624989 -0.69595150743981282 0.13213434581249539 -0.74975657800687623 -0.031971456157812495 -0.0093962287441129427 0.0099117892180366138 -0.028487792568446559 0.70398464696981711
53.22417905309905 50.614772727272737 -0.20454235092961948 0.78362373075952596 -0.1699720126047668 -0.43961635518641851 0.23736456885278684 -0.95935787603516665 -0.084986006302383399 -0.027390985868438363 0.028775530135304716 -0.053449696007017537 0.62802506072327735
53.068170603493407 50.614772727272737 -0.074412465052425603 0.68073904803019514 -1.2377318362256671 0.34032934914815627 0.59446531888985166 -1.3298566670777894 -0.61886591811283354 -0.2663860608173666 0.27904946428019733 -0.16926878622156935 0.52502488878454412
53.068170603493407 50.614772727272737 0.07441246505242477 0.68073904803018515 -2.9687031424860422 1.5069991121206012 0.53110505620912962 -1.1897832734674241 -1.4843515712430211 -0.63892768426681745 0.66930089157585138 0.40599163960516355 0.37375285067225766
53.22417905309905 50.614772727272737 0.20454235092961934 0.78362373075952441 -1.8944538141132012 1.5507863618982851 0.16647906305366758 -0.67955882411183166 -0.94722690705660062 -0.30529118797601557 0.32072287656390541 0.59573325579864156 0.22360502801840326
53.486941585658464 50.614772727272737 0.31106658152528766 0.9881475172099885 -1.1477435963314755 1.3973728614541052 0.074327607162940484 -0.4353941768288514 -0.57387179816573775 -0.168657650710199 0.17791170578899701 0.51134176267512677 0.091892442464035592
53.846773039435533 50.614772727272737 0.41073543173906957 1.2597617806863326 -0.86752466040880538 1.3366228926561088 0.035626012173982022 -0.28230248049388668 -0.43376233020440269 -0.12260062106492829 0.13013203159075368 0.51636068945602631 -0.046497150528553549
54.318734106822831 50.614772727272737 0.50603835140127518 1.5892356170389141 -0.71155718051803785 1.2973585968836172 0.014928670525538885 -0.16791362781665423 -0.35577859025901892 -0.095576138763555141 0.10247321579032881 0.54777705610118133 -0.19915972918749761
54.918469255770425 50.614772727272737 0.59443222032060006 1.9626794652296369 -0.61582286915844109 1.268933628014596 0.0027666442717487879 -0.074984415258304127 -0.30791143457922054 -0.074723631603500706 0.081524144342800864 0.5941268332063504 -0.36938160130714631
55.655659984325091 50.614772727272737 0.66920460384200853 2.3523445967471379 -0.5553610742017141 1.2470713968042766 -0.0049814137164960236 0.012214376436383817 -0.27768053710085705 -0.052716338025401446 0.059755258667431574 0.6483216355714877 -0.55909076190944595
56.52806311742129 50.614772727272744 0.72000482698997414 2.7169489973997032 -0.51677021192163952 1.2276564551391509 -0.0091917784135000999 0.097700313645406392 -0.25838510596081976 -0.026874873760911713 0.034456589064505175 0.70065781807682515 -0.76580759327474723
57.516354097511567 50.614772727272744 0.73313421085383257 3.0052715771010341 -0.48829129907170121 1.2045685017211791 -0.0096082271135819065 0.19290854233192622 -0.24414564953585061 0.0068515586811907139 0.0015622217754989749 0.7336903272010854 -0.98339669485451486
58.582486612306823 50.614772727272737 0.69788546052911737 3.1697304853892354 -0.45363344012500639 1.1716269022593513 -0.0059956517713187756 0.28440797138441842 -0.2268167200625032 0.039882225356117754 -0.030677758032116014 0.7171850013575316 -1.1940189167001243
59.674320873623643 50.614772727272737 0.61764208354838424 3.1762403005911084 -0.40628474391793112 1.1318147298771923 -0.00097085858416270758 0.35394804503565058 -0.20314237195896556 0.058573435674970517 -0.049287834374238941 0.64067176440968077 -1.3754844981161021
60.735657674189682 50.614772727272737 0.50799047595212277 3.0202651281018413 -0.34967020815905614 1.0905241864508228 0.0032715764290026164 0.40052029126187383 -0.17483510407952807 0.060483826333324484 -0.052113386016840749 0.5219779504135682 -1.5142869139579231
61.717082820770358 50.614772727272737 0.38811654044383742 2.7305856485307074 -0.28547939162749403 1.0509636809296024 0.0054845312129198596 0.42535238674747028 -0.14273969581374701 0.049597532344829637 -0.043035591671467553 0.38419160768407939 -1.6065132785969276
62.583932661090159 50.614772727272737 0.27540119629396798 2.3575338007041293 -0.21588335502588007 1.0157365226671313 0.0050400634066807837 0.42911218732031026 -0.10794167751294004 0.032872411809433649 -0.028542985154634586 0.25072458018484117 -1.6565092119240923
63.31916204018767 50.614772727272737 0.18149827953955114 1.9558544671020628 -0.1460757508596644 0.98678179624109708 0.002300025361119052 0.41512907312087477 -0.0730378754298322 0.017430273435122188 -0.015107139909103231 0.14097694161290203 -1.6744269865609942
63.921432164151916 50.614772727272737 0.11064327111085127 1.5700692937134848 -0.082003004618671493 0.96440969331218029 -0.0015999764834815529 0.38976196343336289 -0.041001502309335747 0.0070201529071148242 -0.0060695748695357536 0.063702779058296188 -1.6721462293310059
64.400667465504384 50.614772727272737 0.061422515443929279 1.2276736069131411 -0.026431185621137665 0.94804924765402765 -0.0058530824170375771 0.35721079360790492 -0.013215592810568833 0.0015000058692377887 -0.001293791358720418 0.016103054397784186 -1.6595435100305076
64.773139407295588 50.614772727272737 0.029889692971294391 0.94049561155675643 0.019918669824137591 0.93697815035239818 -0.010027871089246299 0.31945691061468451 0.0099593349120687957 -0.00068620130664026212 0.00059060857242586946 -0.0093228525728498504 -1.6433866758261613
65.057299757500047 50.614772727272737 0.011498665841613156 0.70937012315428705 0.05921824807674958 0.9287948229360804 -0.013707751216400263 0.2791666641398553 0.02960912403837479 -0.0011098511726198245 0.00095361802921496415 -0.02095279533229864 -1.6276129595840256
65.270987623364277 50.614772727272737 0.0025093706555268996 0.52878656426543358 0.095352816615167368 0.92301590368974928 -0.017268930457005401 0.22888994945497104 0.047676408307583684 -0.00069205017630567659 0.00059369518846846803 -0.025194149535295859 -1.6135179172977292
67.756267578103234 53.507045454545462 -0.0023978356770695776 0.50528338113701887 0.16451962707841872 -0.90604596703753093 0.016722764813154933 -0.11950492740305971 0.082259813539209359 -0.0011409756512337033 0.00097881884506294172 0.041537322231125572 0.89741090293270354
67.552077580345212 53.507045454545462 -0.010987580146039566 0.67784047199253017 0.16845923887235936 -0.90915703116648339 0.016340830463467345 -0.068609263718179853 0.084229619436179681 -0.003016884106109318 0.0025921989782168864 0.056955524106314048 0.87877031830290309
67.280547416306604 53.507045454545462 -0.028561174103702819 0.89869303546340062 0.16379204874535458 -0.91387678426988328 0.016705405081881404 -0.027533686063311275 0.08189602437267729 -0.0053918602312614172 0.0046407356603513092 0.073254768743562709 0.85455911477710467
66.924630880514172 53.507045454545462 -0.05869244488948868 1.1731067182001855 0.14898544503678135 -0.92226870633200819 0.01759654229403193 0.011195980671517669 0.074492722518390675 -0.0080793190554669398 0.006968608185259904 0.086734136789311078 0.82521473801776357
66.466696337937464 53.507045454545462 -0.10572546638853431 1.5002838100643303 0.12579146175753653 -0.93373032070588513 0.018733267230156746 0.044780477172891547 0.062895730878768263 -0.01029017054913811 0.0088968091428587148 0.0933758095638592 0.79207188489040847
65.891195549604788 53.507045454545462 -0.1734311545598696 1.8689218390451581 0.094914028265929762 -0.948495410107143 0.019747213432212547 0.071080773078346926 0.047457014132964881 -0.010822088500543781 0.0093797039785374833 0.087529604417831045 0.75817853235701138
65.188645198126494 53.507045454545462 -0.2631603316659753 2.2527475742872021 0.058087979358431352 -0.96652836412025844 0.020066439676310749 0.085628733444461896 0.029043989679215676 -0.0084518792197774226 0.0073387332970086877 0.064464204252378199 0.72875291689475397
64.360324571517253 53.507045454545462 -0.37086577285317424 2.6092182408047795 0.019627690471608172 -0.98657698128579518 0.019005334434604636 0.081712708855039617 0.0098138452358040862 -0.0032584353595571181 0.0028273320665799379 0.02524043959726106 0.71043946908721023
63.422521212072816 53.507045454545462 -0.48541162469033655 2.886022223309662 -0.015461432177429124 -1.0060135726642889 0.016515043507283955 0.055905072494496777 -0.0077307160887145621 0.0025555533280990105 -0.0022018867711824899 -0.022054532083046401 0.70854438695744426
62.40835806316575 53.507045454545462 -0.59018950442016227 3.0350647063354863 -0.044318857337883211 -1.0218012432628834 0.013432545271450096 0.0077873828620086127 -0.022159428668941605 0.0061053890173009533 -0.0051375064345699347 -0.06678027862028188 0.72433560351296711
61.36505298606756 53.507045454545462 -0.66686627265651743 3.0288442354346259 -0.06579998574875745 -1.0303675667888907 0.011320415138961957 -0.063360170922903997 -0.032899992874378725 0.0055278305761627521 -0.0042520558304813896 -0.099404613054306451 0.75393462892937857
60.346307279916289 53.507045454545462 -0.70054830799655887 2.8716950965312891 -0.078036001701881963 -1.0264686793336497 0.012491932732169047 -0.15569843822443996 -0.039018000850940981 0.0010463091138224034 0.00023856861738692092 -0.11204266237715069 0.78795962750649395
59.401943255348172 53.507045454545462 -0.68800249098966804 2.5961877032372316 -0.078583748329694059 -1.0077854048116583 0.018137166018256479 -0.25024661713422297 -0.039291874164847029 -0.0039051372661077369 0.0050068220307128665 -0.10181126730132421 0.81243134536933603
58.568316165337379 53.507045454545462 -0.63946020521813396 2.2477890169070611 -0.069011858121416969 -0.97819332807373049 0.026908100684628511 -0.33380477101294093 -0.034505929060708485 -0.0062596221863824488 0.007095434867411393 -0.076982746638805596 0.81794470915913653
57.863891641267955 53.507045454545462 -0.56801125905616612 1.8754434838129681 -0.057366509811033195 -0.93878412326802274 0.03950153539250454 -0.41772061047135045 -0.028683254905516598 -0.0066514325076040288 0.0072567718163594353 -0.052885472068563685 0.80395743470876013
57.290813154926447 53.507045454545462 -0.48354626698249986 1.518598240324637 -0.045764097182263264 -0.88702669971721604 0.057051501029789925 -0.50566081260198037 -0.022882048591131632 -0.00587380030472046 0.0062976723471113438 -0.033664605838552138 0.77251085062700442
56.839829525594311 53.507045454545462 -0.39247931344511927 1.2037686563701664 -0.043382489031250193 -0.81361868160718365 0.084765282990310151 -0.61173685255231369 -0.021691244515625097 -0.0058584119843132533 0.0062182968307359773 -0.024674048345443386 0.72683485668189241
56.49599164110397 53.507045454545462 -0.29724048357806127 0.94422693823859605 -0.06362085778104154 -0.69558256176567201 0.13285643109756873 -0.74975657800686457 -0.03181042889052077 -0.0089333693685849577 0.0094235332705960659 -0.02708448042721575 0.66847078596628973
56.244908217544989 53.507045454545462 -0.1954509771007697 0.74879370047426397 -0.16938141631614667 -0.43864766257896926 0.23791197977278375 -0.95935787603518841 -0.084690708158073336 -0.026082583695747282 0.027400991579803097 -0.050896531300890405 0.59574346105067111
56.0958339364838 53.507045454545462 -0.07110502512987088 0.65048197345658587 -1.2394700741549243 0.34226557622406273 0.59481559706828657 -1.329856667077784 -0.61973503707746214 -0.25490337297852356 0.26702091488803326 -0.16197238104527317 0.49707248940670051
56.0958339364838 53.507045454545462 0.071105025129870103 0.65048197345656522 -2.9748874116172108 1.5090044283237831 0.53123329064883007 -1.1897832734674156 -1.4874437058086054 -0.61180084236367616 0.64088449967659777 0.38875452295995555 0.352180601658729
56.244908217544989 53.507045454545462 0.19545097710076959 0.74879370047427685 -1.8979799203784569 1.5519286470300953 0.16642475620374833 -0.67955882411187751 -0.94898996018922843 -0.292264766718694 0.30703800303486717 0.57031400803557741 0.20842584901397607
56.495991641103963 53.507045454545462 0.29724048357806182 0.94422693823856418 -1.1492915367760741 1.3979376450453622 0.074120092583918051 -0.43539417682882781 -0.57464576838803705 -0.16137861337148973 0.1702332758809654 0.48927294001765126 0.082372714564864544
56.839829525594297 53.507045454545462 0.39247931344511899 1.2037686563701948 -0.86812712591805341 1.336857891445651 0.035262068920355064 -0.28230248049388035 -0.43406356295902671 -0.11723270084208939 0.12443435764793524 0.49375245987991973 -0.049994819034744196
57.29081315492644 53.507045454545462 0.48354626698249953 1.5185982403246805 -0.71137342644062107 1.297293858717413 0.014390419318163528 -0.16791362781666461 -0.35568671322031054 -0.091304444013296612 0.097893262011106458 0.5232946235073116 -0.19590497877266252
57.863891641267962 53.507045454545462 0.56801125905616612 1.8754434838129996 -0.61481623349472247 1.2685383223880902 0.002023757866655001 -0.074984415258301323 -0.30740811674736124 -0.071285645494908664 0.077773271028016011 0.56679144070102905 -0.35842385070074723
58.568316165337386 53.507045454545462 0.63946020521813418 2.2477890169070234 -0.55351948919052041 1.246328460697375 -0.0059721231151550888 0.012214376436383206 -0.2767597445952602 -0.050206195999478703 0.056909951279449811 0.61745114181718086 -0.53928373354972337
59.401943255348186 53.507045454545477 0.68800249098966826 2.5961877032372791 -0.51416937126447881 1.2265863569514153 -0.010484699267193536 0.097700313645406739 -0.25708468563223941 -0.02555110968227255 0.032759375701502877 0.66614581778840976 -0.73604079151360935
60.346307279916303 53.507045454545477 0.70054830799655887 2.8716950965312633 -0.48500373934953345 1.2031887196015061 -0.011266706199819459 0.19290854233192636 -0.24250186967476672 0.0065029450721737327 0.0014827344943440001 0.69635948837040862 -0.94279213492958602
61.365052986067568 53.507045454545462 0.66686627265651721 3.0288442354346077 -0.44975050455119492 1.1699561018932934 -0.0080826979929475903 0.28440797138441731 -0.22487525227559746 0.037783360625570604 -0.029063292846913044 0.67944201457117481 -1.1424871739337148
62.40835806316575 53.507045454545462 0.59018950442016183 3.0350647063354761 -0.40195557709984286 1.1298955122962631 -0.0035340922524156916 0.35394804503565136 -0.20097778854992143 0.055373610992685042 -0.046595275415563096 0.60567232650104441 -1.3139944228877367
63.422521212072809 53.507045454545462 0.48541162469033611 2.8860222233096398 -0.3451088330449068 1.0884357047485038 0.00021438525796018196 0.40052029126187327 -0.1725544165224534 0.057041548074165935 -0.049147489403285241 0.49227094509669844 -1.4445613727686937
64.360324571517239 53.507045454545462 0.3708657728531739 2.6092182408047924 -0.28094606699352132 1.0488172341863646 0.0019553402290610582 0.42535238674747577 -0.14047303349676066 0.046640464406365434 -0.040469754979034267 0.36128561555908095 -1.5306610430388596
65.18864519812648 53.507045454545462 0.26316033166597508 2.2527475742872256 -0.21160268178266595 1.0136390929358106 0.0010962427252667051 0.42911218732030942 -0.10580134089133297 0.03078847515029744 -0.02673351119605348 0.23482997083817456 -1.5766415367432067
65.891195549604788 53.507045454545462 0.17343115455986957 1.8689218390451636 -0.14217606621093548 0.98480454311774934 -0.0019826031839084886 0.41512907312086877 -0.071088033105467741 0.016210901584357736 -0.014050287805245724 0.13111459981720824 -1.5923070725948596
66.466696337937464 53.507045454545462 0.10572546638853419 1.5002838100643512 -0.078541672320045164 0.96259520843647739 -0.0061440113727219518 0.38976196343336489 -0.039270836160022582 0.0064249766406691373 -0.0055549896521537223 0.058301987550790774 -1.5890190393911756
66.924630880514172 53.507045454545462 0.058692444889488452 1.1731067182002062 -0.02342695029850006 0.94642234911066947 -0.01058944438362195 0.35721079360790364 -0.01171347514925003 0.0012704180996433892 -0.001095766351978236 0.013638354479827841 -1.5761772976706332
67.280547416306604 53.507045454545462 0.028561174103702604 0.89869303546337242 0.022473555953007374 0.93554887652865681 -0.014900534671016529 0.3194569106146844 0.011236777976503687 -0.0007398055859624453 0.00063674539347244677 -0.010051129812427553 -1.5601877332322793
67.552077580345212 53.507045454545469 0.010987580146039524 0.67784047199254149 0.061303255873232931 0.92758503376208146 -0.018674123818472086 0.27916666413986035 0.030651627936616466 -0.0010978609397424702 0.00094331565487107676 -0.020726432643620396 -1.5447496225106689
67.756267578103234 53.507045454545462 0.0023978356770695988 0.50528338113704852 0.097016084989340667 0.92200659164154741 -0.022296883609596304 0.2288899494549646 0.048508042494670334 -0.00067282544166051865 0.00057720269580075086 -0.024494271324137725 -1.5310543085634274
70.241547532842191 56.399318181818188 -0.0022863006986122781 0.48178019800862726 0.16608553607785359 -0.90499331357851265 0.024902582731910674 -0.11950492740306003 0.083042768038926795 -0.0010982580723616232 0.00094217233891686703 0.039982184891757915 0.81739738465077938
70.046855403190364 56.399318181818188 -0.010476494450465935 0.64631082083081881 0.16924581177157161 -0.90853882141261844 0.024579811769999693 -0.068609263718174177 0.084622905885785804 -0.0028899854381977124 0.0024831637664792477 0.054559813868499063 0.79946106829430608
69.787955425317634 56.399318181818188 -0.027232655236111025 0.85689045937003394 0.16367844073164384 -0.91374942223460442 0.025008973710433535 -0.027533686063321627 0.081839220365821919 -0.0051374927389720325 0.0044218033732238539 0.069798886909779922 0.77629068872763984
69.448594295523947 56.399318181818188 -0.055962374335047846 1.1185398294872726 0.14793468199637982 -0.92264053535543089 0.025969415462560378 0.011195980671516254 0.073967340998189912 -0.0076491794599747968 0.0065976023758132782 0.082116447320956104 0.74835803413436985
69.01196051172299 56.399318181818188 -0.10080766166621724 1.43049832641525 0.12359717631850675 -0.93469747533612924 0.027169139587530373 0.044780477172900235 0.061798588159253376 -0.0096403741457376357 0.0083349997389072991 0.087479380060625986 0.71705267450758914
68.463229059021899 56.399318181818188 -0.16536402958018803 1.7819892109882469 0.091318202161819961 -0.95017551274495538 0.028210220074044126 0.071080773078345455 0.045659101080909981 -0.0099277757663616822 0.0086045866145976983 0.080296357356060166 0.68547409147836769
67.793357735162829 56.399318181818188 -0.2509194670379824 2.1479613478703135 0.052949426011631551 -0.9689726099812499 0.028467088070086827 0.085628733444463284 0.026474713005815775 -0.0073458524485578054 0.0063783746262010346 0.056028312797414881 0.65883572618910102
67.003566322264135 56.399318181818188 -0.35361500526251072 2.4878508330789169 0.013069373925889916 -0.98970433193278895 0.027184455836992832 0.081712708855040228 0.0065346869629449578 -0.002068752921345954 0.0017950491039194145 0.016024940620576543 0.64364366119088257
66.10938474995595 56.399318181818188 -0.46283277342854989 2.7517793185174391 -0.02304710016819822 -1.0096205011662394 0.02425214758355921 0.055905072494497526 -0.01152355008409911 0.003632163995026378 -0.0031295038000099498 -0.031345727157563515 0.6449369295447589
65.142395252707857 56.399318181818188 -0.56273692529193986 2.8938891120798398 -0.052401412781608814 -1.0256319908903093 0.020488745987730397 0.0077873828620079466 -0.026200706390804407 0.0068830625137300426 -0.0057918959551356407 -0.07528641191006584 0.66367359078010357
64.147619359828298 56.399318181818188 -0.63584708478391738 2.8879579854800279 -0.073864555973304435 -1.0341873700248709 0.017507952335021774 -0.063360170922903997 -0.036932277986652218 0.0059166917934676067 -0.0045511712942257424 -0.10639733801311813 0.6957631981895166
63.176260462321025 56.399318181818188 -0.66796240513928551 2.7381186159615649 -0.08563485825537942 -1.0300865424607071 0.017736110937731836 -0.15569843822444016 -0.04281742912768971 0.001094786701266388 0.00024962197710441246 -0.1172338223231859 0.73186357537411317
62.275823393275047 56.399318181818188 -0.65600015498936248 2.4754264090748359 -0.085405586422429902 -1.0110768137327635 0.022492082324894858 -0.25024661713422353 -0.042702793211214951 -0.0040467257620851712 0.0051883542926151075 -0.1055026367023071 0.75833313146975179
61.480972346349674 56.399318181818188 -0.60971580659425972 2.1432334370669679 -0.075022877609097538 -0.98115577541219234 0.030505685263504074 -0.33380477101293965 -0.037511438804548769 -0.006488316847065502 0.0073546658594880951 -0.079795303466806369 0.76607606369171977
60.809314026765492 56.399318181818188 -0.54159029779173218 1.7882075023963706 -0.062744676377334718 -0.94151461441043693 0.042478215785748522 -0.41772061047135367 -0.031372338188667359 -0.0069366147569380676 0.0075679081779067067 -0.055152953226097562 0.75464782331684843
60.262892203030049 56.399318181818188 -0.46105418256372432 1.4479608636104608 -0.050691519523948569 -0.88963840483866319 0.059516138641343905 -0.50566081260197693 -0.025345759761974285 -0.0062035961731548642 0.0066512673304412982 -0.035554770185662644 0.72612854941283833
59.832886011753061 56.399318181818188 -0.37422319515116875 1.147775532054047 -0.047980878253043979 -0.81622605215669775 0.086798233064466296 -0.6117368525523228 -0.02399043912652199 -0.0061779952259614071 0.0065575122126548483 -0.026020046608442107 0.68370896416246318
59.505041696549469 56.399318181818188 -0.28341438563083549 0.90030635926714675 -0.067958472549336957 -0.69837605617695719 0.13451553978448194 -0.74975657800685291 -0.033979236274668478 -0.0090985735728619527 0.0095978020432409446 -0.02758535191843331 0.62895391467362649
59.265637381990921 56.399318181818188 -0.18635960327191997 0.71396367018903273 -0.17318087419606876 -0.44224831992436714 0.2392274303030848 -0.95935787603517697 -0.086590437098034378 -0.025427209926383147 0.026712490342906972 -0.049617660620159744 0.56036347600534564
59.123497269474178 56.399318181818188 -0.067797585207316186 0.62022489888297949 -1.2371594810345758 0.33721376207915343 0.59575800853011773 -1.3298566670777825 -0.61857974051728792 -0.24259349744447689 0.2541258551293058 -0.15415035881260805 0.46703908430111885
59.123497269474178 56.399318181818188 0.067797585207315436 0.62022489888296917 -2.9610463984879596 1.5042210490857622 0.53177175193165427 -1.1897832734674108 -1.4805231992439798 -0.5806289430881203 0.608230757334559 0.36894706930265175 0.3296674327818781
59.265637381990921 56.399318181818188 0.18635960327191989 0.71396367018904616 -1.8889189087456404 1.5489834743148481 0.16664006006013038 -0.67955882411186397 -0.9444594543728202 -0.27733973424925706 0.29135854835377389 0.54118988478504904 0.19323881389504169
59.505041696549462 56.399318181818188 0.2834143856308361 0.90030635926711922 -1.1433871405780822 1.3958270807543425 0.074066267588222615 -0.43539417682881576 -0.57169357028904111 -0.15308160455285882 0.16148101954599889 0.46411779824742605 0.073626243590691295
59.832886011753054 56.399318181818188 0.37422319515116853 1.1477755320540486 -0.86289264019564715 1.3349074328602195 0.034929863973153369 -0.2823024804938894 -0.43144632009782358 -0.11110564886976922 0.11793091815558536 0.46794697249102696 -0.051921737664333854
60.262892203030049 56.399318181818188 0.46105418256372399 1.4479608636104682 -0.70603898037151014 1.2952433432060706 0.013735932633766688 -0.16791362781666092 -0.35301949018575507 -0.086404604909536373 0.092639834991422379 0.49521209711161163 -0.19018756082477789
60.809314026765499 56.399318181818188 0.54159029779173207 1.7882075023963808 -0.60886757800552815 1.2661927119003189 0.00096530016816470058 -0.074984415258301712 -0.30443378900276408 -0.067312162090294683 0.073438165417245627 0.53519831465346179 -0.34394746910590718
61.480972346349674 56.399318181818188 0.60971580659425983 2.1432334370669079 -0.54666445417543419 1.2435667097757948 -0.0075565548438901974 0.01221437643638304 -0.27333222708771709 -0.047278007732513734 0.053590778251249228 0.58143938763225922 -0.514667548791375
62.275823393275068 56.399318181818202 0.65600015498936259 2.4754264090749021 -0.50630796192501037 1.2233560917664128 -0.012746896744208798 0.097700313645406864 -0.25315398096250519 -0.023990110704663403 0.030758000707890018 0.62544884010576351 -0.69988255613535899
63.176260462321039 56.399318181818202 0.6679624051392854 2.7381186159614685 -0.47610044744977476 1.199449801606814 -0.014384546239650745 0.19290854233192628 -0.23805022372488738 0.0060866386533928781 0.0013878125965742234 0.65177985228705637 -0.89387516187162119
64.147619359828298 56.399318181818188 0.63584708478391727 2.8879579854800452 -0.43990575492316664 1.1657049319724297 -0.012242234735561464 0.28440797138441609 -0.21995287746158332 0.035237289871393025 -0.027104832860493845 0.63365711312733242 -1.0803852537563812
65.142395252707857 56.399318181818188 0.56273692529193953 2.8938891120798265 -0.39143062918393645 1.1251988495000449 -0.0088859261280060057 0.35394804503565125 -0.19571531459196823 0.051415436100747947 -0.043264586917441492 0.56237811193710296 -1.2394264393473706
66.10938474995595 56.399318181818188 0.46283277342854945 2.7517793185174315 -0.33431504635566478 1.0834471139733584 -0.0063948311915710786 0.40052029126187427 -0.16715752317783239 0.052687195591060824 -0.045395741778144483 0.45469270108839444 -1.359167829779667
67.003566322264135 56.399318181818188 0.35361500526251044 2.4878508330788836 -0.27039142345074052 1.0437588078004965 -0.005858470606902446 0.42535238674747639 -0.13519571172537026 0.042800294057124474 -0.037137653656939926 0.33153894973711867 -1.4366851504704599
67.793357735162814 56.399318181818188 0.25091946703798218 2.1479613478703801 -0.20171913746387848 1.0087227245759631 -0.0077674372287740157 0.42911218732031053 -0.10085956873193924 0.02798517626110791 -0.024299417858394304 0.21344863924622218 -1.4765142909093394
68.463229059021899 56.399318181818188 0.165364029580188 1.7819892109882407 -0.13320584225769316 0.98017192314242296 -0.011691706068278466 0.41512907312086722 -0.066602921128846582 0.014481644419152187 -0.012551508682197678 0.11712827956123116 -1.488200788022743
69.011960511723004 56.399318181818188 0.10080766166621716 1.430498326415284 -0.070584571562354093 0.95833091859584074 -0.016493449796128889 0.38976196343336122 -0.035292285781177046 0.0055054791625994189 -0.0047599985943610427 0.049958217056737218 -1.4825876942087817
69.448594295523975 56.399318181818188 0.055962374335047624 1.1185398294872828 -0.016501460470169427 0.94257301928836446 -0.021401231501912626 0.35721079360790242 -0.0082507302350847134 0.00085323218858912695 -0.00073593340880703242 0.0091597270574501205 -1.4685484980777761
69.787955425317648 56.399318181818188 0.027232655236110816 0.85689045936994723 0.028403123689333842 0.93212999432538202 -0.026035211736199892 0.31945691061468806 0.014201561844666921 -0.00089150923643829306 0.00076731564388193363 -0.012112202495418962 -1.4520550342675902
70.046855403190364 56.399318181818195 0.010476494450465893 0.64631082083079827 0.0662155358522305 0.92463433900947911 -0.03002960048506223 0.27916666413986591 0.03310776792611525 -0.0011306745637739866 0.0009715101229694175 -0.021345918539931272 -1.4364963437647043
70.241547532842191 56.399318181818188 0.0022863006986122984 0.48178019800861627 0.10102459065041525 0.91947942900247648 -0.033799112848837784 0.22888994945496419 0.050512295325207623 -0.00066803572911269349 0.00057309370285320088 -0.024319901403729562 -1.4229043458699806
72.726827487581147 59.291590909090914 -0.0021747657201549786 0.45827701488025763 0.17149739509846695 -0.90144860481487754 0.040144614897057215 -0.11950492740306037 0.085748697549233477 -0.0010787212872036644 0.0009254121447235216 0.039270946453331415 0.69675009431789481
72.541633226035515 59.291590909090914 -0.0099654087548923034 0.61478116966908325 0.17353221768738769 -0.90563496931796961 0.039822777315286523 -0.068609263718172053 0.086766108843693845 -0.0028186228668048573 0.0024218468652854289 0.053212565345751181 0.67909113753700145
72.295363434328664 59.291590909090914 -0.02590413636851923 0.81508788327666504 0.16669707356357066 -0.91154968998521824 0.040273878085533836 -0.027533686063321405 0.083348536781785332 -0.0049769909080760099 0.004283660591652411 0.067618280588228968 0.65643975810847222
71.972557710533749 59.291590909090914 -0.053232303780607011 1.0639729407743257 0.14965066919782943 -0.92114957509314899 0.041321194618312185 0.011195980671521971 0.074825334598914717 -0.0073604207443215041 0.0063485409963019261 0.079016527913063503 0.62927515865155703
71.55722468550853 59.291590909090914 -0.095889856943900176 1.3607128427661415 0.12353566408755368 -0.93414859021610697 0.042725357504350164 0.044780477172889938 0.061767832043776838 -0.0091655139811473579 0.007924438977670924 0.083170369623290136 0.59905986506633468
71.035262568439009 59.291590909090914 -0.15729690460050649 1.6950565829313731 0.088691577575652158 -0.950950679168588 0.044144670252855248 0.071080773078349702 0.044345788787826079 -0.0091718325312244199 0.0079493966510514602 0.074182249868342834 0.56906286653113547
70.398070272199163 59.291590909090914 -0.2386786024099895 2.0431751214534213 0.046899515409790982 -0.97146522498988008 0.04498356626888389 0.085628733444467364 0.023449757704895491 -0.0061891132449973163 0.0053739825509734945 0.047205627292092878 0.54476925082719097
69.646808073011016 59.291590909090914 -0.3363642376718472 2.3664834253530649 0.0029864507316043065 -0.99416356724408173 0.044445292714643314 0.081712708855034066 0.0014932253658021533 -0.00044966421275517178 0.0003901719407098861 0.0034831816957202879 0.53297996518927038
68.796248287839063 59.291590909090914 -0.44025392216676318 2.6175364137253183 -0.037271944910838517 -1.0160512395396288 0.042266374462535852 0.05590507249449661 -0.018635972455419259 0.0055874074809685046 -0.0048141584377353591 -0.048219560200584155 0.53894794135225899
67.87643244224995 59.291590909090914 -0.53528434616371756 2.7527135178242021 -0.070215451166399268 -1.0337476552306357 0.038994783493724886 0.0077873828620090846 -0.035107725583199634 0.0087730486636608158 -0.0073822640674708929 -0.095958936023303062 0.56361686738664241
66.930185733589042 59.291590909090914 -0.60482789691131733 2.7470717355253935 -0.094032291364368525 -1.0434213097162441 0.035913096984622174 -0.063360170922903247 -0.047016145682184263 0.0071647163984048523 -0.0055111627818251168 -0.12884003071629319 0.60253422618135277
66.006213644725761 59.291590909090914 -0.63537650228201192 2.6045421353917928 -0.10643162356072122 -1.0396877672579667 0.035198956083037324 -0.15569843822444013 -0.053215811780360611 0.0012942815100324833 0.00029510872674127093 -0.13859646669786521 0.64575936249415022
65.149703531201936 59.291590909090914 -0.62399781898905671 2.3546651149124256 -0.10526772191812306 -1.0203852472470867 0.038187690837517371 -0.2502466171342243 -0.052633860959061529 -0.0047445152776515141 0.0060829983681664097 -0.12369478464700397 0.67915351066298746
64.393628527361955 59.291590909090914 -0.57997140797038549 2.0386778572268809 -0.093359891888496582 -0.98995171683058281 0.043930229702092566 -0.33380477101293748 -0.046679945944248291 -0.0076802932312806807 0.0087058002484118706 -0.094454593317415778 0.69337900498468463
63.754736412263021 59.291590909090914 -0.51516933652729824 1.7009715209796901 -0.079895830144850244 -0.95001951472735802 0.053555983507746138 -0.41772061047135739 -0.039947915072425122 -0.0084018308753726553 0.009166471949090791 -0.066802871648525691 0.68801396050302555
63.234971251133658 59.291590909090914 -0.43856209814494879 1.3773234868962736 -0.067221683755501749 -0.8982407520147947 0.068500932651347504 -0.50566081260197859 -0.033610841877750874 -0.0078252230542305255 0.0083899159457296504 -0.044848826322494498 0.66532476971091226
62.825942497911825 59.291590909090914 -0.35596707685721823 1.0917824077379019 -0.064293186778102474 -0.82536189220584144 0.09406889444381078 -0.61173685255231658 -0.032146593389051237 -0.0078745085278949419 0.0083582430791358069 -0.033165302241313907 0.62861512276890008
62.514091751994968 59.291590909090914 -0.26958828768360976 0.85638578029573942 -0.084217415545983387 -0.70877779382227379 0.14041555564057051 -0.74975657800686457 -0.042108707772991694 -0.010725331929254659 0.011313818795956368 -0.032517410926142368 0.57959079262993418
62.286366546436852 59.291590909090914 -0.17726822944307027 0.6791336399038409 -0.18823710057041643 -0.45644369977342658 0.24398507166804265 -0.95935787603516476 -0.094118550285208213 -0.026289548981580944 0.027618418431398496 -0.051300395245949426 0.51707913202030942
62.151160602464572 59.291590909090914 -0.064490145284761491 0.58996782430937067 -1.2280351538234799 0.31658065238301669 0.59941061834854226 -1.3298566670777876 -0.61401757691173997 -0.22905690953646876 0.23994576780671528 -0.14554885091935801 0.4311946997992066
62.151160602464572 59.291590909090914 0.064490145284760783 0.58996782430937067 -2.9053325365439813 1.4846477930634481 0.53438677872207774 -1.1897832734674223 -1.4526662682719906 -0.54191159750152473 0.56767287487201812 0.34434503842663433 0.30358597669046206
62.286366546436852 59.291590909090914 0.17726822944307019 0.67913363990381204 -1.8537038396165695 1.5373665671164471 0.16854578755009464 -0.67955882411184854 -0.92685191980828474 -0.25889177925747431 0.27197809642880372 0.50519126863455543 0.17625878170250053
62.514091751994954 59.291590909090914 0.26958828768361032 0.85638578029568713 -1.1220187443304295 1.388076466133747 0.075461111041535495 -0.4353941768288308 -0.56100937216521474 -0.1428923386662031 0.15073268013181149 0.43322564982183753 0.064555815018142532
62.825942497911811 59.291590909090914 0.35596707685721807 1.0917824077378904 -0.84525387769078364 1.3282597646489858 0.035849474367150046 -0.28230248049389062 -0.42262693884539182 -0.10352510431757302 0.10988469738954955 0.436019767086812 -0.052653995069537267
63.234971251133651 59.291590909090914 0.4385620981449484 1.3773234868963122 -0.68918636471071459 1.2887173680707855 0.014104025555544405 -0.16791362781665678 -0.3445931823553573 -0.080227639780805174 0.086017120485956458 0.45980995785773315 -0.18150427812024861
63.754736412263036 59.291590909090914 0.51516933652729802 1.7009715209797704 -0.59110546529053609 1.2591594636341399 0.00049789506128053961 -0.074984415258299436 -0.29555273264526805 -0.062160542544906335 0.067817702835261465 0.49423784015958266 -0.32425081773962322
64.393628527361969 59.291590909090914 0.57997140797038549 2.0386778572268103 -0.52713055539237641 1.2356745672199303 -0.0094725037072997398 0.01221437643637957 -0.2635652776961882 -0.043364630728329488 0.049154869690310556 0.53331148127543582 -0.4818528503442393
65.149703531201951 59.291590909090928 0.62399781898905693 2.3546651149125259 -0.48466482526675025 1.2144260693816891 -0.016993998543021686 0.097700313645407683 -0.24233241263337513 -0.0218442997161746 0.028006831415031859 0.5695051635484274 -0.65166784104712294
66.00621364472579 59.291590909090928 0.63537650228201192 2.6045421353917422 -0.45215399016361424 1.1893112743152841 -0.021885548783172885 0.19290854233192653 -0.22607699508180712 0.0054985025087242127 0.0012537118561569745 0.58880005155858905 -0.8280373244974526
66.930185733589042 59.291590909090914 0.60482789691131711 2.7470717355253931 -0.41385480862481061 1.1542990596584284 -0.023676893999831465 0.2844079713844172 -0.20692740431240531 0.031533341269150902 -0.024255723063626871 0.56705058955429288 -0.99546418710679496
67.87643244224995 59.291590909090914 0.53528434616371723 2.7527135178241879 -0.36398915323055392 1.1127035462676937 -0.024510258450123397 0.35394804503565275 -0.18199457661527696 0.045478516498722858 -0.038268842572487131 0.49744053891006196 -1.1353350208136601
68.796248287839063 59.291590909090914 0.44025392216676285 2.6175364137252961 -0.30667079166535904 1.0703165765275067 -0.026013726440135863 0.40052029126187222 -0.15333539583267952 0.045972773345865289 -0.039610537706967049 0.3967469563459326 -1.2372587899493186
69.646808073011016 59.291590909090914 0.33636423767184687 2.3664834253530653 -0.243948061757566 1.0306253914349934 -0.028891371986512052 0.42535238674747045 -0.121974030878783 0.036730796186427855 -0.031871173256300026 0.28452350290872991 -1.2996008178707645
70.398070272199149 59.291590909090914 0.23867860240998931 2.0431751214534777 -0.17758526713481571 0.99615804737104319 -0.033423681513290386 0.42911218732031398 -0.088792633567407853 0.023435110562166208 -0.020348613808773439 0.17874436142218683 -1.3276465961252941
71.035262568439009 59.291590909090914 0.15729690460050644 1.6950565829313655 -0.11192952213771501 0.96853609052931455 -0.039181834180043847 0.41512907312087161 -0.055964761068857505 0.011574930341851641 -0.010032205906771584 0.093618627673881363 -1.3309229777121969
71.55722468550853 59.291590909090914 0.095889856943900079 1.3607128427661646 -0.052284363783840382 0.94780247951463015 -0.045171179642876695 0.38976196343336333 -0.026142181891920191 0.0038791475384513984 -0.0033538837011290422 0.035200441051085572 -1.3197130331121787
71.972557710533749 59.291590909090914 0.053232303780606796 1.063972940774305 -0.001042690335858909 0.93319981198203661 -0.050806005378932352 0.35721079360790087 -0.00052134516792945451 5.1283697019848452e-05 -4.4233429620666172e-05 0.00055054728769145039 -1.3021758076072822
72.295363434328664 59.291590909090914 0.025904136368519032 0.81508788327655968 0.041301935199957063 0.92386343899078827 -0.055872114302915957 0.31945691061468506 0.020650967599978531 -0.0012331311617041134 0.001061347199400945 -0.016753538520411698 -1.283612627803582
72.541633226035515 59.291590909090921 0.0099654087548922618 0.61478116966907148 0.076717461474260285 0.91746052259281674 -0.060122388862012856 0.27916666413986496 0.038358730737130142 -0.0012460947832989835 0.0010706827012306732 -0.023524928029291535 -1.2668868022641742
72.726827487581147 59.291590909090914 0.0021747657201549976 0.45827701488025496 0.1094761996989132 0.91325372629998114 -0.064037666562657261 0.22888994945496371 0.054738099849456601 -0.00068860700181228908 0.00059074136199782916 -0.02506880045508425 -1.2527160224988316
75.212107442320104 62.18386363636364 -0.0020632307416976786 0.43477383175187712 0.1735435325641681 -0.89920980166731157 0.059973096865638099 -0.11950492740306076 0.086771766282084051 -0.0010356081890984998 0.00088842633100457585 0.03770141020035378 0.50048929089134986
75.036411048880666 62.18386363636364 -0.0094543230593186704 0.58325151850734247 0.17569746817603971 -0.90335378926016363 0.059558644925102447 -0.06860926371817283 0.087848734088019853 -0.0027074327535217776 0.0023263089235207625 0.051113415708331479 0.48333856734960312
74.80277144333968 62.18386363636364 -0.024575617500927439 0.77328530718324029 0.16962263472083527 -0.90885994391500646 0.059940501814237782 -0.027533686063317825 0.084811317360417637 -0.0048046084165099482 0.0041352922101442098 0.065276261505110719 0.46130819207208373
74.496521125543524 62.18386363636364 -0.05050223322616617 1.009406052061379 0.15442094348465429 -0.91745828244457162 0.061024638515975775 0.011195980671512978 0.077210471742327147 -0.0072055228591551132 0.006214937822192965 0.077353648372333522 0.43455661504555204
74.102488859294056 62.18386363636364 -0.090972052221583083 1.2909273591170469 0.13041069096028479 -0.92933027660163126 0.062683768994997432 0.044780477172899402 0.065205345480142396 -0.0091793723589320923 0.0079364208337141494 0.083296124316924666 0.40417240783985797
73.60729607785612 62.18386363636364 -0.1492297796208249 1.6081239548744637 0.097265030711359834 -0.94524793215398362 0.064721246479362907 0.071080773078348342 0.048632515355679917 -0.0095425794831731497 0.0082707298816981495 0.077180870147742928 0.3730102884345643
73.002782809235484 62.18386363636364 -0.22643773778199663 1.938388895036558 0.055974008076633441 -0.9655300723043434 0.066673768515308526 0.08562873344446395 0.027987004038316721 -0.0070078016544787248 0.0060848464587866724 0.053449930538212724 0.34627822561916832
72.290049823757897 62.18386363636364 -0.31911347008118368 2.2451160176271929 0.010457657425918421 -0.9890765710897349 0.067771028522714744 0.081712708855033955 0.0052288287129592104 -0.0014938352482948218 0.0012961952083239724 0.011571522584376381 0.33092144606285062
71.483111825722176 62.18386363636364 -0.41767507090497652 2.4832935089331709 -0.034581447491908834 -1.0133567048876877 0.067559300029394032 0.055905072494497887 -0.017290723745954417 0.0049182067153905442 -0.0042375692909585559 -0.042444329610730802 0.33310798315243567
70.610469631792029 62.18386363636364 -0.50783176703549526 2.6115379235685814 -0.076630797191907352 -1.0354707972996158 0.066108863246661959 0.0077873828620081964 -0.038315398595953676 0.0090835688531024795 -0.0076435577322643642 -0.099355382131712883 0.35564421771305216
69.712752107349772 62.18386363636364 -0.57380870903871728 2.6061854855707942 -0.11444697524256942 -1.0518259903901894 0.063988670269721007 -0.063360170922903178 -0.057223487621284708 0.0082729733557241579 -0.0063636437672883297 -0.1487693415895546 0.39662150263684576
68.836166827130498 62.18386363636364 -0.60279059942473845 2.4709656548220349 -0.14424841198805427 -1.0564440310654015 0.062708990972661402 -0.15569843822443999 -0.072124205994027135 0.0016641958007630386 0.0003794527697448022 -0.17820826156543881 0.44833315519821487
68.023583669128826 62.18386363636364 -0.59199548298875104 2.2339038207500495 -0.15982182567860059 -1.0455502817656133 0.063427632711019838 -0.25024661713422497 -0.079910912839300297 -0.006833890779817599 0.0087618110658576921 -0.17816712537367979 0.497059740053995
67.30628470837425 62.18386363636364 -0.55022700934651114 1.9341222773867814 -0.15998598667805863 -1.0218821789153885 0.065705204833394648 -0.33380477101293571 -0.079992993339029317 -0.0124863276460215 0.014153557819869749 -0.15356067331251072 0.53129920812212195
66.700158797760565 62.18386363636364 -0.4887483752628643 1.6137355395630584 -0.15218037658944494 -0.98619242012601727 0.071514884205140669 -0.41772061047135234 -0.076090188294722472 -0.015182517743339135 0.016564261418165901 -0.12071604381881648 0.54724343111527274
66.207050299237267 62.18386363636364 -0.41607001372617325 1.3066861101820706 -0.13959770716337561 -0.93649185600540163 0.082993092469427945 -0.50566081260198015 -0.069798853581687803 -0.015417038106832426 0.016529580428829512 -0.088359917623919329 0.54441957053364509
65.818998984070575 62.18386363636364 -0.33771095856326777 1.0357892834218092 -0.13365226577864076 -0.86501470185415164 0.10573483146152325 -0.61173685255231858 -0.066826132889320378 -0.015529953376764528 0.016483965300288062 -0.065407967457188659 0.52496524389937627
65.523141807440453 62.18386363636364 -0.25576218973638398 0.8124652013242939 -0.14933145316731 -0.75149155990944416 0.14985647229137919 -0.74975657800686435 -0.074665726583655001 -0.018042447262692836 0.019032415995342659 -0.05470167968918116 0.49082406786073457
65.307095710882791 62.18386363636364 -0.16817685561422058 0.64430360961856803 -0.24421955722171029 -0.51043537372064929 0.25161031808266182 -0.95935787603517031 -0.12210977861085515 -0.032358894161644162 0.033994553484343687 -0.063143877492049111 0.441905091430846
65.178823935454943 62.18386363636364 -0.061182705362206796 0.55971074973575941 -1.1951157617266293 0.2453059300069253 0.60532801641660994 -1.3298566670777716 -0.59755788086331463 -0.21148418362531574 0.22153767341767711 -0.13438267361843631 0.37057344265853348
65.178823935454943 62.18386363636364 0.061182705362206116 0.55971074973575941 -2.727828037421637 1.4219621921889813 0.53876462725754404 -1.1897832734673919 -1.3639140187108185 -0.48270845723840389 0.50565534841647242 0.30672578889801699 0.25917393098049979
65.307095710882791 62.18386363636364 0.16817685561422047 0.64430360961856192 -1.7559013981541431 1.5048394562325387 0.17192851331763565 -0.67955882411185553 -0.87795069907707157 -0.23265551763150269 0.24441565889252634 0.45399485624529856 0.14513178394882553
65.523141807440453 62.18386363636364 0.25576218973638454 0.81246520132426503 -1.070174056636414 1.3691219527373157 0.078173179241458807 -0.43539417682883186 -0.53508702831820698 -0.12930001395708193 0.13639455989561286 0.392015996738517 0.044166013352185014
65.818998984070561 62.18386363636364 0.33771095856326755 1.0357892834218012 -0.80573463529433553 1.3132394257743569 0.037975721101362582 -0.28230248049389195 -0.40286731764716777 -0.093623712604242265 0.099375058791967313 0.39431778052866784 -0.062236130195903329
66.207050299237252 62.18386363636364 0.41607001372617292 1.3066861101821154 -0.64989241108473306 1.2733638346040206 0.015555365657112465 -0.16791362781665825 -0.32494620554236653 -0.071773500228829196 0.076952903435146713 0.41135661233070098 -0.17883994644445708
66.700158797760565 62.18386363636364 0.48874837526286413 1.6137355395631123 -0.54237627208989814 1.2396583902677816 0.00082764543235178557 -0.074984415258299353 -0.27118813604494907 -0.054111032967060373 0.059035616544338386 0.43023627155640687 -0.30591541858608384
67.306284708374264 62.18386363636364 0.55022700934651136 1.9341222773866895 -0.46297746522313821 1.2094215242237167 -0.011307120579102463 0.012214376436384095 -0.2314887326115691 -0.036133716730663255 0.040958451795647839 0.44438349110692182 -0.44150734745396747
68.02358366912884 62.183863636363654 0.59199548298875126 2.2339038207501227 -0.40521387041658574 1.181169276046921 -0.022531321598331655 0.097700313645406059 -0.20260693520829287 -0.017326715679389853 0.022214784237260095 0.45172672848108331 -0.58087506705235414
68.836166827130512 62.183863636363654 0.60279059942473845 2.4709656548219745 -0.36244347779255337 1.1507215503800012 -0.032706048048807883 0.19290854233192645 -0.18122173889627669 0.0041815151060817408 0.00095342596586554384 0.44777215362682837 -0.71841329915005647
69.712752107349772 62.18386363636364 0.57380870903871717 2.6061854855708 -0.32116782392536591 1.1129287173233244 -0.040860737822833032 0.28440797138441681 -0.16058391196268296 0.023216103740784078 -0.017858030905966507 0.4174852642794416 -0.8415742709834142
70.610469631792029 62.18386363636364 0.50783176703549493 2.6115379235685614 -0.27482606829252765 1.071078889405175 -0.048341104440675971 0.35394804503565236 -0.13741303414626382 0.032577000441622254 -0.027412593843497406 0.35632474195170843 -0.93639517509587655
71.483111825722176 62.18386363636364 0.41767507090497624 2.4832935089331394 -0.22595909447162099 1.0307309923249137 -0.05600189478961165 0.40052029126186961 -0.1129795472358105 0.032136119695217652 -0.02768875767764668 0.27733605675527589 -0.99696298262056882
72.290049823757897 62.18386363636364 0.3191134700811834 2.2451160176271876 -0.17516873736021221 0.99506473879937518 -0.063955062712606633 0.42535238674747067 -0.087584368680106106 0.02502216544399782 -0.021711638540743958 0.19382629568804902 -1.0251300448868141
73.002782809235484 62.18386363636364 0.22643773778199644 1.9383888950365931 -0.12227120754578813 0.96587737126761564 -0.072213862326586248 0.42911218732031542 -0.061135603772894065 0.015308040284722539 -0.013291910831683825 0.11675754112870308 -1.027796281796914
73.60729607785612 62.18386363636364 0.1492297796208249 1.6081239548744648 -0.069650547937559981 0.94384867212132939 -0.08042440377255021 0.41512907312087044 -0.034825273968779991 0.0068333488909607673 -0.0059225896901562809 0.055268474772199108 -1.0140163733036476
74.102488859294084 62.18386363636364 0.090972052221583 1.2909273591170956 -0.021374316890010903 0.92829825659780107 -0.087876478923923709 0.38976196343335912 -0.010687158445005451 0.0015044994563441767 -0.0013007796571214197 0.013652237740247552 -0.99230579143833431
74.496521125543538 62.18386363636364 0.050502233226165968 1.0094060520613377 0.020670232938234001 0.91806065655223423 -0.094312495898745741 0.35721079360791397 0.010335116469117001 -0.00096450541344680787 0.00083190925778885605 -0.010354281578633185 -0.96879462383721382
74.80277144333968 62.18386363636364 0.024575617500927252 0.77328530718316313 0.055982099276333241 0.9121442136537371 -0.09979036267193174 0.31945691061468162 0.027991049638166621 -0.0015857085689042814 0.0013648080601149362 -0.021543717664690664 -0.94705831310158295
75.036411048880666 62.183863636363647 0.0094543230593186339 0.58325151850735968 0.085706083800562216 0.90856645822820914 -0.10424433229248491 0.27916666413986402 0.042853041900281108 -0.0013206989313313583 0.0011347848640909045 -0.024933374029283664 -0.92875015983600562
75.212107442320104 62.18386363636364 0.0020632307416976973 0.43477383175190365 0.11386856760783726 0.90665516638202104 -0.10824616715365483 0.22888994945496322 0.056934283803918628 -0.0006795022514134517 0.00058293058947140415 -0.024737341189725429 -0.9139439394840847