x y z A dCp dVx dVy dVz dP dFx dFy dFz mu 
23.021228392801952 1.4461363636363624 -0.0044054652893009728 0.92834067744801985 0.14867650180638448 -0.92261486750095878 -0.010261796129522731 0 0.074338250903192238 -0.0018944073073890078 0.0016251719050203435 0.068966070116333364 -0.2054990677391989
22.646076769132392 1.4461363636363624 -0.020187122666364955 1.2453741929038298 0.1391279549192771 -0.92778896627416996 -0.0089263173050237211 0 0.069563977459638549 -0.0045777340731972599 0.0039333289479236526 0.086422691156844894 -0.23345704075889473
22.147203254108145 1.4461363636363624 -0.052474513720355123 1.6511394051443316 0.12480182936865658 -0.93549492919848598 -0.0068853522250607495 0 0.06240091468432829 -0.0075481257718264302 0.0064966180382492128 0.10255017454952219 -0.26732767744146124
21.493289410337972 1.4461363636363624 -0.10783371486942381 2.1553107150330217 0.10167332405497587 -0.94779328219496695 -0.0038170893513029061 0 0.050836662027487933 -0.010130020046634521 0.0087373874121306466 0.1087490837249097 -0.30448099537105061
20.651941209797744 1.4461363636363624 -0.19424595139024176 2.7564225157482349 0.067063168216435431 -0.96588638200712051 0.00057344289987444966 0 0.033531584108217716 -0.010079241281070215 0.0087144411799875768 0.091461779949629854 -0.33832736876108421
19.594592380096699 1.4461363636363624 -0.31863940419413805 3.4337091440694181 0.019955919031473868 -0.9899460446075512 0.0071351057728935262 0 0.0099779595157369338 -0.0041804667604951624 0.0036232877511203094 0.033811828632673735 -0.35649561649778483
18.303819531472517 1.4461363636363624 -0.48349589496984768 4.1388996497909067 -0.037413348304572436 -1.0184062746764899 0.016186661302633656 0 -0.018706674152286218 0.010001518806926398 -0.0086842792212761949 -0.076283621007624799 -0.34233074209113057
16.781973058073334 1.4461363636363624 -0.68137958948511779 4.7938315798706004 -0.099895056256677606 -1.0484284845883221 0.026320504564161927 0 -0.049947528128338803 0.030468864627789492 -0.026437718870734622 -0.23601742934050038 -0.27917357322300124
15.058977530176515 1.4461363636363624 -0.8918309474024968 5.3023945095687726 -0.15925978204454982 -1.0761188225026328 0.035043714131021121 0 -0.079629891022274912 0.048363053310498033 -0.04167002352386566 -0.41737517239128635 -0.15809187367904112
13.195688651407952 1.4461363636363624 -1.0843359287281644 5.5762254029367195 -0.20681364593001095 -1.0978124798938484 0.04026667256341749 0 -0.10340682296500547 0.05234513732730732 -0.044046903330063523 -0.57254711292415494 0.016009504621103048
11.278858258374239 1.4461363636363624 -1.2252116543633191 5.5647967346176799 -0.23444844167503232 -1.1102951954411746 0.041146332221428071 0 -0.11722422083751616 0.036186671731087486 -0.027835105725453869 -0.65072944106925357 0.22418425397544006
9.4071499966309986 1.4461363636363624 -1.287094559427483 5.2760717467868483 -0.23293274421340193 -1.1096874398204686 0.039070834622462011 0 -0.11646637210670097 0.0057380972965539569 0.0013083417896167847 -0.61445675048777915 0.43704030728047882
7.6721007726642148 1.4461363636363624 -1.2640445389951711 4.7698909981603279 -0.2022187845853991 -1.0958483621945014 0.036539727161375463 0 -0.10110939229269955 -0.018462794068497001 0.023671363588917017 -0.48134555431660847 0.62109206033063769
6.1405049071161084 1.4461363636363624 -1.1748593804478715 4.1297894540287654 -0.15838627482883827 -1.0757293579782856 0.034534377256056514 0 -0.079193137414419135 -0.026394552968513705 0.029918871437632451 -0.32460827879356441 0.75877493858297962
4.846288702312286 1.4461363636363624 -1.0435885618159784 3.4456911493122706 -0.11089135099687808 -1.0533970225833806 0.035299629025625903 0 -0.05544567549843904 -0.023622551317094929 0.025772412849777049 -0.18782266473278139 0.85350331149005454
3.7933902890615028 1.4461363636363624 -0.88840378652046037 2.7900710211801814 -0.060970288819326868 -1.0292076631790061 0.041253786164862458 0 -0.030485144409663434 -0.01437755033275325 0.015415079923131791 -0.082402284682219787 0.91305176847299263
2.9648127747366697 1.4461363636363624 -0.72108944273622877 2.2116448940606173 -0.0029182086401577934 -0.99978905957416309 0.057793122393312246 0 -0.0014591043200788967 -0.00072402597801039174 0.00076850321494764033 -0.0030494017888500072 0.94713480711537623
2.3330906430849812 1.4461363636363624 -0.54611024662812513 1.734797359724348 0.073058289422769263 -0.958075535347374 0.095041986227527547 0 0.036529144711384631 0.018847668577953437 -0.019881818896025954 0.057142975918289859 0.96273804820886189
1.8717832575180993 1.4461363636363624 -0.35909570602006491 1.3757342456085468 0.17605789528324012 -0.88767778351464288 0.18965826470599867 0 0.088028947641620059 0.049809561844739274 -0.052327307778328509 0.09719642628532156 0.96601108550823378
1.5978939426567997 1.4461363636363624 -0.13063894373585552 1.1951093157814408 0.47258199032035886 -0.47681142180860991 0.54778543035799432 0 0.23629099516017943 0.17856201156192086 -0.18705045419516186 0.11346305009213911 0.96789756052399767
1.597893942656798 1.4461363636363624 0.13063894373585411 1.1951093157814259 0.29806959077323425 0.64293306741225364 0.53718477273153997 0 0.14903479538661712 0.1126236437360356 -0.11797752237258081 -0.071564057881088425 0.94665525671418271
1.8717832575181004 1.4461363636363624 0.35909570602006469 1.3757342456085828 -0.009898232083345837 0.98851123940051999 0.1809523740164625 0 -0.0049491160416729185 -0.0028003663358342088 0.0029419176905035021 0.0054645250841842729 0.90865713204728848
2.3330906430849829 1.4461363636363624 0.54611024662812624 1.7347973597243187 -0.059140914620788188 1.0250656900629824 0.091549143504948791 0 -0.029570457310394094 -0.015257246877480868 0.016094394806202082 0.04625741838006997 0.87446352262223359
2.9648127747366666 1.4461363636363624 0.72108944273622833 2.2116448940606146 -0.11144405403445901 1.0526301480351941 0.058427951203722787 0 -0.055722027017229503 -0.027649973036670512 0.029348523143173554 0.1164542154569867 0.82734659393744236
3.7933902890614988 1.4461363636363624 0.88840378652045959 2.7900710211801796 -0.15464138289671303 1.0735919968515339 0.045184147585728023 0 -0.077320691448356516 -0.036466356141309213 0.039097883951975221 0.20900021147788581 0.75900729342134621
4.8462887023122834 1.4461363636363624 1.0435885618159779 3.4456911493122839 -0.19406813243831977 1.0919347714741952 0.041792191662043982 0 -0.097034066219159887 -0.041341226131026969 0.045103644109507075 0.32870366756831992 0.66147542843104556
6.140504907116112 1.4461363636363624 1.1748593804478715 4.1297894540287832 -0.23334480870337249 1.1097263417386907 0.043037833990981184 0 -0.11667240435168624 -0.038886146668356741 0.044078398458323995 0.47823371564531664 0.52467800211687721
7.6721007726642263 1.4461363636363629 1.2640445389951713 4.7698909981603563 -0.27022594533937583 1.1260795780584314 0.046591085189344836 0 -0.13511297266968791 -0.024671921508156829 0.031632158290348385 0.64322440527369196 0.34129670650293392
9.4071499966310093 1.4461363636363629 1.287094559427483 5.276071746786819 -0.2940225783508541 1.1364326391879223 0.050432479011325797 0 -0.14701128917542705 0.0072429926829663833 0.0016514725211616047 0.77560653257915224 0.10886225909345122
11.278858258374242 1.4461363636363624 1.2252116543633187 5.5647967346176808 -0.28795299503818184 1.1336264915774863 0.053328909907303226 0 -0.14397649751909092 0.044444997932096893 -0.034187482772688724 0.79923538914001113 -0.1530498150609502
13.195688651407959 1.4461363636363624 1.0843359287281635 5.5762254029367302 -0.25247773529114315 1.1179079101873828 0.052532272286867875 0 -0.12623886764557157 0.063902851605715558 -0.053772382133458786 0.69896450869345994 -0.40796648158863108
15.058977530176518 1.4461363636363624 0.89183094740249591 5.3023945095687441 -0.19727536515122024 1.0932002922671591 0.04678125840781007 0 -0.098637682575610119 0.059907397078990954 -0.051616729603654703 0.51700334184503449 -0.62375390941215858
16.781973058073334 1.4461363636363624 0.68137958948511712 4.7938315798705986 -0.13080692999300969 1.0627454209575882 0.03713623872564837 0 -0.065403464996504845 0.039897256097369077 -0.034618698573162847 0.3090514837645853 -0.77960225692763807
18.30381953147252 1.4461363636363624 0.48349589496984718 4.1388996497909334 -0.062172941429962769 1.0302925101254783 0.025889863060740505 0 -0.031086470714981385 0.016620374042216023 -0.014431405042671833 0.1267669779877181 -0.86990250029268168
19.594592380096703 1.4461363636363624 0.31863940419413794 3.4337091440694225 9.2309949178415174e-05 0.9998319993450846 0.01560971288756831 0 4.6154974589207587e-05 -1.9337554616990464e-05 1.6760215735350739e-05 -0.00015640312920636666 -0.90404542146439615
20.651941209797744 1.4461363636363624 0.19424595139024153 2.7564225157482247 0.050920037036593091 0.97417632205144866 0.0077753789437623368 0 0.025460018518296545 -0.0076530136136197541 0.0066167417889665082 -0.069445529436327674 -0.89993075301264713
21.493289410337976 1.4461363636363624 0.10783371486942341 2.1553107150330471 0.088505391101315278 0.95471974882431654 0.0021931948200668615 0 0.044252695550657639 -0.0088180591558782613 0.0076057893975827948 -0.094664753773356022 -0.87559923305677756
22.147203254108152 1.4461363636363624 0.052474513720354735 1.6511394051443316 0.11389544921032813 0.94132939464529841 -0.0018765837013011346 0 0.056947724605164063 -0.0068884981881053246 0.0059288812796853248 -0.093588357286121374 -0.84456296650856744
22.646076769132392 1.4461363636363627 0.020187122666364871 1.2453741929038051 0.13056643562755132 0.93242207707031 -0.0047575796722224796 0 0.065283217813775662 -0.0042960339748754012 0.0036912836185870688 -0.081104496563876805 -0.8145378994746123
23.021228392801952 1.4461363636363624 0.004405465289301011 0.92834067744802073 0.14189457124988325 0.92631367352561877 -0.0069575131757045969 0 0.070947285624941625 -0.0018079932564237155 0.001551039120966977 -0.065820158740957743 -0.78867073712204772
25.506508347540908 4.3384090909090869 -0.0042939303108436733 0.90483749431962401 0.15049006213108207 -0.92167133799810697 -0.005646466301787164 0 0.075245031065541035 -0.0018689688178389729 0.0016033487636285088 0.068039979593392683 -0.17426817775189751
25.140854591977543 4.3384090909090869 -0.019676036970791323 1.2138445417420842 0.14225700091282123 -0.9261340412917185 -0.0043285849706603315 0 0.071128500456410615 -0.004562186294054851 0.0039199698211594206 0.086129165824549866 -0.20199381474865435
24.654611263119165 4.3384090909090869 -0.051145994852763332 1.6093368290509513 0.13012667997544769 -0.93266690916351513 -0.002399286545563047 0 0.065063339987723845 -0.0076709249547541386 0.0066023104195113442 0.10421854601343955 -0.23604406868263708
24.017252825347757 4.3384090909090869 -0.10510364431498297 2.1007438263200848 0.111105416634661 -0.94281201538386017 0.00029497993626578182 0 0.055552708317330501 -0.010789510018004206 0.0093062134704942866 0.11582892461190183 -0.27465303574502992
23.197205383583281 4.3384090909090869 -0.18932814666792466 2.6866370320991235 0.083706222303636668 -0.95722523418933314 0.0036917106522107593 0 0.041853111151818334 -0.012262096381388352 0.010601722359760937 0.11126960151871815 -0.31306094072789714
22.16662588951381 4.3384090909090869 -0.31057227921445646 3.3467765160125342 0.046629407177566806 -0.97637493551901733 0.0079106328866882427 0 0.023314703588783403 -0.0095208592189197708 0.0082519045275142675 0.077005195541322013 -0.34248449543039466
20.908532068508848 4.3384090909090869 -0.47125503034185473 4.0341134233740297 -0.0015304301475127513 -1.0006838865149938 0.012735360880617448 0 -0.00076521507375637565 0.00039876414246234267 -0.00034624532767738334 -0.0030414553331601529 -0.34942713468792086
19.425214808820215 4.3384090909090869 -0.66412882189445432 4.6724641721447187 -0.059987741051947374 -1.0294113057308054 0.017323529823494832 0 -0.029993870525973687 0.017833557708174953 -0.015474110732821138 -0.13814201801402248 -0.31678254391287969
17.74584106805964 4.3384090909090869 -0.8692520961407102 5.1681516047766003 -0.12293156482417111 -1.0594794477018139 0.020853410311761252 0 -0.061465782412085557 0.036385991371084871 -0.031350483738857786 -0.31401262702820121 -0.23034238151050004
15.929725840950049 4.3384090909090869 -1.0568833495999421 5.4350498086810939 -0.18161357742175377 -1.0867820268639998 0.022768476170578089 0 -0.090806788710876885 0.044803162845317095 -0.037700552209637063 -0.49005357224605151 -0.087040356959873194
14.061424632134976 4.3384090909090869 -1.1941924664907191 5.4239104846630681 -0.22617265812778053 -1.1070858781282498 0.0230979777639208 0 -0.11308632906389027 0.034025506624023483 -0.026172718543445918 -0.61186613325722405 0.10178247671159533
12.237103179035735 4.3384090909090869 -1.2545086565702093 5.1424952662170904 -0.24417895337946915 -1.1151857310143014 0.023232277580280913 0 -0.12208947668973458 0.0058628502375823767 0.0013367866691107967 -0.62781575832547798 0.31105246583249019
10.545980910591098 4.3384090909090869 -1.2320422029948652 4.649129703997934 -0.231647545191072 -1.1095148005129003 0.024989050279891536 0 -0.115823772595536 -0.020614216839966094 0.02642972781417895 -0.53743553629117768 0.50681198606476763
9.0531610881283981 4.3384090909090869 -1.1451149818239972 4.0252338741886717 -0.20225550877658205 -1.0961081695319916 0.028326479869703637 0 -0.10112775438829102 -0.032851888001093635 0.037238418652542439 -0.40402255843753615 0.66671888529656886
7.7917110878098192 4.3384090909090869 -1.0171676005515444 3.3584551678956425 -0.1651029561595172 -1.0788440695875774 0.034618343045727994 0 -0.0825514780797586 -0.034280502850197153 0.037400332432080831 -0.2725639287338229 0.78831255384285515
6.7654693371651078 4.3384090909090869 -0.86591170210168478 2.7194336444659863 -0.12266100516857859 -1.0585693391509166 0.045737942434814542 0 -0.061330502584289293 -0.028192680623284616 0.030227153791645825 -0.16158116236133008 0.87475924063512767
5.9578692608954249 4.3384090909090869 -0.7028333244422782 2.1556517697444848 -0.070717375901993673 -1.032591474714142 0.066874675697658856 0 -0.035358687950996837 -0.017101222395956128 0.018151758072192048 -0.072025728011933243 0.93346488186562093
5.3421406985304776 4.3384090909090869 -0.53228414868089935 1.6908767807529181 0.0025631766574967241 -0.9928469155697619 0.10812874542004719 0 0.001281588328748362 0.00064451033259626601 -0.00067987388765341984 0.0019540474336288689 0.97055730252559547
4.8925124219640344 4.3384090909090869 -0.35000433219121513 1.3409042153233113 0.11374255202602301 -0.91860619951260125 0.20596139975974131 0 0.056871276013011507 0.031364862781299539 -0.032950276360550722 0.061204163625739452 0.99080880259271586
4.6255572756471857 4.3384090909090869 -0.12733150381330083 1.1648522412078384 0.45511970679998526 -0.47371404841491616 0.5661053731721376 0 0.22755985339999263 0.16761031860318065 -0.17557814200389862 0.10650405318175565 1.0023438342202147
4.6255572756471839 4.3384090909090869 0.12733150381329944 1.1648522412078226 0.2262317605019587 0.68262599058393725 0.55478824471805432 0 0.11311588025097935 0.083316052654594838 -0.087276713308002407 -0.052941235222080385 0.97506917553705319
4.8925124219640352 4.3384090909090869 0.35000433219121496 1.3409042153233444 -0.12884803430454994 1.0443526632922651 0.19538564169074152 0 -0.06442401715227497 -0.035530246540256008 0.037326209613069115 0.069332330196235734 0.91764146840526573
5.3421406985304785 4.3384090909090869 0.53228414868090046 1.6908767807528888 -0.16386860284961391 1.0740025569975662 0.10191717427550435 0 -0.081934301424806955 -0.041204732188781401 0.043465589372410178 0.12492585008298049 0.85912840873650043
5.9578692608954213 4.3384090909090869 0.70283332444227786 2.1556517697444795 -0.20208188623583667 1.0945187679755035 0.064113592827282212 0 -0.10104094311791834 -0.048868432045650965 0.05187044149953695 0.20582063161297867 0.78443930488265379
6.7654693371651042 4.3384090909090869 0.865911702101684 2.7194336444659868 -0.23122333979644405 1.1086605187416083 0.045773288936146309 0 -0.11561166989822202 -0.053144891178506674 0.056979994926989866 0.30459016667954786 0.68664709588475004
7.7917110878098184 4.3384090909090869 1.017167600551544 3.3584551678956531 -0.2573124341162476 1.120691304996368 0.036924693929471987 0 -0.1286562170581238 -0.053426055088867525 0.0582882996083827 0.42479001942900596 0.55883716551496765
9.0531610881284017 4.3384090909090869 1.1451149818239974 4.0252338741886806 -0.28187726866369389 1.131731690351937 0.032567617610768956 0 -0.14093863433184695 -0.045784663746405004 0.051898036313704494 0.56307378691322274 0.39340058570292974
10.545980910591108 4.3384090909090887 1.2320422029948659 4.6491297039979678 -0.30100834844381286 1.1402003176778612 0.030847755365946434 0 -0.15050417422190643 -0.026786605316031789 0.034343419061935276 0.698356561648806 0.18760019809395023
12.237103179035746 4.3384090909090887 1.2545086565702095 5.1424952662170673 -0.30392606528415711 1.1414870219264011 0.030552316732991459 0 -0.15196303264207855 0.0072974061826274715 0.0016638793263874364 0.78143333203136933 -0.055224917058212281
14.06142463213498 4.3384090909090869 1.1941924664907186 5.423910484663069 -0.27616649908359969 1.1292369752738729 0.031469870637076749 0 -0.13808324954179985 0.04154660037905001 -0.031958009918070053 0.74711474555867918 -0.31073155147354625
15.929725840950058 4.3384090909090869 1.0568833495999415 5.4350498086811037 -0.22233607431894242 1.1051433793425121 0.031530705896870723 0 -0.11116803715947121 0.0548491995230471 -0.04615399848922893 0.59993635391111821 -0.54229441827535574
17.745841068059644 4.3384090909090869 0.86925209614070931 5.1681516047765657 -0.15536218304925131 1.0744739615914836 0.029459954364432318 0 -0.077681091524625656 0.04598499221830004 -0.039621065592758971 0.39685240572597813 -0.72265259991265773
19.425214808820215 4.3384090909090869 0.66412882189445355 4.6724641721447258 -0.085359988004051424 1.0414964436411915 0.025399722179616516 0 -0.042679994002025712 0.025376389331299213 -0.022018997271178276 0.19657017906910562 -0.83924589318094911
20.908532068508848 4.3384090909090869 0.47125503034185423 4.0341134233740563 -0.021121405445750474 1.0103069361926906 0.020032476798661474 0 -0.010560702722875237 0.0055033280309214113 -0.0047785179620619001 0.04197500378649649 -0.8949747623866342
22.166625889513817 4.3384090909090869 0.31057227921445635 3.3467765160125209 0.031626335438635689 0.98395585270461172 0.014301905107529803 0 0.015813167719317844 -0.0064575105185219949 0.0055968436313365063 -0.05222867482388302 -0.90462411369518958
23.197205383583281 4.3384090909090869 0.18932814666792447 2.686637032099124 0.072097875265158762 0.96323316877683685 0.0091644586842286012 0 0.036048937632579381 -0.010561593523929557 0.0091314795394449883 -0.095838775545267041 -0.8864774819020399
24.017252825347761 4.3384090909090869 0.10510364431498256 2.1007438263201048 0.1017016009099323 0.94777341551969951 0.0048940703091227521 0 0.05085080045496615 -0.0098763001400100602 0.0085185478532608574 -0.10602531741041547 -0.85549569509314938
24.654611263119172 4.3384090909090869 0.051145994852762958 1.6093368290509489 0.12192739356249316 0.93705424358457745 0.0013967883312129619 0 0.060963696781246579 -0.0071875797194174843 0.0061862986214156574 -0.09765173197909148 -0.82172919865309457
25.140854591977547 4.3384090909090878 0.01967603697079124 1.2138445417420662 0.13541915532504867 0.92982752934856605 -0.0012689919199166872 0 0.067709577662524334 -0.004342896380579702 0.0037315492290351171 -0.081989208334000627 -0.79083464498832712
25.506508347540908 4.3384090909090869 0.0042939303108437106 0.9048374943196259 0.14464884638746089 0.92484569206575307 -0.0034058009274408824 0 0.072324423193730447 -0.0017964254888742557 0.0015411153781943081 -0.065399033112485599 -0.76487897579804454
27.991788302279865 7.2306818181818118 -0.0041823953323863738 0.88133431119122974 0.15270895345747793 -0.92048029750047722 -0.0026586567952575305 0 0.076354476728738963 -0.0018472633953013197 0.0015847281413593694 0.067249791714156001 -0.16063728875882349
27.635632414822698 7.2306818181818109 -0.019164951275217688 1.1823148905803529 0.14473440555955952 -0.92480468642000713 -0.0013734686136665224 0 0.07236720277977976 -0.0045210700714568199 0.0038846415067601706 0.085352935805437125 -0.18809197522567189
27.162019272130191 7.2306818181818109 -0.049817475985171535 1.5675342529575675 0.13302207490024343 -0.93111637959892524 0.00046124000986582508 0 0.066511037450121713 -0.0076379215237510137 0.0065739046017414164 0.10377015555037453 -0.22193238935789905
26.541216240357546 7.2306818181818118 -0.10237357376054214 2.0461769376071475 0.11475416806029293 -0.94087056255170243 0.0029011141566791174 0 0.057377084030146464 -0.010854380673655758 0.0093621659807062371 0.11652533235149827 -0.26061008860461782
25.742469557368821 7.2306818181818118 -0.18441034194560763 2.616851548450021 0.088578741253172777 -0.95466697028650827 0.0056775514798553754 0 0.044289370626586388 -0.012638821401860682 0.010927436165035281 0.11468810693625094 -0.29980839970311696
24.738659398930928 7.2306818181818127 -0.30250515423477486 3.2598438879556304 0.053255570203995961 -0.97297078497697731 0.0085018455225095574 0 0.026627785101997981 -0.010591351414879423 0.009179719884867113 0.085663391086480689 -0.33147504131024896
23.513244605545175 7.2306818181818118 -0.45901416571386178 3.9293271969571579 0.0076930481470138812 -0.99608710236131115 0.010836805914707356 0 0.0038465240735069406 -0.0019524104647590558 0.0016952702842259514 0.014891432273451948 -0.34309006635142725
22.068456559567096 7.2306818181818109 -0.64687805430379064 4.5510967644188458 -0.047168184219917864 -1.02324192687543 0.012005969522489394 0 -0.023584092109958932 0.013658239721084806 -0.011851203069962856 -0.10579923694782623 -0.31913959707066009
20.432704605942767 7.2306818181818109 -0.84667324487892359 5.0339086999844369 -0.10722272623308005 -1.0521785454536292 0.011959712378026909 0 -0.053611363116540023 0.030912045015671269 -0.026634084384705495 -0.26677224108558123 -0.24657265564829994
18.663763030492149 7.2306818181818109 -1.0294307704717198 5.2938742144254682 -0.16609124275572862 -1.0797988852608842 0.011207593188570886 0 -0.083045621377864309 0.039909582512661558 -0.033582747369378725 -0.43652796443639036 -0.12044617791061787
16.843991005895713 7.2306818181818118 -1.1631732786181188 5.2830242347084493 -0.21470002030874391 -1.1020834937547173 0.010582679345985632 0 -0.10735001015437196 0.031460576256733749 -0.02419975157697575 -0.56574208745684385 0.051819337429508991
15.06705636144047 7.2306818181818118 -1.2219227537129358 5.0089187856473441 -0.23971723003882528 -1.1133645097694311 0.011691810154955332 0 -0.11985861501941264 0.0056062171154540241 0.0012782718303187169 -0.60033453133664882 0.24915686438641291
13.41986104851798 7.2306818181818109 -1.2000398669945598 4.528368409835549 -0.23500514204527301 -1.111192689197587 0.015998422394347161 0 -0.1175025710226365 -0.020369791903604027 0.026116347752777724 -0.53106310663370015 0.43962901276909117
11.965817269140688 7.2306818181818109 -1.1153705832001228 3.9206782943485776 -0.21234639448036052 -1.1008309291468594 0.02275214086679641 0 -0.10617319724018026 -0.033595023962946516 0.038080781443451672 -0.41316187160470369 0.60014524304552586
10.737133473307352 7.2306818181818109 -0.99074663928711038 3.2712191864790148 -0.17988531637297256 -1.0857339795751091 0.032665608351430821 0 -0.08994265818648628 -0.036379618321901383 0.039690486015828856 -0.2892539744526349 0.72593423290234793
9.7375483852687132 7.2306818181818109 -0.84341961768290918 2.6487962677517847 -0.14024632100092327 -1.0667811393985946 0.04716271434469526 0 -0.070123160500461634 -0.031397236134366992 0.033662960182732765 -0.17994748272834191 0.81787016401802792
8.9509257470541783 7.2306818181818118 -0.68457720614832773 2.0996586454283501 -0.089735502900100572 -1.0414682037488971 0.071270495158559405 0 -0.044867751450050286 -0.021136613616911996 0.022435045165561475 -0.089021705479078755 0.88199565751830766
8.351190753975974 7.2306818181818109 -0.51845805073367368 1.6469562017814832 -0.016237181860766503 -1.0014954200064878 0.11508303770232692 0 -0.0081185909303832515 -0.0039767847920631231 0.0041949864885015139 -0.012056945752478806 0.92375628221654282
7.9132415864099688 7.2306818181818109 -0.34091295836236546 1.3060741850380717 0.099029229406313424 -0.92453576069115861 0.21495208256006082 0 0.049514614703156712 0.026598302002799199 -0.027942778128019315 0.05190288378741971 0.94742485022078693
7.6532206086375707 7.2306818181818118 -0.12402406389074613 1.1345951666342318 0.44993122557242937 -0.46678517455308971 0.5763509132854846 0 0.22496561278621469 0.16139546771012764 -0.16906785086116219 0.10255497167205754 0.96008225682514725
7.6532206086375689 7.2306818181818118 0.12402406389074477 1.1345951666342189 0.19021534752787084 0.70078965832970008 0.56451617093779638 0 0.095107673763935419 0.068232416945160135 -0.0714760349571891 -0.043356692019968883 0.92977519463937042
7.9132415864099706 7.2306818181818109 0.34091295836236524 1.3060741850381068 -0.17568870429188932 1.0651153538446003 0.20302213499119018 0 -0.08784435214594466 -0.047188302314895667 0.049573550284685956 0.092081403200772363 0.86626414533396423
8.351190753975974 7.2306818181818109 0.51845805073367468 1.6469562017814545 -0.20257319590500811 1.0913965861698878 0.10689568560855449 0 -0.10128659795250405 -0.049613905397042864 0.052336164430565366 0.15042105550560123 0.80052019112161443
8.9509257470541748 7.2306818181818118 0.6845772061483274 2.0996586454283515 -0.23500586222002839 1.109344894177601 0.066028539148731899 0 -0.1175029311100142 -0.055354101185389651 0.058754528170946931 0.23313651761330795 0.71786720199171383
9.7375483852687097 7.2306818181818109 0.84341961768290852 2.6487962677517944 -0.25857746673193205 1.1209873218306283 0.044327091342963046 0 -0.12928873336596602 -0.057888276313183606 0.062065677763423317 0.3317760059344203 0.61184363027243183
10.737133473307352 7.2306818181818109 0.99074663928711004 3.2712191864790316 -0.27876082976051064 1.1303749015738362 0.031834127166466712 0 -0.13938041488025532 -0.056375988848124337 0.061506703484514612 0.44824491267958405 0.47629256325938757
11.965817269140691 7.2306818181818127 1.1153705832001231 3.9206782943485856 -0.29606114301182007 1.1381998592153055 0.023711252478068892 0 -0.14803057150591004 -0.046839416408830513 0.053093624257294872 0.57604545749659486 0.3051017078866623
13.419861048517992 7.2306818181818135 1.20003986699456 4.5283684098355801 -0.30613816007997707 1.1427137539955678 0.018532040074797074 0 -0.15306908003998854 -0.02653546454477183 0.034021428550291236 0.69180904271396104 0.098096048445189307
15.06705636144048 7.2306818181818135 1.2219227537129358 5.0089187856473147 -0.29920528754710229 1.1397183465193008 0.015728259738866258 0 -0.14960264377355115 0.0069974519720978033 0.0015954868596296861 0.7493131221478887 -0.13886511002658247
16.843991005895717 7.2306818181818127 1.1631732786181184 5.2830242347084582 -0.26285911398705442 1.1236588415272986 0.015808916616384009 0 -0.13142955699352721 0.038517458864117324 -0.029627967659636059 0.69264298922861567 -0.38068013547864593
18.663763030492156 7.2306818181818118 1.0294307704717189 5.2938742144254691 -0.20402881306848197 1.0971499141022181 0.017055176750108487 0 -0.10201440653424099 0.049025491139786062 -0.041253518076387184 0.5362370765455986 -0.59303465768591901
20.432704605942767 7.2306818181818118 0.84667324487892259 5.0339086999843969 -0.13649730748720934 1.06591523922937 0.017944644488095591 0 -0.06824865374360467 0.039351833904972579 -0.033905879225609559 0.33960797211362059 -0.75317054869345301
22.068456559567096 7.2306818181818109 0.64687805430379008 4.5510967644188467 -0.069343748893264889 1.0339380373731708 0.017773119202340912 0 -0.034671874446632445 0.020079499798573569 -0.017422906210147641 0.15553949852729504 -0.85290354799933388
23.513244605545175 7.2306818181818109 0.45901416571386139 3.9293271969571832 -0.0089338699141399136 1.0043275621614152 0.016125067350206395 0 -0.0044669349570699568 0.0022673172945022113 -0.0019687026389481679 0.017293290802799042 -0.8972483805199325
24.738659398930928 7.2306818181818118 0.30250515423477475 3.259843887955606 0.040679819812843077 0.97936046056203829 0.013163148364629234 0 0.020339909906421538 -0.0080903136607382853 0.0070120242712328786 -0.065434870016538485 -0.90014095403600192
25.742469557368821 7.2306818181818118 0.1844103419456074 2.6168515484500259 0.07878809066306991 0.95974908547405846 0.009674826543071325 0 0.039394045331534955 -0.011241846433988276 0.0097196214250207906 -0.10201157568318404 -0.87837597926452959
26.541216240357549 7.2306818181818118 0.10237357376054175 2.0461769376071679 0.1066713815001451 0.94514010506682844 0.0062289882099292012 0 0.053335690750072551 -0.010089845112893792 0.0087027355596433452 -0.10831779265017373 -0.84576001582434135
27.162019272130198 7.2306818181818127 0.049817475985171174 1.5675342529575609 0.12576088027986487 0.93500237777494877 0.0031101889536005404 0 0.062880440139932436 -0.0072209949743738998 0.0062150588931261328 -0.098105717555377489 -0.81142536628446715
27.635632414822702 7.2306818181818127 0.019164951275217612 1.182314890580338 0.1385110768755895 0.92816407977367843 0.00060344203634759815 0 0.06925553843779475 -0.0043266718912234117 0.0037176086521842093 -0.081682907441375532 -0.78045631534707349
27.991788302279865 7.2306818181818127 0.0041823953323864103 0.88133431119122885 0.147220928202205 0.92345920516733704 -0.0014724773360390911 0 0.073610464101102502 -0.0017808767955832072 0.0015277764835448691 -0.064832981520758198 -0.75463123872231108
30.477068257018828 10.122954545454544 -0.0040708603539290743 0.85783112806285078 0.15419396219015669 -0.91967558365761903 -0.001690749496826266 0 0.077096981095078343 -0.0018154856285143724 0.0015574666682933614 0.066092919227536726 -0.15219369772878158
30.130410237667856 10.122954545454544 -0.018653865579644057 1.1507852394186278 0.14630792906950374 -0.92395447592114166 -0.00044424743638638974 0 0.07315396453475187 -0.0044483448003243232 0.0038221537323248028 0.083979960978616555 -0.17920333019839074
29.669427281141218 10.122954545454544 -0.048488957117579744 1.5257316768641855 0.13474200388893121 -0.93019150020215402 0.0013300611771184822 0 0.067371001944465603 -0.007530357584736933 0.0064813250862976891 0.10230877281052912 -0.2125480409592673
29.065179655367338 10.122954545454544 -0.099643503206101297 1.991610048894223 0.11673690552561999 -0.93981361501538785 0.0036692650610629048 0 0.058368452762809997 -0.010747461056116367 0.0092699452233831661 0.11537751523108777 -0.250790479194272
28.287733731154361 10.122954545454544 -0.17949253722329053 2.5470660648009344 0.090976925342934778 -0.9534064057196725 0.006268986342348631 0 0.045488462671467389 -0.012634831405392672 0.010923986442128625 0.11465190062182885 -0.28984384387261564
27.310692908348045 10.122954545454544 -0.29443802925509333 3.1729112598987292 0.056244747871818879 -0.97143095290026593 0.0087838417257180799 0 0.028122373935909439 -0.01088753180432058 0.0094364248986051041 0.088058913200608588 -0.32204048087155496
26.117957142581513 10.122954545454544 -0.44677330108586888 3.8245409705403008 0.011465174826015279 -0.99419429359972245 0.010608098214744748 0 0.0057325874130076393 -0.0028321384565881636 0.0024591346199632075 0.021601296846422074 -0.33540700723688827
24.711698310313988 10.122954545454544 -0.62962728671312718 4.4297293566929907 -0.042376032585669021 -1.0209096613835815 0.010931417077858181 0 -0.021188016292834511 0.011943372845791989 -0.010363219552901412 -0.092515562727860906 -0.31507807237596985
23.119568143825894 10.122954545454544 -0.82409439361713677 4.8996657951922904 -0.10105836548856151 -1.0492691789790416 0.0096205786317361455 0 -0.050529182744280754 0.028357914253114267 -0.024433423308253641 -0.24472998580264826 -0.24860239259360523
21.397800220034249 10.122954545454544 -1.0019781913434975 5.1526986201698692 -0.15868111884193814 -1.0763947041781488 0.0074538351989980696 0 -0.07934055942096907 0.037112210898308864 -0.031228840906105716 -0.40593052743744068 -0.13146980021018073
19.626557379656454 10.122954545454544 -1.1321540907455188 5.142137984753858 -0.20728479115164222 -1.0987502120579422 0.005723867072989549 0 -0.10364239557582111 0.029563996996945664 -0.022740886152567193 -0.53163671377570565 0.029880034289268356
17.897009543845215 10.122954545454544 -1.1893368508556621 4.8753423050776199 -0.2339198045395583 -1.1108008615889737 0.0064226499789336519 0 -0.11695990226977915 0.0053247445542052678 0.0012140933586966046 -0.57019340503678195 0.21656823929233407
16.293741186444873 10.122954545454544 -1.1680375309942539 4.4076071156731693 -0.23185773480297178 -1.1098356692436759 0.01106896912154196 0 -0.11592886740148589 -0.019561039918923648 0.025079437401527453 -0.50997804383516876 0.39866628841362578
14.878473450152985 10.122954545454544 -1.0856261845762485 3.8161227145085004 -0.21200367690552113 -1.1007518028515231 0.01868543348821821 0 -0.10600183845276057 -0.032646346105547903 0.037005431886097999 -0.40149474139086549 0.55385270319439062
13.682555858804893 10.122954545454544 -0.96432567802267632 3.1839832050624053 -0.18188310813835584 -1.0867392207416711 0.029681210220295823 0 -0.090941554069177921 -0.03580271113789589 0.039061075165044375 -0.28466699131313866 0.67686575839237684
12.709627433372324 10.122954545454544 -0.8209275332641337 2.5781588910375981 -0.14379612380244322 -1.0685272598499582 0.045228517110150294 0 -0.07189806190122161 -0.031333452061922742 0.033594573249507327 -0.17958191605153662 0.76776009962422009
11.943982233212942 10.122954545454544 -0.66632108785437727 2.0436655211122234 -0.093626549190727548 -1.0434039707456169 0.070247441398298235 0 -0.046813274595363774 -0.021465017538845617 0.022783623086067743 -0.090404854064108156 0.83173311666348249
11.360240809421477 10.122954545454544 -0.5046319527864479 1.6030356228100584 -0.018947867060293611 -1.0028795122170011 0.11480658097723952 0 -0.0094739335301468053 -0.0045169250766052514 0.0047647636612748179 -0.01369456067256465 0.8735252050954796
10.933970750855911 10.122954545454544 -0.33182158453351573 1.2712441547528421 0.10013786124811896 -0.92387057596269995 0.21523312389646301 0 0.050068930624059482 0.026178812832226499 -0.02750208485296789 0.051084309065318127 0.89702233607883153
10.680883941627965 10.122954545454544 -0.12071662396819144 1.1043380920606389 0.45554562476073568 -0.46000876937214691 0.57692833813220445 0 0.22777281238036784 0.15905165902531396 -0.16661262270145402 0.10106565331209207 0.90872986036857195
10.680883941627961 10.122954545454544 0.12071662396819011 1.1043380920606234 0.17498287755622588 0.71131269893897686 0.56484632137593194 0 0.08749143877811294 0.061094466643068952 -0.06399876230356169 -0.038821048600648604 0.87672506922790694
10.933970750855913 10.122954545454544 0.33182158453351551 1.2712441547528741 -0.1961964901766069 1.074769422659942 0.20265038438606953 0 -0.098098245088303448 -0.051291201256505485 0.053883840272183035 0.10008763934830843 0.81137501682756252
11.360240809421477 10.122954545454544 0.5046319527864489 1.6030356228100291 -0.21896941365515654 1.0990029141029218 0.10565040675947437 0 -0.10948470682757827 -0.052199460361486476 0.055063585879864284 0.15826002532075623 0.74362740016113738
11.943982233212935 10.122954545454544 0.66632108785437683 2.0436655211122243 -0.24872155218879688 1.1156417800345186 0.063757123760468187 0 -0.12436077609439844 -0.057022420736084968 0.060525333331546971 0.240163028783865 0.65901910934650743
12.70962743337232 10.122954545454544 0.82092753326413292 2.5781588910376136 -0.26915231751505875 1.1258241329731957 0.040894243240472902 0 -0.13457615875752937 -0.058648807876073107 0.062881091693799018 0.33613485267149357 0.55147868110230147
13.682555858804895 10.122954545454544 0.9643256780226761 3.1839832050624182 -0.28550983352973192 1.1334786588547756 0.027128646308119612 0 -0.14275491676486596 -0.056201074423679054 0.061315870297206622 0.44685416987375931 0.41568333732505697
14.87847345015299 10.122954545454544 1.0856261845762487 3.8161227145085084 -0.29856102249290672 1.139406228308586 0.017733284650880858 0 -0.14928051124645336 -0.045975270883029946 0.052114094165587065 0.56541793173050603 0.24653217388291507
16.293741186444883 10.122954545454547 1.1680375309942543 4.4076071156731951 -0.30421867318695206 1.1419654568226472 0.011557188706381496 0 -0.15210933659347603 -0.025665883501143343 0.032906528553172963 0.66913809876497032 0.044832526351872744
17.897009543845222 10.122954545454547 1.1893368508556623 4.8753423050775853 -0.29333653160089423 1.137218815725167 0.0083604283109775437 0 -0.14666826580044712 0.0066772546354762069 0.0015224787639533058 0.71502520320765339 -0.18297834964612331
19.626557379656461 10.122954545454544 1.1321540907455183 5.1421379847538695 -0.25445591543835833 1.1199896614421121 0.0088923394639044522 0 -0.12722795771917916 0.036291779430992196 -0.02791595549138827 0.65261954788315024 -0.41264867389029691
21.397800220034256 10.122954545454544 1.0019781913434966 5.1526986201698648 -0.19509098720329554 1.0931430696572995 0.01136734197215877 0 -0.09754549360164777 0.045627721270733008 -0.038394394027783142 0.49907252930708795 -0.61213536553050218
23.119568143825898 10.122954545454544 0.82409439361713588 4.8996657951922629 -0.12856882004224279 1.0622509193553145 0.013849345509155248 0 -0.064284410021121396 0.036077602846195468 -0.031084773528128672 0.31135122116300734 -0.76114936058617699
24.711698310313984 10.122954545454544 0.62962728671312651 4.4297293566929845 -0.062847686478070708 1.0308338340018548 0.015142428969856753 0 -0.031423843239035354 0.017713157799413397 -0.015369640186288289 0.13720937817640869 -0.8527821216722733
26.11795714258151 10.122954545454544 0.44677330108586844 3.8245409705403457 -0.0037216073586714415 1.0017535101293675 0.014543462523165875 0 -0.0018608036793357208 0.00091931501095810918 -0.00079823758786934363 0.0070118028307843642 -0.89190310385584348
27.310692908348045 10.122954545454544 0.29443802925509321 3.1729112598987115 0.044803112529939959 0.97726487199761747 0.012257953725654462 0 0.02240155626496998 -0.0086727264510804564 0.0075168121933099517 -0.0701454544054919 -0.89190456188014078
28.287733731154361 10.122954545454544 0.17949253722329034 2.5470660648009407 0.082053057233633653 0.95805143663122927 0.0091862688401801486 0 0.041026528616816826 -0.01139548891695435 0.0098524596360744041 -0.10340576941028057 -0.86885534144640719
29.065179655367345 10.122954545454544 0.099643503206100908 1.9916100488942485 0.10930918075307983 0.9437452298454182 0.0059799992423905518 0 0.054654590376539913 -0.010063622621570064 0.0086801180263559354 -0.10803628561550717 -0.83590518441592332
29.669427281141225 10.122954545454544 0.04848895711757939 1.525731676864172 0.127965719866037 0.93382294860728243 0.002996796350057986 0 0.063982859933018499 -0.0071516498298025378 0.0061553740215824024 -0.097163582130646631 -0.80170883597387677
30.13041023766786 10.122954545454546 0.018653865579643977 1.1507852394186173 0.14041369424433436 0.92713859941189625 0.00056853866448900022 0 0.070206847122167182 -0.004269136544126668 0.0036681725244743298 -0.080596702027685152 -0.77105686716637123
30.477068257018828 10.122954545454544 0.004070860353929109 0.85783112806285766 0.14890345873100841 0.92254778031167317 -0.0014609281284226714 0 0.074451729365504205 -0.0017531950377463554 0.0015040288898027227 -0.063825224612055004 -0.74558446785439758
32.962348211757792 13.015227272727277 -0.003959325375471774 0.8343279449344595 0.15518922797605761 -0.91913501915208484 -0.0012603936841219339 0 0.077594613988028804 -0.0017771414987704536 0.0015245720515236656 0.064696997700970524 -0.14594480311120736
32.625188060513018 13.015227272727275 -0.018142779884070426 1.119255588256876 0.14734087929779804 -0.92339542954282927 -3.7438159962593616e-05 0 0.073670439648899022 -0.004357012699661403 0.0037436784015895583 0.082255709241382674 -0.1723999518469565
32.176835290152248 13.015227272727275 -0.047160438249987946 1.4839291007708075 0.13583827163898665 -0.9296014351368701 0.001702983407106215 0 0.067919135819493326 -0.0073836267299516346 0.0063550348856860487 0.10031526141115799 -0.2050877737362799
31.589143070377126 13.015227272727277 -0.096913432651660442 1.9370431601812728 0.11794666903585382 -0.9391684627157183 0.0039911908424215652 0 0.058973334517926912 -0.010561324151468491 0.0091093976390628755 0.11337927458253469 -0.24264493833209833
30.832997904939901 13.015227272727277 -0.17457473250097344 2.4772805811518226 0.092363111826996747 -0.95267753858035142 0.00651119478178489 0 0.046181555913498373 -0.012475895861593665 0.010786571887875735 0.11320967621944045 -0.28114859694517702
29.882726417765163 13.015227272727277 -0.28637090427541168 3.0859786318418063 0.057884396468760424 -0.97058559335991079 0.0088999715409320401 0 0.028942198234380212 -0.010897928657460008 0.0094454360432424233 0.088143003479711032 -0.31321395154503989
28.722669679617852 13.015227272727275 -0.43453243645787598 3.7197547441234051 0.013445405035178437 -0.99319872994420277 0.010529852897555677 0 0.0067227025175892186 -0.0032302986658038295 0.0028048555547912305 0.024638145857703197 -0.32728954567064816
27.354940061060876 13.015227272727275 -0.61237651912246371 4.3083619489670939 -0.039962806378278204 -1.019730911124846 0.010567652282772715 0 -0.019981403189139102 0.010954628746322314 -0.0095052900285752841 -0.084856569080307157 -0.30901450965921395
25.806431681709029 13.015227272727275 -0.80151554235535016 4.7654228904000906 -0.09811555590394816 -1.0478726731013142 0.0088553301155029161 0 -0.04905777795197408 0.026777798718325311 -0.023071982146084778 -0.23109352266421487 -0.2463638839939834
24.131837409576352 13.015227272727275 -0.97452561221527512 5.0115230259142276 -0.15515718889827923 -1.0747648650217509 0.006137899726842708 0 -0.077578594449139615 0.035293803607717056 -0.029698704312088427 -0.38604092741903656 -0.13499518456360673
22.409123753417202 13.015227272727277 -1.1011349028729187 5.001251734799216 -0.20327715992083473 -1.096933294328565 0.0038088993576393688 0 -0.10163857996041736 0.028198063499291846 -0.021690198109088819 -0.50707371588324002 0.018919425026586167
20.726962726249955 13.015227272727277 -1.1567509479983886 4.7417658245078407 -0.22985365027587656 -1.1089802556998842 0.0040549653137679602 0 -0.11492682513793828 0.0050888327721418276 0.001160303186242991 -0.54493109603139278 0.19731696178444158
19.167621324371762 13.015227272727275 -1.1360351949939482 4.2868458215107452 -0.22831041366420179 -1.1082589622837189 0.0085138817243584422 0 -0.1141552068321009 -0.018734023486029771 0.024019109988221928 -0.48841680657912395 0.37168233737427181
17.791129631165283 13.015227272727275 -1.0558817859523741 3.7115671346683912 -0.20928556757639893 -1.0995558679453397 0.016200643301102904 0 -0.10464278378819947 -0.031344796616811936 0.035530093702888059 -0.38548788801444422 0.52066540821425789
16.627978244302437 13.015227272727275 -0.93790471675824238 3.0967472236457598 -0.17999592584245749 -1.085929705872037 0.027433551485885124 0 -0.089997962921228747 -0.034460471173069024 0.037596679467364016 -0.27399485503452259 0.63912740098860743
15.681706481475937 13.015227272727275 -0.798435448845358 2.5075215143233933 -0.14245869904828301 -1.0679818231117362 0.043284229821209268 0 -0.071229349524141505 -0.030191523451082239 0.032370239451661703 -0.17303716230006655 0.72691390423402369
14.937038719371703 13.015227272727277 -0.64806496956042681 1.9876723967960759 -0.092184807376290534 -1.0428224701469762 0.068601043234410325 0 -0.046092403688145267 -0.02055543027566361 0.02181815947390333 -0.086573918280444181 0.78878021409087939
14.369290864866981 13.015227272727275 -0.49080585483922218 1.5591150438386205 -0.016524952731756803 -1.0018306484176318 0.11340328312206915 0 -0.0082624763658784017 -0.0038314024481092995 0.0040416271793002343 -0.011616170823466247 0.82903188251729376
13.954699915301854 13.015227272727275 -0.32273021070466595 1.2364141244676041 0.10519156502151028 -0.92141984585698211 0.21399509956862345 0 0.05259578251075514 0.026746535888419899 -0.028098504857361584 0.05219214158056526 0.85128768644049835
13.708547274618356 13.015227272727277 -0.11740918404563673 1.0740810174870257 0.46229282813177197 -0.45411563004665934 0.57574835337632857 0 0.23114641406588599 0.1569851123930118 -0.16444783701828211 0.099752514632663311 0.8616327854386262
13.708547274618354 13.015227272727277 0.11740918404563544 1.0740810174870141 0.16625315783122618 0.71846951012365079 0.56351433450397259 0 0.083126578915613092 0.056456144416734487 -0.059139944509394395 -0.035873735325520469 0.82866632744608837
13.954699915301855 13.015227272727275 0.32273021070466579 1.2364141244676339 -0.20698701456711843 1.0800847784917247 0.20100717857230968 0 -0.10349350728355922 -0.052629558391154137 0.055289847936341584 0.10269925699286571 0.76310710514185476
14.369290864866979 13.015227272727275 0.49080585483922301 1.5591150438385879 -0.22644026411980889 1.1025877086868816 0.10363690835036102 0 -0.11322013205990444 -0.052501438060507291 0.05538213275465359 0.15917557115135028 0.69541403611112484
14.937038719371696 13.015227272727277 0.64806496956042614 1.9876723967960759 -0.25426397563409853 1.118259949319345 0.061307922672313456 0 -0.12713198781704926 -0.05669595209355472 0.060178809575516135 0.23878803107277347 0.61135520569383739
15.681706481475931 13.015227272727275 0.79843544884535733 2.5075215143234098 -0.27271903822735433 1.1275095733791392 0.037963142200641238 0 -0.13635951911367716 -0.057797826971641243 0.061968701310787008 0.3312576121734131 0.5051484101542375
16.627978244302437 13.015227272727275 0.93790471675824205 3.0967472236457732 -0.28689269929041594 1.1341647626134441 0.023727421613105322 0 -0.14344634964520797 -0.054926007615942241 0.059924761109256375 0.43671612668245663 0.37198840313584242
17.79112963116529 13.015227272727277 1.0558817859523746 3.7115671346683881 -0.29779991575887799 1.1391246909882669 0.013959016432530408 0 -0.14889995787943899 -0.044601631636917514 0.050557040478974212 0.54852449648666046 0.20731047110613096
19.167621324371776 13.015227272727278 1.1360351949939487 4.286845821510779 -0.30157299593031395 1.1408395457206766 0.0076240966779178992 0 -0.15078649796515697 -0.024745588682697578 0.031726607833936056 0.64514499036133666 0.012207342762138812
20.726962726249965 13.015227272727278 1.1567509479983886 4.7417658245078051 -0.28935609213208013 1.1354889047336949 0.0045868680768067155 0 -0.14467804606604007 0.0064061839465825061 0.0014606720200292893 0.6859979479970979 -0.2069892697063295
22.409123753417205 13.015227272727277 1.1011349028729183 5.0012517347992205 -0.24995562399537596 1.1180000874831728 0.0056061022996317031 0 -0.12497781199768798 0.034673175088493109 -0.026670910814830414 0.62351287825257851 -0.42707669178495
24.131837409576356 13.015227272727277 0.97452561221527434 5.011523025914224 -0.19075370265551173 1.0911814228542163 0.0087638503729618646 0 -0.095376851327755863 0.043390987983046567 -0.036512248332342262 0.4746073114925165 -0.61759964763889696
25.806431681709029 13.015227272727277 0.80151554235534928 4.7654228904000524 -0.12472184169079736 1.0604621195608737 0.011913633671413331 0 -0.062360920845398682 0.034039213678252203 -0.029328479854243802 0.29375983740754463 -0.75933260973436056
27.354940061060869 13.015227272727275 0.61237651912246294 4.3083619489670957 -0.05958441009868376 1.029269535595797 0.013734379967655209 0 -0.02979220504934188 0.016333314670675603 -0.014172355509982635 0.12652085951592656 -0.84582465245150096
28.722669679617848 13.015227272727275 0.43453243645787554 3.7197547441234402 -0.0010097721963948647 1.0004133493625449 0.013524149274894568 0 -0.00050488609819743235 0.00024260078221859487 -0.0002106492996470951 0.0018503655778860709 -0.88186459377195148
29.88272641776517 13.015227272727277 0.28637090427541162 3.0859786318418001 0.047043249820188704 0.97612724149113983 0.011504720714092738 0 0.023521624910094352 -0.0088568597347675315 0.0076764039110725664 -0.071634733806642328 -0.88041431560771888
30.832997904939905 13.015227272727277 0.17457473250097327 2.477280581151819 0.083916382122939615 0.95708389247687975 0.0086046869998222149 0 0.041958191061469807 -0.011334958553675452 0.0098001255093591259 -0.10285650041154232 -0.85698926340627268
31.589143070377133 13.015227272727277 0.096913432651660081 1.937043160181291 0.11088776996830108 0.9429114049095414 0.0055056809945566278 0 0.055443884984150538 -0.0099292476221834024 0.0085642163378359653 -0.10659372597677411 -0.82425791578102259
32.176835290152255 13.015227272727277 0.047160438249987599 1.4839291007707875 0.12933762053543318 0.93308931736756462 0.0025894553672621032 0 0.064668810267716592 -0.0070302772602392188 0.0060509095162721059 -0.095514592888747918 -0.79053690673575827
32.625188060513018 13.015227272727277 0.018142779884070349 1.1192555882568731 0.14163446624764908 0.92648016290432333 0.00020370844213252193 0 0.070817233123824541 -0.004188268531393099 0.0035986882577257709 -0.079070001005478827 -0.76041190538634096
32.962348211757792 13.015227272727277 0.0039593253754718087 0.83432794493446605 0.15001189496031098 0.92194624052010332 -0.0017985078640136184 0 0.075005947480155488 -0.0017178535348103981 0.0014737101629752405 -0.062538613987195499 -0.73542481378597424
35.447628166496749 15.907499999999999 -0.0038477903970144741 0.81082476180606899 0.15588464940410096 -0.91875691222734157 -0.0010425115730992977 0 0.077942324702050481 -0.0017348183186419478 0.001488263891706253 0.063156218483690463 -0.14078343156023745
35.119965883358169 15.907499999999999 -0.017631694188496791 1.0877259370951387 0.14805756951168592 -0.92300726044119219 0.00016631644325522344 0 0.074028784755842958 -0.004254870998050499 0.0036559151315279309 0.080327383875295311 -0.16661898443572346
34.684243299163271 15.907499999999999 -0.045831919382396148 1.4421265246774269 0.13658979763035695 -0.92919677189651428 0.0018871848717786411 0 0.068294898815178473 -0.007215327709976827 0.0062101811190637081 0.098028721096824603 -0.19855839656417307
34.113106485386915 15.907499999999999 -0.0941833620972196 1.8824762714683452 0.11875840929608272 -0.93873552677991356 0.0041474649070847476 0 0.059379204648041362 -0.01033444782225045 0.008913711315255592 0.1109436828652673 -0.23529688381191399
33.378262078725442 15.907499999999999 -0.16965692777865637 2.4074950975027347 0.093264812669651698 -0.95220337969363844 0.0066265398482874636 0 0.046632406334825849 -0.01224281310974131 0.010585050178607638 0.11109461986098086 -0.27305037528157927
32.45475992718228 15.907500000000001 -0.27830377929573014 2.9990460037848909 0.058909934891080096 -0.97005663807035714 0.0089545544029839205 0 0.029454967445540048 -0.010778571496958218 0.0093419869878064773 0.087177636670649386 -0.30467834878744271
31.327382216654179 15.907500000000001 -0.42229157182988308 3.6149685177065294 0.014639398060780517 -0.99259783561448489 0.010494697359117594 0 0.0073196990303902587 -0.0034180799860329845 0.0029679053324190474 0.026070392233598839 -0.31899737967862707
29.998181811807758 15.907499999999999 -0.59512575153180003 4.1869945412412175 -0.0385447334847 -1.0190370345373228 0.010404601197505688 0 -0.01927236674235 0.010268262090465283 -0.008909732271124602 -0.079539846725228985 -0.30210238086100133
28.493295219592152 15.907499999999999 -0.77893669109356334 4.631179985607921 -0.09641898316899522 -1.0470656143282397 0.0085195340495270496 0 -0.04820949158449761 0.025573476111930608 -0.022034327409593983 -0.22070016821176569 -0.24235155147283988
26.865874599118449 15.907499999999999 -0.94707303308705271 4.8703474316585993 -0.15314056767531303 -1.0738293201836879 0.0055820058358684891 0 -0.076570283837656516 0.033853769111443326 -0.028486957366947795 -0.37028994011724903 -0.13554377715928531
25.191690127177939 15.907499999999999 -1.0701157150003184 4.8603654848446203 -0.20094166034650551 -1.095870739119809 0.0029972466546989642 0 -0.10047083017325276 0.027088870645947515 -0.020836997224183001 -0.48712757519203365 0.012351900339123794
23.556915908654691 15.907499999999999 -1.1241650451411149 4.6081893439380917 -0.22729357384273952 -1.1078288050867571 0.0029853748152531695 0 -0.11364678692136976 0.0048903973193727586 0.0011150579800394934 -0.52368189142776655 0.18389046281138571
22.041501462298648 15.907499999999999 -1.1040328589936423 4.1660845273483584 -0.22568646032831063 -1.1070835184647687 0.00724868760387845 0 -0.11284323016415532 -0.017997038993558628 0.023074213575687882 -0.46920280203923198 0.35155600388445585
20.703785812177571 15.907499999999999 -1.0261373873284998 3.6070115548283006 -0.20672058928386394 -1.0984081733511251 0.014834891280649225 0 -0.10336029464193197 -0.030088471317105774 0.034106018244190441 -0.37003721553558439 0.49477218908127385
19.57340062979997 15.907499999999999 -0.91148375549380833 3.0095112422291312 -0.17753716848917156 -1.0848311138958833 0.026050389874028315 0 -0.08876858424458578 -0.033032240990425878 0.036038467679928736 -0.2626390114105655 0.60861617883750796
18.653785529579544 15.907499999999999 -0.7759433644265824 2.4368841376091916 -0.13998863611416357 -1.0668786502465279 0.041935447563014462 0 -0.069994318057081784 -0.028832284141818005 0.030912913126798194 -0.16524693225940953 0.69293041136583078
17.930095205530456 15.907499999999999 -0.62980885126647612 1.9316792724799372 -0.089290340036306981 -1.0415182621610213 0.067305643310150279 0 -0.044645170018153491 -0.019349150804708535 0.020537777720058284 -0.081493395083346326 0.75222297111734959
17.378340920312475 15.907499999999999 -0.4769797568919964 1.5151944648671825 -0.012632428796853334 -1.0000270531987867 0.11215311706503842 0 -0.0063162143984266672 -0.0028463914001326234 0.0030025696860373945 -0.0086297822226173247 0.79051470844943639
16.975429079747787 15.907499999999999 -0.31363883687581628 1.2015840941823634 0.11120655133285906 -0.9184353982580411 0.21276716827023473 0 0.05560327566642953 0.027479397810673906 -0.028868411075054039 0.05362221960505574 0.81124030524958035
16.73621060760874 15.907499999999999 -0.11410174412308202 1.0438239429134235 0.46820789051539224 -0.44915569687514212 0.57450088724841253 0 0.23410394525769612 0.15451486037360462 -0.16186015468784221 0.098182850815781736 0.82016187124014228
16.73621060760874 15.907499999999999 0.11410174412308077 1.0438239429134046 0.16070327247869687 0.72338048081897321 0.56215425595775248 0 0.080351636239348434 0.053034227341391592 -0.055555357073566215 -0.033699358227421768 0.78677058735845462
16.975429079747791 15.907499999999999 0.31363883687581606 1.2015840941823945 -0.21256841930990111 1.0829480007958596 0.19947943974793966 0 -0.10628420965495056 -0.052526151437960487 0.055181214026188918 0.10249747271829469 0.72196214489188248
17.378340920312475 15.907499999999999 0.47697975689199729 1.5151944648671667 -0.22977091041775588 1.104255192913528 0.10193811525265138 0 -0.11488545520887794 -0.051772937249933822 0.054613659926222517 0.15696687864899297 0.65532874262901153
17.930095205530449 15.907499999999999 0.62980885126647568 1.9316792724799368 -0.256446546223706 1.1193367669069467 0.059428515663859191 0 -0.128223273111853 -0.05557177735252767 0.058985576281572333 0.23405331081358116 0.57289527383537986
18.653785529579537 15.907499999999999 0.77594336442658185 2.4368841376092156 -0.27380607534703105 1.1280588652088677 0.035906433556016741 0 -0.13690303767351553 -0.056393538670693119 0.060463075116252346 0.32320919212461918 0.46909499706032293
19.57340062979997 15.907499999999999 0.911483755493808 3.0095112422291557 -0.28682212768478488 1.1341775108212708 0.02152908804503572 0 -0.14341106384239244 -0.053365600700387365 0.058222343334753436 0.42430934720242619 0.33946056875278946
20.703785812177578 15.907500000000001 1.0261373873285002 3.6070115548282815 -0.2967105564622885 1.1386719339767173 0.011695436546400203 0 -0.14835527823114425 -0.04318663708596035 0.048953109542711003 0.53112246106531724 0.17972645381185789
22.041501462298658 15.907500000000004 1.104032858993643 4.1660845273483931 -0.29971445554201415 1.1400373530373908 0.0054119517286921378 0 -0.14985722777100707 -0.023900293954170607 0.03064284560463728 0.62310721763017718 -0.0089823477643897823
23.556915908654702 15.907500000000004 1.1241650451411154 4.6081893439380588 -0.28703009387412015 1.1344705985122825 0.002560270552826328 0 -0.14351504693706008 0.0061756748241048216 0.0014081137063167986 0.66131417582745278 -0.22056236257561915
25.191690127177942 15.907500000000001 1.0701157150003184 4.8603654848446203 -0.2474919552427608 1.1169051025484371 0.0038661536474830548 0 -0.1237459776213804 0.033364298622410388 -0.025664111541172083 0.59997591255614402 -0.43266603370804074
26.865874599118456 15.907499999999999 0.94707303308705204 4.8703474316586064 -0.18840685995052131 1.0901160491053907 0.007338898648616401 0 -0.094203429975260655 0.041649854330566304 -0.035047135246555873 0.45556292462408066 -0.61597619961686312
28.493295219592152 15.907499999999999 0.77893669109356267 4.631179985607881 -0.12261732949729365 1.0594815378238476 0.010779633932038219 0 -0.061308664748646824 0.032522136655513852 -0.028021353217321885 0.28066739926409023 -0.75202788282551103
29.998181811807747 15.907499999999999 0.59512575153179958 4.1869945412412122 -0.057755937158431525 1.0283924839874148 0.012838848726672954 0 -0.028877968579215763 0.015386099381349371 -0.013350460377519137 0.11918355566985832 -0.8346691999684076
31.327382216654172 15.907499999999999 0.42229157182988269 3.6149685177065756 0.00055703062402356895 0.99963939091662335 0.012808493425019453 0 0.00027851531201178448 -0.00013005830018948946 0.0001129291076379212 -0.00099198114527167237 -0.86858439228239792
32.45475992718228 15.907499999999999 0.27830377929573002 2.9990460037849003 0.0483826173936448 0.97544769976771506 0.010916392454873223 0 0.0241913086968224 -0.008852420253928012 0.0076725561310353688 -0.071598827058912198 -0.86634716758487884
33.378262078725442 15.907499999999999 0.16965692777865618 2.4074950975027307 0.085067745102667569 0.95648659328755292 0.00810257727539224 0 0.042533872551333785 -0.011166789222512036 0.0096547274874411986 -0.10133048610826045 -0.84298725383232942
34.113106485386922 15.907499999999999 0.094183362097219253 1.8824762714683585 0.11189123556003255 0.94238163962889376 0.0050606057271093373 0 0.055945617780016277 -0.0097368610990685653 0.0083982783063623594 -0.10452839362664594 -0.81076155066263311
34.684243299163271 15.907500000000001 0.045831919382395815 1.4421265246773971 0.13023093277049924 0.93261155186430988 0.0021818704692143738 0 0.065115466385249621 -0.0068794219935667238 0.0059210694637537404 -0.093465046498472912 -0.77770190642852621
35.119965883358169 15.907500000000002 0.017631694188496722 1.0877259370951369 0.1424465051588889 0.92604182559656567 -0.00017912814111765204 0 0.071223252579444452 -0.004093620512434254 0.0035173637887020823 -0.077283148300561322 -0.74822546393543499
35.447628166496749 15.907500000000001 0.0038477903970145083 0.81082476180607155 0.15076348891186597 0.92153774953091316 -0.0021650121556319899 0 0.075381744455932986 -0.001677825644452435 0.0014393710836372049 -0.061081395002520307 -0.72380340409323751
37.932908121235712 18.799772727272725 -0.0037362554185571746 0.78732157867766728 0.15639222477066583 -0.9184807658665276 -0.00092626269009472232 0 0.078196112385332917 -0.001690016551912897 0.0014498294049412658 0.061525206096057376 -0.13619627099580858
37.614743706203328 18.799772727272725 -0.01712060849292316 1.0561962859333989 0.14858165533104861 -0.92272328991632468 0.00027370594734991744 0 0.074290827665524306 -0.0041461606496880823 0.0035625078795304024 0.078275049529996157 -0.16137211832784124
37.191651308174293 18.799772727272725 -0.044503400514804357 1.4003239485840238 0.13713873578604774 -0.92890114305162097 0.001982587033219115 0 0.068569367893023869 -0.0070343357334341087 0.0060544026152165205 0.095569732024887277 -0.19250831580706096
36.637069900396703 18.799772727272725 -0.091453291542778772 1.8279093827554 0.11934634045701453 -0.93842197233337643 0.0042262731716099736 0 0.059673170228507266 -0.010084564852291226 0.00869818120710413 0.10826110732282809 -0.22835112237434391
35.923526252510982 18.799772727272725 -0.16473912305633928 2.3377096138536362 0.093907770781083921 -0.9518653160962407 0.006682008075408561 0 0.046953885390541961 -0.011969887821583401 0.010349080892442202 0.1086180214790108 -0.26524391835294714
35.026793436599391 18.799772727272725 -0.2702366543160486 2.9121133757280138 0.059625216206455445 -0.96968768022231056 0.0089770049915598796 0 0.029812608103227722 -0.010593214892630378 0.0091813349954507541 0.085678462989688758 -0.29627434388330548
33.932094753690507 18.799772727272725 -0.41005070720189019 3.5101822912896523 0.015448307358347457 -0.99219053376318511 0.01047078566194398 0 0.0077241536791737286 -0.0035023944377232091 0.0030411152373346542 0.026713475729452246 -0.31060624703514195
32.641423562554635 18.799772727272725 -0.57787498394113657 4.0656271335153331 -0.037610180817601702 -1.0185792835594507 0.010316197027862279 0 -0.018805090408800851 0.0097288715832591598 -0.0084417051632798071 -0.075361628649936674 -0.29476108566706311
31.180158757475276 18.799772727272725 -0.75635783983177685 4.4969370808157336 -0.095318160215297931 -1.0465412202044908 0.008344736556264892 0 -0.047659080107648966 0.024548672931138427 -0.021151348157296249 -0.21185607390894712 -0.23746174317884997
29.599911788660549 18.799772727272725 -0.91962045395883052 4.7291718374029807 -0.15183769255795787 -1.073223936593942 0.0052985356241338427 0 -0.075918846278978935 0.032592788766979082 -0.027425879257888221 -0.35649743344824025 -0.13464416868947315
27.974256500938672 18.799772727272725 -1.0390965271277186 4.7194792348899952 -0.19941505537883675 -1.0951750375581486 0.0025869844113458238 0 -0.099707527689418374 0.026103816498632845 -0.020079284922273666 -0.46941376775849852 0.0079065682950536075
26.386869091059424 18.799772727272725 -1.0915791422838417 4.4746128633683249 -0.22555464241529455 -1.1070450220504122 0.0024416323836732963 0 -0.11277732120764727 0.0047123106109559923 0.0010744524847410247 -0.50461170587609228 0.17329558635720113
24.91538160022553 18.799772727272725 -1.0720305229933369 4.0453232331859761 -0.22377759849903023 -1.1062252246783106 0.0065841312601790415 0 -0.11188879924951511 -0.017327556069176176 0.0222158617108058 -0.45174863837652551 0.33488953914493458
23.616441993189859 18.799772727272725 -0.99639298870462578 3.5024559749882056 -0.20467845439192867 -1.0974881706521673 0.0140772749666963 0 -0.10233922719596433 -0.02892768431014477 0.032790237777320271 -0.3557615021781706 0.47279727478063593
22.518823015297503 18.799772727272725 -0.88506279422937439 2.9222752608124942 -0.17538737818167838 -1.0838592134900333 0.025230606699893032 0 -0.087693689090839189 -0.031686351579709275 0.034570090404438168 -0.25193785842488153 0.58229756175795633
21.625864577683146 18.799772727272725 -0.75345128000780692 2.366246760895014 -0.13766710336850063 -1.0658234829536219 0.041078054397827281 0 -0.068833551684250316 -0.027532242939933498 0.029519056832324954 -0.15779598528047559 0.66327146884864052
20.923151691689213 18.799772727272725 -0.61155273297252566 1.8756861481638203 -0.086526577132683746 -1.0402473705867219 0.066422775612698784 0 -0.043263288566341873 -0.018206736550445288 0.019325184451490889 -0.076681854922686116 0.72005351220181557
20.387390975757974 18.799772727272725 -0.46315365894477056 1.4712738858957541 -0.0090545475055892055 -0.99833832917282539 0.11124355266711206 0 -0.0045272737527946028 -0.0019810692762586286 0.0020897683131550545 -0.0060062704030209588 0.75645703496643257
19.996158244193722 18.799772727272725 -0.3045474630469665 1.1667540638971197 0.11634683213088726 -0.9158517435571305 0.21182245323023913 0 0.058173416065443628 0.027916216176386375 -0.029327309491729771 0.054474609839191897 0.77577636803869865
19.763873940599126 18.799772727272725 -0.11079430420052731 1.0135668683398151 0.47281364876598919 -0.44528894810234865 0.57350161632894692 0 0.2364068243829946 0.15151187813194938 -0.15871441732003227 0.096274676050443805 0.78351138415739308
19.763873940599126 18.799772727272725 0.11079430420052611 1.0135668683398105 0.15677371757455338 0.72692722614882832 0.56107315949795433 0 0.078386858787276692 0.050237721464772053 -0.052625911499977696 -0.031922384034611118 0.7501014774825886
19.996158244193722 18.799772727272725 0.30454746304696634 1.1667540638971536 -0.21604254430739367 1.0847637490133915 0.19831831265368666 0 -0.10802127215369683 -0.051837168745575347 0.054457405021187878 0.10115301890276031 0.68647260781880637
20.387390975757974 18.799772727272725 0.46315365894477151 1.4712738858957191 -0.23157797537534752 1.1051860322820168 0.10070655104848164 0 -0.11578898768767376 -0.050667580217683833 0.05344765320025812 0.15361562117044961 0.62129590168095505
20.923151691689206 18.799772727272725 0.61155273297252521 1.8756861481638085 -0.2575021629944223 1.1198763718323714 0.058129809960007432 0 -0.12875108149721115 -0.054183052169277629 0.057511541094410715 0.22820437557280271 0.54087632986259082
21.625864577683142 18.799772727272725 0.75345128000780637 2.3662467608950166 -0.2742032710354636 1.1282772569069783 0.034550001185642144 0 -0.1371016355177318 -0.054838308414645744 0.058795614516846187 0.31429567602909592 0.43982375810481306
22.518823015297507 18.799772727272725 0.88506279422937406 2.9222752608125342 -0.28655200915533552 1.134083928515476 0.020140810267717888 0 -0.14327600457766776 -0.051769903867099662 0.05648142394723539 0.41162197794621486 0.31391564558046436
23.616441993189866 18.799772727272725 0.99639298870462578 3.5024559749881785 -0.29590354021738197 1.1383308288431522 0.0103181550019384 0 -0.14795177010869098 -0.041820738890630343 0.047404830526516811 0.51432422762972063 0.15908800700077216
24.91538160022554 18.799772727272732 1.0720305229933371 4.0453232331860001 -0.29854704350983874 1.1395307096829717 0.0040994145023140202 0 -0.14927352175491937 -0.023117106763150611 0.029638712173476411 0.60268865740594768 -0.023567789596409351
26.386869091059438 18.799772727272732 1.0915791422838417 4.4746128633682831 -0.28566399234186868 1.1338704198331502 0.0013650528431079069 0 -0.14283199617093434 0.0059681212847847182 0.0013607894880192551 0.63908857268206409 -0.22817164016949268
27.974256500938679 18.799772727272725 1.0390965271277182 4.7194792348900121 -0.24607910033857427 1.1162755620297231 0.0028231106602384297 0 -0.12303955016928714 0.032212230251039115 -0.024777930431221475 0.5792587597616824 -0.43312718156844848
29.599911788660549 18.799772727272725 0.91962045395882974 4.7291718374029648 -0.18705871963767895 1.0895031154822028 0.0064560818034517511 0 -0.093529359818839475 0.040153174310425269 -0.033787722748486092 0.43919235290994435 -0.6100976674650358
31.180158757475276 18.799772727272725 0.75635783983177607 4.496937080815707 -0.12138943842028516 1.0589091366516714 0.010043840694525904 0 -0.060694719210142578 0.031263188613200682 -0.026936632734483296 0.26980262501547886 -0.74125756322457192
32.641423562554628 18.799772727272725 0.57787498394113601 4.0656271335153358 -0.056663930200965273 1.0278688989641485 0.012225250230331518 0 -0.028331965100482637 0.014657629618998096 -0.01271836991342922 0.11354069490813429 -0.82069399548341404
33.932094753690507 18.799772727272725 0.4100507072018898 3.5101822912897069 0.0015188148140524715 0.99916473172628106 0.012289184688024268 0 0.00075940740702623577 -0.00034434119112697467 0.00029899009429073544 -0.0026263603986879792 -0.85297480247465263
35.026793436599391 18.799772727272725 0.27023665431604849 2.9121133757279924 0.049226598152245726 0.97501993017318012 0.010466021824995534 0 0.024613299076122863 -0.0087457617068303472 0.0075801131983697567 -0.070736167283512522 -0.85030268856309688
35.923526252510982 18.799772727272725 0.16473912305633909 2.3377096138536224 0.085810236264756812 0.95610170121687177 0.0077006925303466471 0 0.042905118132378406 -0.010937741291156393 0.0094566942556199331 -0.09925204280966439 -0.82725217545339835
36.63706990039671 18.799772727272725 0.091453291542778425 1.8279093827554154 0.11255220489860929 0.94203279210726198 0.0046918755297696013 0 0.056276102449304644 -0.0095104718353488868 0.0082030120883331541 -0.10209803071706344 -0.79569725854764106
37.191651308174301 18.799772727272725 0.044503400514804031 1.4003239485840167 0.13083092542755803 0.93229056915120656 0.0018355500977594095 0 0.065415462713779016 -0.0067107856033403537 0.0057759253249611313 -0.091173922612109659 -0.76340963985805799
37.614743706203328 18.799772727272728 0.01712060849292309 1.0561962859333784 0.14300278252742116 0.92574130135477484 -0.00051033180073367006 0 0.071501391263710579 -0.0039904825961862888 0.0034287445405937369 -0.075336015474595827 -0.73465595556983287
37.932908121235712 18.799772727272725 0.0037362554185572075 0.78732157867767116 0.15128803141238845 0.92125229336129988 -0.0024860740449597603 0 0.075644015706194223 -0.0016348592621416092 0.0014025111342907419 -0.059517199951361878 -0.71084851062141086
40.418188075974669 21.692045454545458 -0.0036247204400998746 0.7638183955492841 0.15677620532895165 -0.91827177440343377 -0.00086197738812565183 0 0.078388102664475823 -0.001643591579710264 0.0014100024045803686 0.059835100765705682 -0.13192150150051962
40.109521529048486 21.692045454545458 -0.016609522797349525 1.0246666347716669 0.14898102240572242 -0.92250683861198091 0.00033212709338345026 0 0.074490511202861209 -0.0040332007787298937 0.0034654493079119717 0.076142488772895242 -0.15641151558724753
39.699059317185323 21.692045454545458 -0.04317488164721256 1.3585213724906844 0.13755939041844656 -0.92867458018703686 0.0020331492774344692 0 0.068779695209223279 -0.0068452789771602466 0.0058916828129516588 0.093001173426141989 -0.18670930653464832
39.161033315406492 21.692045454545458 -0.088723220988337917 1.7733424940424853 0.11979700015336692 -0.93818164542773452 0.0042661492169890677 0 0.059898500076683459 -0.0098204628810396738 0.0084703868662726906 0.10542588614346959 -0.22160811088845933
38.468790426296522 21.692045454545458 -0.15982131833402219 2.2679241302045083 0.094398332677865349 -0.95160741901989998 0.0067072638548910978 0 0.047199166338932674 -0.011673224330094501 0.010092587722496405 0.10592601617612935 -0.25757310643483455
37.598826946016516 21.692045454545458 -0.262169529336367 2.8251807476711273 0.060165377676960952 -0.96940906773179691 0.0089823005075184755 0 0.030082688838480476 -0.010370087521616419 0.008987946382013055 0.083873797419022039 -0.28791253050966714
36.536807290726841 21.692045454545458 -0.39780984257389729 3.4053960648728294 0.016049674284040361 -0.99188766630449432 0.010449074073037331 0 0.0080248371420201803 -0.0035301107854192526 0.003065181232413304 0.026924873958478857 -0.30212793853997538
35.284665313301531 21.692045454545458 -0.5606242163504731 3.9442597257894967 -0.036930281272627097 -1.018246062831615 0.010258498941940961 0 -0.018465140636313548 0.0092678207166751233 -0.0080416530660073829 -0.07179024383938723 -0.28715618700173534
33.86702229535841 21.692045454545458 -0.73377898856999013 4.3626941760235791 -0.094532865118301279 -1.0461668000343036 0.0082396373880534828 0 -0.04726643255915064 0.023619633158162859 -0.020350879482459797 -0.20383842181997425 -0.2320692856728806
32.333948978202649 21.692045454545458 -0.89216787483060811 4.5879962431473906 -0.15091535841813508 -1.0727949496677429 0.0051336522593781291 0 -0.075457679209067541 0.031427752561051493 -0.026445535337541945 -0.34375435643642438 -0.13293629890465336
30.75682287469942 21.692045454545458 -1.0080773392551183 4.578592984935403 -0.19833102715667739 -1.0946805456782021 0.0023516101614149219 0 -0.099165513578338693 0.025186898060165108 -0.019373983206049744 -0.4529252156362093 0.0046322898914906195
29.216822273464167 21.692045454545458 -1.058993239426568 4.3410363827986007 -0.22430072571744142 -1.1064791870262483 0.0021294119315659861 0 -0.11215036285872071 0.0045462234371636458 0.0010365829996205375 -0.48682647501787579 0.16426969917361933
27.789261738152419 21.692045454545458 -1.040028186993031 3.9245619390235893 -0.22235935318812827 -1.1055862527686469 0.0061960372101849612 0 -0.11117967659406414 -0.016703753214726714 0.021416076796307217 -0.43548540488947718 0.3201825724230985
26.529098174202161 21.692045454545458 -0.96664859008075132 3.3979003951481301 -0.20309990660172872 -1.0967745254670234 0.013621559687297474 0 -0.10154995330086436 -0.027847693042163123 0.031566041256960393 -0.34247943951055221 0.45312383961563157
25.464245400795047 21.692045454545458 -0.85864183296494034 2.8350392793958812 -0.17366351164959726 -1.0830754751813687 0.02471895447323055 0 -0.086831755824798629 -0.030438303163470227 0.033208458521071439 -0.24201463818897329 0.55855468170839606
24.597943625786758 21.692045454545458 -0.73095919558903133 2.2956093841808305 -0.1357606817937802 -1.0649500825194 0.040521642806074593 0 -0.067880340896890101 -0.026340461983469177 0.028241273185627316 -0.15096551198144104 0.6363994827431475
23.916208177847974 21.692045454545458 -0.5932966146785752 1.8196930238476869 -0.08424289703492982 -1.0391869545899157 0.065828340743682198 0 -0.04212144851746491 -0.017197045346171679 0.018253467468737166 -0.072429308387050265 0.69084562435315833
23.39644103120348 21.692045454545458 -0.44932756099754478 1.4273533069243287 -0.0061245892043408912 -0.99694013445989438 0.11061174217698884 0 -0.0030622946021704456 -0.0013000134169190447 0.0013713436869227267 -0.0039414230502415005 0.72553236817616718
23.016887408639668 21.692045454545458 -0.29545608921811672 1.1319240336119001 0.12047026165584351 -0.91375330269794874 0.21115075219555179 0 0.060235130827921757 0.028042698480094885 -0.029460185152336806 0.054721422448126965 0.74363081043877377
22.791537273589519 21.692045454545458 -0.1074868642779726 0.98330979376622407 0.47632420325170721 -0.44226381501791323 0.57278138471330742 0 0.23816210162585361 0.14808029995624708 -0.15511970951652651 0.094094160032290167 0.75040861015099558
22.791537273589519 21.692045454545458 0.10748686427797144 0.98330979376620897 0.15373402080073739 0.72961201080173155 0.56029661153099664 0 0.076867010400368696 0.047793036251871861 -0.050065011365412387 -0.030368966046404145 0.71725910476569099
23.016887408639668 21.692045454545458 0.29545608921811661 1.1319240336119234 -0.2185324737268215 1.0860603726292481 0.19749769804035688 0 -0.10926623686341075 -0.050869319818841414 0.053440633807058484 0.09926439644999166 0.65503959358120412
23.396441031203477 21.692045454545458 0.44932756099754573 1.4273533069242941 -0.23281439991014974 1.1058226100075825 0.099853668466250725 0 -0.11640719995507487 -0.049417492902321274 0.052128975003776404 0.14982556570220321 0.59149097999471034
23.916208177847963 21.692045454545458 0.59329661467857475 1.8196930238476847 -0.25821289859225982 1.1202389429592425 0.05725040846857532 0 -0.12910644929612991 -0.052710662647514485 0.055948702031315724 0.2220030687441624 0.51322736033501726
24.597943625786751 21.692045454545458 0.73095919558903066 2.2956093841808398 -0.27447495659912846 1.1284247829237544 0.033652130431913306 0 -0.13723747829956423 -0.053253983879483914 0.057096960102953322 0.3052154114253261 0.41502105048270638
25.464245400795047 21.692045454545458 0.85864183296494001 2.8350392793959247 -0.28638837387122251 1.1340274119359006 0.019240656152677525 0 -0.14319418693561126 -0.0501957841551329 0.054764045390312752 0.39910616816168792 0.29284979190806115
26.529098174202165 21.692045454545458 0.96664859008075155 3.3979003951481235 -0.295414162316749 1.1381234850570829 0.0094390189251269407 0 -0.1477070811583745 -0.040505202834173179 0.045913638226663729 0.49814536316905478 0.14281102403491902
27.789261738152433 21.692045454545465 1.0400281869930315 3.9245619390236355 -0.29785862580860667 1.1392312974318239 0.0032675312408261422 0 -0.14892931290430333 -0.022375298844187673 0.028687631589586326 0.58334890077837853 -0.03405391722144991
29.216822273464182 21.692045454545465 1.058993239426568 4.3410363827985625 -0.28486836435945229 1.1335201804703992 0.00060400811755043982 0 -0.14243418217972614 0.0057738343485743589 0.0013164901837927887 0.61828360662515269 -0.23207160686929601
30.756822874699424 21.692045454545458 1.0080773392551181 4.5785929849354199 -0.2452540281499711 1.1159074411039136 0.0021473329706139656 0 -0.12262701407498555 0.031145848909350626 -0.023957660537097743 0.56008248017453544 -0.43034383627173556
32.333948978202656 21.692045454545458 0.89216787483060744 4.5879962431473746 -0.18626168558524259 1.0891406017473058 0.0058681522440418958 0 -0.093130842792621293 0.038788538340534806 -0.032639421459855524 0.42426606892929969 -0.60144687435515509
33.86702229535841 21.692045454545458 0.73377898856998935 4.3626941760235542 -0.12064931253315536 1.058564293629596 0.00953670727398662 0 -0.060324656266577681 0.030144992424079038 -0.025973185261350302 0.26015254514550795 -0.72814333291950772
35.284665313301517 21.692045454545458 0.56062421635047244 3.9442597257894985 -0.055988861629242548 1.0275455942921878 0.011786147799725113 0 -0.027994430814621274 0.014050657450452645 -0.01219170245304309 0.10883897685426719 -0.80473014368514217
36.536807290726841 21.692045454545458 0.39780984257389684 3.405396064872841 0.0021286466147760752 0.99886418230296536 0.011903726200322822 0 0.0010643233073880376 -0.00046819382376122698 0.00040653084533557693 -0.0035710096535716482 -0.8356520009342675
37.598826946016516 21.692045454545458 0.26216952933636689 2.8251807476711068 0.049773799831928422 0.97474292435235754 0.01012084942511208 0 0.024886899915964211 -0.0085789980960788992 0.0074355760969440935 -0.06938737468404034 -0.83274923397619771
38.468790426296522 21.692045454545458 0.15982131833402202 2.2679241302045292 0.086301595061381242 0.95584720230618292 0.0073844960601103038 0 0.043150797530690621 -0.010671988059728741 0.0092269258793020083 -0.096840525623407003 -0.8101534478931538
39.161033315406499 21.692045454545458 0.088723220988337584 1.7733424940424938 0.11299803406794329 0.9417975587949774 0.0043959276470178178 0 0.056499017033971644 -0.0092631117454864114 0.0079896580253127521 -0.099442539118940784 -0.77937000204012896
39.699059317185331 21.692045454545458 0.04317488164721224 1.3585213724906313 0.1312433246946354 0.93206988031692428 0.0015535479906017523 0 0.0656216623473177 -0.0065309766835395461 0.0056211650696171948 -0.088731006758750425 -0.74792332349569846
40.109521529048493 21.692045454545461 0.016609522797349459 1.0246666347716589 0.14339322016671308 0.92553020862986946 -0.00078278147477380553 0 0.071696610083356538 -0.0038819283013509153 0.0033354713745534941 -0.073286627251886713 -0.71993939924945471
40.418188075974669 21.692045454545458 0.0036247204400999067 0.76381839554929198 0.1516636238093344 0.92104766572997998 -0.0027520254396860089 0 0.075831811904667201 -0.001589992910712045 0.0013640212416791092 -0.057883836351841238 -0.696778439713856
42.90346803071364 24.58431818181819 -0.0035131854616425751 0.7403152124208825 0.15707523490980058 -0.91810897315462092 -0.00082371303679909308 0 0.078537617454900288 -0.0015960556766868958 0.0013692223601981354 0.058104551897904866 -0.12782462935351679
42.604299351893651 24.58431818181819 -0.016098437101775893 0.99313698360993763 0.14929513460351507 -0.92233656069706249 0.00036633045039045843 0 0.074647567301757534 -0.0039173385528965092 0.0033658969443289576 0.073955134680273718 -0.15161093745356091
42.206467326196353 24.58431818181819 -0.041846362779620769 1.3167187963972919 0.13789321678817512 -0.92849476667830566 0.0020619075691009859 0 0.068946608394087561 -0.0066507461661069658 0.0057242498093791659 0.090358216176598768 -0.18104631386389045
41.684996730416287 24.58431818181819 -0.085993150433897075 1.7187756053295176 0.12015648768534948 -0.93798994089288379 0.0042875515641206839 0 0.060078243842674739 -0.009546843436651133 0.0082343834745608521 0.1024884917721261 -0.21496849403657975
41.014054600082062 24.58431818181819 -0.1549035136117051 2.198138646555404 0.094790557962773248 -0.95140123001611354 0.0067187469853364611 0 0.047395278981386624 -0.011361041539402031 0.0098226766755207945 0.10309318452639024 -0.24996125760602461
40.170860455433633 24.58431818181819 -0.25410240435668541 2.7382481196141795 0.060596473933791195 -0.96918670843032828 0.0089805494372347233 0 0.030298236966895598 -0.010123010519880092 0.0087738001812982039 0.081875426012094063 -0.27954951804780204
39.141519827763176 24.58431818181819 -0.38556897794590439 3.3006098384559253 0.016526200595431084 -0.99164762708334186 0.010429913928035894 0 0.0082631002977155421 -0.0035230734038229818 0.0030590707018080454 0.026871198415700039 -0.29356779031066937
37.927907064048412 24.58431818181819 -0.54337344875980942 3.8228923180635803 -0.036397746362548444 -1.0179849525338645 0.010216788985501817 0 -0.018198873181274222 0.0088531141274152386 -0.0076818137233003198 -0.06857785032478235 -0.27936274689789575
36.553885833241537 24.58431818181819 -0.71120013730820331 4.2284512712314104 -0.093926682142587703 -1.0458775958296893 0.0081692523584958425 0 -0.046963341071293851 0.022746043696014753 -0.019598187273301582 -0.19629930823212074 -0.22634966005586957
35.067986167744749 24.58431818181819 -0.86471529570238559 4.4468206488917144 -0.15021224105880848 -1.0724676987055204 0.0050275532909822424 0 -0.075106120529404241 0.030318783459193199 -0.025512370246768532 -0.33162453712539858 -0.13072419587864204
33.539389248460161 24.58431818181819 -0.97705815138251828 4.4377067349807469 -0.19750791568924275 -1.0943048306792291 0.0022030073414172351 0 -0.098753957844621376 0.024310567065778412 -0.018699901708295087 -0.43716653016199408 0.0020763478326531726
32.046775455868911 24.58431818181819 -1.0264073365692945 4.2074599022288179 -0.2233445836050576 -1.1060473974629523 0.0019334348935354934 0 -0.1116722918025288 0.0043875500396899324 0.0010004039273450445 -0.46983513883764572 0.15620168272273857
30.663141876079308 24.58431818181819 -1.0080258509927253 3.8038006448611759 -0.22126449151280436 -1.1050923372976758 0.0059512653078518177 0 -0.11063224575640218 -0.016110052176139488 0.020654885770973894 -0.42000695918635389 0.30668096197669298
29.441754355214456 24.58431818181819 -0.93690419145687698 3.2933448153080218 -0.20185935593413595 -1.0962124132195934 0.013330455258964959 0 -0.10092967796706798 -0.026825939621735614 0.030407858761382699 -0.32991360369010608 0.43489019980523996
28.409667786292587 24.58431818181819 -0.83222087170050629 2.7478032979792388 -0.17229026029108563 -1.0824488785373276 0.024386177321737795 0 -0.086145130145542814 -0.029268411122788777 0.031932095936125317 -0.23271283849846219 0.53646039786268507
27.570022673890371 24.58431818181819 -0.70846711117025574 2.224972007466627 -0.13423181168427534 -1.0642460172039241 0.040152541013740564 0 -0.067115905842137669 -0.025242443287536723 0.027064017981287516 -0.14467241982912046 0.61135560477077122
26.909264664006734 24.58431818181819 -0.57504049638462451 1.7636998995315327 -0.082406043659228656 -1.0383281670770215 0.06542676144897934 0 -0.041203021829614328 -0.016304450518077752 0.017306040144484468 -0.068669940148651729 0.66362448664546281
26.405491086648983 24.58431818181819 -0.435501463050319 1.3834327279528997 -0.0037729271370581241 -0.99580804431641656 0.11017833730716736 0 -0.0018864635685290621 -0.00077620394952623037 0.00081879338481748068 -0.0023533204338780042 0.69674867612338409
26.037616573085611 24.58431818181819 -0.286364715389267 1.097094003326649 0.12374911434193037 -0.9120651894254006 0.21068454119008789 0 0.061874557170965183 0.027919562477137647 -0.02933082493942386 0.054481139679292384 0.71378514207866173
25.819200606579912 24.58431818181819 -0.10417942435541791 0.95305271919261292 0.4790274988529879 -0.43985330465361738 0.572277530165482 0 0.23951374942649395 0.14433831826449645 -0.15119984230115738 0.091716405366439116 0.71978951957246584
25.819200606579912 24.58431818181819 0.10417942435541677 0.95305271919260348 0.15123366702281837 0.73173900279514803 0.55975384301096487 0 0.075616833511409187 0.045569018929632422 -0.047735269184396814 -0.028955766303458939 0.68709299835644155
26.037616573085611 24.58431818181819 0.28636471538926689 1.0970940033266761 -0.22052920257842135 1.0870824582465504 0.19692874739625585 0 -0.11026460128921067 -0.049754528605426319 0.052269492749548556 0.097089036579611654 0.62641387431164763
26.405491086648979 24.58431818181819 0.43550146305031989 1.3834327279528473 -0.23382091838816565 1.1063303359370198 0.09926785065491571 0 -0.11691045919408283 -0.048103955825729558 0.05074336562922719 0.14584314117977404 0.5645774999486789
26.909264664006727 24.58431818181819 0.57504049638462429 1.763699899531542 -0.25882524171472387 1.1205426131354337 0.056652395027375332 0 -0.12941262085736194 -0.051209876836438177 0.054355722282261196 0.21568216441756149 0.48852891735748799
27.570022673890364 24.58431818181819 0.70846711117025518 2.2249720074666399 -0.27476660111358386 1.1285718694222844 0.033047491013300907 0 -0.13738330055679193 -0.051670168635079949 0.055398851731853369 0.29613806572784129 0.39319705299874597
28.409667786292587 24.58431818181819 0.83222087170050607 2.7478032979792757 -0.28636261607920699 1.1340260975255305 0.018639372581256485 0 -0.14318130803960349 -0.048646851908188349 0.053074146580962045 0.38679062365480982 0.27473677413084685
29.441754355214464 24.58431818181819 0.9369041914568772 3.2933448153079929 -0.29516287812480568 1.1380177861893872 0.0088541764954090559 0 -0.14758143906240284 -0.039225437485975387 0.044462992899624403 0.48240641781038185 0.1293899989919757
30.663141876079322 24.584318181818194 1.0080258509927256 3.8038006448612256 -0.29748048804525551 1.1390667792989071 0.002712995184366007 0 -0.14874024402262775 -0.021659264670197752 0.027769595824700254 0.56468109431798064 -0.041855463985898178
32.046775455868925 24.584318181818194 1.0264073365692945 4.2074599022287948 -0.28442016559355388 1.1333226182977783 9.1914211645523238e-05 0 -0.14221008279677694 0.0055873649976011493 0.0012739733647580674 0.59831577660362267 -0.23352160352959458
33.539389248460168 24.58431818181819 0.97705815138251795 4.437706734980738 -0.24477854448116099 1.1156951669674227 0.0016848996100484867 0 -0.12238927224058049 0.030128945470902935 -0.023175449480714583 0.54179594056017111 -0.42538039924490456
35.067986167744756 24.58431818181819 0.86471529570238503 4.4468206488917188 -0.18579112343373949 1.0889266963437909 0.0054565028669256764 0 -0.092895561716869746 0.037500011985191581 -0.03155516418764396 0.41017226609780827 -0.59088834099588783
36.553885833241537 24.58431818181819 0.71120013730820264 4.2284512712313642 -0.12019984978467768 1.0583551981345727 0.0091719336133162469 0 -0.060099924892338841 0.02910856609739667 -0.025080191406385469 0.25120814260763091 -0.71336890838969169
37.927907064048405 24.58431818181819 0.54337344875980897 3.8228923180635972 -0.055566532519879974 1.0273437447275113 0.011461356339195487 0 -0.027783266259939987 0.013515585530026327 -0.011727422566652077 0.10469421134646013 -0.78731395973357343
39.141519827763176 24.58431818181819 0.385568977945904 3.3006098384559608 0.0025208846166786536 0.99867126654378968 0.011611062102337527 0 0.0012604423083393268 -0.00053740492231362728 0.0004666265684595573 -0.0040988967988556477 -0.81704177895734487
40.170860455433633 24.58431818181819 0.2541024043566853 2.7382481196141661 0.050134332547115523 0.97456071729032201 0.0098527035608254824 0 0.025067166273557762 -0.0083752459975827993 0.0072589803900430646 -0.067739417306888233 -0.81403278497321729
41.014054600082069 24.58431818181819 0.15490351361170496 2.1981386465554147 0.086632162905018295 0.95567616847145276 0.0071342911844929609 0 0.043316081452509148 -0.010383224052744652 0.0089772625481456727 -0.094220202393944227 -0.79198192148115742
41.684996730416294 24.58431818181819 0.085993150433896756 1.7187756053295473 0.11330384929512005 0.94163626617936202 0.0041584757627850981 0 0.056651924647560026 -0.0090023779059108262 0.0077647687795524391 -0.09664347593649919 -0.76203359790676761
42.206467326196361 24.58431818181819 0.041846362779620457 1.3167187963972362 0.13153197749395651 0.9319153753696402 0.0013250115871900198 0 0.065765988746978254 -0.0063439363836307631 0.005460180816969658 -0.086189844093571985 -0.73147214056941101
42.604299351893651 24.58431818181819 0.016098437101775828 0.99313698360993974 0.14367298041401644 0.92537884636515444 -0.0010051297824030187 0 0.071836490207008219 -0.0037698194698711162 0.0032391440420508981 -0.071170133203957528 -0.70428860660012593
42.90346803071364 24.58431818181819 0.0035131854616426059 0.74031521242088638 0.15193874551897835 0.92089762349602855 -0.0029701044406652355 0 0.075969372759489173 -0.0015438633431521524 0.0013244476627044786 -0.05620448525434131 -0.68179519941252364
45.388747985452596 27.476590909090916 -0.0034016504831852752 0.7168120292925011 0.15731400682669539 -0.91797895321436584 -0.00079663590287106022 0 0.078657003413347693 -0.0015477340009296713 0.0013277682180303787 0.056345396902348854 -0.1238416927917458
45.099077174738802 27.476590909090913 -0.01558735140620226 0.96160733244819319 0.14954866950079082 -0.92219909890006879 0.00039049597985707052 0 0.07477433475039541 -0.003799413984542724 0.0032645725530557452 0.07172884578107469 -0.14691161933237776
44.713875335207376 27.476590909090913 -0.040517843912028971 1.274916220303878 0.13816538600679917 -0.92834814519302078 0.0020821406962138653 0 0.069082693003399587 -0.0064523116484346034 0.0055534586347363831 0.087662249649396451 -0.17546746871319227
44.208960145426069 27.476590909090916 -0.083263079879456248 1.6642087166165882 0.12045172143413574 -0.93783248364401606 0.0043024630109522758 0 0.060225860717067869 -0.0092664673079071898 0.0079925522790971464 0.099478562180786878 -0.20838979705663682
43.559318773867595 27.476590909090916 -0.14998570888938803 2.1283531629062868 0.095114592075473015 -0.95123086682356861 0.0067265092439719645 0 0.047557296037736507 -0.011037960334046661 0.0095433429358159298 0.10016145769437491 -0.24237892880907458
42.742893964850737 27.476590909090916 -0.24603527937700381 2.6513154915572574 0.060953730988784871 -0.96900239875759864 0.008978875944960928 0 0.030476865494392436 -0.0098594171032973296 0.0085453388987913083 0.079743468998484571 -0.27117414968765419
41.746232364799511 27.476590909090913 -0.37332811331791149 3.1958236120390442 0.016920506640819233 -0.9914489394723236 0.010416034676673036 0 0.0084602533204096164 -0.003492614445797489 0.0030326233090281411 0.026638881739087239 -0.28494032814707815
40.571148814795293 27.476590909090913 -0.52612268116914596 3.7015249103376981 -0.035959794588194427 -1.0177701170030207 0.010187419881991684 0 -0.017979897294097213 0.0084689073577873617 -0.0073484389590043756 -0.065601714022674534 -0.27143099259785852
39.240749371124664 27.476590909090913 -0.6886212860464167 4.0942083664392204 -0.093432176905501541 -1.0456415414149576 0.0081205771256235935 0 -0.04671608845275077 0.021907961371208862 -0.01887608831967718 -0.18906662272427427 -0.22040147296798746
37.802023357286856 27.476590909090913 -0.8372627165741634 4.3056450546360869 -0.14964329817616373 -1.07220275219766 0.004955437006662451 0 -0.074821649088081865 0.029245047332877496 -0.024608852675268241 -0.3198800934090642 -0.12817176352292586
36.321955622220898 27.476590909090916 -0.94603896350991823 4.2968204850261253 -0.19684684180096834 -1.094002933209 0.002103314306680603 0 -0.098423420900484171 0.023459980460090075 -0.018045623020442009 -0.42187079501912772 -5.0699246693043592e-06
34.876728638273647 27.476590909090916 -0.99382143371202081 4.0738834216590689 -0.22257876418090494 -1.1057013676918874 0.0018026827770075019 0 -0.11128938209045247 0.0042336894253893866 0.0009653222162722859 -0.45335917333808656 0.14876187529665777
33.537022014006197 27.476590909090913 -0.97602351499241957 3.6830393506987513 -0.22038309881575269 -1.1046943461921055 0.0057879449677240152 0 -0.11019154940787634 -0.015536461732034781 0.01991947877335724 -0.40505281902512247 0.29397007689009469
32.354410536226744 27.476590909090913 -0.90715979283300274 3.1887892354679352 -0.20085230175611501 -1.0957553406801135 0.013135262735223856 0 -0.10042615087805751 -0.025844699320561288 0.029295598877486277 -0.31784601059137008 0.41760663748616744
31.355090171790124 27.476590909090913 -0.80579991043607224 2.6605673165626205 -0.17117326533467203 -1.0819378486634625 0.024161062976418034 0 -0.085586632667336016 -0.02815548199084681 0.030717880389466913 -0.22386395031470172 0.51546501212130369
30.542101721993976 27.476590909090913 -0.68597502675148014 2.1543346307524214 -0.13299244071498739 -1.0636730769042144 0.039900202807860836 0 -0.066496220357493696 -0.024215392072120617 0.025962851495733907 -0.13878606473543487 0.58754507284859969
29.902321150165491 27.476590909090916 -0.55678437809067405 1.7077067752154056 -0.080919506063588109 -1.0376295301752447 0.065149552353711213 0 -0.040459753031794055 -0.015502043010289181 0.016454340387621905 -0.06529041653492608 0.6377595106012387
29.414541142094478 27.476590909090913 -0.42167536510309322 1.3395121489814708 -0.0018714103784247538 -0.99488618331705669 0.1098767155645117 0 -0.00093570518921237689 -0.00037278212099599366 0.00039323625554347385 -0.0011302129849502917 0.669441817633189
29.058345737531543 27.476590909090913 -0.27727334156041727 1.0622639730414178 0.12639749797377542 -0.91068764076280462 0.21035808277340221 0 0.063198748986887709 0.027611728685268743 -0.029007430936844547 0.053880444885937177 0.68553908534978247
28.846863939570298 27.476590909090916 -0.10087198443286322 0.92279564461900088 0.48116903641082298 -0.43787503133162686 0.5719234393915883 0 0.24058451820541149 0.14038072451238451 -0.14705411330551524 0.089201645064329288 0.69090614734242872
28.846863939570298 27.476590909090916 0.10087198443286211 0.92279564461900132 0.14908385201980634 0.73349741677253932 0.55937258385463029 0 0.07454192600990317 0.043495107905839374 -0.045562769022869973 -0.027637948093857775 0.65879590257999887
29.058345737531546 27.476590909090913 0.27727334156041716 1.0622639730414423 -0.22225038388076124 1.0879458483769364 0.19653044262950536 0 -0.11112519194038062 -0.048550939680671812 0.051005065483544422 0.094740400336488215 0.59973969996899157
29.414541142094475 27.476590909090913 0.42167536510309411 1.3395121489814192 -0.23472860801032103 1.1067770427476455 0.098859423714168088 0 -0.11736430400516051 -0.046757584205649905 0.049323120116820184 0.14176116781818296 0.5396626399293577
29.902321150165481 27.476590909090916 0.5567843780906736 1.7077067752154058 -0.25941822143854609 1.1208280855231416 0.056237213133966228 0 -0.12970911071927305 -0.04969768875297971 0.052750639814175285 0.20931323680056252 0.46585805854968976
30.542101721993969 27.476590909090913 0.68597502675147948 2.154334630752436 -0.27510620815797782 1.1287344861434767 0.032629249890236703 0 -0.13755310407898891 -0.050091604125805753 0.053706373005568062 0.28709081365276934 0.37340942770881275
31.355090171790124 27.476590909090913 0.80579991043607202 2.6605673165626547 -0.28644904584330733 1.1340709487162974 0.018224410032272233 0 -0.14322452292165366 -0.047116650697572066 0.051404683498255596 0.37462400942684898 0.25863527327735414
32.354410536226752 27.476590909090916 0.90715979283300285 3.1887892354678891 -0.29507565799756419 1.1379825363459979 0.0084501460989637074 0 -0.14753782899878209 -0.037968903473278852 0.043038680859646891 0.46695317851537882 0.11791438249775024
33.537022014006197 27.47659090909092 0.9760235149924199 3.6830393506988099 -0.29730339460858257 1.1389898930234483 0.0023277025188671377 0 -0.14865169730429129 -0.020959151758738085 0.02687197289617865 0.54642837286095447 -0.047819425349937758
34.876728638273654 27.47659090909092 0.99382143371202092 4.0738834216590423 -0.28419126507662473 1.1332215994094217 -0.00026778457173258648 0 -0.14209563253831237 0.0054056259956816914 0.0012325351111480848 0.57885448991137867 -0.23327709602843044
36.321955622220905 27.476590909090916 0.94603896350991801 4.2968204850261431 -0.24452075499764936 1.1155800819776553 0.0013548772553657463 0 -0.12226037749882468 0.029141702665117904 -0.022416053643486464 0.52404277541743438 -0.41888502104509262
37.802023357286856 27.476590909090916 0.83726271657416274 4.3056450546360905 -0.18552326996565749 1.0888051608063065 0.0051567205868067231 0 -0.092761634982828745 0.03625713197732891 -0.030509316982871744 0.39657773952767977 -0.57896076149023656
39.240749371124664 27.476590909090916 0.68862128604641593 4.0942083664391804 -0.11993245037848133 1.0582311827147222 0.0089002420574739345 0 -0.059966225189240663 0.028121741107494543 -0.024229934490653693 0.24269180168026971 -0.69737458390534623
40.571148814795293 27.476590909090913 0.52612268116914551 3.7015249103377084 -0.055304273371118207 1.0272188286031381 0.01121389915752506 0 -0.027652136685559103 0.013024734235370554 -0.011301512750386397 0.1008919869390747 -0.76880491422035802
41.746232364799511 27.476590909090913 0.3733281133179111 3.1958236120390917 0.0027737439391567476 0.9985472830317762 0.011383304032705739 0 0.0013868719695783738 -0.0005725371205772059 0.00049713171725424585 -0.0043668572305900089 -0.79744071053426113
42.742893964850744 27.476590909090916 0.24603527937700376 2.6513154915572636 0.050373621831628745 0.97444006728857357 0.0096401987018665362 0 0.025186810915814373 -0.0081480582170298799 0.0070620725446655149 -0.065901910936526253 -0.79440362068241988
43.559318773867602 27.476590909090916 0.14998570888938789 2.1283531629063073 0.086856732110448309 0.95556014969334524 0.0069331239411440726 0 0.043428366055224155 -0.010079643331901226 0.0087147887903106964 -0.091465428268348525 -0.77295524331284471
44.208960145426076 27.476590909090916 0.083263079879455928 1.6642087166166037 0.11351609626166825 0.94152439087113859 0.003965492789440952 0 0.056758048130834127 -0.0087329029623308008 0.0075323401200748444 -0.093750574139046014 -0.74388332690449621
44.713875335207376 27.476590909090916 0.040517843912028673 1.2749162203038469 0.13173698906589892 0.93180562151356128 0.0011378268000548182 0 0.065868494532949462 -0.0061521060639440532 0.0052950738284492484 -0.08358360337071731 -0.7142362238788309
45.099077174738802 27.476590909090916 0.015587351406202198 0.96160733244820873 0.14387713509347133 0.92526831405508436 -0.001188239113350289 0 0.071938567546735666 -0.0036553237214001313 0.0031407657975582931 -0.069008576732861204 -0.68787349791475771
45.388747985452596 27.476590909090916 0.0034016504831853051 0.71681202929250187 0.15214453424529895 0.92078528495498224 -0.0031503595149230835 0 0.076072267122649473 -0.0014968741401805085 0.0012841366207173852 -0.054493839051588201 -0.66606189281994643
47.874027940191553 30.368863636363638 -0.0032901155047279753 0.69330884616411692 0.15750913372581987 -0.91787268802292532 -0.00077126892180362288 0 0.078754566862909936 -0.0014988429523896713 0.0012858256230117242 0.054565513838914816 -0.11995133138258468
47.593854997583954 30.368863636363635 -0.015076265710628627 0.93007768128646173 0.14975800448031507 -0.92208558407435193 0.00041371722972860276 0 0.074879002240157533 -0.003679980898950341 0.0031619519976917132 0.06947407770040169 -0.14229564533480166
47.221283344218399 30.368863636363635 -0.039189325044437173 1.2331136442104864 0.13839226998209453 -0.92822589374584141 0.0021024266073563494 0 0.069196134991047265 -0.0062509981537582733 0.0053801895451116855 0.084927168830353367 -0.16995937427874735
46.732923560435857 30.368863636363638 -0.080533009325015406 1.60964182790365 0.12069969212409848 -0.93770019533044635 0.0043187443944112929 0 0.060349846062049239 -0.0089810849802839463 0.0077464031159621364 0.096414889404481119 -0.20186466143450199
46.104582947653135 30.368863636363638 -0.14506790416707097 2.0585676792571848 0.095388729164082475 -0.95108668293609588 0.0067373865505636413 0 0.047694364582041238 -0.010706812539713017 0.0092570348799682067 0.097156532437447277 -0.23482689196921785
45.314927474267854 30.368863636363642 -0.23796815439732227 2.5643828635003625 0.061257624317360482 -0.96884554397604405 0.0089826277003331179 0 0.030628812158680241 -0.0095836854817083119 0.0083063572098227255 0.077513337562953574 -0.26279818276847655
44.350944901835838 30.368863636363638 -0.36108724868991859 3.0910373856221649 0.017256398749219803 -0.99127958723357368 0.010410628454422779 0 0.0086281993746099017 -0.0034451561230748932 0.0029914154351189069 0.026276907445570576 -0.27627213578476362
43.214390565542182 30.368863636363635 -0.50887191357848249 3.580157502611824 -0.035587799850716806 -1.017587519764007 0.010170519714039657 0 -0.017793899925358403 0.0081064885921369595 -0.0070339695635479533 -0.062794351606696802 -0.26340740463990825
41.927612909007792 30.368863636363635 -0.66604243478462999 3.9599654616470525 -0.093014170253507666 -1.0454418824350635 0.0080895428881022705 0 -0.046507085126753833 0.021094832031831014 -0.018175489073341523 -0.18204928252409522 -0.2142975288818024
40.536060546828949 30.368863636363635 -0.80981013744594099 4.1644694603804604 -0.14916456744823536 -1.0719797032189697 0.0049074774380320416 0 -0.074582283724117682 0.028195654922262073 -0.023725819629110332 -0.3084019193951999 -0.12538560482595468
39.104521995981642 30.368863636363638 -0.91501977563731818 4.1559342350715234 -0.1962931126969365 -1.0937499569791613 0.0020357566208184501 0 -0.09814655634846825 0.022626934161334804 -0.017404836490739376 -0.40689047971402631 -0.0017607586784652469
37.706681820678384 30.368863636363638 -0.96123553085474733 3.9403069410893221 -0.22193916788417467 -1.1054122454727604 0.0017133134693906712 0 -0.11096958394208734 0.0040831062311149826 0.00093098778872578963 -0.43723416613622407 0.1417520608033104
36.410902151933072 30.368863636363635 -0.94402117899211391 3.5622780565363712 -0.21964576905529798 -1.1043611527390753 0.0056756828768645016 0 -0.10982288452764899 -0.014976769056035184 0.019201890266304089 -0.39046100911940068 0.28180032164633628
35.267066717239032 30.368863636363635 -0.87741539420912851 3.0842336556278367 -0.20000797401860315 -1.0953716111420142 0.013000289333363713 0 -0.10000398700930158 -0.024892208965949802 0.028215927761282761 -0.30613199312167688 0.40097546492403313
34.300512557287654 30.368863636363635 -0.7793789491716383 2.5733313351459981 -0.17024230132926665 -1.0815110260060805 0.024004207059216368 0 -0.085121150664633327 -0.027084197312154078 0.029549099310391475 -0.21534617675423887 0.49522933058549007
33.514180770097582 30.368863636363635 -0.66348294233270455 2.0836972540382379 -0.13196789826520039 -1.0631979978733825 0.039722985578014493 0 -0.065983949132600195 -0.023240972965705219 0.024918115218942574 -0.13320136089171136 0.56459417267275447
32.895377636324241 30.368863636363638 -0.53852825979672359 1.6517136508992785 -0.079691688042886621 -1.0370499991965312 0.064953731296679695 0 -0.039845844021443311 -0.014766249328437746 0.01567334657356725 -0.062191452357110107 0.61284597582300515
32.423591197539977 30.368863636363635 -0.4078492671558675 1.2955915700100427 -0.00029727394942935526 -0.99411837871552167 0.10966276965977111 0 -0.00014863697471467763 -5.7274901499375429e-05 6.041751074879911e-05 -0.00017364791319227283 0.64317588603954723
32.079074901977478 30.368863636363635 -0.26818196773156755 1.0274339427561927 0.12859619401288591 -0.90953335839119398 0.21012585743013631 0 0.064298097006442956 0.027170941785900175 -0.028544363387288274 0.053020310610803117 0.65842399362840132
31.874527272560684 30.368863636363638 -0.097564544510308507 0.89253857004541515 0.48292366608925841 -0.43619778633956457 0.57167108121996613 0 0.2414618330446292 0.13627297985432654 -0.14275109556234272 0.086591474884089012 0.66325229990170842
31.874527272560684 30.368863636363638 0.097564544510307438 0.89253857004539139 0.14717088865953776 0.73500709778443962 0.55910077584184892 0 0.073585444329768879 0.041529162792649565 -0.043503367232263446 -0.026388734294657212 0.63182255401810883
32.079074901977478 30.368863636363635 0.26818196773156744 1.0274339427562023 -0.22380292906566179 1.0887103162149188 0.19624672336850194 0 -0.1119014645328309 -0.047287063227919264 0.049677303309222959 0.092274121374696275 0.57444549747341023
32.42359119753997 30.368863636363635 0.40784926715586828 1.29559157001 -0.23558841383095364 1.1071913154833617 0.098568781818467857 0 -0.11779420691547682 -0.045390129954082932 0.0478806351927136 0.13761527544727847 0.51615846715942926
32.895377636324234 30.368863636363638 0.53852825979672314 1.6517136508992691 -0.26001604797354072 1.1211095129444835 0.055942005317325655 0 -0.13000802398677036 -0.048178949248835479 0.051138603468724973 0.20291671636981812 0.44461576102281486
33.514180770097575 30.368863636363635 0.663482942332704 2.0836972540382477 -0.27549355730035074 1.1289146117423348 0.032331976354754446 0 -0.13774677865017537 -0.048517392499322368 0.052018561279888659 0.27806850932460636 0.35505446251471917
34.300512557287661 30.368863636363635 0.77937894917163808 2.573331335146019 -0.28662062319996351 1.1341512962528446 0.017929316996353205 0 -0.14331031159998175 -0.045599063522209972 0.049748982439807264 0.36255768926461929 0.2439482937251726
35.26706671723904 30.368863636363642 0.87741539420912862 3.0842336556277949 -0.29510086200374097 1.1379957144245547 0.0081618597812238968 0 -0.14755043100187049 -0.036727097302359506 0.04163106318858726 0.45168106671950103 0.10781031583612274
36.410902151933087 30.368863636363645 0.94402117899211424 3.5622780565364338 -0.29725843178389222 1.1389706872225431 0.0020507149240990607 0 -0.14862921589194611 -0.020268867012256171 0.025986950772591291 0.52843188258440765 -0.052478962731515144
37.706681820678398 30.368863636363645 0.96123553085474733 3.9403069410892697 -0.28410418926947711 1.1331830871352895 -0.00052943367104479866 0 -0.14205209463473856 0.0052267817192932185 0.0011917568830106793 0.5597031811702291 -0.23181598144402682
39.104521995981642 30.368863636363642 0.91501977563731784 4.1559342350715509 -0.24440295638835008 1.1155275532277684 0.0011110256605858593 0 -0.12220147819417504 0.028172611494387417 -0.021670620203369715 0.50661602336460743 -0.41127243725720591
40.536060546828949 30.368863636363638 0.80981013744594044 4.1644694603804799 -0.18538575961626824 1.0887430570666898 0.0049310551960698411 0 -0.092692879808134121 0.035042322684679897 -0.02948709046461457 0.38329024829596625 -0.56601591941341656
41.927612909007792 30.368863636363638 0.66604243478462943 3.9599654616470055 -0.11978236070322801 1.0581619998636871 0.0086915331047128543 0 -0.059891180351614004 0.027165632639887981 -0.023406143195245782 0.23444054562473976 -0.68045500101321021
43.214390565542168 30.368863636363635 0.50887191357848205 3.5801575026118266 -0.05514568134951725 1.0271437303903523 0.011019912400214642 0 -0.027572840674758625 0.012561547458418636 -0.01089960733174705 0.09730405697397175 -0.7494495583999079
44.350944901835831 30.368863636363635 0.36108724868991821 3.0910373856222062 0.0029354798372920321 0.99846835117249921 0.011201422658697058 0 0.0014677399186460161 -0.00058605427949250642 0.00050886861287628834 -0.0044699553547549904 -0.7770574878002442
45.314927474267861 30.368863636363638 0.23796815439732216 2.5643828635003447 0.050532637264910418 0.97436016076972076 0.0094678318475533534 0 0.025266318632455209 -0.0079057734854224258 0.0068520798929806318 -0.063942299655117246 -0.77404217745571369
46.104582947653142 30.368863636363638 0.14506790416707083 2.0585676792571985 0.087010154993378497 0.95548105159617669 0.0067679426183878339 0 0.043505077496689248 -0.0097663678584394044 0.0084439330174914552 -0.088622681317623214 -0.75323362516829906
46.732923560435864 30.368863636363638 0.080533009325015101 1.6096418279036657 0.11366477820913545 0.94144608946726072 0.0038055771792327962 0 0.056832389104567727 -0.0084576274752367012 0.0072949083514572402 -0.090795401606751466 -0.72506531415478404
47.221283344218406 30.368863636363642 0.039189325044436889 1.2331136442104476 0.13188461950231556 0.9317265783397688 0.00098168882602641793 0 0.065942309751157779 -0.0059570560778050051 0.0051271956959675182 -0.08093361968879384 -0.69635201514085698
47.593854997583961 30.368863636363642 0.015076265710628567 0.93007768128647117 0.14402890764661913 0.92518608518944823 -0.0013416874464366843 0 0.072014453823309565 -0.0035392006649361749 0.0030409893203300984 -0.066816298438729341 -0.67082390538047088
47.874027940191553 30.368863636363642 0.0032901155047280043 0.69330884616412536 0.15230181474678051 0.92069934439222267 -0.0033018917230749939 0 0.076150907373390253 -0.0014492905666457275 0.0012433156808130843 -0.052761554734492816 -0.64970389075528889
50.35930789493051 33.261136363636361 -0.0031785805262706758 0.66980566303571742 0.15767237791979316 -0.91778378389767512 -0.00074033416265086006 0 0.07883618895989658 -0.0014495329040750127 0.0012435235769609064 0.052770377050618524 -0.11616186263727393
50.088632820429112 33.261136363636361 -0.014565180015054996 0.89854803012470941 0.1499345658872594 -0.9219898252314358 0.00044303774901762729 0 0.074967282943629698 -0.0035594210138595009 0.0030583632617791892 0.067198036858248766 -0.13777371785486262
49.728691353229422 33.261136363636361 -0.037860806176845382 1.1913110681171148 0.13858505489364237 -0.92812198032414628 0.0021294941987855384 0 0.069292527446821184 -0.0060475018436644502 0.0052050417218192499 0.082162431894174992 -0.16453583146183687
49.256886975445639 33.261136363636361 -0.077802938770574565 1.5550749391907015 0.12091167381684609 -0.93758704513731717 0.0043426920024654328 0 0.060455836908423044 -0.008691864557842403 0.0074969435031737794 0.093310013422965216 -0.19541096324383606
48.649847121438668 33.261136363636361 -0.1401500994447539 1.9887821956081044 0.095624656645896922 -0.9509625047036413 0.0067570705102163149 0 0.047812328322948461 -0.010369435112955959 0.0089653407277058735 0.0940950777995892 -0.2273283781251364
47.886960983684972 33.261136363636368 -0.22990102941764068 2.4774502354434729 0.061520698821762254 -0.96870963738812821 0.0089966443521387277 0 0.030760349410881127 -0.0092985608200542649 0.0080592343995480962 0.07520723473972378 -0.25445185664265824
46.955657438872166 33.261136363636368 -0.34884638406192564 2.9862511592053043 0.017547886689434966 -0.99113247969123763 0.010417341871297833 0 0.0087739433447174831 -0.0033845866321640951 0.0029388231857301913 0.025814931601855568 -0.26760258845528423
45.857632316289056 33.261136363636361 -0.49162114598781892 3.4587900948859414 -0.035265480966191642 -1.0174291576884249 0.010168089870466579 0 -0.017632740483095821 0.0077607469221830901 -0.0067339708211004963 -0.060116173041290549 -0.25534321397231374
44.614476446890912 33.261136363636361 -0.64346358352284339 3.8257225568548625 -0.092653119846325627 -1.0452692949863336 0.0080759398895058742 0 -0.046326559923162813 0.020300609467240816 -0.017491180067101177 -0.17519510858092627 -0.20810430895167603
43.270097736371042 33.261136363636361 -0.7823575583177188 4.0232938661248339 -0.14875207447701433 -1.0717874108752417 0.0048806112691205461 0 -0.074376037238507164 0.027164493906767954 -0.022858127769154097 -0.29712315898829789 -0.12245140762188965
41.887088369742372 33.261136363636361 -0.88400058776471813 4.0150479851169028 -0.19581702844487103 -1.0935323742642815 0.0019937103085016202 0 -0.097908514222435516 0.021806862270381231 -0.016774029989472916 -0.39214347763540353 -0.003299879157597991
40.536635003083113 33.261136363636361 -0.92864962799747386 3.8067304605195558 -0.22138965035171343 -1.1051637492272393 0.00165461346096791 0 -0.11069482517585671 0.0039349218706678148 0.0008972003185382495 -0.42136603496177694 0.13503553632495371
39.284782289859962 33.261136363636361 -0.91201884299180813 3.4415167623739773 -0.21901067184442025 -1.1040739626150347 0.0055997249892503608 0 -0.10950533592221012 -0.014427219584596708 0.018497306480109256 -0.3761336438261208 0.27000491867090987
38.179722898251327 33.261136363636361 -0.84767099558525416 2.9796780757877293 -0.19928048962563194 -1.0950405895806676 0.012907238142053187 0 -0.09964024481281597 -0.023960892051614141 0.027160257257564109 -0.29467837309126982 0.38479999041341023
37.245934942785183 33.261136363636361 -0.75295798790720425 2.4860953537293615 -0.16944783876156611 -1.0811461011863353 0.023894489974733438 0 -0.084723919380783053 -0.026043934538897893 0.028414163405089347 -0.20707505804768636 0.47552898790157977
36.486259818201184 33.261136363636361 -0.64099085791392896 2.0130598773239972 -0.13110175320362893 -1.0627952660965598 0.039597671224095271 0 -0.065550876601814467 -0.022305737057418517 0.023915389724017244 -0.12784122833949851 0.54225353995162795
35.888434122482991 33.261136363636361 -0.52027214150277301 1.5957205265831316 -0.078652850601362179 -1.0365577427548736 0.064814323542591631 0 -0.039326425300681089 -0.014079710067916723 0.014944632901789823 -0.059299934493481588 0.58861109508434917
35.432641252985469 33.261136363636361 -0.39402316920864172 1.2516709910386026 0.0010401193904781003 -0.99346238039292745 0.10950972264388334 0 0.00052005969523905016 0.00019360330386048485 -0.00020422609879340331 0.00058697280697843639 0.61765492181093229
35.099804066423417 33.261136363636361 -0.25909059390271788 0.99260391247093871 0.13047382751273584 -0.90853912585472507 0.20995911334923337 0 0.06523691375636792 0.026633120442917321 -0.027979356551216434 0.051970827126470526 0.63212032546975405
34.90219060555107 33.261136363636361 -0.094257104587753812 0.8622814954718121 0.48440810767029507 -0.43473193236804158 0.5714893168811237 0 0.24220405383514754 0.13205800762019859 -0.13833575288157213 0.083913169450841082 0.63648223700308737
34.90219060555107 33.261136363636361 0.094257104587752785 0.86228149547178301 0.14542074261816895 0.7363456754180745 0.55890455685647322 0 0.072710371309084476 0.039644203374637359 -0.041528801017453779 -0.025190980959573134 0.60580164532161285
35.099804066423417 33.261136363636361 0.25909059390271771 0.99260391247097923 -0.22524737931572636 1.089410415620913 0.19604164264868798 0 -0.11262368965786318 -0.045978880953591962 0.048302995767384761 0.089721385769616011 0.55014441920188395
35.432641252985469 33.261136363636361 0.3940231692086425 1.2516709910385679 -0.23642357665999891 1.1075871016798498 0.098358471177774881 0 -0.11821178832999946 -0.044006857261690763 0.046421463887774003 0.13342142421189632 0.49366971431116163
35.888434122482991 33.261136363636361 0.52027214150277268 1.5957205265831247 -0.26062495526733076 1.1213916965210715 0.055728074082311591 0 -0.13031247763366538 -0.046654682933567497 0.04952070079769276 0.19649691850394976 0.42440233393030491
36.486259818201177 33.261136363636361 0.64099085791392851 2.0130598773240074 -0.27592089707631295 1.129110027403228 0.032116087772249842 0 -0.13796044853815648 -0.046945359832616967 0.050333085754629581 0.26905869330354593 0.33773252373100143
37.24593494278519 33.261136363636361 0.75295798790720414 2.4860953537294068 -0.28685517609811839 1.1342580724947975 0.017714431362737402 0 -0.1434275880490592 -0.044089304903769277 0.04810182240634378 0.35055361387867656 0.23028315736649066
38.179722898251327 33.261136363636368 0.84767099558525438 2.9796780757876693 -0.29520304851825618 1.1380421049612999 0.0079508397990271963 0 -0.14760152425912809 -0.035494334604161716 0.040233696515074011 0.43652017431490836 0.098701436414769125
39.284782289859976 33.261136363636368 0.91201884299180858 3.4415167623740386 -0.29730098942396221 1.138989719589405 0.0018461022753022923 0 -0.14865049471198111 -0.019584555496840607 0.025109586998214112 0.5105911210782712 -0.056184127861857731
40.536635003083127 33.261136363636368 0.92864962799747386 3.8067304605195025 -0.28411020018177657 1.133185630962861 -0.00072523174181714581 0 -0.14205510009088829 0.0050497005555549526 0.0011513806616434033 0.54074067307394202 -0.22945389759739729
41.887088369742372 33.261136363636368 0.8840005877647179 4.0150479851169258 -0.24437651975029673 1.1155158730625436 0.00092557863409988526 0 -0.12218825987514836 0.027214615351034782 -0.020933721155760043 0.48938878844389305 -0.40281961995264831
43.270097736371049 33.261136363636361 0.78235755831771814 4.023293866124849 -0.18533280977577316 1.0887195177176934 0.0047562081878647737 0 -0.092666404887886578 0.033844717793540167 -0.028479340947447449 0.3701909374935427 -0.55229201195619038
44.614476446890919 33.261136363636361 0.64346358352284272 3.8257225568548261 -0.11970812137161468 1.0581282621006896 0.0085265652750053777 0 -0.059854060685807342 0.026228451087808306 -0.022598659493367684 0.2263526296416476 -0.66281280140842158
45.857632316289056 33.261136363636361 0.49162114598781848 3.4587900948859414 -0.055054216423199742 1.0271008711702347 0.010863556717044077 0 -0.027527108211599871 0.012115582403913907 -0.010512645136693186 0.093849529638419915 -0.72942035630783209
46.955657438872166 33.261136363636361 0.34884638406192536 2.9862511592053469 0.0030377764241142913 0.99841878575957976 0.011052231369821376 0 0.0015188882120571456 -0.00058591770385380308 0.00050875002478939838 -0.0044689136645414511 -0.75604054939569532
47.886960983684972 33.261136363636361 0.22990102941764062 2.4774502354434662 0.050638668256654751 0.9743071322371466 0.0093243667437878566 0 0.025319334128327375 -0.00765379369300159 0.0066336843530289931 -0.061904274226775323 -0.75307872612275184
48.649847121438683 33.261136363636361 0.14015009944475373 1.9887821956081111 0.087116002038868046 0.95542663555341401 0.0066288789561828338 0 0.043558001019434023 -0.0094467657414688995 0.008167607273154933 -0.085722524680962739 -0.7329341443383115
49.256886975445653 33.261136363636361 0.077802938770574259 1.5550749391907397 0.11377049484693547 0.94139048104075407 0.0036697900378808053 0 0.056885247423467733 -0.0081785132954673347 0.0070541656175201707 -0.087799019451057642 -0.70568730610469133
49.728691353229429 33.261136363636368 0.037860806176845098 1.1913110681170882 0.13199313528154255 0.93166847383400253 0.00084828195663740058 0 0.065996567640771275 -0.0057598471175610193 0.0049574593498659184 -0.07825430380203019 -0.67792075693572529
50.088632820429112 33.261136363636368 0.014565180015054937 0.89854803012471207 0.144144621570092 0.92512334723432199 -0.0014733743150047531 0 0.072072310785046001 -0.0034219687235911428 0.0029402600553399107 -0.064603085591809314 -0.65323658166074039
50.35930789493051 33.261136363636368 0.003178580526270704 0.66980566303573519 0.15242535569131965 0.92063177408325603 -0.0034323253046507247 0 0.076212677845659826 -0.0014012953404070614 0.0012021415927730235 -0.051014284163314196 -0.63281488473756398
52.844587849669466 36.153409090909086 -0.0030670455478133763 0.64630247990733924 0.15781274486936303 -0.91770734433639067 -0.00069662162345447524 0 0.078906372434681515 -0.0013999145961011913 0.0012009570814775043 0.050964018041430872 -0.11250743313857889
52.583410643274263 36.153409090909086 -0.014054094319481365 0.86701837896298217 0.15008686983843034 -0.92190720488744438 0.00048552877284451477 0 0.075043434919215168 -0.0034380113094649926 0.0029540443351622407 0.064905952342512133 -0.13338172774047116
52.236099362240445 36.153409090909086 -0.036532287309253592 1.1495084920237353 0.13875177741360489 -0.9280320644905703 0.0021702220543319568 0 0.069375888706802447 -0.005842317751787277 0.0050284412367787943 0.079374764455547003 -0.15923495769838855
51.780850390455427 36.153409090909086 -0.075072868216133723 1.5005080504777659 0.12109539737950181 -0.93748888538493957 0.0043809131698576221 0 0.060547698689750906 -0.0083996146228300129 0.0072448708624861507 0.090172614631556458 -0.18906968312884123
51.195111295224208 36.153409090909086 -0.13523229472243681 1.9189967119590086 0.09582993547122054 -0.95085431912801366 0.0067917835935039951 0 0.04791496773561027 -0.010027055356251816 0.0086693215961249175 0.090988230657662941 -0.2199280157955702
50.458994493102082 36.153409090909093 -0.22183390443795911 2.3905176073865944 0.061750575675600272 -0.96859070033032546 0.0090266027944858815 0 0.030875287837800136 -0.0090058040651652647 0.0078054967131081284 0.072839403156680332 -0.24618439223660843
49.560369975908493 36.153409090909093 -0.3366055194339328 2.8814649327884401 0.017803007693867445 -0.99100351962633837 0.010441091625982842 0 0.0089015038469337227 -0.0033133033546531758 0.0028769281978125783 0.025271239525602174 -0.25898665721909525
48.500874067035937 36.153409090909086 -0.47437037839715546 3.3374226871600867 -0.034983905169332363 -1.01729061285796 0.010184014945421434 0 -0.017491952584666182 0.0074286347301233289 -0.0064457983251942613 -0.057543570918430216 -0.24730058480381784
47.301339984774039 36.153409090909086 -0.62088473226105667 3.691479652062724 -0.09233861075702765 -1.0451187909800381 0.0080822953083260658 0 -0.046169305378513825 0.01952177812471443 -0.016820132270432091 -0.16847376152776039 -0.20189296150469452
46.004134925913142 36.153409090909086 -0.75490497918949639 3.8821182718692002 -0.14839316860481722 -1.0716199870628025 0.0048756468633583908 0 -0.074196584302408608 0.026148061802540451 -0.02200282985759185 -0.28600550228754062 -0.11945139047721642
44.669654743503116 36.153409090909086 -0.85298139989211808 3.8741617351623199 -0.19540266890493485 -1.0933429309670508 0.001975907212784555 0 -0.097701334452467425 0.020997143839315117 -0.016151187460486941 -0.37758265739786689 -0.0047180548596021908
43.366588185487856 36.153409090909086 -0.89606372514020038 3.673153979949825 -0.22091010081416984 -1.1049468162943135 0.0016229526273664494 0 -0.11045505040708492 0.0037886229040446509 0.00086384273641331648 -0.4056997987540068 0.12850079225853051
42.158662427786844 36.153409090909086 -0.88001650699150247 3.320755468211579 -0.21845352265181361 -1.1038218498225136 0.0055539631091442122 0 -0.10922676132590681 -0.013885560786312715 0.01780283941798708 -0.36201199714885307 0.25845458968922908
41.092379079263623 36.153409090909086 -0.81792659696137981 2.8751224959476462 -0.19864227809294532 -1.0947498419681301 0.012847630275636401 0 -0.099321139046472662 -0.023046070997837436 0.026123285215300784 -0.28342762419528084 0.36893273792167919
40.191357328282727 36.153409090909086 -0.72653702664277031 2.3988593723127503 -0.16875899720728937 -1.0808290992193184 0.023821324229481949 0 -0.084379498603644687 -0.02502790538268778 0.027305666590763132 -0.19899662058325202 0.45619915901756752
39.458338866304793 36.153409090909086 -0.61849877349515348 1.9424225006098044 -0.13035731419188035 -1.0624481754705095 0.039511879622029955 0 -0.065178657095940173 -0.021400823739264354 0.022945174993412296 -0.12265488413415714 0.52034203909864463
38.881490608641755 36.153409090909086 -0.50201602320882255 1.5397274022670162 -0.077756667216594577 -1.0361314273127944 0.064717328060930099 0 -0.038878333608297289 -0.013430862083265478 0.014255925897675105 -0.056567162099700238 0.56485804799289285
38.441691308430968 36.153409090909086 -0.38019707126141594 1.207750412067174 0.0022010617933115872 -0.99288979522303822 0.10940197780955135 0 0.0011005308966557936 0.00039532002488368501 -0.00041701078879875542 0.0011985441365607121 0.59266653646325929
38.120533230869349 36.153409090909086 -0.2499992200738681 0.95777388218568826 0.13211499546568439 -0.90766288763049363 0.20984062274161658 0 0.066057497732842196 0.026021826192470288 -0.027337162940159015 0.050777971490892485 0.60639992130627085
37.929853938541449 36.153409090909086 -0.090949664665199118 0.8320244208982075 0.48569634152743246 -0.43341951673396539 0.57135906485034738 0 0.24284817076371623 0.12776302231143249 -0.13383659348177068 0.081184021582431043 0.61035052879383711
37.929853938541449 36.153409090909086 0.090949664665198132 0.8320244208981854 0.14378661521071323 0.73756177282426028 0.55876293368263175 0 0.071893307605356616 0.037823246659587223 -0.039621280052381365 -0.024033896643777249 0.58047148275264726
38.120533230869349 36.153409090909086 0.24999922007386802 0.95777388218572601 -0.22661795673059681 1.0900660172721255 0.19589291645968973 0 -0.11330897836529841 -0.044635456114202963 0.046891664238975041 0.087099879204702205 0.52656556112365149
38.441691308430961 36.153409090909086 0.38019707126141672 1.2077504120671367 -0.23724423439845577 1.1079710908363707 0.098205378006087557 0 -0.11862211719922788 -0.042610069799448973 0.044948036272805587 0.12918659845677558 0.47192109076202926
38.881490608641741 36.153409090909086 0.50201602320882222 1.539727402267002 -0.26124433618135279 1.1216755866331181 0.055571706223610198 0 -0.13062216809067639 -0.045124576128143634 0.04789659885260391 0.19005252207164033 0.40494088830567043
39.458338866304786 36.153409090909086 0.61849877349515292 1.9424225006098457 -0.2763792701941381 1.1293174872420872 0.031957521858808263 0 -0.13818963509706905 -0.045373319351340827 0.04864760185087548 0.26004883249471855 0.32116821091994191
40.191357328282734 36.153409090909086 0.72653702664277009 2.3988593723128027 -0.28713540115962766 1.1343840598760997 0.017555792737593036 0 -0.14356770057981383 -0.042583789730726171 0.046459292009417834 0.33858327808382754 0.21737032923255106
41.092379079263623 36.153409090909093 0.81792659696138004 2.8751224959475974 -0.29535686504240055 1.1381107679223708 0.0077939066938326517 0 -0.14767843252120028 -0.03426669965132452 0.038842142266358445 0.42142234448984267 0.090329775296682027
42.158662427786851 36.153409090909093 0.8800165069915028 3.3207554682116407 -0.29740002908171115 1.1390334348309676 0.0016921639633341486 0 -0.14870001454085557 -0.018903637403216933 0.024236573969490534 0.49283882984848454 -0.05917507686908649
43.366588185487863 36.153409090909093 0.89606372514020038 3.6731539799497774 -0.28417587346886442 1.1332145022671363 -0.00087482587470315092 0 -0.14208793673443221 0.0048736351078250972 0.0011112360333690148 0.52188693161678101 -0.22640815167183759
44.669654743503116 36.153409090909093 0.85298139989211774 3.8741617351623141 -0.24440822405434215 1.11553019398083 0.00078126271767167297 0 -0.12220411202717107 0.026263073399868647 -0.020201786729468034 0.47227761650087169 -0.39371842067372326
46.004134925913149 36.153409090909086 0.75490497918949584 3.8821182718692104 -0.18533292210567431 1.0887201672538833 0.0046173066121631603 0 -0.092666461052837157 0.032657141476439125 -0.027480030182259429 0.35720131846777242 -0.53795536333312599
47.301339984774032 36.153409090909086 0.62088473226105612 3.6914796520626729 -0.11968078507614144 1.0581164154470903 0.0083926418690345814 0 -0.059840392538070719 0.025302327086074855 -0.021800703072161455 0.21836014078041724 -0.64459070427982512
48.50087406703593 36.153409090909086 0.47437037839715501 3.3374226871600654 -0.055003917667470592 1.0270777478991289 0.01073393860257657 0 -0.027501958833735296 0.011679771343412013 -0.010134493523922046 0.090473657007971289 -0.70883973581618176
49.560369975908493 36.153409090909086 0.33660551943393247 2.8814649327884965 0.0031035444800099343 0.99838723601833168 0.010926228794333618 0 0.0015517722400049672 -0.00057759815160189892 0.00050152619047520546 -0.0044054587450248544 -0.73449593524066004
50.458994493102082 36.153409090909086 0.22183390443795906 2.3905176073865659 0.050711794997050919 0.97427077384344252 0.0092013171583611199 0 0.025355897498525459 -0.0073958903951841922 0.0064101548015478597 -0.059818339184303716 -0.7316067235038709
51.195111295224216 36.153409090909086 0.1352322947224367 1.9189967119590006 0.087191926397132025 0.95538773152485734 0.0065081529372855718 0 0.043595963198566012 -0.0091232271868203069 0.0078878781124651822 -0.08278664773692497 -0.7121409728459458
51.780850390455441 36.153409090909086 0.075072868216133432 1.5005080504777859 0.11384893648498229 0.94134927372568011 0.0035508268265611658 0 0.056924468242491144 -0.0078969738932024806 0.0068113310704962593 -0.084776601737389878 -0.68582680035608534
52.236099362240452 36.153409090909093 0.036532287309253314 1.1495084920236773 0.13207664227278637 0.93162375663384644 0.00073061799406781355 0 0.066038321136393185 -0.0055612528079304622 0.0047865306434239181 -0.075556166312962109 -0.65901522862256723
52.583410643274263 36.153409090909093 0.014054094319481307 0.86701837896297196 0.14423700425638875 0.92507322272110937 -0.0015900779830075587 0 0.072118502128194373 -0.0033040095540044874 0.0028389059336304838 -0.062376143458584152 -0.63518101321222387
52.844587849669466 36.153409090909093 0.0030670455478134036 0.64630247990738454 0.15252675633394541 0.92057626149874361 -0.0035482997409148629 0 0.076263378166972706 -0.0013530240074375868 0.0011607306386166041 -0.049256961901520999 -0.61546209735901725
55.32986780440843 39.045681818181812 -0.0029555105693560768 0.62279929677897627 0.15793829616725619 -0.91763898441734471 -0.00063095978316097937 0 0.078969148083628093 -0.0013500790799943524 0.001158204247737297 0.049149751550429208 -0.10905134933520393
55.078188466119414 39.045681818181805 -0.013543008623907733 0.83548872780124017 0.15022218186396186 -0.92183377856358728 0.00055030465857056651 0 0.075111090931980928 -0.0033159727843898559 0.0028491851066084336 0.062601996369280433 -0.12918439562076445
54.743507371251468 39.045681818181805 -0.035203768441661801 1.1077059159303546 0.13889883183125151 -0.9279526814806548 0.0022336296942435004 0 0.069449415915625756 -0.0056358250483762359 0.0048507144391207319 0.076569317988684202 -0.15412321408880617
54.304813805465216 39.045681818181812 -0.072342797661692895 1.4459411617648392 0.12125646172913807 -0.93740269066678983 0.0044422743639530261 0 0.060628230864569033 -0.0081049232525614197 0.0069906924248133509 0.087009006232875094 -0.18290942435386109
53.740375469009749 39.045681818181812 -0.13031449000011974 1.8492112283098816 0.096009363691442862 -0.950759544660842 0.0068501492586343317 0 0.048004681845721431 -0.0096805069124588274 0.0083696982469823791 0.087843555713963031 -0.21269698319008393
53.031028002519193 39.045681818181819 -0.21376677945827754 2.3035849793296652 0.061951336831782888 -0.96848655290620234 0.0090807493126323427 0 0.030975668415891444 -0.0087065170896508358 0.0075460991638443145 0.07041875481575606 -0.23806997358271309
52.165082512944821 39.045681818181812 -0.3243646548059399 2.7766787063715137 0.018025350776881499 -0.99089082055594857 0.01048956438930479 0 0.0090126753884407496 -0.0032326883401744507 0.0028069304995954119 0.024656372390846292 -0.25050199173861559
51.144115817782819 39.045681818181805 -0.45711961080649194 3.2160552794341992 -0.034739640453189891 -1.0171701361169316 0.010225196577698823 0 -0.017369820226594945 0.0071085058924846654 -0.0061680237407029694 -0.055063794062934331 -0.23936118929130074
49.988203522657159 39.045681818181805 -0.59830588099927007 3.5572367472705189 -0.092066958127891674 -1.0449885709696294 0.0081144729184097712 0 -0.046033479063945837 0.018756513837314279 -0.016160773965380335 -0.16186949872764425 -0.19574992119750975
48.738172115455235 39.045681818181805 -0.7274524000612741 3.7409426776136065 -0.14808336441348002 -1.071475329772738 0.0048971524258933918 0 -0.074041682206740012 0.025144566841175501 -0.021158418173674275 -0.27502935106702192 -0.1164776759116076
47.452221117263846 39.045681818181812 -0.82196221201951802 3.7332754852076833 -0.19504388434893816 -1.0931788246198215 0.0019853845379639926 0 -0.097521942174469078 0.020196418471690628 -0.015535262474886961 -0.36318355557396048 -0.0061142667972788473
46.196541367892586 39.045681818181812 -0.8634778222829268 3.5395774993800457 -0.22049181685109986 -1.1047575270502243 0.001619653349589164 0 -0.11024590842554993 0.0036439346002528181 0.00083085240102214537 -0.39020603829878225 0.12204050497911072
45.032542565713726 39.045681818181805 -0.8480141709911968 3.1999941740491686 -0.21796292630168668 -1.1035996818655771 0.0055379136760750937 0 -0.10898146315084334 -0.013350554157483503 0.017116901179900598 -0.34806377992011239 0.24703236863379907
44.005035260275903 39.045681818181805 -0.78818219833750569 2.770566916107569 -0.19807991133541525 -1.0944932978678685 0.012819214396074207 0 -0.099039955667707624 -0.022145114615958465 0.025102029117783021 -0.27234738727145108 0.35324662464190243
43.136779713780257 39.045681818181805 -0.70011606537833637 2.3116233908961199 -0.16816001929104463 -1.0805528636112494 0.023780837507821465 0 -0.084080009645522313 -0.024032149006220638 0.026219287558810696 -0.19107937178390577 0.43710289166674371
42.430417914408395 39.045681818181805 -0.59600668907637799 1.8717851238956238 -0.12971464385811404 -1.0621476016097644 0.039460312375084058 0 -0.064857321929057021 -0.020520899098833104 0.022001752202696647 -0.11761175793799807 0.49871299072766861
41.874547094800505 39.045681818181812 -0.48375990491487203 1.4837342779508687 -0.076977017529246128 -1.0357589508616432 0.064656115250101343 0 -0.038488508764623064 -0.012812669487609517 0.013599757456697408 -0.053963501921336345 0.54143059767931478
41.45074136387646 39.045681818181805 -0.36637097331419022 1.1638298330957335 0.0032201152594626414 -0.99238424271160053 0.10933160365722445 0 0.0016100576297313207 0.00055731442862020503 -0.00058789364276757975 0.0016896840498781698 0.56804496258086679
41.141262395315287 39.045681818181805 -0.24090784624501843 0.92294385190045913 0.13356831779898204 -0.90688033493481268 0.20976115062027065 0 0.06678415889949102 0.025351368326225285 -0.026632815143871204 0.04946966629485311 0.58108733706065607
40.957517271531842 39.045681818181812 -0.087642224742644423 0.80176734632460145 0.48683004943484476 -0.43222787825954445 0.57126964895783461 0 0.24341502471742238 0.12340422042159793 -0.12927058380194831 0.078414322961533708 0.58467122840272656
40.957517271531842 39.045681818181812 0.087642224742643465 0.80176734632458813 0.14224402612968845 0.73868175050525864 0.5586638034997421 0 0.071122013064844225 0.036056757742339351 -0.037770816163608743 -0.022911422614998112 0.55563656130948325
41.141262395315287 39.045681818181805 0.24090784624501829 0.92294385190048611 -0.22792975373789415 1.0906864799948319 0.19578752793366863 0 -0.11396487686894707 -0.043261240649985093 0.045447985698416633 0.084418289021588849 0.50350846443285036
41.45074136387646 39.045681818181805 0.36637097331419094 1.1638298330957035 -0.23805165641790338 1.1083450931342771 0.098095927250187537 0 -0.11902582820895169 -0.041200271477478539 0.043460883906909054 0.12491232595305397 0.4507102694410508
41.874547094800498 39.045681818181812 0.4837599049148717 1.4837342779508829 -0.26186905432146346 1.1219596072942783 0.055458939058839751 0 -0.13093452716073173 -0.043587576522812435 0.046265180679852344 0.18357909502853817 0.38602913181116855
42.430417914408388 39.045681818181805 0.59600668907637733 1.8717851238956555 -0.27685856122871977 1.1295329312730451 0.031842085334382993 0 -0.13842928061435988 -0.043799114969911263 0.046959797893075882 0.25102656969025305 0.30516147105726932
43.136779713780264 39.045681818181805 0.70011606537833615 2.3116233908961541 -0.28744633192137914 1.1345228977364781 0.01743922111231571 0 -0.14372316596068957 -0.041079640149601623 0.044818251485378095 0.32662380009640646 0.20501495442957543
44.005035260275918 39.045681818181819 0.7881821983375058 2.7705669161074908 -0.29554221997339791 1.1381929886452853 0.007677276347202916 0 -0.14777110998669896 -0.033041292734037858 0.037453113550440315 0.4063519157268829 0.082509265718685873
45.03254256571374 39.045681818181819 0.84801417099119702 3.1999941740492241 -0.29753147378500877 1.1390913002773564 0.0015758862427990451 0 -0.14876573689250439 -0.018224246305193523 0.023365518719633913 0.47512634909055357 -0.061624895962772618
46.1965413678926 39.045681818181819 0.8634778222829268 3.5395774993800218 -0.28427542985029652 1.133258333032487 -0.00099018317758197121 0 -0.14213771492514826 0.0046980477081960507 0.0010712004046942271 0.50308438132412037 -0.22283537381535778
47.452221117263854 39.045681818181819 0.82196221201951769 3.7332754852076953 -0.24447231030201899 1.1155589921837721 0.0006672780124323094 0 -0.1222361551510095 0.025314636755118036 -0.019472240932144776 0.45522228595500941 -0.38410715444244753
48.738172115455242 39.045681818181812 0.72745240006127354 3.740942677613587 -0.1853612362337469 1.0887336424042797 0.0045046787740155997 0 -0.092680618116873448 0.031474352387269838 -0.026484747729474428 0.34426406177537799 -0.52312577998055698
49.988203522657159 39.045681818181812 0.5983058809992694 3.5572367472704989 -0.11967689527897774 1.0581154565678532 0.0082810537482515285 0 -0.059838447639488868 0.024381400102181885 -0.021007224446314331 0.21041250240046802 -0.62589110370672796
51.144115817782819 39.045681818181805 0.45711961080649149 3.2160552794342041 -0.054973153160396748 1.0270639236306633 0.01062308508785503 0 -0.027486576580198374 0.011248734243398345 -0.0097604842586530571 0.08713476435350638 -0.68779479516451691
52.165082512944821 39.045681818181805 0.32436465480593957 2.7766787063716194 0.0031523755339494253 0.9983639814756069 0.010815958497733147 0 0.0015761877669747126 -0.00056535086382450005 0.00049089191893950525 -0.0043120461866706641 -0.71249811979364353
53.0310280025192 39.045681818181812 0.21376677945827746 2.3035849793296546 0.050769606467160111 0.97424213469456689 0.0090915630456622973 0 0.025384803233580056 -0.0071350590470940943 0.0061840874548166596 -0.05770872192170682 -0.70969074874038429
53.740375469009749 39.045681818181812 0.1303144900001196 1.8492112283098943 0.087253752181719713 0.95535611296357437 0.0063988468813084643 0 0.043626876090859856 -0.0087976892946368766 0.0076064203385930763 -0.07983262825967892 -0.69091123915430508
54.30481380546523 39.045681818181812 0.072342797661692604 1.4459411617648499 0.11391446085485124 0.94131487430642324 0.003441882425558632 0 0.05695723042742562 -0.0076141753554368839 0.0065674104886349251 -0.081740666791637606 -0.66553546344663483
54.743507371251475 39.045681818181819 0.035203768441661537 1.1077059159302984 0.13214825582469825 0.93158539992407297 0.0006219514505643349 0 0.066074127912349123 -0.0053619201864914838 0.0046149664772721904 -0.072847997988807991 -0.63968317341332315
55.078188466119414 39.045681818181819 0.013543008623907679 0.83548872780124062 0.14431800837474518 0.92502924639025585 -0.0016985134471475985 0 0.072159004187372588 -0.0031856453030442281 0.0027372037536311719 -0.060141553825114401 -0.61670217251445636
55.32986780440843 39.045681818181819 0.0029555105693561032 0.62279929677900425 0.15261698237127075 0.92052683151171899 -0.0036565141493662672 0 0.076308491185635374 -0.0013045917307675887 0.0011191816142683245 -0.047493780469689884 -0.59768858242437539
57.815147759147379 41.937954545454538 -0.0028439755908987773 0.59929611365059443 0.15805864512459755 -0.91757347093806274 -0.0005294394003294066 0 0.079029322562298776 -0.0013001197686794389 0.0011153452127101041 0.047330978283628582 -0.10589770677810691
57.572966288964565 41.937954545454531 -0.013031922928334102 0.80395907663948718 0.15034870371965336 -0.92176508506534094 0.00065133311857170479 0 0.075174351859826682 -0.0031935221140810106 0.0027439717502803665 0.06029025953773124 -0.12528723829871255
57.250915380262491 41.937954545454531 -0.033875249574070003 1.0659033398369775 0.13903280757901171 -0.92788024343643483 0.0023337226336304744 0 0.069516403789505854 -0.0054283713585703258 0.0046721605273238685 0.073750815390336316 -0.149307768580588
56.828777220475004 41.937954545454538 -0.069612727107252054 1.3913742730519028 0.1213998300909549 -0.937325744478409 0.0045407760395516274 0 0.060699915045477448 -0.0078082811455101441 0.0067348314294622862 0.083824456035783784 -0.17703923903187285
56.285639642795289 41.937954545454538 -0.12539668527780265 1.7794257446607897 0.096166099558169571 -0.95067641836272976 0.0069460788105544799 0 0.048083049779084786 -0.009330391297226839 0.0080669907464818221 0.084666511285290166 -0.20574635677913414
55.603061511936303 41.937954545454545 -0.20569965447859595 2.2166523512727809 0.062124248877372557 -0.96839641243427288 0.009172758966474957 0 0.031062124438686278 -0.008401334435362175 0.0072815917208985149 0.067950421923844179 -0.2302216558729879
54.769795049981155 41.937954545454538 -0.312123790177947 2.671892479954646 0.018214408649323555 -0.99079449937248643 0.010575980517211172 0 0.0091072043246617773 -0.0031433195645553754 0.0027293319452036469 0.02397473853694395 -0.24226340057306212
53.787357568529707 41.937954545454531 -0.43986884321582842 3.0946878717083042 -0.034534672088193386 -1.0170685803413624 0.010304123960775215 0 -0.017267336044096693 0.0067998869575482349 -0.0059002362553565758 -0.052673175030709056 -0.23164127560139686
52.675067060540293 41.937954545454531 -0.57572702973748335 3.4229938424783461 -0.091841221924582328 -1.0448800147361708 0.0081839311777369833 0 -0.045920610962291164 0.018004428004363113 -0.015512770330253389 -0.15537896654048436 -0.18979263416528383
51.472209304997335 41.937954545454531 -0.6999998209330518 3.5997670833580111 -0.147826254394402 -1.0713550763475432 0.0049552778682884916 0 -0.073913127197201001 0.024153652090057903 -0.02032459236903672 -0.26419080122506283 -0.11364884604097807
50.234787491024591 41.937954545454538 -0.79094302414691797 3.5923892352531039 -0.1947439445493333 -1.0930415456619196 0.0020307649630178139 0 -0.097371972274666652 0.019404360458712116 -0.014926004494606673 -0.34894031508171031 -0.0076085186345702166
49.026494550297322 41.937954545454538 -0.83089191942565344 3.4060010188103069 -0.22013683689541419 -1.1045968082889828 0.0016516698236523661 0 -0.11006841844770709 0.0035007747469409769 0.00079821056715234304 -0.37487594999248808 0.115532462600546
47.906422703640615 41.937954545454531 -0.81601183499089114 3.079232879886785 -0.21753945964254262 -1.1034077131276268 0.0055568204041213732 0 -0.10876972982127131 -0.0128217721854445 0.016438943646877063 -0.33427784640975122 0.23561292060000119
46.917691441288198 41.937954545454531 -0.75843779971363134 2.6660113362674784 -0.19759307652312508 -1.0942707985730664 0.01282559602469713 0 -0.098796538261562539 -0.021257029270002541 0.024095362654327681 -0.26142544228089304 0.33761265729586704
46.082202099277787 41.937954545454531 -0.67369510411390232 2.2243874094794842 -0.16764932574926883 -1.0803166517152898 0.023775150387200707 0 -0.083824662874634415 -0.023054994266404651 0.02515320307730819 -0.18331002440796398 0.41810733163741765
45.402496962511997 41.937954545454531 -0.57351460465760229 1.8011477471814359 -0.12916976348131404 -1.0618916857695433 0.039443772319994672 0 -0.064584881740657019 -0.019663534728979297 0.021082517703170402 -0.11269793178222058 0.47722920593349671
44.867603580959262 41.937954545454538 -0.46550378662092151 1.4277411536347402 -0.076306927812805458 -1.0354370373064115 0.064630252876858071 0 -0.038153463906402729 -0.012221819335397111 0.012972611117590436 -0.051475000726875574 0.51818711129130346
44.459791419321959 41.937954545454531 -0.35254487536696444 1.1199092541242919 0.0041080232524387528 -0.99194059549920777 0.10929698874277551 0 0.0020540116262193764 0.00068415595417344304 -0.00072169481977336534 0.002074246321341624 0.54364401916124916
44.161991559761219 41.937954545454531 -0.23181647241616871 0.88811382161524843 0.13485001040018352 -0.90618341239692934 0.20971793603903602 0 0.067425005200091759 0.024628744925712192 -0.025873664979002394 0.048059567320304662 0.55603165681591959
43.98518060452222 41.937954545454538 -0.084334784820089714 0.77151027175098319 0.48782326359670325 -0.4311470728565811 0.57121706729622379 0 0.24391163179835162 0.11898945926886415 -0.12464595467978085 0.075609066337039149 0.55928831084606956
43.98518060452222 41.937954545454538 0.084334784820088798 0.77151027175099385 0.14078975761962798 0.73971216764097303 0.55860196152919561 0 0.070394878809813988 0.034341324778647542 -0.035973835315369095 -0.021821390896681087 0.53113653924744741
44.161991559761219 41.937954545454531 0.23181647241616857 0.88811382161525143 -0.22918041277793955 1.0912718659249265 0.19571951210512628 0 -0.11459020638896977 -0.041857067059371464 0.043972834724808722 0.081678239725085977 0.48081110130927318
44.459791419321952 41.937954545454531 0.3525448753669651 1.119909254124261 -0.23883873785160081 1.108706496005174 0.098023688808010684 0 -0.11941936892580041 -0.039776538385325973 0.041959032185706284 0.12059580555889998 0.42987527626538419
44.867603580959248 41.937954545454538 0.46550378662092118 1.4277411536347053 -0.26248907745167882 1.1222396357826856 0.05538300578719043 0 -0.13124453872583941 -0.042041976712775306 0.044624633988005702 0.17706944624697998 0.36750640661171885
45.402496962511989 41.937954545454531 0.57351460465760185 1.8011477471814836 -0.27734595513594451 1.1297508936997309 0.031762766261830611 0 -0.13867297756797226 -0.042220421202106888 0.045267180580555497 0.24197857679369339 0.28955462753512051
46.082202099277794 41.937954545454531 0.67369510411390221 2.2243874094795233 -0.28777234836095822 1.1346678207229499 0.017357562524438014 0 -0.14388617418047911 -0.039574211299926228 0.043175815268011328 0.31465415065777791 0.19306457181055039
46.917691441288198 41.937954545454545 0.75843779971363157 2.6660113362674149 -0.29574001995687715 1.1382804371657265 0.007593834517551178 0 -0.14787000997843858 -0.031815660604883576 0.036063829551361379 0.39127871723955115 0.0750951018809317
47.906422703640629 41.937954545454545 0.81601183499089136 3.0792328798868569 -0.29767296221765127 1.1391535195223381 0.0014903615404714527 0 -0.14883648110882564 -0.017544839513680285 0.022494443348971067 0.45741345918591436 -0.063667615943978836
49.026494550297336 41.937954545454545 0.83089191942565332 3.4060010188102723 -0.28438480204733452 1.1333065075752495 -0.0010779308536697514 0 -0.14219240102366726 0.0045224922255704568 0.0010311720534054707 0.48428524882261503 -0.21885601911187649
50.234787491024591 41.937954545454545 0.79094302414691775 3.592389235253115 -0.2445442130949842 1.1155912691925618 0.00057723159425542405 0 -0.1222721065474921 0.024366478094958479 -0.018742908963010688 0.43817195428716654 -0.37409098013710129
51.472209304997342 41.937954545454538 0.69999982093305124 3.5997670833579791 -0.18539323401916374 1.0887487166602037 0.0044120278697411339 0 -0.092696617009581872 0.030291802310044667 -0.025489666398255478 0.33132941937736593 -0.50789259807372489
52.675067060540286 41.937954545454538 0.5757270297374828 3.4229938424783448 -0.11967236729540143 1.0581140610811839 0.0081854161583839319 0 -0.059836183647700714 0.023460407820478212 -0.020213689559310927 0.20246430049767969 -0.606787955307727
53.7873575685297 41.937954545454531 0.43986884321582798 3.0946878717083202 -0.0549388138789908 1.0270482227548161 0.010524353432133184 0 -0.0274694069394954 0.010817468398277984 -0.0093862765121182166 0.083794099797373456 -0.66634548290213902
54.769795049981155 41.937954545454531 0.31212379017794667 2.671892479954737 0.0032059547873191097 0.99833824255251025 0.010714414115858443 0 0.0016029773936595548 -0.00055326201361109739 0.00048039521811395962 -0.0042198420638869666 -0.6900950977689625
55.603061511936311 41.937954545454538 0.20569965447859589 2.2166523512727507 0.050832204633064482 0.97421097131711787 0.008987698943182687 0 0.025416102316532241 -0.0068742618047924562 0.0059580496682022392 -0.055599380508469069 -0.68736914257688753
56.285639642795289 41.937954545454538 0.12539668527780254 1.7794257446608106 0.087320097881056991 0.95532209129832102 0.0062931706114951807 0 0.043660048940528495 -0.0084721194379895979 0.0073249349284701991 -0.076878318728184056 -0.66927581118485635
56.828777220475011 41.937954545454538 0.06961272710725179 1.3913742730518956 0.11398437613898393 0.94127812190973525 0.0033348275963888492 0 0.056992188069491967 -0.007331328671728316 0.0063234483797327623 -0.078704214983414053 -0.64483854731201729
57.250915380262498 41.937954545454545 0.033875249574069746 1.0659033398369124 0.13222408217651371 0.93154476744591719 0.0005138750999455809 0 0.066112041088256857 -0.0051625327366874229 0.004443355120737476 -0.070139084756770942 -0.61994572940824455
57.572966288964565 41.937954545454545 0.013031922928334048 0.80395907663950483 0.14440249774015657 0.92498337061309732 -0.0018073043675141966 0 0.072201248870078283 -0.0030672201253002709 0.0026354492234782288 -0.05790581395955751 -0.59781824914825343
57.815147759147379 41.937954545454545 0.0028439755908988024 0.59929611365061208 0.15270979379017602 0.92047597759002608 -0.0037657521837914107 0 0.076354896895088009 -0.0012561225083326535 0.0010776008949308345 -0.045729254023926878 -0.57951046998025746
60.30042771388635 44.830227272727271 -0.0027324406124414773 0.57579293052218583 0.15819030271705414 -0.91750180450693186 -0.00036879461714098012 0 0.079095151358527072 -0.0012501721824562694 0.0010724962363907818 0.045512631869858045 -0.10321589432930864
60.067744111809731 44.830227272727271 -0.012520837232760467 0.7724294254777665 0.15048026469277076 -0.92169359096458692 0.00081220812234125749 0 0.07524013234638538 -0.003070963490327394 0.0026386656370549987 0.057976484661361745 -0.12186167787134632
59.758323389273521 44.830227272727271 -0.032546730706478205 1.0241007637435842 0.13916441395592438 -0.92780890477836464 0.0024944454387973302 0 0.069582206977962191 -0.0052204184949289634 0.0044931769801655995 0.070925530927790359 -0.14496230394005552
59.352740635484793 44.830227272727271 -0.066882656552811198 1.3368073843389703 0.12153293904672946 -0.93725394867499534 0.0047007070106221543 0 0.06076646952336473 -0.0075102817663976308 0.0064777997541157787 0.080625335078482213 -0.1716352176013749
58.830903816580829 44.830227272727271 -0.12047888055548556 1.7096402610116854 0.096303803960866463 -0.95060282315529754 0.0071041289622042845 0 0.048151901980433232 -0.0089773088118978248 0.0077617181109450838 0.08146254466948076 -0.19925450816236964
58.175095021353428 44.830227272727271 -0.19763252949891438 2.1297197232158798 0.062268776769338285 -0.96832031139941777 0.0093272590827243769 0 0.031134388384669143 -0.0080906296869938908 0.0070122981770253719 0.065437426053033487 -0.22281948139947763
57.37450758701749 44.830227272727271 -0.2998829255499541 2.5671062535377867 0.018365392979105222 -0.99071670421736435 0.010724691397804598 0 0.0091826964895526109 -0.0030450789174284562 0.0026440299798723074 0.023225437112065893 -0.23445144829415504
56.430599319276595 44.830227272727271 -0.42261807562516485 2.9733204639824757 -0.034377708424546682 -1.016989981729524 0.010444399759150977 0 -0.017188854212273341 0.0065035150128344701 -0.0056430754372153768 -0.050377423437254869 -0.22432038612661592
55.36193059842342 44.830227272727271 -0.55314817847569664 3.2887509376861841 -0.091673424103523304 -1.0447986974082875 0.0083130017123285178 0 -0.045836712051761652 0.017266725916714656 -0.014877159854037918 -0.14901256667675222 -0.18419800606533937
54.206246494539442 44.830227272727271 -0.67254724180482939 3.4585914891023881 -0.14763635707507961 -1.0712659081443894 0.0050706136370463071 0 -0.073818178537539803 0.023176583750768625 -0.019502417915305884 -0.25350370237781295 -0.11113781809528417
53.017353864785335 44.830227272727271 -0.75992383627431792 3.4515029852984944 -0.19451874470736019 -1.0929383356004063 0.0021305591692831042 0 -0.097259372353680096 0.018621801648688974 -0.014324053384671709 -0.33486789469349731 -0.0093690071260645689
51.856447732702065 44.830227272727271 -0.79830601656837974 3.272424538240573 -0.2198612548721639 -1.1044719298156984 0.0017352582951455919 0 -0.10993062743608195 0.0033592708010466883 0.00076594629622050579 -0.35972318239692574 0.10881305985572
50.780302841567504 44.830227272727271 -0.78400949899058536 2.958471585724411 -0.21719888677921584 -1.1032530306194357 0.0056246962803515686 0 -0.10859944338960792 -0.012299642055161417 0.015769514517742785 -0.32066533380444945 0.22403651774397915
49.830347622300494 44.830227272727271 -0.728693401089757 2.561455756427403 -0.19719763440146321 -1.094089472090394 0.012878721304006142 0 -0.098598817200731603 -0.020382498316505758 0.023104060426284042 -0.25067019335112595 0.32187415291697258
49.02762448477533 44.830227272727271 -0.64727414284946838 2.1371514280628539 -0.16724262600761541 -1.0801275391095482 0.023814391967191924 0 -0.083621313003807707 -0.022097088373666918 0.024108119258567352 -0.17569372441893463 0.39905801862665291
48.374576010615613 44.830227272727271 -0.55102252023882681 1.7305103704672407 -0.12873806267525612 -1.0616873926686592 0.039470785698795093 0 -0.064369031337628058 -0.018829230049754012 0.020188006954617962 -0.1079162680009699 0.45573734633239205
47.860660067118026 44.830227272727271 -0.44724766832697094 1.371748029318606 -0.075762157912983463 -1.0351729083299614 0.064646792439167003 0 -0.037881078956491732 -0.011658672259944401 0.012374869667534986 -0.049103177406406143 0.49497495004753422
47.468841474767459 44.830227272727271 -0.33871877741973866 1.0759886751528631 0.0048481270140894317 -0.99156671279712838 0.10930382911228541 0 0.0024240635070447158 0.00077574873138785755 -0.00081831318937325838 0.0023519402886885746 0.51931139017427541
47.182720724207158 44.830227272727271 -0.22272509858731895 0.85328379133002463 0.13594007541654962 -0.90558234016153538 0.20971540184499476 0 0.067970037708274811 0.023854134855139309 -0.025059900350889418 0.046548023595848483 0.53108052971132014
47.012843937512613 44.830227272727271 -0.08102734489753502 0.74125319717738913 0.48866006417611463 -0.4301923482726282 0.57120441114505338 0 0.24433003208805731 0.114519039886055 -0.11996302145852716 0.072768442993208018 0.53404934220810729
47.012843937512613 44.830227272727271 0.081027344897534131 0.74125319717738014 0.13944512556977595 0.74063763758203338 0.55857923719659375 0 0.069722562784887976 0.032679408586345188 -0.034232915307326764 -0.020765365157910408 0.50681949765963752
47.182720724207165 44.830227272727271 0.22272509858731884 0.85328379133002619 -0.23034739279352867 1.0918117300055235 0.19568990524775329 0 -0.11517369639676434 -0.04042029368006101 0.042463436126579185 0.078874576478939015 0.45832290535122355
47.468841474767459 44.830227272727271 0.33871877741973933 1.075988675152822 -0.23958796968513441 1.1090473775035723 0.097989204188946868 0 -0.1197939848425672 -0.038336467464424213 0.040439946197517215 0.11622975160302661 0.40926745886498406
47.860660067118012 44.830227272727271 0.44724766832697066 1.3717480293185851 -0.26308732669448753 1.1225080673878873 0.055344063309425311 0 -0.13154366334724377 -0.040485236985973699 0.042972263049367333 0.17051287914599528 0.34922675001253106
48.374576010615606 44.830227272727271 0.55102252023882636 1.7305103704673033 -0.27782309741300293 1.1299632642510034 0.031719376668213679 0 -0.13891154870650146 -0.040634408391871615 0.043566716060310179 0.23288863615193187 0.27420578668981399
49.027624484775338 44.830227272727271 0.64727414284946816 2.1371514280628849 -0.28809327847755384 1.1348099546965531 0.017310262827615493 0 -0.14404663923877692 -0.03806459385592327 0.041528809257110569 0.30265119774834603 0.18138339144790991
49.830347622300501 44.830227272727271 0.72869340108975722 2.5614557564273177 -0.29592730955603708 1.1383630430971623 0.0075426564687257345 0 -0.14796365477801854 -0.030587273052953314 0.034671422213164396 0.37617163172083862 0.067959622633943895
50.780302841567519 44.830227272727285 0.78400949899058558 2.9584715857244834 -0.2977981620793837 1.1392085432221952 0.0014342694821556081 0 -0.14889908103969185 -0.016863856222175868 0.021621346729284265 0.43965946817494189 -0.065419992700339769
51.85644773270208 44.830227272727285 0.79830601656837974 3.2724245382405215 -0.28447512930830587 1.1333462974179471 -0.0011399286538847687 0 -0.14223756465415294 0.0043465093295545132 0.00099104624772186536 0.46544034730930284 -0.21457308248266693
53.017353864785335 44.830227272727271 0.7599238362743177 3.4515029852985197 -0.2445933101892146 1.1156133074146106 0.00050843745741679979 0 -0.1222966550946073 0.02341557423574846 -0.018011465362655497 0.42107225687888822 -0.36375689566738301
54.206246494539442 44.830227272727271 0.67254724180482883 3.4585914891023588 -0.18539688656931963 1.0887507015899374 0.0043354765296220671 0 -0.092698443284659815 0.029104392399227567 -0.024490495659092313 0.3183416204908156 -0.49232550061434627
55.36193059842342 44.830227272727271 0.5531481784756962 3.2887509376861739 -0.1196342025494157 1.0580966815275932 0.0081003141735836674 0 -0.059817101274707851 0.022533149665630255 -0.019414755942007016 0.19446202384764727 -0.5873332419192131
56.430599319276581 44.830227272727271 0.42261807562516451 2.9733204639824655 -0.054867799060073219 1.0270146067335708 0.010430561632153241 0 -0.02743389953003661 0.010379794676877989 -0.0090065086755139901 0.080403798653020941 -0.64452684213779177
57.37450758701749 44.830227272727271 0.29988292554995377 2.567106253537863 0.0032966028218455179 0.9982939296535962 0.010612596050696635 0 0.0016483014109227589 -0.00054659411662782607 0.00047460550953676582 -0.0041689846555063867 -0.66730680202750148
58.175095021353428 44.830227272727271 0.19763252949891433 2.1297197232158656 0.050930633909521683 0.97416144920445757 0.0088790187717627516 0 0.025465316954760842 -0.0066174561323436984 0.005735471448900342 -0.053522323116029266 -0.66464915867465446
58.830903816580829 44.830227272727271 0.12047888055548545 1.7096402610117267 0.08742060804466345 0.95527023027986435 0.0061789235625173298 0 0.043710304022331725 -0.0081492294453886036 0.0070457665099690411 -0.073948327012768877 -0.64723179028901079
59.352740635484807 44.830227272727271 0.066882656552810948 1.3368073843389701 0.11408691312536134 0.9412240661834711 0.0032162263122182729 0 0.057043456562680672 -0.0070501451717591181 0.0060809208070508229 -0.075685617997481316 -0.62372530702647289
59.758323389273528 44.830227272727271 0.032546730706477962 1.0241007637435389 0.13233089258117336 0.93148749523058949 0.00039197942447244654 0 0.066165446290586682 -0.0049640753655602349 0.0042725442762890928 -0.067442807738480312 -0.59978627683173302
60.067744111809731 44.830227272727278 0.012520837232760417 0.77242942547777305 0.14451556274410782 0.92492200004960579 -0.0019316004061819005 0 0.072257781372053909 -0.0029492373493451274 0.0025340748184559214 -0.055678426163510146 -0.57850833814890046
60.30042771388635 44.830227272727271 0.0027324406124415016 0.5757929305221946 0.15282872229558442 0.92041084974320275 -0.0038917064908691266 0 0.076414361147792209 -0.0012077998082854334 0.0010361458740463906 -0.043970061738998964 -0.56090382303283504
62.785707668625321 47.722500000000004 -0.0026209056339841774 0.55228974739378334 0.15837164166501772 -0.9174030447235697 -0.00010893533074412631 0 0.079185820832508858 -0.0012005162567489847 0.0010298974694505851 0.043704903383666414 -0.10128745059845472
62.562521934654896 47.722499999999997 -0.012009751537186834 0.74089977431602816 0.15064980534518324 -0.92160134591133813 0.0010741830509210883 0 0.07532490267259162 -0.0029489291226447887 0.0025338099806598451 0.05567260717522516 -0.11919346904472548
62.265731398284551 47.722499999999997 -0.031218211838886414 0.98229818765019861 0.13932020352955954 -0.92772419805158601 0.0027584089584605635 0 0.069660101764779769 -0.005012932739472572 0.0043145954696919842 0.068106592679834668 -0.14137729992152681
61.876704050494581 47.722500000000004 -0.064152585998370371 1.2822404956260378 0.12167547252588695 -0.93717653852033955 0.0049661978562648128 0 0.060837736262943476 -0.0072121694933423297 0.0062206707050118286 0.077425002167720261 -0.16699288725878431
61.376167990366369 47.722500000000004 -0.11556107583316848 1.6398547773625969 0.096433996219260742 -0.95053231781981806 0.007369976989361246 0 0.048216998109630371 -0.0086225066882040236 0.0074549586881628108 0.07824297358689386 -0.19352173526137398
60.747128530770553 47.722500000000011 -0.18956540451923279 2.0427870951589551 0.062386975745886253 -0.96825669775403322 0.0095912203899442862 0 0.031193487872943126 -0.0077751105992516622 0.0067388319562998924 0.062885491559524123 -0.21616714480773414
59.979220124053825 47.722500000000004 -0.28764206092196115 2.4623200271209358 0.018470315099517687 -0.9906609165802055 0.010983317392730804 0 0.0092351575497588434 -0.0029374689450948018 0.0025505926665222649 0.022404673935531586 -0.22737050877322243
59.073841070023484 47.722499999999997 -0.40536730803450133 2.8519530562565834 -0.034286379977971571 -1.0169424928392869 0.010693279935946704 0 -0.017143189988985785 0.0062214771437287845 -0.0053983522423932248 -0.04819270622983108 -0.21769972880201696
58.048794136306554 47.722499999999997 -0.53056932721391004 3.1545080328940003 -0.091589631531706184 -1.0447567056429898 0.008547370690057423 0 -0.045794815765853092 0.016546780538367892 -0.014256848711583848 -0.14279940795679605 -0.17925980383959883
56.940283684081543 47.722499999999997 -0.64509466267660698 3.3174158948467487 -0.14754648252581615 -1.0712229176005168 0.0052861454059274513 0 -0.073773241262908074 0.022217010164845549 -0.018694964785267207 -0.24300795980629064 -0.10922707701336573
55.799920238546072 47.722500000000004 -0.72890464840171765 3.3106167353438383 -0.19440581260552037 -1.0928862752400488 0.0023242197513853691 0 -0.097202906302760184 0.017851311847138594 -0.013731385862056897 -0.32101250612285548 -0.011664324389830076
54.686400915106802 47.722500000000004 -0.76572011371110615 3.1388480576708098 -0.21970517147085644 -1.1044009864844684 0.0019059178863360118 0 -0.10985258573542822 0.0032198618983063907 0.00073415971543014488 -0.3447947597962272 0.10162851994495345
53.654182979494394 47.722499999999997 -0.7520071629902797 2.8377102915620158 -0.2169823587189208 -1.103154127804455 0.0057731297329134523 0 -0.1084911793594604 -0.011785824135837791 0.015110742571216905 -0.30726952977408228 0.21206355115381142
52.743003803312789 47.722499999999997 -0.69894900246588276 2.4569001765872578 -0.19693577341168167 -1.093968281076465 0.01300666791633937 0 -0.098467886705840835 -0.019524547614588324 0.022131552318982027 -0.24011885342233705 0.30580404427559599
51.973046870272874 47.722499999999997 -0.62085318158503433 2.0499154466462288 -0.16698344540539733 -1.0800051415134919 0.023923622422609498 0 -0.083491722702698667 -0.02116226482681385 0.02308821848376174 -0.16826095192675092 0.37973846995451516
51.346655058719222 47.722499999999997 -0.5285304358200511 1.6598729937530683 -0.12846580358607307 -1.0615557036767131 0.039563765967251557 0 -0.064232901793036534 -0.01802244807027541 0.019323005031037625 -0.10329234550994568 0.43402950350531438
50.853716553276783 47.722500000000004 -0.42899155003302036 1.315754905002454 -0.075393848077677905 -1.0349900593165176 0.06472576916243894 0 -0.037696924038838953 -0.011128415198656177 0.01181203867980095 -0.046869877938772841 0.47159378151600673
50.477891530212965 47.722499999999997 -0.32489267947251288 1.0320680961814668 0.005382370733633568 -0.99128997840542288 0.10937005065072739 0 0.002691185366816784 0.00082607855097692636 -0.00087140454940014538 0.002504531876176165 0.49485334738334169
50.203449888653104 47.722499999999997 -0.2136337247584692 0.81845376104479262 0.13676533293131565 -0.9051140237071047 0.20976956680467043 0 0.068382666465657826 0.023019338717539233 -0.02418290740402268 0.044919035139687008 0.50604604607449499
50.040507270503014 47.722500000000004 -0.077719904974980311 0.71099612260379963 0.48928104843111597 -0.42941496089018705 0.57124578154465455 0 0.24464052421555799 0.10998409806498592 -0.11521249854517224 0.069886820376456465 0.50877241037082066
50.040507270503014 47.722500000000004 0.077719904974979451 0.71099612260378564 0.13826587407706747 0.74141165691338784 0.55860798500905573 0 0.069132937038533737 0.031080393369607048 -0.03255788644794301 -0.019749308371542342 0.48250977474194046
50.203449888653104 47.722499999999997 0.21363372475846909 0.81845376104479761 -0.23137953963373215 1.0922807031770656 0.19571000255670923 0 -0.11568976981686607 -0.038944108722435915 0.040912633795569607 0.07599400702392746 0.43587318109662371
50.477891530212958 47.722499999999997 0.32489267947251349 1.0320680961813822 -0.24026656121884704 1.1093520401797046 0.098003123256222013 0 -0.12013328060942352 -0.036875767679769592 0.038899099463086666 0.11180115438565212 0.38872032295574899
50.853716553276769 47.722500000000004 0.42899155003302009 1.315754905002454 -0.26363547761163941 1.1227518007532504 0.055352249430107005 0 -0.13181773880581971 -0.038913586861033758 0.04130406576021977 0.16389351347681233 0.33102819807183481
51.346655058719222 47.722499999999997 0.52853043582005066 1.6598729937530849 -0.27826131423902667 1.1301570946277142 0.031721533721914427 0 -0.13913065711951333 -0.039037237504838215 0.041854288261088196 0.22373474504576527 0.25895883102421741
51.973046870272881 47.722499999999997 0.62085318158503411 2.0499154466462595 -0.28837829423446459 1.1349355878349858 0.017306232984671401 0 -0.1441891471172323 -0.036546963191941242 0.039873060752192574 0.29058453180854088 0.16982352737024103
52.743003803312796 47.722500000000011 0.69894900246588276 2.4569001765872165 -0.29606982897587097 1.138425712518377 0.0075316699938780523 0 -0.14803491448793549 -0.029352866535824789 0.033272192230682576 0.3609905231286708 0.060965613961453016
53.654182979494408 47.722500000000011 0.75200716299027981 2.8377102915620496 -0.29786800513435008 1.1392392220626892 0.0014142306561157228 0 -0.14893400256717504 -0.016179287315951339 0.020743652951149195 0.42181199620444426 -0.067005289560594677
54.686400915106816 47.722500000000011 0.76572011371110615 3.1388480576707569 -0.28450227010856866 1.1333582390053529 -0.00117140396701939 0 -0.14225113505428433 0.0041694877429219596 0.00095068361051198972 0.44648421895055723 -0.21009196769076285
55.799920238546079 47.722500000000011 0.72890464840171743 3.3106167353438654 -0.24457036194863035 1.1156030421241321 0.0004629816543447649 0 -0.12228518097431518 0.02245767110148934 -0.017274637858457634 0.40384669450091815 -0.35318849887710413
56.94028368408155 47.722500000000004 0.64509466267660653 3.3174158948467189 -0.18531793354776749 1.0887146878124887 0.0042734165632050732 0 -0.092658966773883744 0.027904497232853841 -0.023480818942246576 0.30521725883286149 -0.47648295937448759
58.048794136306547 47.722500000000004 0.53056932721390948 3.1545080328939923 -0.11950378889223434 1.0580356687140868 0.0080195150083639533 0 -0.059751894446117171 0.021589812462764622 -0.018601968478362516 0.18632098434086866 -0.56755816526032166
59.07384107002347 47.722499999999997 0.40536730803450094 2.8519530562565785 -0.054698755011076461 1.0269333186434435 0.010330250289327776 0 -0.02734937750553823 0.0099254296986288435 -0.0086122578983221874 0.076884203963204695 -0.6223425404165368
59.979220124053825 47.722499999999997 0.28764206092196087 2.4623200271209726 0.0034865791120013423 0.99820003170145799 0.010493693306306739 0 0.0017432895560006711 -0.00055449610961902189 0.00048146677879644899 -0.0042292547654948446 -0.64411116919912093
60.747128530770553 47.722500000000004 0.18956540451923273 2.0427870951589582 0.051126761939585208 0.97406200324052084 0.0087436779148344461 0 0.025563380969792604 -0.0063717823136843011 0.0055225414128739171 -0.051535300725481833 -0.6414862623162193
61.376167990366376 47.722500000000004 0.11556107583316835 1.6398547773626173 0.087616014162101297 0.95516889962144946 0.0060298452590521294 0 0.043808007081050648 -0.0078340595404632705 0.0067732728250194853 -0.071088389475091385 -0.62471603308135959
61.876704050494595 47.722500000000004 0.064152585998370121 1.2822404956260376 0.1142811289108574 0.94112142198949267 0.0030561677993711216 0 0.0571405644554287 -0.0067738785351356863 0.0058426341479807277 -0.072719805150295663 -0.60211784069412388
62.265731398284558 47.722500000000011 0.031218211838886175 0.98229818765013455 0.13252564128549038 0.93138300863421986 0.00022347701970662839 0 0.06626282064274519 -0.0047684550351570704 0.0041041752525654753 -0.064785075258299948 -0.57911563920574871
62.562521934654896 47.722500000000011 0.012009751537186787 0.74089977431603748 0.14471144500830269 0.92481572118786426 -0.0021063797064685111 0 0.072355722504151343 -0.0028326873279868295 0.0024339314799483808 -0.053478087231820827 -0.5586748985363682
62.785707668625321 47.722500000000011 0.0026209056339842008 0.5522897473938112 0.15302540059243486 0.92030322534697495 -0.0040709732890569488 0 0.076512700296217429 -0.0011599897505345357 0.00099513063813006495 -0.042229532243441018 -0.54176508761590192
65.270987623364277 50.614772727272737 -0.0025093706555268775 0.52878656426540271 0.1587121620177856 -0.91721739004687042 0.00031205419652250474 0 0.079356081008892798 -0.0011518986392352142 0.00098818944511800256 0.041934974601577919 -0.1005875219454624
65.057299757500047 50.614772727272737 -0.011498665841613201 0.7093701231542886 0.15095525579486013 -0.92143501355956114 0.0015033268544253683 0 0.075477627897430066 -0.0028291594753009426 0.0024309002411582767 0.053411485171009944 -0.11776917473561332
64.773139407295574 50.614772727272737 -0.029889692971294617 0.94049561155680284 0.13958436698107546 -0.92758040804654951 0.0031968151528042354 0 0.069792183490537729 -0.004808703385047167 0.0041388167203695297 0.065331896473440551 -0.1390526540815453
64.40066746550437 50.614772727272737 -0.061422515443929529 1.2276736069130894 0.12189642259681388 -0.93705616654181501 0.0054146236382955418 0 0.06094821129840694 -0.006917788401746252 0.0059667598902019723 0.074264724712232222 -0.16362714681054089
63.921432164151916 50.614772727272737 -0.1106432711108514 1.5700692937134746 0.096606819449062797 -0.95043774293373462 0.0078279855624107698 0 0.048303409724531399 -0.0082703633550523462 0.0071504980369986801 0.075047529093672613 -0.1890783753654878
63.31916204018767 50.614772727272737 -0.18149827953955119 1.9558544671020628 0.062505954517470985 -0.9681905393582233 0.010056091674286578 0 0.031252977258735493 -0.0074584307946464956 0.0064643597208318112 0.060324169128754622 -0.21080828749783992
62.583932661090159 50.614772727272737 -0.2754011962939682 2.357533800704104 0.018530543410933853 -0.99062524234842697 0.011449271207657598 0 0.0092652717054669265 -0.002821633256458247 0.0024500129962413721 0.021521171545376177 -0.22157185106410715
61.717082820770372 50.614772727272737 -0.38811654044383781 2.730585648530691 -0.034285068378822281 -1.0169369249530886 0.011151638703727375 0 -0.01714253418941114 0.0059564887614800641 -0.0051684228229847444 -0.046140057483398632 -0.21232916234595187
60.735657674189682 50.614772727272737 -0.50799047595212332 3.0202651281018702 -0.09163738816169964 -1.0447758639149609 0.0089878997795220378 0 -0.04581869408084982 0.015850878175730936 -0.013657253238667221 -0.1367937414677865 -0.17551565125732471
59.674320873623643 50.614772727272737 -0.61764208354838468 3.1762403005911293 -0.14762312522045229 -1.0712565730649615 0.0056991126999847742 0 -0.073811562610226145 0.021282594925555325 -0.01790868166869429 -0.23278739730813916 -0.10843171197738743
58.582486612306816 50.614772727272737 -0.6978854605291176 3.1697304853892532 -0.19448565741968826 -1.0929219341455534 0.0027024587380628791 0 -0.097242828709844131 0.017098653079030669 -0.013152434126977171 -0.30747776540045996 -0.014979360009847453
57.516354097511545 50.614772727272737 -0.73313421085383257 3.005271577101055 -0.2197576962186012 -1.1044241263852681 0.0022461693477334979 0 -0.1098788481093006 0.0030835748131236699 0.00070308493929538613 -0.33020063300351299 0.093527936395831346
56.528063117421276 50.614772727272737 -0.72000482698997392 2.7169489973996508 -0.21698277284590128 -1.1031526876028392 0.0060762390122408791 0 -0.10849138642295064 -0.011284289407552793 0.014467719047168599 -0.29419396218123894 0.19927669364229081
55.655659984325084 50.614772727272737 -0.66920460384200842 2.3523445967471686 -0.19690270255633169 -1.0939499302682367 0.013276016814234248 0 -0.098451351278165844 -0.018690523892037042 0.021186166028078861 -0.22986177479807035 0.28901513974891152
54.918469255770418 50.614772727272737 -0.59443222032060028 1.96267946522961 -0.16697112660555513 -1.0799941097341357 0.024162978813195089 0 -0.083485563302777566 -0.020260191002560789 0.022104047946568211 -0.16108857214513519 0.35978732202751751
54.318734106822838 50.614772727272737 -0.5060383514012754 1.5892356170388973 -0.12846085748730118 -1.0615453981299687 0.03977719442579343 0 -0.064230428743650592 -0.017254822348856221 0.018499985005173303 -0.098892839908376967 0.41176643434157406
53.846773039435547 50.614772727272737 -0.41073543173906979 1.2597617806863384 -0.0753225567786453 -1.0349436622853583 0.06491665944898449 0 -0.03766127838932265 -0.010644760503878544 0.011298672862620542 -0.044832855047007243 0.44772418542941139
53.486941585658471 50.614772727272737 -0.3110665815252871 0.98814751721001393 0.0055732437472699736 -0.9911748431591203 0.1095407985237617 0 0.0027866218736349868 0.0008189722863662783 -0.00086390837206490421 0.0024829868715069798 0.46996794004037323
53.22417905309905 50.614772727272737 -0.20454235092961948 0.78362373075952596 0.13715306460821264 -0.90486450867878143 0.20992178620928065 0 0.068576532304106319 0.022102213163952434 -0.023219423499797609 0.04312939228875267 0.48064187023242211
53.068170603493407 50.614772727272737 -0.074412465052425603 0.68073904803019514 0.48954505436554896 -0.42893019493589973 0.57137888787275126 0 0.24477252718277448 0.10536044626817354 -0.11036904858026118 0.066948829082328395 0.48318699584232239
53.068170603493407 50.614772727272737 0.07441246505242477 0.68073904803018515 0.13736306023332978 0.74193379791470082 0.55872281077340857 0 0.068681530116664891 0.029563434862398805 -0.030968815092358885 -0.018785392600289132 0.45795199190957403
53.22417905309905 50.614772727272737 0.20454235092961934 0.78362373075952441 -0.23218001606256955 1.0926286632358586 0.19581271750831267 0 -0.11609000803128477 -0.03741580417531188 0.039307077363138855 0.073011733445231639 0.41321688641757953
53.486941585658464 50.614772727272737 0.31106658152528766 0.9881475172099885 -0.24081822657117602 1.1095923180775402 0.098097473129979226 0 -0.12040911328558801 -0.035387552125327529 0.037329227199613464 0.10728913396057797 0.36799631738895078
53.846773039435533 50.614772727272737 0.41073543173906957 1.2597617806863326 -0.26408748966765216 1.1229488008713766 0.055438978067689069 0 -0.13204374483382608 -0.037321463845736418 0.039614137921980548 0.15718792152518274 0.31268039682520066
54.318734106822831 50.614772727272737 0.50603835140127518 1.5892356170389141 -0.27861389993521657 1.1303108690803687 0.031799987012548422 0 -0.13930694996760828 -0.037423332222263329 0.040123918459315969 0.21448494383019331 0.24359209885133398
54.918469255770425 50.614772727272737 0.59443222032060006 1.9626794652296369 -0.28857517411897371 1.1350212693165322 0.017375048721136745 0 -0.14428758705948685 -0.035015563858890014 0.038202290507290813 0.27840839132131306 0.15817561843414205
55.655659984325091 50.614772727272737 0.66920460384200853 2.3523445967471379 -0.29610800102204737 1.1384421009443702 0.0075884003199590952 0 -0.14805400051102369 -0.028107352493766093 0.03186037159698709 0.34567281080036666 0.053920330106066644
56.52806311742129 50.614772727272744 0.72000482698997414 2.7169489973997032 -0.29781320682395584 1.1392151204751333 0.00145468374000277 0 -0.14890660341197792 -0.01548791349246683 0.019857234509235908 0.40378711248042315 -0.068594252410914547
57.516354097511567 50.614772727272744 0.73313421085383257 3.0052715771010341 -0.28438437557119811 1.1333062459331793 -0.0011526057617999733 0 -0.14219218778559906 0.0039903972095020395 0.00090984923338510498 0.42730654009272095 -0.20555429531533548
58.582486612306823 50.614772727272737 0.69788546052911737 3.1697304853892354 -0.24437850941492933 1.115517056726689 0.00045339470039505161 0 -0.12218925470746467 0.021485097707948032 -0.016526525861970107 0.38635732312459259 -0.34248953278112149
59.674320873623643 50.614772727272737 0.61764208354838424 3.1762403005911084 -0.18504344874607481 1.0885887989041216 0.0042279600939983796 0 -0.092521724373037406 0.026677424403590951 -0.022448273016317865 0.29179562997459585 -0.46042185593579332
60.735657674189682 50.614772727272737 0.50799047595212277 3.0202651281018413 -0.11915314434996249 1.0578706131670548 0.0079315917394936573 0 -0.059576572174981246 0.020610386363411507 -0.017758086510491079 0.17786849614833178 -0.54746549680396372
61.717082820770358 50.614772727272737 0.38811654044383742 2.7305856485307074 -0.054291989004646046 1.0267365901602912 0.010196245910351582 0 -0.027145994502323023 0.0094323750144342574 -0.0081844362092676204 0.073064911695196688 -0.59973782048963786
62.583932661090159 50.614772727272737 0.27540119629396798 2.3575338007041293 0.0039229954412650647 0.99798327905909201 0.010314033022892438 0 0.0019614977206325324 -0.00059735185075448062 0.00051867824931803785 -0.0045561242318117399 -0.62039726561348041
63.31916204018767 50.614772727272737 0.18149827953955114 1.9558544671020628 0.051571397200433799 0.9738357020119115 0.0085222230981011129 0 0.0257856986002169 -0.006153680876837913 0.005333508869404131 -0.049771285167009134 -0.61771860859141892
63.921432164151916 50.614772727272737 0.11064327111085127 1.5700692937134848 0.088057850572467622 0.95493917470547629 0.0057725246085443601 0 0.044028925286233811 -0.0075384990899447649 0.0065177333365451862 -0.06840639346633301 -0.60152329114198044
64.400667465504384 50.614772727272737 0.061422515443929279 1.2276736069131411 0.11471682657741933 0.94089080250814683 0.0027696891804291513 0 0.057358413288709664 -0.0065103365256853722 0.0056153227877526269 -0.06989059534431305 -0.57977576623919624
64.773139407295588 50.614772727272737 0.029889692971294391 0.94049561155675643 0.13295469196839405 0.93115267313703076 -8.5681782985278822e-05 0 0.066477345984197023 -0.004580310038680791 0.0039422401954581441 -0.062228903989760692 -0.55766618705686433
65.057299757500047 50.614772727272737 0.011498665841613156 0.70937012315428705 0.14513146514818231 0.92458780940173968 -0.0024326030317264038 0 0.072565732574091157 -0.0027200116857557756 0.0023371171263343879 -0.051350892407106288 -0.53802982201667071
65.270987623364277 50.614772727272737 0.0025093706555268996 0.52878656426543358 0.15343615439492475 0.92007847530787568 -0.0044096349293460653 0 0.076718077197462375 -0.0011136065138927654 0.00095533944182286305 -0.040540946299970945 -0.52179121624720304
67.756267578103234 53.507045454545462 -0.0023978356770695776 0.50528338113701887 0.15957380696459211 -0.91674715616116131 0.00091907879485329477 0 0.079786903482296057 -0.001106675425628595 0.00094939340800309884 0.040288619402086966 -0.10186986330473358
67.552077580345212 53.507045454545462 -0.010987580146039566 0.67784047199253017 0.15173497125420199 -0.92101056001562387 0.0021394124204998791 0 0.075867485627100995 -0.0027173743997775252 0.0023348510896629001 0.051301103286995595 -0.11837926035673538
67.280547416306604 53.507045454545462 -0.028561174103702819 0.89869303546340062 0.14026696781465176 -0.92720982689183162 0.0038689921902094393 0 0.070133483907325878 -0.004617439560178258 0.0039741973099000367 0.062733352249582208 -0.13882394520917213
66.924630880514172 53.507045454545462 -0.05869244488948868 1.1731067182001855 0.12247302603863264 -0.93674403610145773 0.0061306434995170543 0 0.061236513019316319 -0.0066415793355541356 0.0057285228870220311 0.071299529902488987 -0.16242756320843979
66.466696337937464 53.507045454545462 -0.10572546638853431 1.5002838100643303 0.097054910373534531 -0.9501953623518592 0.0085943581193980885 0 0.048527455186767265 -0.0079394226477787801 0.0068643690271677892 0.072044483001117668 -0.18687478192085971
65.891195549604788 53.507045454545462 -0.1734311545598696 1.8689218390451581 0.062797943287132063 -0.96803088885665323 0.010874508368923471 0 0.031398971643566032 -0.0071602155373846118 0.0062058910495712263 0.057912188899785014 -0.20775450663456366
65.188645198126494 53.507045454545462 -0.2631603316659753 2.2527475742872021 0.018644211413923362 -0.99055751524051117 0.01231249717242869 0 0.0093221057069616808 -0.0027127578676155771 0.0023554769267416244 0.020690756779392524 -0.21811816597139258
64.360324571517253 53.507045454545462 -0.37086577285317424 2.6092182408047795 -0.034355639973908891 -1.0169614769248085 0.012041363079858924 0 -0.017177819986954446 0.0057034541202455888 -0.0049488656195498647 -0.044180004613433556 -0.20930038472484175
63.422521212072816 53.507045454545462 -0.48541162469033655 2.886022223309662 -0.091874733255191687 -1.0448814196582539 0.0098768470750404611 0 -0.045937366627595844 0.015185577742355962 -0.013084024651729512 -0.13105217090793939 -0.17405567512949169
62.40835806316575 53.507045454545462 -0.59018950442016227 3.0350647063354863 -0.1479890882512287 -1.0714224614958854 0.0065572290890753247 0 -0.073994544125614348 0.0203870543683243 -0.017155110461003126 -0.22299204311233184 -0.10980824809370948
61.36505298606756 53.507045454545462 -0.66686627265651743 3.0288442354346259 -0.19493034414692256 -1.0931230777856038 0.0035044199878848607 0 -0.097465172073461281 0.016376020516351474 -0.012596578812835347 -0.29448297308838756 -0.020310867314209544
60.346307279916289 53.507045454545462 -0.70054830799655887 2.8716950965312891 -0.2202219791171196 -1.1046325707139388 0.002977051399394279 0 -0.1101109895585598 0.0029527430774133607 0.00067325403570638802 -0.31619068527510552 0.083589676147181574
59.401943255348172 53.507045454545462 -0.68800249098966804 2.5961877032372316 -0.21741682248757188 -1.1033455854185605 0.0067336190080627325 0 -0.10870841124378594 -0.010804301828576991 0.013852321374533261 -0.28168015271069108 0.18483191202691268
58.568316165337379 53.507045454545462 -0.63946020521813396 2.2477890169070611 -0.19732107781699315 -1.0941338133353216 0.013866374194466593 0 -0.098660538908496576 -0.017897727001801055 0.020287511360071508 -0.22011171635686619 0.27073376410329658
57.863891641267955 53.507045454545462 -0.56801125905616612 1.8754434838129681 -0.16743984241504406 -1.0801990608129257 0.024694765314076623 0 -0.08371992120752203 -0.01941402422033563 0.021180872487722172 -0.15436070868481572 0.33849158503291982
57.290813154926447 53.507045454545462 -0.48354626698249986 1.518598240324637 -0.12897990783190094 -1.0617717264857871 0.040258026122650392 0 -0.064489953915950471 -0.016554510381982572 0.017749136307680602 -0.094879130707216819 0.38828834422551056
56.839829525594311 53.507045454545462 -0.39247931344511927 1.2037686563701664 -0.075834782464292871 -1.0351636503630628 0.065352883879071649 0 -0.037917391232146436 -0.01024080010938457 0.010869897001935002 -0.043131483014777629 0.42275396736104676
56.49599164110397 53.507045454545462 -0.29724048357806127 0.94422693823859605 0.0050965414902259809 -0.99137132242361004 0.10993798063379527 0 0.0025482707451129905 0.00071563460824752411 -0.00075490067209420036 0.0021696843307832995 0.44408459468525791
56.244908217544989 53.507045454545462 -0.1954509771007697 0.74879370047426397 0.13670243830409856 -0.90502934418918901 0.21028420732995576 0 0.068351219152049281 0.021050436736367549 -0.022114482464343888 0.041076997001053737 0.454334186920132
56.0958339364838 53.507045454545462 -0.07110502512987088 0.65048197345658587 0.48912007525785506 -0.42898839837421876 0.57170698684069576 0 0.24456003762892753 0.10059005019523586 -0.10537187844127932 0.063917592573239979 0.45679539891053828
56.0958339364838 53.507045454545462 0.071105025129870103 0.65048197345656522 0.13693884434524661 0.74199565840044024 0.55902021302422555 0 0.068469422172623307 0.028162175145037181 -0.029500942590894769 -0.017894994916524916 0.43268068982955055
56.244908217544989 53.507045454545462 0.19545097710076959 0.74879370047427685 -0.23257982873944316 1.0927615753072655 0.19609173432714294 0 -0.11628991436972158 -0.035814335367917366 0.03762465840424209 0.069886689997316148 0.38990802962733762
56.495991641103963 53.507045454545462 0.29724048357806182 0.94422693823856418 -0.24115683052932124 1.1097211824230457 0.098365277465772644 0 -0.12057841526466062 -0.033862213085684482 0.035720194527174912 0.10266456134307089 0.34666160436615834
56.839829525594297 53.507045454545462 0.39247931344511899 1.2037686563701948 -0.26437607561102161 1.1230644956857836 0.055697523652835916 0 -0.13218803780551081 -0.035701593069259907 0.037894757765286988 0.15036546350086463 0.29375987990727664
57.29081315492644 53.507045454545462 0.48354626698249953 1.5185982403246805 -0.27880752550296117 1.1303895051242563 0.032048279328228992 0 -0.13940376275148059 -0.035784814496294309 0.038367160102244599 0.20509408092327092 0.22769442525427597
57.863891641267962 53.507045454545462 0.56801125905616612 1.8754434838129996 -0.28859169047122535 1.1350249376862984 0.017609125516046122 0 -0.14429584523561267 -0.033461128413559978 0.036506387659727559 0.26604909094017171 0.14604759382199939
58.568316165337386 53.507045454545462 0.63946020521813418 2.2477890169070234 -0.29592742246189485 1.138361348676926 0.007801429378326466 0 -0.14796371123094743 -0.026841674889298332 0.030425695072071587 0.33010712081940824 0.046460583874726749
59.401943255348186 53.507045454545477 0.68800249098966826 2.5961877032372791 -0.29749293596017412 1.1390742978513191 0.0016370506096384341 0 -0.14874646798008706 -0.014783600621184693 0.018954226763245857 0.3854248934044896 -0.070509438678743389
60.346307279916303 53.507045454545477 0.70054830799655887 2.8716950965312633 -0.28394304258185299 1.1331116506990373 -0.0010147078180491908 0 -0.14197152129092649 0.0038071170585449086 0.00086805958285959687 0.40768022144286686 -0.2012253180037413
61.365052986067568 53.507045454545462 0.66686627265651721 3.0288442354346077 -0.24378981734673277 1.1152531283342997 0.00052639081573020979 0 -0.12189490867336639 0.020480685385434818 -0.015753923081673865 0.36829540590576038 -0.33184417984642472
62.40835806316575 53.507045454545462 0.59018950442016183 3.0350647063354761 -0.18428925871249424 1.0882424030866724 0.0042107999998577108 0 -0.092144629356247121 0.025387784878380133 -0.02136307904419418 0.27768965137613683 -0.44421747486773061
63.422521212072809 53.507045454545462 0.48541162469033611 2.8860222233096398 -0.11824250774995892 1.0574410936041099 0.0078000838010362297 0 -0.059121253874979462 0.019543793274487329 -0.016839100713202517 0.16866375319087187 -0.5269962162531816
64.360324571517239 53.507045454545462 0.3708657728531739 2.6092182408047924 -0.053260285955055942 1.0262366170372845 0.0099343750143457317 0 -0.026630142977527971 0.0088418552996398243 -0.0076720444809220949 0.068490637374072197 -0.57650340771377107
65.18864519812648 53.507045454545462 0.26316033166597508 2.2527475742872256 0.0050279162291642088 0.99743356227662106 0.0099182969811198608 0 0.0025139581145821044 -0.00073156858209573266 0.00063521810627728667 -0.0055798225784496492 -0.59580305305955272
65.891195549604788 53.507045454545462 0.17343115455986957 1.8689218390451636 0.052707919898302147 0.97325642086715358 0.0080012088184118514 0 0.026353959949151073 -0.006009752027601587 0.0052087630775229793 -0.04860718128472042 -0.59284143663417233
66.466696337937464 53.507045454545462 0.10572546638853419 1.5002838100643512 0.089197967966882619 0.95434562915464061 0.0051431650324139325 0 0.044598983983441309 -0.0072966979649618608 0.0063086737831365702 -0.066212224216083942 -0.57702475280989429
66.924630880514172 53.507045454545462 0.058692444889488452 1.1731067182002062 0.11584373982120533 0.9402935963727973 0.0020525104398419897 0 0.057921869910602664 -0.0062820803358541134 0.0054184463007771622 -0.067440190371330699 -0.55596888727023197
67.280547416306604 53.507045454545462 0.028561174103702604 0.89869303546337242 0.13405925835716714 0.93055896294725415 -0.00087070165021235161 0 0.067029629178583572 -0.0044130883599372292 0.0037983136887527512 -0.059957000624342095 -0.53462873025193913
67.552077580345212 53.507045454545469 0.010987580146039524 0.67784047199254149 0.14620430414966479 0.92400487727938607 -0.003268426875704793 0 0.073102152074832394 -0.002618327403034883 0.0022497468845554458 -0.04943120261722584 -0.51570431306239328
67.756267578103234 53.507045454545462 0.0023978356770695988 0.50528338113704852 0.1544774757350631 0.91950781317384978 -0.005282591899958799 0 0.077238737867531548 -0.0010713313761266038 0.00091907249653055165 -0.039001916069260803 -0.50006959058076994
70.241547532842191 56.399318181818188 -0.0022863006986122781 0.48178019800862726 0.16221992392419948 -0.91530248574244411 0.0011981942678199343 0 0.081109961962099741 -0.0010726963054996383 0.00092024344053015538 0.0390516064470776 -0.10579956413994858
70.046855403190364 56.399318181818188 -0.010476494450465935 0.64631082083081881 0.15423329258634433 -0.91965234746751789 0.0025034398613476001 0 0.077116646293172164 -0.0026336366317969494 0.0022629010415460881 0.049720224375148586 -0.12181411993128979
69.787955425317634 56.399318181818188 -0.027232655236111025 0.85689045937003394 0.14259115799278044 -0.92595352975941547 0.0043477273717318892 0 0.071295578996390219 -0.0044756110551577239 0.0038521265267801152 0.060806445043000062 -0.14164526801011187
69.448594295523947 56.399318181818188 -0.055962374335047846 1.1185398294872726 0.12459952741518576 -0.93560393267722175 0.0067641513681254463 0 0.062299763707592881 -0.0064426011058727178 0.0055568993491313832 0.069163433422971834 -0.16455899786057809
69.01196051172299 56.399318181818188 -0.10080766166621724 1.43049832641525 0.098906892778185318 -0.94921238224384374 0.0094318935947000741 0 0.049453446389092659 -0.0077145731025190954 0.006669965690461065 0.070004137001169572 -0.18833669638705441
68.463229059021899 56.399318181818188 -0.16536402958018803 1.7819892109882469 0.0642592221724122 -0.967262928813028 0.011966802899312222 0 0.0321296110862061 -0.0069860239639633614 0.0060549159957112523 0.056503318558934285 -0.20873099027571793
67.793357735162829 56.399318181818188 -0.2509194670379824 2.1479613478703135 0.019594056226548417 -0.99005979309592029 0.013694884749971114 0 0.0097970281132742087 -0.0027183495034932273 0.0023603321220577252 0.020733405325112073 -0.21903935924967699
67.003566322264135 56.399318181818188 -0.35361500526251072 2.4878508330789169 -0.033996763798532115 -1.0167638771878664 0.013710647119281879 0 -0.016998381899266057 0.0053813522226339346 -0.0046693790183648526 -0.041684944072494831 -0.21090204865465692
66.10938474995595 56.399318181818188 -0.46283277342854989 2.7517793185174391 -0.092110835143700331 -1.0449747530042797 0.011772881012940124 0 -0.046055417571850166 0.014516431851257672 -0.012507482785277274 -0.12527741388714003 -0.17733026377646649
65.142395252707857 56.399318181818188 -0.56273692529193986 2.8938891120798398 -0.14874644964510386 -1.0717616690090688 0.0085658909635426411 0 -0.074373224822551931 0.019538234892055792 -0.016440853677567851 -0.21370772053060932 -0.11584360907383565
64.147619359828298 56.399318181818188 -0.63584708478391738 2.8879579854800279 -0.19607977122648612 -1.0936405306604433 0.0054918961415992259 0 -0.098039885613243061 0.015706363600155485 -0.012081472831256929 -0.28244081916987673 -0.030063385175394936
63.176260462321025 56.399318181818188 -0.66796240513928551 2.7381186159615649 -0.2215948986124936 -1.1052472467461045 0.0048396459218844959 0 -0.1107974493062468 0.002832948556368889 0.0006459397240191929 -0.3033626434481726 0.069573923969581786
62.275823393275047 56.399318181818188 -0.65600015498936248 2.4754264090748359 -0.21885383855737373 -1.1039849673768056 0.0084279513173209121 0 -0.10942691927868686 -0.010369830636614643 0.013295280792501318 -0.27035300602022422 0.16668420989021127
61.480972346349674 56.399318181818188 -0.60971580659425972 2.1432334370669679 -0.19878835727609201 -1.0947836638726984 0.015397616489650851 0 -0.099394178638046005 -0.017192113774086134 0.019487681506166404 -0.21143386924137605 0.24909821715171235
60.809314026765492 56.399318181818188 -0.54159029779173218 1.7882075023963706 -0.16902742581977281 -1.0809011105524375 0.026080932235637955 0 -0.084513712909886407 -0.018686495874448806 0.020387132614394329 -0.14857613822251103 0.31414987009205569
60.262892203030049 56.399318181818188 -0.46105418256372432 1.4479608636104608 -0.13072911182454239 -1.0625468382066525 0.041512991238745682 0 -0.065364555912271194 -0.015998546215437934 0.017153052005185895 -0.09169272436785976 0.36203709553941782
59.832886011753061 56.399318181818188 -0.37422319515116875 1.147775532054047 -0.077715894462486279 -1.0359994718044301 0.066490517244402136 0 -0.03885794723124314 -0.010006661871390416 0.010621375548139697 -0.042145356020080169 0.39525305906300118
59.505041696549469 56.399318181818188 -0.28341438563083549 0.90030635926714675 0.0030755637793938861 -0.99227469190798601 0.11097464584091983 0 0.0015377818896969431 0.00041176975107157059 -0.00043436309291022292 0.0012484169525819469 0.41588374528266919
59.265637381990921 56.399318181818188 -0.18635960327191997 0.71396367018903273 0.13435624424547898 -0.9061035860164427 0.21123457852033628 0 0.067178122122739492 0.019726799758975653 -0.020723939023735906 0.038494103694291182 0.42589863374192838
59.123497269474178 56.399318181818188 -0.067797585207316186 0.62022489888297949 0.48710128758104876 -0.4301780259824971 0.57257801073805936 0 0.24355064379052438 0.095515256339608515 -0.10005584012305718 0.060692933619124513 0.42846240301324895
59.123497269474178 56.399318181818188 0.067797585207315436 0.62022489888296917 0.13729487119356309 0.74114493394886383 0.55982972026176958 0 0.068647435596781547 0.02692202864272757 -0.028201842269967112 -0.017106972853588719 0.40563238747954511
59.265637381990921 56.399318181818188 0.18635960327191989 0.71396367018904616 -0.23234794197461195 1.0925147438804956 0.19687426540395539 0 -0.11617397098730597 -0.034114390079028001 0.03583878522962352 0.066569483404020538 0.36491797123327158
59.505041696549462 56.399318181818188 0.2834143856308361 0.90030635926711922 -0.2412207452905879 1.1096810472992786 0.099139893863993758 0 -0.12061037264529395 -0.032295674343381278 0.034067701570857187 0.097915078124166985 0.32370212611264898
59.832886011753054 56.399318181818188 0.37422319515116853 1.1477755320540486 -0.2644657662317238 1.1230657529677837 0.056471946510005637 0 -0.1322328831158619 -0.034052487171931496 0.036144346561301131 0.14341987504679043 0.273259838492943
60.262892203030049 56.399318181818188 0.46105418256372399 1.4479608636104682 -0.2787685166952889 1.1303500540727309 0.03282182129412016 0 -0.13938425834764445 -0.034115515171130741 0.036577398848242439 0.19552679894349057 0.2102682732564353
60.809314026765499 56.399318181818188 0.54159029779173207 1.7882075023963808 -0.2882777690921996 1.1348746038619444 0.018368522025312608 0 -0.1441388845460998 -0.031869983919535452 0.034770434914692193 0.2533979172870397 0.13246708627215079
61.480972346349674 56.399318181818188 0.60971580659425983 2.1432334370669079 -0.29529441810669321 1.1380781156586692 0.0085217818269410321 0 -0.14764720905334661 -0.025538393206257524 0.028948393404245258 0.31407896438805194 0.037666400612606489
62.275823393275068 56.399318181818202 0.65600015498936259 2.4754264090749021 -0.29657900733224873 1.1386719340512201 0.0022877797758095214 0 -0.14828950366612437 -0.014052639408490339 0.018017052867957305 0.36636792246049554 -0.073585578594270715
63.176260462321039 56.399318181818202 0.6679624051392854 2.7381186159614685 -0.28270669199016352 1.1325663162714865 -0.0004808714992041754 0 -0.14135334599508176 0.0036142236123852612 0.00082407800786863912 0.38702447547132279 -0.19780368013613769
64.147619359828298 56.399318181818188 0.63584708478391727 2.8879579854800452 -0.24212869343574828 1.1145079432784319 0.00085895577754993048 0 -0.12106434671787414 0.019394970084597552 -0.0149187813363614 0.34877145200018222 -0.3217311662465327
65.142395252707857 56.399318181818188 0.56273692529193953 2.8938891120798265 -0.18213889510300207 1.0872539011977345 0.0042248589691534517 0 -0.091069447551501037 0.023924419870139147 -0.020131700155042388 0.26168347671690056 -0.42801977468880886
66.10938474995595 56.399318181818188 0.46283277342854945 2.7517793185174315 -0.11561434668088078 1.0562006712765792 0.0073816445176005724 0 -0.057807173340440388 0.018220525109802804 -0.015698961458619397 0.15724389359662147 -0.50586521830947906
67.003566322264135 56.399318181818188 0.35361500526251044 2.4878508330788836 -0.050241436627381342 1.0247732048163514 0.0090175006407285634 0 -0.025120718313690671 0.0079527236258514419 -0.0069005482824964744 0.061603259896890035 -0.55184656437963553
67.793357735162814 56.399318181818188 0.25091946703798218 2.1479613478703801 0.0083051824355041548 0.99580243146560765 0.0085050015684649417 0 0.0041525912177520774 -0.0011522059694502743 0.0010004558859798335 -0.008788109605452914 -0.56900851086983795
68.463229059021899 56.399318181818188 0.165364029580188 1.7819892109882407 0.056108416643788628 0.97152137349921253 0.0061485112356525987 0 0.028054208321894314 -0.0060998986604888167 0.0052868948291808476 -0.049336291854812822 -0.56504062580998327
69.011960511723004 56.399318181818188 0.10080766166621716 1.430498326415284 0.092610135192177645 0.95256561454908661 0.0029350956616956015 0 0.046305067596088823 -0.0072234364856297011 0.0062453324229492522 -0.065547429603612997 -0.54898248835621055
69.448594295523975 56.399318181818188 0.055962374335047624 1.1185398294872828 0.11919198249395213 0.93851363171675706 -0.00042495631686319604 0 0.059595991246976066 -0.0061629960735558762 0.0053157332429946838 -0.066161781804381384 -0.52812074052765878
69.787955425317648 56.399318181818188 0.027232655236110816 0.85689045936994723 0.13730751184591494 0.92880564462256143 -0.0035443858922528338 0 0.068653755922957471 -0.0043097694599331052 0.0037093878481203589 -0.058553291736866193 -0.50716942148165378
70.046855403190364 56.399318181818195 0.010476494450465893 0.64631082083079827 0.14933424547310648 0.92229537546434637 -0.0060823452692108527 0 0.074667122736553238 -0.002549982125548779 0.0021910225344530798 -0.04814091735517765 -0.48867425173195711
70.241547532842191 56.399318181818188 0.0022863006986122984 0.48178019800861627 0.15749934307701485 0.91784175483155406 -0.0081957312497763293 0 0.078749671538507426 -0.0010414809682457388 0.00089346446384815992 -0.037915209258701739 -0.47343788797362546
72.726827487581147 59.291590909090914 -0.0021747657201549786 0.45827701488025763 0.16971981095580679 -0.91119541071200716 -0.0017642396576934803 0 0.084859905477903397 -0.0010675402552504838 0.00091582017422775291 0.038863899969373929 -0.10921065156291219
72.541633226035515 59.291590909090914 -0.0099654087548923034 0.61478116966908325 0.16177339473187435 -0.91554706199961344 -0.00042723764068522754 0 0.080886697365937177 -0.0026276284352761427 0.0022577386155680276 0.049606796092939692 -0.12520506625320177
72.295363434328664 59.291590909090914 -0.02590413636851923 0.81508788327666504 0.15023085708270045 -0.92182802473048153 0.0014952387094659346 0 0.075115428541350227 -0.0044853673422642834 0.0038605236935363081 0.060938995688812933 -0.14508159988482289
71.972557710533749 59.291590909090914 -0.053232303780607011 1.0639729407743257 0.13240636301442499 -0.93143810122277104 0.0040866338340881034 0 0.066203181507212494 -0.0065122765319760604 0.0056169960901217555 0.069911421947375291 -0.16822311130071696
71.55722468550853 59.291590909090914 -0.095889856943900176 1.3607128427661415 0.10678485977940999 -0.94507388766126876 0.0071054261945069025 0 0.053392429889704995 -0.0079227171563134944 0.0068499255766443648 0.071892892822677107 -0.19258672230097054
71.035262568439009 59.291590909090914 -0.15729690460050649 1.6950565829313731 0.071891483467031225 -0.96332909648948173 0.010274647912580908 0 0.035945741733515613 -0.0074344900023732736 0.006443609794001764 0.060130534778323717 -0.21413263109971786
70.398070272199163 59.291590909090914 -0.2386786024099895 2.0431751214534213 0.026433993680138101 -0.98660849626786129 0.013026181786362582 0 0.013216996840069051 -0.0034883725124751179 0.0030289400551023493 0.026606527649657416 -0.22634697989500654
69.646808073011016 59.291590909090914 -0.3363642376718472 2.3664834253530649 -0.028654218709728951 -1.0141223074995451 0.014497039060686376 0 -0.014327109354864476 0.004314411271503932 -0.0037435983809097012 -0.033420223229759231 -0.22095443775715609
68.796248287839063 59.291590909090914 -0.44025392216676318 2.6175364137253183 -0.088946210377818247 -1.0434270715133738 0.014358161819788676 0 -0.044473105188909123 0.013333855328925989 -0.011488564662222363 -0.11507172904947664 -0.1908405470095472
67.87643244224995 59.291590909090914 -0.53528434616371756 2.7527135178242021 -0.14813436652849443 -1.0714308496479465 0.013049940657865054 0 -0.074067183264247216 0.018508604370215204 -0.015574449683293929 -0.20244570054635849 -0.13320937357200985
66.930185733589042 59.291590909090914 -0.60482789691131733 2.7470717355253935 -0.19784520073731748 -1.0943994194028464 0.011623749310375599 0 -0.098922600368658742 0.015074659284602847 -0.011595560323433639 -0.27108115063679278 -0.05134870876093138
66.006213644725761 59.291590909090914 -0.63537650228201192 2.6045421353917928 -0.22501541442428019 -1.1067386869690428 0.012037158731167709 0 -0.1125077072121401 0.0027363417057665045 0.00062391242589683886 -0.29301762341310805 0.044561329001706958
65.149703531201936 59.291590909090914 -0.62399781898905671 2.3546651149124256 -0.22305290912083464 -1.1058023148526641 0.015942069731502879 0 -0.11152645456041732 -0.010053204493885982 0.012889330722404601 -0.26209821069414979 0.13842237830192453
64.393628527361955 59.291590909090914 -0.57997140797038549 2.0386778572268809 -0.20333308816322315 -1.0967333420836931 0.022562458313673178 0 -0.10166654408161158 -0.016727287372831905 0.018960789410038453 -0.20571729210408332 0.21824583939951983
63.754736412263021 59.291590909090914 -0.51516933652729824 1.7009715209796901 -0.17404618631881585 -1.0830469343864699 0.032488832464174604 0 -0.087023093159407927 -0.018302665099081433 0.019968369836638928 -0.14552430364002744 0.2814095801583722
63.234971251133658 59.291590909090914 -0.43856209814494879 1.3773234868962736 -0.13638420801462003 -1.0649742851307467 0.047052949162352635 0 -0.068192104007310017 -0.015876377816877112 0.017022067547867975 -0.090992538666930342 0.32814990342389982
62.825942497911825 59.291590909090914 -0.35596707685721823 1.0917824077379019 -0.083976742003023297 -1.0387004304715159 0.071261193796560068 0 -0.041988371001511648 -0.010285313330787691 0.010917144690270683 -0.043318960675934118 0.3608127112936253
62.514091751994968 59.291590909090914 -0.26958828768360976 0.85638578029573942 -0.0038127631270559181 -0.99526619418898254 0.11514324049476091 0 -0.0019063815635279591 -0.00048556643350055885 0.00051220891607462729 -0.0014721561397099167 0.38134693003857628
62.286366546436852 59.291590909090914 -0.17726822944307027 0.6791336399038409 0.12621985241698053 -0.9097125248609379 0.21494945846444205 0 0.063109926208490263 0.017628102974964914 -0.018519158485962122 0.034398789065783905 0.39164181743770393
62.151160602464572 59.291590909090914 -0.064490145284761491 0.58996782430937067 0.4797709940113839 -0.43418437077240846 0.57594525622283221 0 0.23988549700569195 0.089488367520530882 -0.09374244635508204 0.056863288209119643 0.39477663796157059
62.151160602464572 59.291590909090914 0.064490145284760783 0.58996782430937067 0.13790309504879428 0.73830608244529716 0.56302844828257459 0 0.068951547524397139 0.025722111186347301 -0.026944883394731896 -0.016344513396120849 0.37358207290308471
62.286366546436852 59.291590909090914 0.17726822944307019 0.67913363990381204 -0.23196271768163945 1.0917474554346733 0.20012548871534422 0 -0.11598135884081973 -0.032396351250165503 0.034033903932870931 0.063216969786147714 0.33506383648966859
62.514091751994954 59.291590909090914 0.26958828768361032 0.85638578029568713 -0.24177480600349233 1.1096184889171365 0.10257492411278123 0 -0.12088740300174616 -0.03079072220047727 0.03248017440118877 0.093352315164679026 0.29590137214293355
62.825942497911811 59.291590909090914 0.35596707685721807 1.0917824077378904 -0.26505360241773124 1.1231334742649759 0.060206323614848609 0 -0.13252680120886562 -0.03246326643896489 0.034457499293883392 0.13672650672414627 0.24789270606221503
63.234971251133651 59.291590909090914 0.4385620981449484 1.3773234868963122 -0.2788862968523389 1.1302746789293763 0.036951955610419196 0 -0.13944314842616945 -0.032464933303002562 0.034807705762285673 0.18606679262524239 0.1879545828948026
63.754736412263036 59.291590909090914 0.51516933652729802 1.7009715209797704 -0.2875426218032795 1.1344686284506551 0.022881277599144767 0 -0.14377131090163975 -0.030237929482332664 0.032989849059071111 0.24042146909270323 0.11406928749581846
64.393628527361969 59.291590909090914 0.57997140797038549 2.0386778572268103 -0.29363034158684864 1.1373025799154106 0.013159912788452044 0 -0.14681517079342432 -0.024155631282024317 0.027380998938828852 0.29707333566070721 0.024292794649533687
65.149703531201951 59.291590909090928 0.62399781898905693 2.3546651149125259 -0.29400095366138412 1.1375230108739232 0.0065079485023054502 0 -0.14700047683069206 -0.013250899619310631 0.016989132934334822 0.34546567538951711 -0.080807372874410005
66.00621364472579 59.291590909090928 0.63537650228201192 2.6045421353917422 -0.27884513188201865 1.1308573924129615 0.0025864854486401107 0 -0.13942256594100932 0.0033909479747021723 0.00077316899878654281 0.36311529169428164 -0.19779514254363995
66.930185733589042 59.291590909090914 0.60482789691131711 2.7470717355253931 -0.23639340095908468 1.1119303894173229 0.0020518404727145395 0 -0.11819670047954234 0.01801180904720593 -0.01385484171800612 0.32389865862865125 -0.31375537002199205
67.87643244224995 59.291590909090914 0.53528434616371723 2.7527135178241879 -0.17420343369591729 1.083602349777526 0.0030628830440391427 0 -0.087101716847958643 0.021765796214415649 -0.018315281432227454 0.23807261608917166 -0.4119273049751368
68.796248287839063 59.291590909090914 0.44025392216676285 2.6175364137252961 -0.10569557317549605 1.0515139199081631 0.0037482549093110513 0 -0.052847786587748025 0.015844738923036068 -0.01365196360563737 0.13674075946031378 -0.48209212316202082
69.646808073011016 59.291590909090914 0.33636423767184687 2.3664834253530653 -0.039026804178810437 1.0193217641228844 0.0031536271531947511 0 -0.019513402089405218 0.0058761917589003256 -0.0050987494168273882 0.045518062132927826 -0.52142716315205084
70.398070272199149 59.291590909090914 0.23867860240998931 2.0431751214534777 0.019980095129080833 0.98995915307215021 0.00088324378868277417 0 0.0099900475645404163 -0.0026366812176887499 0.0022894198725143754 -0.02011050467542945 -0.53341238808405367
71.035262568439009 59.291590909090914 0.15729690460050644 1.6950565829313655 0.067556214644990953 0.96562752104109417 -0.0026973993104934015 0 0.033778107322495476 -0.006986168293587885 0.0060550410888624813 -0.056504485904305957 -0.52582177321129342
71.55722468550853 59.291590909090914 0.095889856943900079 1.3607128427661646 0.1034110272025528 0.94686029786761061 -0.006674512679358582 0 0.051705513601276398 -0.0076724015095598497 0.0066335044275483519 -0.069621460483386868 -0.50746969850152612
71.972557710533749 59.291590909090914 0.053232303780606796 1.063972940774305 0.12918421229372723 0.93311638174706757 -0.010469279895658512 0 0.064592106146863615 -0.0063537982229037874 0.0054803047137563605 -0.068210105383092259 -0.48529334368683125
72.295363434328664 59.291590909090914 0.025904136368519032 0.81508788327655968 0.14652223008865617 0.92373523917573241 -0.013819472359546963 0 0.073261115044328085 -0.0043746407263960318 0.0037652220846721438 -0.059434644260675691 -0.46366310826066737
72.541633226035515 59.291590909090921 0.0099654087548922618 0.61478116966907148 0.15787474441473592 0.9175259446648435 -0.016474114609003523 0 0.078937372207367962 -0.0025643040273936489 0.0022033283499974074 -0.048411299443811125 -0.44485279440215686
72.726827487581147 59.291590909090914 0.0021747657201549976 0.45827701488025496 0.1655023427723894 0.9133181722512006 -0.018643322218341953 0 0.0827511713861947 -0.0010410123146660179 0.00089306241586830932 -0.037898147882559102 -0.42949845453751384
75.212107442320104 62.18386363636364 -0.0020632307416976786 0.43477383175187712 0.1743354972711868 -0.90862943671861296 -0.0075531091101172353 0 0.087167748635593401 -0.0010403341798856374 0.00089248065840327371 0.037873460324275708 -0.090546586847052815
75.036411048880666 62.18386363636364 -0.0094543230593186704 0.58325151850734247 0.16808860649827051 -0.91207016811792163 -0.006277095751674221 0 0.084044303249135255 -0.0025901830200038855 0.0022255643709521702 0.048899866964343106 -0.10625203695590223
74.80277144333968 62.18386363636364 -0.024575617500927439 0.77328530718324029 0.15907626262078534 -0.91700852609424488 -0.0043704061224567907 0 0.079538131310392668 -0.0045058794866183671 0.003878178349942734 0.061217677317534108 -0.12606519781951589
74.496521125543524 62.18386363636364 -0.05050223322616617 1.009406052061379 0.14503878964270556 -0.92463962127418531 -0.0016676711983031473 0 0.072519394821352778 -0.0067677368798006367 0.0058373368216411521 0.072653872468313327 -0.14979815706466543
74.102488859294056 62.18386363636364 -0.090972052221583083 1.2909273591170469 0.12442254281094633 -0.93572136256596394 0.0017288223591750088 0 0.062211271405473167 -0.0087578774554201745 0.0075719993021830453 0.079471364789905838 -0.17612207067693081
73.60729607785612 62.18386363636364 -0.1492297796208249 1.6081239548744637 0.095432348701426473 -0.95107025131885303 0.0057470300910399119 0 0.047716174350713236 -0.0093627767974672361 0.0081148915731884073 0.075726616844204397 -0.20201018988590458
73.002782809235484 62.18386363636364 -0.22643773778199663 1.938388895036558 0.055937380817902227 -0.97157689204146946 0.010047986521515435 0 0.027968690408951113 -0.00700321601601624 0.006080864767047168 0.053414954939675845 -0.22206260191663274
72.290049823757897 62.18386363636364 -0.31911347008118368 2.2451160176271929 0.0055387597767589947 -0.9971297145908129 0.013913033575930312 0 0.0027693798883794973 -0.00079119005809596954 0.00068651262804796424 0.0061287037082851711 -0.22871857844501053
71.483111825722176 62.18386363636364 -0.41767507090497652 2.4832935089331709 -0.052913406729638401 -1.0259759160096771 0.016935952814723605 0 -0.026456703364819201 0.0075253955859652215 -0.0064839456905318432 -0.06494447858450432 -0.21452738853123049
70.610469631792029 62.18386363636364 -0.50783176703549526 2.6115379235685814 -0.11459148729393576 -1.0555680699426999 0.019171254820152875 0 -0.057295743646967878 0.013583307272755455 -0.01142995611234141 -0.14857317718642576 -0.17493839486865145
69.712752107349772 62.18386363636364 -0.57380870903871728 2.6061854855707942 -0.17205461808142664 -1.0824107488737749 0.021014014465129214 0 -0.086027309040713318 0.01243722927670257 -0.0095668259966366544 -0.2236533748066705 -0.11032267702038595
68.836166827130498 62.18386363636364 -0.60279059942473845 2.4709656548220349 -0.21199227124450615 -1.100649756984877 0.02371463037108594 0 -0.10599613562225307 0.0024457575839971295 0.00055765643017880058 -0.2619007974030314 -0.027705274836289515
68.023583669128826 62.18386363636364 -0.59199548298875104 2.2339038207500495 -0.22561935136111977 -1.1067102977332144 0.028489792073297902 0 -0.11280967568055988 -0.0096473557254679234 0.012368987283394445 -0.25151728238621457 0.058998060554509076
67.30628470837425 62.18386363636364 -0.55022700934651114 1.9341222773867814 -0.22093681297443424 -1.1044167752019169 0.034646783790599878 0 -0.11046840648721712 -0.017243319200311573 0.019545724109349533 -0.21206360922189033 0.13778926722794646
66.700158797760565 62.18386363636364 -0.4887483752628643 1.6137355395630584 -0.20313866283059157 -1.0960229724965664 0.043270158196872806 0 -0.10156933141529578 -0.020266452363330238 0.02211087914666102 -0.16113835616079228 0.20416258212835342
66.207050299237267 62.18386363636364 -0.41607001372617325 1.3066861101820706 -0.17165192000368124 -1.0809640018451956 0.056291622098685837 0 -0.085825960001840618 -0.0189570749089065 0.020325077503910837 -0.10864898729147658 0.25594838380218893
65.818998984070575 62.18386363636364 -0.33771095856326777 1.0357892834218092 -0.12080390778173422 -1.0557184816985121 0.079135296688156095 0 -0.060401953890867111 -0.014037016466959994 0.014899316613991472 -0.059120120581986076 0.29359872223736405
65.523141807440453 62.18386363636364 -0.25576218973638398 0.8124652013242939 -0.03997238753940513 -1.0124710216597657 0.12196236238543243 0 -0.019986193769702565 -0.0048295230431837409 0.0050945135257248631 -0.014642305376500632 0.31834911043916686
65.307095710882791 62.18386363636364 -0.16817685561422058 0.64430360961856803 0.090260327873101454 -0.92784928476074513 0.22098727767876639 0 0.045130163936550727 0.011959420571668074 -0.012563938688214845 0.0233371444549677 0.33213411579448188
65.178823935454943 62.18386363636364 -0.061182705362206796 0.55971074973575941 0.45972894772156492 -0.44971492330059015 0.58140135882123578 0 0.22986447386078246 0.0813522876289033 -0.085219595241426443 0.051693406708450469 0.33824550107082951
65.178823935454943 62.18386363636364 0.061182705362206116 0.55971074973575941 0.14196548196427128 0.73153791648336208 0.56823128634642273 0 0.070982740982135639 0.025121795743712993 -0.026316030285255195 -0.015963057001546502 0.31974683620623118
65.307095710882791 62.18386363636364 0.16817685561422047 0.64430360961856192 -0.24231018591822018 1.0954881892819093 0.2054648706277154 0 -0.12115509295911009 -0.032105904005459575 0.033728775322937173 0.062650202419314224 0.28287976511422186
65.523141807440453 62.18386363636364 0.25576218973638454 0.81246520132426503 -0.2584502630357659 1.116568230610715 0.10828503787053489 0 -0.12922513151788295 -0.031226343425637248 0.032939697671670515 0.094673045793820312 0.24426828680646429
65.818998984070561 62.18386363636364 0.33771095856326755 1.0357892834218012 -0.28372658788198923 1.131063029422962 0.066505724223865609 0 -0.14186329394099462 -0.032968095646455566 0.034993340383483923 0.1388527109421438 0.19630616823069699
66.207050299237252 62.18386363636364 0.41607001372617292 1.3066861101821154 -0.29551254767225443 1.1373537624446968 0.044033699880280691 0 -0.14775627383612722 -0.032636124912698967 0.034991251100995345 0.18704794584195295 0.13627171027718984
66.700158797760565 62.18386363636364 0.48874837526286413 1.6137355395631123 -0.29641987638047684 1.1381893244342949 0.030739845872748472 0 -0.14820993819023842 -0.029572801260482506 0.032264188274109318 0.23513304138055907 0.063230301718928947
67.306284708374264 62.18386363636364 0.55022700934651136 1.9341222773866895 -0.28940614513296303 1.1353200336955405 0.021320558682174411 0 -0.14470307256648152 -0.022587102945297043 0.025603033700743329 0.27778309482082153 -0.022578937979598625
68.02358366912884 62.183863636363654 0.59199548298875126 2.2339038207501227 -0.27427079288860323 1.1287500629828304 0.013931554287286376 0 -0.13713539644430162 -0.011727663820234165 0.015036174552314104 0.30575322572771035 -0.11829841585794484
68.836166827130512 62.183863636363654 0.60279059942473845 2.4709656548219745 -0.24472321662962493 1.115643831019046 0.0078777496007032075 0 -0.12236160831481246 0.0028233749255970626 0.00064375684342806154 0.30233746354086938 -0.21919821277907237
69.712752107349772 62.18386363636364 0.57380870903871717 2.6061854855708 -0.192037838103577 1.0917978696563986 0.0039051142527199152 0 -0.096018919051788498 0.01388174667398996 -0.010677961465920729 0.24962951335671577 -0.31321784905666922
70.610469631792029 62.18386363636364 0.50783176703549493 2.6115379235685614 -0.12511228439195254 1.0607128625350637 0.00071249184119960649 0 -0.062556142195976272 0.014830408808056384 -0.012479355609083555 0.16221387850114424 -0.38648011453753467
71.483111825722176 62.18386363636364 0.41767507090497624 2.4832935089331394 -0.057079235539706064 1.0281396389784616 -0.002849263228380838 0 -0.028539617769853032 0.0081178637651421991 -0.00699442137958618 0.070057503745111896 -0.43227346108526205
72.290049823757897 62.18386363636364 0.3191134700811834 2.2451160176271876 0.0049828645172770303 0.9974801637869386 -0.0071034030087733652 0 0.0024914322586385151 -0.00071178260581932157 0.00061761108133208994 -0.0055135989780708402 -0.45081869928771218
73.002782809235484 62.18386363636364 0.22643773778199644 1.9383888950365931 0.056845839473727455 0.97108587420095105 -0.01209898564538156 0 0.028422919736863728 -0.0071169527000607942 0.0061796218799429507 -0.054282447794292824 -0.44728566795677127
73.60729607785612 62.18386363636364 0.1492297796208249 1.6081239548744648 0.096443768954213249 0.95039576262083358 -0.017439192588845496 0 0.048221884477106625 -0.0094620062747267624 0.008200895593816461 -0.076529189923390389 -0.42954501400988443
74.102488859294084 62.18386363636364 0.090972052221583 1.2909273591170956 0.12486004575480603 0.93522099605424336 -0.022397383429832832 0 0.062430022877403013 -0.0087886724953070011 0.0075986244772577854 -0.079750807367295909 -0.40538071453956825
74.496521125543538 62.18386363636364 0.050502233226165968 1.0094060520613377 0.14452346530347127 0.92453556179067975 -0.026655762621258933 0 0.072261732651735633 -0.0067436910397585146 0.0058165967027537704 -0.07239573249820451 -0.38033084793263328
74.80277144333968 62.18386363636364 0.024575617500927252 0.77328530718316313 0.15729080489546465 0.91749578529448783 -0.030177459657605998 0 0.078645402447732327 -0.0044553058987916961 0.0038346500234593696 -0.060530575589765302 -0.35754108148700986
75.036411048880666 62.183863636363647 0.0094543230593186339 0.58325151850735968 0.16536005598800307 0.91299510681678864 -0.032861511538540528 0 0.082680027994001537 -0.0025481370696675866 0.0021894372060805734 -0.048106084686430649 -0.33843843473029855
75.212107442320104 62.18386363636364 0.0020632307416976973 0.43477383175190365 0.17059051925051671 0.91004642382205492 -0.034999817687698796 0 0.085295259625258357 -0.0010179863006596532 0.00087330888614859747 -0.037059883750939604 -0.32318550777352839