x y z A dCp dVx dVy dVz dP dFx dFy dFz mu 
23.021228392801952 1.4461363636363624 -0.0044054652893009728 0.92834067744801985 0.17199554069807632 -0.90978369381782398 -0.017265276282747457 0 0.085997770349038161 -0.0021915340028720496 0.0018800706038625227 0.07978299445683372 1.2248308289360363
22.646076769132392 1.4461363636363624 -0.020187122666364955 1.2453741929038298 0.16686929824779684 -0.91257872159638709 -0.018187320905150309 0 0.083434649123898419 -0.0054905088830110747 0.0047176129462880717 0.10365489692129888 1.1922926845332005
22.147203254108145 1.4461363636363624 -0.052474513720355123 1.6511394051443316 0.1583703611085745 -0.91721995002263812 -0.018363065427501601 0 0.079185180554287249 -0.0095783804630455889 0.0082440437764961429 0.13013357462237654 1.14964368817615
21.493289410337972 1.4461363636363624 -0.10783371486942381 2.1553107150330217 0.14091805327492801 -0.92669341137177597 -0.017923951718645109 0 0.070459026637464006 -0.014040090828896928 0.012109918076058561 0.15072497448455796 1.098241276937834
20.651941209797744 1.4461363636363624 -0.19424595139024176 2.7564225157482349 0.11379992876558032 -0.94123517993545625 -0.016625501083845598 0 0.056899964382790158 -0.017103530451992321 0.014787592234143592 0.15520209259201456 1.0418486139930798
19.594592380096699 1.4461363636363624 -0.31863940419413805 3.4337091440694181 0.076092684484334816 -0.96110832482484398 -0.013345541129805186 0 0.038046342242167408 -0.015940280059360101 0.013815735131372206 0.12892579910384716 0.98991757081693554
18.303819531472517 1.4461363636363624 -0.48349589496984768 4.1388996497909067 0.031037964341726787 -0.98433037247917521 -0.0074668248460428664 0 0.015518982170863393 -0.0082972200607490908 0.0072044433609441882 0.063284587346144977 0.95551722199526878
16.781973058073334 1.4461363636363624 -0.68137958948511779 4.7938315798706004 -0.016108077089193262 -1.0080218390537572 -0.00022153978044941493 0 -0.0080540385445966312 0.0049131041979048806 -0.0042630819741266779 -0.038057808751230063 0.95205626246497743
15.058977530176515 1.4461363636363624 -0.8918309474024968 5.3023945095687726 -0.057970800290962021 -1.0285590290520406 0.006092950556637995 0 -0.028985400145481011 0.017604224173431094 -0.015167951260576107 -0.15192519074484773 0.98719339753434188
13.195688651407952 1.4461363636363624 -1.0843359287281644 5.5762254029367195 -0.086931386920933162 -1.042512931141395 0.0099083461743177115 0 -0.043465693460466581 0.022002587720780641 -0.018514534564854128 -0.24066262349495385 1.0577223796789061
11.278858258374239 1.4461363636363624 -1.2252116543633191 5.5647967346176799 -0.095823626739414358 -1.0467588431180943 0.010933942266325066 0 -0.047911813369707179 0.014790194808408151 -0.011376747749874584 -0.26596574762394093 1.149376742062022
9.4071499966309986 1.4461363636363624 -1.287094559427483 5.2760717467868483 -0.076625472691770113 -1.0375486980023885 0.010870692954845227 0 -0.038312736345885057 0.0018876024458673666 0.00043039164978855946 -0.20213147410327112 1.2397182103144493
7.6721007726642148 1.4461363636363624 -1.2640445389951711 4.7698909981603279 -0.030375785200943639 -1.015008159677635 0.011585378231383042 0 -0.01518789260047182 -0.0027733420907644721 0.0035557342373736061 -0.072304109607462017 1.3028778783282571
6.1405049071161084 1.4461363636363624 -1.1748593804478715 4.1297894540287654 0.028540465547793548 -0.98553503207620519 0.013425163044060297 0 0.014270232773896774 0.0047561749303173676 -0.0053912406262309493 0.058492892818194198 1.3264162085081654
4.846288702312286 1.4461363636363624 -1.0435885618159784 3.4456911493122706 0.093452895395536473 -0.95193437097116296 0.01918483693440904 0 0.046726447697768236 0.019907736693318082 -0.021719517171439287 0.15828621152498804 1.3161185507848929
3.7933902890615028 1.4461363636363624 -0.88840378652046037 2.7900710211801814 0.16500824165234951 -0.91323611161303497 0.031489090071877876 0 0.082504120826174754 0.038910990018530781 -0.041718930356126435 0.22301118080384283 1.2808864523320731
2.9648127747366697 1.4461363636363624 -0.72108944273622877 2.2116448940606173 0.25235999830452382 -0.86283617857866002 0.056158086071828206 0 0.12617999915226191 0.06261210801337834 -0.066458397577330491 0.26370528127227694 1.2295257521497167
2.3330906430849812 1.4461363636363624 -0.54611024662812513 1.734797359724348 0.37148996201613227 -0.78600014107670901 0.10350756596143687 0 0.18574498100806613 0.095837443491175206 -0.10109593592803752 0.29056308491611571 1.1665622665671875
1.8717832575180993 1.4461363636363624 -0.35909570602006491 1.3757342456085468 0.55693250561317231 -0.63142826362584115 0.21063200678264196 0 0.27846625280658616 0.1575650102885541 -0.1655295184921502 0.30746618401090947 1.0927583460646657
1.5978939426567997 1.4461363636363624 -0.13063894373585552 1.1951093157814408 0.66975945566207562 -0.059470074392888206 0.57158013837923782 0 0.33487972783103781 0.25306422613474122 -0.26509433907578728 0.16080373823800398 1.0045498160507045
1.597893942656798 1.4461363636363624 0.13063894373585411 1.1951093157814259 -0.37032887611890475 1.0545951509751343 0.50809245581748042 0 -0.18516443805945237 -0.1399263417008966 0.14657813014132559 0.088912918143918024 0.87729690211861666
1.8717832575181004 1.4461363636363624 0.35909570602006469 1.3757342456085828 -0.55148771050797207 1.2354618559690269 0.15849830583807378 0 -0.27574385525398604 -0.15602459167746388 0.16391123566080873 0.30446027152269939 0.7491756646537957
2.3330906430849829 1.4461363636363624 0.54611024662812624 1.7347973597243187 -0.41651431868171285 1.1873042370631275 0.082601255036817797 0 -0.20825715934085642 -0.10745288315001614 0.11334870166082016 0.3257791534691184 0.63774465917035283
2.9648127747366666 1.4461363636363624 0.72108944273622833 2.2116448940606146 -0.39455322596980347 1.1793878993664382 0.059978402761524996 0 -0.19727661298490173 -0.09789114506031163 0.103904641516434 0.41229105298098284 0.51191593303445881
3.7933902890614988 1.4461363636363624 0.88840378652045959 2.7900710211801796 -0.39339060590218411 1.1791352147042518 0.055052260140181018 0 -0.19669530295109205 -0.092766384190032899 0.09946070042346819 0.53167346467591436 0.3580482992488403
4.8462887023122834 1.4461363636363624 1.0435885618159779 3.4456911493122839 -0.40243333145694882 1.1828177526993531 0.058099013384056611 0 -0.20121666572847441 -0.085728074719902694 0.093530089313383136 0.68162304825434994 0.16571432321597807
6.140504907116112 1.4461363636363624 1.1748593804478715 4.1297894540287832 -0.41840569903496538 1.1892265481697066 0.064388789112155634 0 -0.20920284951748269 -0.069725936779817643 0.079036054934228508 0.85751087932292025 -0.076044178562236456
7.6721007726642263 1.4461363636363629 1.2640445389951713 4.7698909981603563 -0.43593888419001248 1.1961521386833893 0.07182579838168375 0 -0.21796944209500624 -0.03980169231929867 0.051030213891186157 1.0376743401401967 -0.37340104699589488
9.4071499966310093 1.4461363636363629 1.287094559427483 5.276071746786819 -0.44101474278419284 1.1978227279532525 0.07896489842215472 0 -0.22050737139209642 0.01086401790291943 0.0024771013614680515 1.1633593494271215 -0.72648569659752638
11.278858258374242 1.4461363636363624 1.2252116543633187 5.5647967346176808 -0.41505681086114699 1.1865955899194536 0.083950681026725885 0 -0.20752840543057349 0.06406323052128822 -0.049277999588512915 1.1520216752731969 -1.1108143763726934
13.195688651407959 1.4461363636363624 1.0843359287281635 5.5762254029367302 -0.3594784367579853 1.1629782331572016 0.083427009778242203 0 -0.17973921837899265 0.090985041406167838 -0.076561253402398041 0.99518743165489909 -1.4826191287364643
15.058977530176518 1.4461363636363624 0.89183094740249591 5.3023945095687441 -0.28496041952437645 1.1309798816041914 0.076452121821082561 0 -0.14248020976218823 0.086535067321542217 -0.074559359761209226 0.74680124948563231 -1.8030283543924917
16.781973058073334 1.4461363636363624 0.68137958948511712 4.7938315798705986 -0.20076638079323272 1.0938879351824311 0.064618620037493607 0 -0.10038319039661636 0.061235499607532877 -0.053133811952296224 0.47434144259413547 -2.046597594693099
18.30381953147252 1.4461363636363624 0.48349589496984718 4.1388996497909334 -0.11693781809907744 1.0556354006191375 0.050712119446443701 0 -0.05846890904953872 0.031260388068926684 -0.027143271316752923 0.23842934678579536 -2.2058858229475296
19.594592380096703 1.4461363636363624 0.31863940419413794 3.4337091440694225 -0.042671092300462066 1.0204246326926663 0.037478811273826088 0 -0.021335546150231033 0.0089389560418019626 -0.0077475582966309089 0.0722987329301501 -2.2912862583819362
20.651941209797744 1.4461363636363624 0.19424595139024153 2.7564225157482247 0.017251820096950476 0.99098007949937472 0.026583113784177138 0 0.0086259100484752382 -0.002592857777514973 0.0022417666131937667 -0.023528297505204691 -2.3236346487095307
21.493289410337976 1.4461363636363624 0.10783371486942341 2.1553107150330471 0.062147554496564728 0.96825759281280066 0.018157077512530186 0 0.031073777248282364 -0.0061919483674902562 0.0053407052970883533 -0.066472594164335541 -2.3243037868113423
22.147203254108152 1.4461363636363624 0.052474513720354735 1.6511394051443316 0.093123682223801185 0.95222828468729148 0.011730797828682197 0 0.046561841111900593 -0.0056322032242371659 0.0048475971609056468 -0.076520111244005928 -2.3095861979252303
22.646076769132392 1.4461363636363627 0.020187122666364871 1.2453741929038051 0.11564931168939985 0.94037400851299513 0.006885667999652745 0 0.057824655844699924 -0.0038052150983570072 0.0032695570472467657 -0.071838364564716692 -2.2899980775202859
23.021228392801952 1.4461363636363624 0.004405465289301011 0.92834067744802073 0.13143102383728411 0.93196674914552136 0.002637167011175503 0 0.065715511918642056 -0.0016746687536354199 0.0014366628538689684 -0.0609664681055496 -2.269996715562915
25.506508347540908 4.3384090909090869 -0.0042939303108436733 0.90483749431962401 0.17005839135198608 -0.91095662140053435 -0.0099821127291508747 0 0.085029195675993041 -0.0021119921551489198 0.0018118333374157365 0.076887266264770215 1.2698520597809537
25.140854591977543 4.3384090909090869 -0.019676036970791323 1.2138445417420842 0.1644565143122213 -0.91401723077382102 -0.010769750987573806 0 0.082228257156110651 -0.0052741253558624031 0.0045316896100744243 0.099569808875734273 1.2386155600741966
24.654611263119165 4.3384090909090869 -0.051145994852763332 1.6093368290509513 0.15593515853285544 -0.91866705675594762 -0.010755477604881079 0 0.077967579266427722 -0.0091923262711299213 0.007911769685846724 0.12488857394760006 1.1978334011292362
24.017252825347757 4.3384090909090869 -0.10510364431498297 2.1007438263200848 0.14026896378089015 -0.92716117971558543 -0.010157905665727756 0 0.070134481890445077 -0.013621598620213851 0.011748958419573258 0.14623232352920004 1.1485167589921301
23.197205383583281 4.3384090909090869 -0.18932814666792466 2.6866370320991235 0.11876923534679329 -0.93869533829792218 -0.0090458007360407402 0 0.059384617673396645 -0.017398465381502505 0.01504259090155001 0.15787841245281467 1.0931315272890807
22.16662588951381 4.3384090909090869 -0.31057227921445646 3.3467765160125342 0.090512763003675722 -0.95364298181176965 -0.007231890311736499 0 0.045256381501837861 -0.018481025735365447 0.016017846334258973 0.14947547987349491 1.0372280501628397
20.908532068508848 4.3384090909090869 -0.47125503034185473 4.0341134233740297 0.054073067784941586 -0.97257598034339854 -0.0047848379424591629 0 0.027036533892470793 -0.014089111182639391 0.012233519513547394 0.10746052060077493 0.99055600264646071
19.425214808820215 4.3384090909090869 -0.66412882189445432 4.6724641721447187 0.010228795904431376 -0.99486990179551504 -0.0022544615656330631 0 0.0051143979522156879 -0.0030408850016348269 0.0026385644418837504 0.023555254512219171 0.96714458254422708
17.74584106805964 4.3384090909090869 -0.8692520961407102 5.1681516047766003 -0.035078325712643244 -1.0173879806454114 -0.00015016955507938926 0 -0.017539162856321622 0.010382684532796093 -0.008945810471163454 -0.089603001674409655 0.97960838035286901
15.929725840950049 4.3384090909090869 -1.0568833495999421 5.4350498086810939 -0.07333779724268541 -1.0360193666726247 0.0012919450216384871 0 -0.036668898621342705 0.018092068441284449 -0.015223946871917408 -0.1978896623790076 1.0313144816458164
14.061424632134976 4.3384090909090869 -1.1941924664907191 5.4239104846630681 -0.095467537188448581 -1.0466427910654483 0.0025308297407985385 0 -0.047733768594224291 0.014362175100535621 -0.011047511231253974 -0.25826885227693852 1.1139386226691455
12.237103179035735 4.3384090909090869 -1.2545086565702093 5.1424952662170904 -0.090461593547821018 -1.044238550532977 0.0052386189600269186 0 -0.045230796773910509 0.0021720249345147549 0.00049524273344442207 -0.23258848957508743 1.207944823239534
10.545980910591098 4.3384090909090869 -1.2320422029948652 4.649129703997934 -0.056002987177903529 -1.027565453038416 0.010593719831035693 0 -0.028001493588951765 -0.0049836820865893578 0.0063896369230766661 -0.12993012908053278 1.2861934157799937
9.0531610881283981 4.3384090909090869 -1.1451149818239972 4.0252338741886717 -0.0039839315917280516 -1.0018297106182765 0.017921007623133409 0 -0.0019919657958640258 -0.00064710066611853095 0.00073350443403614291 -0.0079582417510719421 1.3314700963581396
7.7917110878098192 4.3384090909090869 -1.0171676005515444 3.3584551678956425 0.060087746358631455 -0.96905726456596175 0.028987439233298738 0 0.030043873179315728 0.012476082852925053 -0.013611516966032395 0.099197207592372785 1.3435544047485986
6.7654693371651078 4.3384090909090869 -0.86591170210168478 2.7194336444659863 0.13624798682188732 -0.92825822185007045 0.045702152529810344 0 0.068123993410943662 0.031315542969469638 -0.033575371780193979 0.17947927338289274 1.3267014195926659
5.9578692608954249 4.3384090909090869 -0.7028333244422782 2.1556517697444848 0.23272439062527772 -0.87283692127009893 0.073697477856825788 0 0.11636219531263886 0.056278552622793812 -0.059735769070148242 0.23703005728252144 1.2878164869311466
5.3421406985304776 4.3384090909090869 -0.53228414868089935 1.6908767807529181 0.368137301969377 -0.78527064289973447 0.12333983715921072 0 0.1840686509846885 0.092568061682138839 -0.097647166826417303 0.28065086658477284 1.2310711883251633
4.8925124219640344 4.3384090909090869 -0.35000433219121513 1.3409042153233113 0.58635902078369762 -0.6000235707215964 0.23154415085423297 0 0.29317951039184881 0.16169032521136129 -0.1698633575313519 0.31551616182537479 1.1558466217507262
4.6255572756471857 4.3384090909090869 -0.12733150381330083 1.1648522412078384 0.64743864925941974 0.05048760038683997 0.59161841836420126 0 0.32371932462970987 0.23843704558826148 -0.24977181475563034 0.15150923878353034 1.052820262001299
4.6255572756471839 4.3384090909090869 0.12733150381329944 1.1648522412078226 -0.71684861665538335 1.2010166107380906 0.52383940037627286 0 -0.35842430832769168 -0.26399917039993281 0.2765491063776977 0.16775209258315876 0.88942398266120182
4.8925124219640352 4.3384090909090869 0.35000433219121496 1.3409042153233444 -0.85978938248579961 1.353327198638494 0.16821080794968496 0 -0.42989469124289981 -0.23708959859029988 0.24907387130098377 0.46264734799774948 0.71751582160430782
5.3421406985304785 4.3384090909090869 0.53228414868090046 1.6908767807528888 -0.62401654962843955 1.2714538093330248 0.086149639354903274 0 -0.31200827481421978 -0.15690885478778491 0.165518266684861 0.47572138025563726 0.56351867525904553
5.9578692608954213 4.3384090909090869 0.70283332444227786 2.1556517697444795 -0.55040202967952134 1.2438378942379229 0.05717798997246229 0 -0.27520101483976067 -0.13310091609988231 0.14127736440662292 0.56058509498222908 0.39501975653446852
6.7654693371651042 4.3384090909090869 0.865911702101684 2.7194336444659868 -0.51098254664662202 1.2283616741263277 0.045936305730734241 0 -0.25549127332331101 -0.11744537493298748 0.12592060533913563 0.6731165599045984 0.19972627261000034
7.7917110878098184 4.3384090909090869 1.017167600551544 3.3584551678956531 -0.48970593194006495 1.2197834347444498 0.042828778445076626 0 -0.24485296597003248 -0.10167816486223623 0.1109317790217212 0.80844205239355127 -0.031250977105981466
9.0531610881284017 4.3384090909090869 1.1451149818239974 4.0252338741886806 -0.47879110695082128 1.2152824053053144 0.043356456337561584 0 -0.23939555347541064 -0.077768916736122295 0.088152969457281335 0.95642590482464407 -0.30603868193993333
10.545980910591108 4.3384090909090887 1.2320422029948659 4.6491297039979678 -0.46969813564574014 1.2114484905063061 0.045724069107336882 0 -0.23484906782287007 -0.041798237963379697 0.05359000834524176 1.0897265033286681 -0.62632704313739485
12.237103179035746 4.3384090909090887 1.2545086565702095 5.1424952662170673 -0.44690762942037088 1.2018710339598193 0.049128883039671487 0 -0.22345381471018544 0.010730460037859751 0.0024466488739692009 1.1490574776522966 -0.98663816294312601
14.06142463213498 4.3384090909090869 1.1941924664907186 5.423910484663069 -0.39382875260893502 1.1794271465360571 0.052729106030250404 0 -0.19691437630446751 0.05924775762707582 -0.045573895543671784 1.0654270857452812 -1.3577714769322726
15.929725840950058 4.3384090909090869 1.0568833495999415 5.4350498086811037 -0.3164756395193149 1.1461139819398565 0.053836603916676891 0 -0.15823781975965745 0.078072960266798871 -0.065696114465432817 0.85395607463386414 -1.6966018164705743
17.745841068059644 4.3384090909090869 0.86925209614070931 5.1681516047765657 -0.22881633239182064 1.1073242875931306 0.051470909241885347 0 -0.11440816619591032 0.067726373676934085 -0.058353627224180235 0.5844814368391219 -1.9704800602974535
19.425214808820215 4.3384090909090869 0.66412882189445355 4.6724641721447258 -0.14144554963832823 1.0673851968000396 0.046199472837567146 0 -0.070722774819164114 0.042049880989105386 -0.036486523069319536 0.32572611209381369 -2.1637642801305441
20.908532068508848 4.3384090909090869 0.47125503034185423 4.0341134233740563 -0.063135005189620896 1.0303460651789786 0.039012705107654824 0 -0.031567502594810448 0.016450261545559945 -0.014283697034667437 0.12546949532792565 -2.2788137967061255
22.166625889513817 4.3384090909090869 0.31057227921445635 3.3467765160125209 0.00066809032948500491 0.99918045695153224 0.031150025949302957 0 0.00033404516474250245 -0.00013641164144176775 0.00011823048904893804 -0.0011033043217845045 -2.3316870286920186
23.197205383583281 4.3384090909090869 0.18932814666792447 2.686637032099124 0.049179125429537396 0.97480887772664393 0.023843793233952623 0 0.024589562714768698 -0.0072042335608207032 0.0062287297091074773 -0.065373177034963911 -2.3434614959962574
24.017252825347761 4.3384090909090869 0.10510364431498256 2.1007438263201048 0.08383836947401857 0.95700321000192612 0.017506757894902521 0 0.041919184737009285 -0.0081415916049124865 0.0070223197660012815 -0.087402653007661729 -2.3326598796213784
24.654611263119172 4.3384090909090869 0.051145994852762958 1.6093368290509489 0.10670897592292805 0.94506321185404263 0.012105770408892822 0 0.053354487961464026 -0.0062904590085437655 0.0054141532214935671 -0.085463290997426472 -2.3124263134901168
25.140854591977547 4.3384090909090878 0.01967603697079124 1.2138445417420662 0.12340056469702676 0.93623735142863063 0.007684861278903052 0 0.06170028234851338 -0.0039574598179839609 0.0034003703608429876 -0.074712580972703793 -2.2906004584810979
25.506508347540908 4.3384090909090869 0.0042939303108437106 0.9048374943196259 0.13500596816132837 0.93004370063407482 0.0035702590307954522 0 0.067502984080664186 -0.0016766684865602941 0.0014383783823904057 -0.061039268564337959 -2.2699966223311581
27.991788302279865 7.2306818181818118 -0.0041823953323863738 0.88133431119122974 0.1706681082910344 -0.91066604612821667 -0.0043868141248945142 0 0.085334054145517202 -0.0020645086097007184 0.0017710982094882948 0.07515862347925123 1.2870998290166686
27.635632414822698 7.2306818181818109 -0.019164951275217688 1.1823148905803529 0.16471500585091292 -0.91392498515649989 -0.0051103479116901204 0 0.082357502925456461 -0.0051452042822392463 0.004420916685572685 0.097135917795301285 1.2566064661472791
27.162019272130191 7.2306818181818109 -0.049817475985171535 1.5675342529575675 0.1558391964661926 -0.91876863916182583 -0.0049991225764202465 0 0.077919598233096299 -0.0089480453062081734 0.007701518800913798 0.12156972946234347 1.2169025058284826
26.541216240357546 7.2306818181818118 -0.10237357376054214 2.0461769376071475 0.1399834032419901 -0.92736075251126548 -0.0043164174669852468 0 0.06999170162099505 -0.013240766522607647 0.011420481520175099 0.14214396620344477 1.1689806971894903
25.742469557368821 7.2306818181818118 -0.18441034194560763 2.616851548450021 0.1185138104302893 -0.93886917833093531 -0.0032947761540274827 0 0.059256905215144651 -0.016910094481939236 0.014620348853802341 0.15344680192737262 1.1152117964350137
24.738659398930928 7.2306818181818127 -0.30250515423477486 3.2598438879556304 0.09062122823061125 -0.95361092433230854 -0.002230866080438188 0 0.045310614115305625 -0.018022551822501717 0.0156204785263421 0.14576731945447458 1.0608757287359762
23.513244605545175 7.2306818181818118 -0.45901416571386178 3.9293271969571579 0.055634251830065429 -0.97178355407266992 -0.0015723243382934167 0 0.027817125915032714 -0.014119357294575424 0.012259782092909731 0.10769121385691161 1.0151557134145877
22.068456559567096 7.2306818181818109 -0.64687805430379064 4.5510967644188458 0.014998296593814131 -0.99247105360673071 -0.0017062118659997632 0 0.0074991482969070655 -0.0043429768110458721 0.003768384591785183 0.033641497152918802 0.99019829023277695
20.432704605942767 7.2306818181818109 -0.84667324487892359 5.0339086999844369 -0.027156117842588312 -1.0134842853770005 -0.0023918897254501803 0 -0.013578058921294156 0.007829041162189538 -0.0067455693358164205 -0.067564952604388925 0.99666984376057888
18.663763030492149 7.2306818181818109 -1.0294307704717198 5.2938742144254682 -0.064564537224802931 -1.0317733426662787 -0.0028821152053063199 0 -0.032282268612401466 0.01551402520092353 -0.013054598825720574 -0.16969122237812073 1.0392004604496061
16.843991005895713 7.2306818181818118 -1.1631732786181188 5.2830242347084493 -0.088378200077269042 -1.0432516977166546 -0.0020236819381829673 0 -0.044189100038634521 0.012950297344944215 -0.0099614824610385344 -0.23287965844387257 1.1122271251458544
15.06705636144047 7.2306818181818118 -1.2219227537129358 5.0089187856473441 -0.086643156719064196 -1.0424198696935614 0.0019929844762722315 0 -0.043321578359532098 0.0020263055269607072 0.000462017296403482 -0.21698431470296373 1.1989621637052073
13.41986104851798 7.2306818181818109 -1.2000398669945598 4.528368409835549 -0.055350477808006948 -1.0272539999201027 0.0099848613488985691 0 -0.027675238904003474 -0.0047976725313395446 0.0061511519030414841 -0.1250806533106287 1.2735523730493146
11.965817269140688 7.2306818181818109 -1.1153705832001228 3.9206782943485776 -0.0049507914914186379 -1.002260639984397 0.020600995837229005 0 -0.002475395745709319 -0.00078325774825031781 0.00088784181722591042 -0.0096327431578234271 1.3180692720269922
10.737133473307352 7.2306818181818109 -0.99074663928711038 3.2712191864790148 0.059791958557686153 -0.96901466624253552 0.034908710219389329 0 0.029895979278843077 0.012092196711250794 -0.013192693783145413 0.096144932792949778 1.3305238476309751
9.7375483852687132 7.2306818181818109 -0.84341961768290918 2.6487962677517847 0.13916155901642535 -0.92622255590590752 0.054315908486396565 0 0.069580779508212676 0.031154388208419318 -0.033402587580932716 0.17855564451770881 1.3135724309808046
8.9509257470541783 7.2306818181818118 -0.68457720614832773 2.0996586454283501 0.24142127607231567 -0.86687577103287283 0.084291882906046223 0 0.12071063803615784 0.056865210160165693 -0.060358465240225638 0.23950090031611068 1.2731046533355281
8.351190753975974 7.2306818181818109 -0.51845805073367368 1.6469562017814832 0.38558928969229456 -0.77209254842066533 0.13521762821832067 0 0.19279464484614728 0.094437916405670647 -0.099619618369767571 0.28631995308189306 1.2128060570620771
7.9132415864099688 7.2306818181818109 -0.34091295836236546 1.3060741850380717 0.61684200291002234 -0.56892270795092914 0.24389536581854004 0 0.30842100145501117 0.16567785066866653 -0.1740524422000494 0.32329726267865905 1.1314777985405395
7.6532206086375707 7.2306818181818118 -0.12402406389074613 1.1345951666342318 0.62182088812747738 0.12006124773853666 0.60312884913921028 0 0.31091044406373869 0.22305425222172201 -0.23365775745512929 0.14173460285152262 1.01718796803584
7.6532206086375689 7.2306818181818118 0.12402406389074477 1.1345951666342189 -0.92636547813776859 1.281825167745219 0.53224967587844474 0 -0.4631827390688843 -0.33229787380136311 0.34809457890250767 0.21115090477999152 0.83561667188974664
7.9132415864099706 7.2306818181818109 0.34091295836236524 1.3060741850381068 -1.0210148086219051 1.411125555266175 0.17245137255653911 0 -0.51050740431095254 -0.27423479301884762 0.28809666028690539 0.53513102419193692 0.64523712786226428
8.351190753975974 7.2306818181818109 0.51845805073367468 1.6469562017814545 -0.72534824340300896 1.3106940328719747 0.086193941763953397 0 -0.36267412170150448 -0.17765113971437527 0.18739865739178532 0.5386085157731223 0.47448278134019167
8.9509257470541748 7.2306818181818118 0.6845772061483274 2.0996586454283515 -0.62470450996513183 1.2735401953962544 0.052913898695918754 0 -0.31235225498256591 -0.14714508110101132 0.15618426869240803 0.61973532325861513 0.28977947600986631
9.7375483852687097 7.2306818181818109 0.84341961768290852 2.6487962677517944 -0.56639211640732445 1.250998276685543 0.037355429821192908 0 -0.28319605820366223 -0.12679938337468091 0.13594962867017368 0.72672733842341208 0.079209639146353317
10.737133473307352 7.2306818181818109 0.99074663928711004 3.2712191864790316 -0.52982171786898369 1.2364967702093723 0.029957555487293494 0 -0.26491085893449184 -0.10715000125282016 0.11690160101984352 0.85194856775954653 -0.16517877110992518
11.965817269140691 7.2306818181818127 1.1153705832001231 3.9206782943485856 -0.50423662146864134 1.2261894881528279 0.026381065409630221 0 -0.25211831073432067 -0.079774565622779472 0.090426421531295043 0.98109198777512063 -0.44969887348234427
13.419861048517992 7.2306818181818135 1.20003986699456 4.5283684098355801 -0.47968862087662911 1.2161634041137086 0.025203082573079495 0 -0.23984431043831456 -0.04157848335038325 0.053308258393133801 1.0839972564111122 -0.77282500984443214
15.06705636144048 7.2306818181818135 1.2219227537129358 5.0089187856473147 -0.4416227574853091 1.2003895999695771 0.026221475362533057 0 -0.22081137874265455 0.010328139788647175 0.0023549159583963449 1.1059755325038596 -1.1260563317449432
16.843991005895717 7.2306818181818127 1.1631732786181184 5.2830242347084582 -0.37587893439193687 1.172611614803468 0.029341697632211464 0 -0.18793946719596843 0.055078559665398194 -0.042366911853211349 0.99045418192393309 -1.4794180748798371
18.663763030492156 7.2306818181818118 1.0294307704717189 5.2938742144254691 -0.29117788998891792 1.1358432755899786 0.032217127214354734 0 -0.14558894499445896 0.069966289814967789 -0.058874588189023365 0.76528593258034094 -1.79281262750251
20.432704605942767 7.2306818181818118 0.84667324487892259 5.0339086999843969 -0.20216067959128647 1.0959176491888494 0.033543789107265666 0 -0.10108033979564324 0.058282420597477028 -0.050216635863177109 0.50297972686048509 -2.0393113712861219
22.068456559567096 7.2306818181818109 0.64687805430379008 4.5510967644188467 -0.11770560984142331 1.056702695637902 0.032939685381235026 0 -0.058852804920711654 0.034083386128138708 -0.029574025538076063 0.26401617767686925 -2.2087611221684691
23.513244605545175 7.2306818181818109 0.45901416571386139 3.9293271969571832 -0.043993187504668407 1.0213128656575983 0.030219496139629428 0 -0.021996593752334204 0.011164984024643268 -0.0096945114679924671 0.085157607192844251 -2.3062042610494653
24.738659398930928 7.2306818181818118 0.30250515423477475 3.259843887955606 0.015161328935878071 0.99205448375427774 0.025818062033301285 0 0.0075806644679390356 -0.0030152519644680411 0.0026133745668401073 -0.024387511861199411 -2.3475923231032789
25.742469557368821 7.2306818181818118 0.1844103419456074 2.6168515484500259 0.059687917652494482 0.96947409450760935 0.020786111376505725 0 0.029843958826247241 -0.0085165460739918368 0.0073633458857506112 -0.077281458120587621 -2.3527344427894978
26.541216240357549 7.2306818181818118 0.10237357376054175 2.0461769376071679 0.091377869485404828 0.95308642217888018 0.015760785921281623 0 0.045688934742702414 -0.0086432606092450813 0.007455021421410947 -0.09278823411245736 -2.3385195885998185
27.162019272130198 7.2306818181818127 0.049817475985171174 1.5675342529575609 0.11217771016410805 0.94217884294303245 0.011014433549688523 0 0.056088855082054023 -0.0064410703831681735 0.0055437833578649834 -0.087509523827108554 -2.3167017630753097
27.635632414822702 7.2306818181818127 0.019164951275217612 1.182314890580338 0.12731322485213048 0.93415172983182537 0.0068790115625637699 0 0.06365661242606524 -0.0039768844757700136 0.0034170606201616078 -0.075079297600149753 -2.2942554186340565
27.991788302279865 7.2306818181818127 0.0041823953323864103 0.88133431119122885 0.13772461296111937 0.92858342058092513 0.0028667160845334294 0 0.068862306480559687 -0.0016660034031728253 0.0014292290332412509 -0.060651005234784901 -2.2735547624404484
30.477068257018828 10.122954545454544 -0.0040708603539290743 0.85783112806285078 0.17116863265879234 -0.91040105365602253 -0.0011352723072235128 0 0.085584316329396171 -0.0020153460500694693 0.001728922690855128 0.073368856029874169 1.2894470735275574
30.130410237667856 10.122954545454544 -0.018653865579644057 1.1507852394186278 0.16499705351058069 -0.91378305391620984 -0.0018646353489230466 0 0.082498526755290347 -0.0050165687514034558 0.00431038910815608 0.094707417455295637 1.2596963052803047
29.669427281141218 10.122954545454544 -0.048488957117579744 1.5257316768641855 0.1558855707566088 -0.91875533229337747 -0.0017517493761155516 0 0.077942785378304402 -0.0087120130042425952 0.007498367481379279 0.11836295277398415 1.2210234380688854
29.065179655367338 10.122954545454544 -0.099643503206101297 1.991610048894223 0.13984027820780065 -0.92744735460414884 -0.0010612398246974172 0 0.069920139103900325 -0.012874488469158294 0.011104557836034775 0.13821185130951655 1.1744087033364887
28.287733731154361 10.122954545454544 -0.17949253722329053 2.5470660648009344 0.11822968138811096 -0.93902626026657454 -3.3788466411073916e-05 0 0.059114840694055482 -0.016419680988571488 0.014196340793805598 0.14899665634955295 1.1221802601722102
27.310692908348045 10.122954545454544 -0.29443802925509333 3.1729112598987292 0.090280407590247358 -0.95379167613817306 0.001015351804600142 0 0.045140203795123679 -0.017475957242904367 0.015146734909050582 0.14134643458306723 1.0694734181085759
26.117957142581513 10.122954545454544 -0.44677330108586888 3.8245409705403008 0.055386940597142775 -0.97191074457385929 0.0016012447482081208 0 0.027693470298571388 -0.01368173506626328 0.011879796442983427 0.10435337998852355 1.0251864271215487
24.711698310313988 10.122954545454544 -0.62962728671312718 4.4297293566929907 0.0152218915174267 -0.99235920487737406 0.0011475964966878628 0 0.00761094575871335 -0.0042901780727889081 0.0037225713258227161 0.033232508415463088 1.0009903098875981
23.119568143825894 10.122954545454544 -0.82409439361713677 4.8996657951922904 -0.025602136813492882 -1.0127201253447087 -0.00029074953181025044 0 -0.012801068406746441 0.0071841969434554903 -0.0061899659997043934 -0.061999920032278354 1.0067844740876373
21.397800220034249 10.122954545454544 -1.0019781913434975 5.1526986201698692 -0.061106669357963828 -1.0300988432385871 -0.0017442810807156129 0 -0.030553334678981914 0.014291578084755849 -0.012025945302179908 -0.15632018921628485 1.0460186633828277
19.626557379656454 10.122954545454544 -1.1321540907455188 5.142137984753858 -0.08357376205567757 -1.0409471365940075 -0.0016795452998409701 0 -0.041786881027838785 0.011919709288415532 -0.0091687450762344396 -0.21434703419533141 1.1133488620516998
17.897009543845215 10.122954545454544 -1.1893368508556621 4.8753423050776199 -0.081298914268410849 -1.0398532610304305 0.0020272623880557956 0 -0.040649457134205425 0.0018506169320106215 0.00042195859421484031 -0.19817092803982442 1.1934563190253835
16.293741186444873 10.122954545454544 -1.1680375309942539 4.4076071156731693 -0.049714275302428224 -1.0245046651541163 0.010220879604028923 0 -0.024857137651214112 -0.0041942224811155797 0.0053774615561954942 -0.10934804004257197 1.2618330687690851
14.878473450152985 10.122954545454544 -1.0856261845762485 3.8161227145085004 0.001393895679638657 -0.99907454119799843 0.021358030114462377 0 0.00069694783981932851 0.00021464533755606024 -0.00024330574064610136 0.0026397739585986998 1.3011213267308066
13.682555858804893 10.122954545454544 -0.96432567802267632 3.1839832050624053 0.067723886496545038 -0.96486314751382296 0.036265963011805402 0 0.033861943248272519 0.013331082639774427 -0.01454432931120897 0.10599530218242646 1.3090721555041362
12.709627433372324 10.122954545454544 -0.8209275332641337 2.5781588910375981 0.14985586248199556 -0.92032061810224242 0.056161351603313231 0 0.07492793124099778 0.032653880780045857 -0.035010288287993192 0.18714971032908395 1.2879420144609766
11.943982233212942 10.122954545454544 -0.66632108785437727 2.0436655211122234 0.25639742027805534 -0.85798281998339876 0.086417939892591167 0 0.12819871013902767 0.058782206230540895 -0.062393223229398415 0.2475747697956065 1.2432031875548581
11.360240809421477 10.122954545454544 -0.5046319527864479 1.6030356228100584 0.40656886201823028 -0.75799452980391413 0.13738788436071359 0 0.20328443100911514 0.096920728986186366 -0.10223866007640761 0.2938474251886557 1.1781661826891927
10.933970750855911 10.122954545454544 -0.33182158453351573 1.2712441547528421 0.64522060012567373 -0.54253719588290328 0.24583081775449245 0 0.32261030006283686 0.16867855090628034 -0.17720482015859385 0.32915271148502895 1.0912575445106607
10.680883941627965 10.122954545454544 -0.12071662396819144 1.1043380920606389 0.60585714402820834 0.17002416762648204 0.60434645559870181 0 0.30292857201410417 0.21153223442907002 -0.22158800845024132 0.13441320637679138 0.96906723865981381
10.680883941627961 10.122954545454544 0.12071662396819011 1.1043380920606234 -1.0667812938169083 1.3355791325211852 0.53198653609923907 0 -0.53339064690845417 -0.37246178072254554 0.39016778902231042 0.23667211919190148 0.77731403904270613
10.933970750855913 10.122954545454544 0.33182158453351551 1.2712441547528741 -1.1217451736439488 1.4466106961837446 0.17047776198299389 0 -0.56087258682197438 -0.29325528406800022 0.30807858850234249 0.57224686475949915 0.57810818351662385
11.360240809421477 10.122954545454544 0.5046319527864489 1.6030356228100291 -0.78612230969063224 1.3339061814608724 0.082562756440822102 0 -0.39306115484531612 -0.18740133454711841 0.19768383441852461 0.56816947426630249 0.3998869870406363
11.943982233212935 10.122954545454544 0.66632108785437683 2.0436655211122243 -0.66843251240929069 1.2908021175677404 0.04756475262132405 0 -0.33421625620464535 -0.15324622904953772 0.16266021286529281 0.64543170989849807 0.20837935533640667
12.70962743337232 10.122954545454544 0.82092753326413292 2.5781588910376136 -0.59769404622898414 1.2636377491544302 0.030227225160599194 0 -0.29884702311449207 -0.1302386827265391 0.13963711876142307 0.74643904992780907 -0.0079397218609824505
13.682555858804895 10.122954545454544 0.9643256780226761 3.1839832050624182 -0.55032180611124648 1.2449419247033044 0.021009765045763362 0 -0.27516090305562324 -0.10832788629331341 0.11818668403842478 0.86131391971009108 -0.25587592274078325
14.87847345015299 10.122954545454544 1.0856261845762487 3.8161227145085084 -0.51494242498048592 1.2307299002953238 0.015695142546285529 0 -0.25747121249024296 -0.079295740883941521 0.089883661977096699 0.97520325480421677 -0.54033092861385756
16.293741186444883 10.122954545454547 1.1680375309942543 4.4076071156731951 -0.48147689565113194 1.2170878383711552 0.013194291953745928 0 -0.24073844782556597 -0.040620550286471088 0.052080081240445664 1.0590228771304644 -0.85840514656514644
17.897009543845222 10.122954545454547 1.1893368508556623 4.8753423050775853 -0.43595926239678606 1.1982369289894135 0.013693954973098842 0 -0.21797963119839303 0.0099237929549067239 0.0022627209619118251 1.0626765731642351 -1.2008147540807566
19.626557379656461 10.122954545454544 1.1321540907455183 5.1421379847538695 -0.36529270491947696 1.1683282631853673 0.017371653972492015 0 -0.18264635245973848 0.052099878487201837 -0.040075684128991214 0.93688983224802846 -1.5386403861802891
21.397800220034256 10.122954545454544 1.0019781913434966 5.1526986201698648 -0.27872219416381494 1.1305961400715918 0.021784449018334512 0 -0.13936109708190747 0.06518731987357973 -0.054853224643649862 0.71301392447414214 -1.8347012685065203
23.119568143825898 10.122954545454544 0.82409439361713588 4.8996657951922629 -0.19019869167687942 1.0906725218839546 0.025142427968957159 0 -0.095099345838439708 0.053371516188216367 -0.045985358302111021 0.46059841645700533 -2.0652183333734611
24.711698310313984 10.122954545454544 0.62962728671312651 4.4297293566929845 -0.10742705518069529 1.0520101353676794 0.026490191852308831 0 -0.053713527590347643 0.030277524710570065 -0.026271693946537607 0.23453527514985192 -2.2220188943595636
26.11795714258151 10.122954545454544 0.44677330108586844 3.8245409705403457 -0.035745562006585851 1.0174011723310599 0.025306452654823886 0 -0.017872781003292926 0.0088299029319200643 -0.0076669697910735982 0.067347468099168792 -2.3106808021847796
27.310692908348045 10.122954545454544 0.29443802925509321 3.1729112598987115 0.021509556323471291 0.9889427908887789 0.021968159359437276 0 0.010754778161735645 -0.0041636950547333856 0.0036087514039769065 -0.033676178220032195 -2.3467185085126139
28.287733731154361 10.122954545454544 0.17949253722329034 2.5470660648009407 0.06452206143246153 0.96704111072475696 0.017590586566876159 0 0.032261030716230765 -0.0089607926961102775 0.0077474383933017633 -0.081312672937507949 -2.3490003599312756
29.065179655367345 10.122954545454544 0.099643503206100908 1.9916100488942485 0.095115184953271203 0.95116640622389881 0.012933782039370737 0 0.047557592476635602 -0.0087568429326426115 0.0075529889237579556 -0.094007577562910893 -2.3334711458946344
29.669427281141225 10.122954545454544 0.04848895711757939 1.525731676864172 0.11511055588218533 0.94064823205776948 0.0083873502613941719 0 0.057555277941092664 -0.0064332103022990712 0.0055370182422985505 -0.087402735375316412 -2.3111869588178151
30.13041023766786 10.122954545454546 0.018653865579643977 1.1507852394186173 0.12956601034064441 0.93296034185843724 0.0043577722225382311 0 0.064783005170322205 -0.00393932367208733 0.0033847872302988405 -0.074370190062585342 -2.2887017916804826
30.477068257018828 10.122954545454544 0.004070860353929109 0.85783112806285766 0.13941869719687372 0.9276751289359999 0.00039743767086998592 0 0.06970934859843686 -0.001641521091435331 0.0014082261765427286 -0.059759724451971329 -2.2681889176737595
32.962348211757792 13.015227272727277 -0.003959325375471774 0.8343279449344595 0.17160822495352746 -0.91015971286140318 0.0010354373572206913 0 0.085804112476763728 -0.0019651628020361032 0.0016858715452602025 0.07154193032649718 1.2818961213891775
32.625188060513018 13.015227272727275 -0.018142779884070426 1.119255588256876 0.1652932142112622 -0.91362283992765914 0.00030356425463486667 0 0.082646607105631098 -0.0048878806541579056 0.0041998163640745044 0.092277924718061302 1.2528927219851145
32.176835290152248 13.015227272727275 -0.047160438249987946 1.4839291007708075 0.15601650586365867 -0.91868564730329638 0.0004190170219582315 0 0.078008252931829336 -0.0084804350725995424 0.0072990500066244021 0.11521669395031135 1.2152317103926049
31.589143070377126 13.015227272727277 -0.096913432651660442 1.9370431601812728 0.13981043237733848 -0.92746337847514004 0.0011176806970877142 0 0.069905216188669239 -0.012519075851520491 0.010798005853199103 0.13439638042846749 1.1698813215277752
30.832997904939901 13.015227272727277 -0.17457473250097344 2.4772805811518226 0.11805133861829042 -0.93911873661423928 0.0021586851981445013 0 0.059025669309145212 -0.015945718780915299 0.013786556399824096 0.14469579421794523 1.1191330285860612
29.882726417765163 13.015227272727277 -0.28637090427541168 3.0859786318418063 0.090017946587054087 -0.95392434749081811 0.0032237675416934633 0 0.045008973293527044 -0.016947730643200209 0.014688911159174084 0.13707411087098897 1.0679922140011309
28.722669679617852 13.015227272727275 -0.43453243645787598 3.7197547441234051 0.055142980314821899 -0.97203004080260924 0.003823540565488 0 0.027571490157410949 -0.013248265505826171 0.011503416538148122 0.10104721936381647 1.0250812376319955
27.354940061060876 13.015227272727275 -0.61237651912246371 4.3083619489670939 0.015146327321069686 -0.99239222043126729 0.0033694964652561318 0 0.0075731636605348429 -0.0041519204407722519 0.0036026057002031802 0.032161539369064421 1.0016804520546916
25.806431681709029 13.015227272727275 -0.80151554235535016 4.7654228904000906 -0.025236631870341197 -1.0125379715279368 0.0018676414088965093 0 -0.012618315935170599 0.0068876076003079227 -0.0059344220656491857 -0.059440341598905024 1.0072562483428058
24.131837409576352 13.015227272727275 -0.97452561221527512 5.0115230259142276 -0.059893678577644049 -1.0295113640617819 0.00017275790305896588 0 -0.029946839288822025 0.013624091439610653 -0.011464274796876285 -0.14901927128758272 1.0448473240237099
22.409123753417202 13.015227272727277 -1.1011349028729187 5.001251734799216 -0.081081774357373515 -1.0397508135663727 -0.00014158191883345637 0 -0.040540887178686758 0.011247446702103073 -0.0086516347903167201 -0.20225802362553474 1.1088749199609766
20.726962726249955 13.015227272727277 -1.1567509479983886 4.7417658245078407 -0.077392811340390555 -1.0379703951736139 0.00320469710306072 0 -0.038696405670195277 0.0017134340664351985 0.00039067957146983966 -0.18348087775874675 1.1841962417764322
19.167621324371762 13.015227272727275 -1.1360351949939482 4.2868458215107452 -0.044490285301074461 -1.0219423228699809 0.011143340081964048 0 -0.022245142650537231 -0.0036506527948233529 0.0046805445222730807 -0.0951765743918499 1.2472673292077854
17.791129631165283 13.015227272727275 -1.0558817859523741 3.7115671346683912 0.0080633483951357832 -0.99571428654400873 0.022129418813424617 0 0.0040316741975678916 0.0012076514325516723 -0.0013689024396468415 0.014852066385470509 1.2815054967641757
16.627978244302437 13.015227272727275 -0.93790471675824238 3.0967472236457598 0.076227558591772215 -0.96042092451126138 0.036933577800718695 0 0.038113779295886108 0.014593872462115345 -0.015922044199283537 0.11603573118798681 1.2848357679826041
15.681706481475937 13.015227272727275 -0.798435448845358 2.5075215143233933 0.16084939644574892 -0.91429433459045162 0.056713960274824907 0 0.080424698222874458 0.034089096400061386 -0.036549073614939136 0.19537538461738649 1.2595063010710219
14.937038719371703 13.015227272727277 -0.64806496956042681 1.9876723967960759 0.27082619209536041 -0.84949299113114018 0.086807061485274131 0 0.1354130960476802 0.060389006246070992 -0.064098729682504046 0.25434217730651709 1.2107931780548171
14.369290864866981 13.015227272727275 -0.49080585483922218 1.5591150438386205 0.42539017094199449 -0.74544831450746574 0.13753777465112607 0 0.21269508547099725 0.098629083471848414 -0.10404075004597961 0.29902687000063716 1.1417850328210575
13.954699915301854 13.015227272727275 -0.32273021070466595 1.2364141244676041 0.66848013708055565 -0.5207534775012389 0.24563321963816506 0 0.33424006854027782 0.16997111862975711 -0.17856272387397976 0.33167497746772384 1.0507001362570423
13.708547274618356 13.015227272727277 -0.11740918404563673 1.0740810174870257 0.59222476617436426 0.20850172279576434 0.60357457320271035 0 0.29611238308718213 0.20110731947869934 -0.21066751612740139 0.12778893821990003 0.92323840904684906
13.708547274618354 13.015227272727277 0.11740918404563544 1.0740810174870141 -1.1729029738718295 1.37538355602153 0.53030467440651563 0 -0.58645148693591476 -0.39829366577774661 0.41722766469254535 0.25308638582316861 0.72571032543358205
13.954699915301855 13.015227272727275 0.32273021070466579 1.2364141244676339 -1.1932416549544924 1.471416499362654 0.16785452141019463 0 -0.59662082747724621 -0.30339961898344664 0.31873569359757792 0.59204212222224617 0.52233724283158056
14.369290864866979 13.015227272727275 0.49080585483922301 1.5591150438385879 -0.82649112734831642 1.3491629590075929 0.079059707754284683 0 -0.41324556367415821 -0.19162657709619133 0.20214091126094735 0.58097970234474339 0.34116208710415796
14.937038719371696 13.015227272727277 0.64806496956042614 1.9876723967960759 -0.69580851533911781 1.3015170998310366 0.043148049625973253 0 -0.3479042576695589 -0.1551518501729256 0.16468289713944018 0.65345767117477449 0.14766757464307442
15.681706481475931 13.015227272727275 0.79843544884535733 2.5075215143234098 -0.6160824919837613 1.2710089856484443 0.024872683503671646 0 -0.30804124599188065 -0.13056744957515548 0.13998961046760436 0.74832331663714702 -0.06933263273389452
16.627978244302437 13.015227272727275 0.93790471675824205 3.0967472236457732 -0.5614465101665147 1.2494912107425444 0.014772421725806211 0 -0.28072325508325735 -0.10748971782698957 0.11727223481311509 0.85464965077796884 -0.31592844256011743
17.79112963116529 13.015227272727277 1.0558817859523746 3.7115671346683881 -0.52006855397985441 1.23287956217187 0.0087486661127547279 0 -0.2600342769899272 -0.077890908771562697 0.088291250413549641 0.95792620015823748 -0.59626316276618985
19.167621324371776 13.015227272727278 1.1360351949939487 4.286845821510779 -0.48175592267133838 1.2172598186480106 0.0058699724318599673 0 -0.24087796133566919 -0.039530508595779994 0.050682526076709603 1.030604279171389 -0.90697305598951528
20.726962726249965 13.015227272727278 1.1567509479983886 4.7417658245078051 -0.43269244531108142 1.1969338853068641 0.0064590645836817484 0 -0.21634622265554071 0.0095795715809367087 0.0021842351529113685 1.0258160711603694 -1.2388452975717406
22.409123753417205 13.015227272727277 1.1011349028729183 5.0012517347992205 -0.35999052834087908 1.1661371771310218 0.010705720609604417 0 -0.17999526417043954 0.049936922481861629 -0.038411919372299798 0.89799431947824593 -1.564201364651157
24.131837409576356 13.015227272727277 0.97452561221527434 5.011523025914224 -0.27278200463099034 1.1280629520555525 0.015999400948236944 0 -0.13639100231549517 0.062050070431975711 -0.052213320921312506 0.67869892976734159 -1.8478665075430363
25.806431681709029 13.015227272727277 0.80151554235534928 4.7654228904000524 -0.18455445582151686 1.0881830719703072 0.020299204387907339 0 -0.09227722791075843 0.050368792440993064 -0.043398185644108092 0.43468478495829421 -2.0677161506882209
27.354940061060869 13.015227272727275 0.61237651912246294 4.3083619489670957 -0.10253064129781886 1.0497742672375638 0.022463952093405085 0 -0.051265320648909429 0.028105761640164942 -0.024387263324963181 0.21771239896869871 -2.2164749667368127
28.722669679617848 13.015227272727275 0.43453243645787554 3.7197547441234402 -0.03170321278919852 1.0154918989401684 0.021895569782248932 0 -0.01585160639459926 0.0076167914396550879 -0.0066136298805319921 0.058094819666227766 -2.2998252898547125
29.88272641776517 13.015227272727277 0.28637090427541162 3.0859786318418001 0.024774229147419335 0.98735299195281201 0.018969452665036027 0 0.012387114573709668 -0.004664258388490777 0.0040425988903394789 -0.037724760024519591 -2.3328218130238438
30.832997904939905 13.015227272727277 0.17457473250097327 2.477280581151819 0.067158159495134928 0.96572327154730431 0.014845985882945395 0 0.033579079747567464 -0.009071350970579874 0.0078430263004625484 -0.082315908824928646 -2.3336502293978909
31.589143070377133 13.015227272727277 0.096913432651660081 1.937043160181291 0.097274884126404615 0.95006222445876809 0.010338545838402753 0 0.048637442063202307 -0.0087103060345282111 0.0075128497230542556 -0.093507988716488119 -2.3176267986171486
32.176835290152255 13.015227272727277 0.047160438249987599 1.4839291007707875 0.11689098898744499 0.93972041309813992 0.0058784538117000124 0 0.058445494493722494 -0.0063537280058447851 0.0054686083964009414 -0.086322874808418396 -2.2953503137227189
32.625188060513018 13.015227272727277 0.018142779884070349 1.1192555882568731 0.13099625928263425 0.93220177039293062 0.0018973649231665453 0 0.065498129641317127 -0.0038736864339528293 0.003328389710327596 -0.07313102966816723 -2.2730966230320537
32.962348211757792 13.015227272727277 0.0039593253754718087 0.83432794493446605 0.14055027585645075 0.9270628720059686 -0.0020385022919860041 0 0.070275137928225373 -0.0016095042880596912 0.0013807596390501304 -0.058594149816625953 -2.2529144697957784
35.447628166496749 15.907499999999999 -0.0038477903970144741 0.81082476180606899 0.1721021415744185 -0.90988550463958862 0.0024953701814881915 0 0.08605107078720925 -0.001915300505996818 0.0016430957375831664 0.069726688909620471 1.2676878893996397
35.119965883358169 15.907499999999999 -0.017631694188496791 1.0877259370951387 0.16570469414327926 -0.91339596757549713 0.0017641636948101322 0 0.082852347071639632 -0.0047620131795788985 0.004091667185147245 0.089901682300242064 1.2394193562811899
34.684243299163271 15.907499999999999 -0.045831919382396148 1.4421265246774269 0.1563280483012518 -0.91851423409016153 0.0018850656519393081 0 0.078164024150625899 -0.0082579967049012624 0.0071075988893971997 0.11219460686226576 1.2027339615575847
34.113106485386915 15.907499999999999 -0.0941833620972196 1.8824762714683452 0.1400112055659507 -0.92735217521608426 0.002595680266575888 0 0.070005602782975351 -0.012183882446962238 0.010508893430900456 0.13079796942350047 1.1585808704255214
33.378262078725442 15.907499999999999 -0.16965692777865637 2.4074950975027347 0.11813149514101151 -0.93907141861534416 0.0036572665685674927 0 0.059065747570505756 -0.015507046827064825 0.013407283711281602 0.14071516545886387 1.1092074133236958
32.45475992718228 15.907500000000001 -0.27830377929573014 2.9990460037848909 0.090005012859529887 -0.95392474217285694 0.0047511483789135812 0 0.045002506429764944 -0.016467943276202452 0.014273070586917205 0.13319356614657024 1.0594946183581446
31.327382216654179 15.907500000000001 -0.42229157182988308 3.6149685177065294 0.055116847939651437 -0.97203609337181818 0.0053837944613970724 0 0.027558423969825718 -0.012868957729926054 0.011174065096601364 0.098154161701217241 1.0178123132934158
29.998181811807758 15.907499999999999 -0.59512575153180003 4.1869945412412175 0.015233246176819204 -0.99234174690730448 0.0049609644364750228 0 0.007616623088409602 -0.0040581150806049031 0.0035212111431375199 0.031434905796218153 0.99506078906858775
28.493295219592152 15.907499999999999 -0.77893669109356334 4.631179985607921 -0.024869772643506538 -1.0123525460096718 0.0034778198978468538 0 -0.012434886321753269 0.0065962792357301689 -0.0056834110360686691 -0.056926165630579326 1.0003291625176449
26.865874599118449 15.907499999999999 -0.94707303308705271 4.8703474316585993 -0.0590142109977152 -1.0290826514926157 0.0017627803728439001 0 -0.0295071054988576 0.013045880028644511 -0.010977726792160645 -0.14269483904971419 1.0364056295505648
25.191690127177939 15.907499999999999 -1.0701157150003184 4.8603654848446203 -0.079398229369442186 -1.0389400295874431 0.0013580464958833477 0 -0.039699114684721093 0.010703645830323179 -0.0082333383835050192 -0.19247908512641043 1.0976511576859076
23.556915908654691 15.907499999999999 -1.1241650451411149 4.6081893439380917 -0.074645833664378047 -1.0366413612776348 0.0045300941304009081 0 -0.037322916832189024 0.0016060629373850642 0.00036619791354837797 -0.17198317884521497 1.1691611921141467
22.041501462298648 15.907499999999999 -1.1040328589936423 4.1660845273483584 -0.040493420730861596 -1.0199721674509046 0.012255543903286543 0 -0.020246710365430798 -0.0032290890238419584 0.0041400526952076102 -0.084185938507053748 1.2280254849558812
20.703785812177571 15.907499999999999 -1.0261373873284998 3.6070115548283006 0.013516148650144499 -0.99295206611547571 0.023022722403386674 0 0.0067580743250722497 0.0019672943676605275 -0.0022299762885254187 0.024194387354404278 1.2582247006904828
19.57340062979997 15.907499999999999 -0.91148375549380833 3.0095112422291312 0.083398770029055047 -0.95665410097750281 0.0376053327850032 0 0.041699385014527524 0.015517022679523462 -0.016929209268205864 0.12337568915674174 1.2578720753341639
18.653785529579544 15.907499999999999 -0.7759433644265824 2.4368841376091916 0.17015896325020752 -0.90916144678332511 0.057153306401673383 0 0.085079481625103759 0.035046213134801531 -0.037575258926088727 0.20086092310098227 1.2292923627036669
17.930095205530456 15.907499999999999 -0.62980885126647612 1.9316792724799372 0.28291003329079756 -0.84233162160686126 0.086990838312766994 0 0.14145501664539878 0.061306395474391782 -0.065072474537985897 0.25820597285926955 1.177652503523348
17.378340920312475 15.907499999999999 -0.4769797568919964 1.5151944648671825 0.44080613836198834 -0.7350558401692675 0.13742915800900465 0 0.22040306918099417 0.099324272595288643 -0.10477408341257387 0.30113456704418146 1.1058939626852071
16.975429079747787 15.907499999999999 -0.31363883687581628 1.2015840941823634 0.68665066260054752 -0.50322778898230813 0.24517571208304864 0 0.34332533130027376 0.169672977791444 -0.17824951277896278 0.33109319712393764 1.0121326403511139
16.73621060760874 15.907499999999999 -0.11410174412308202 1.0438239429134235 0.58013466974555539 0.23812078332546704 0.60263075162400281 0 0.29006733487277769 0.19145219315921558 -0.20055340648239009 0.12165381422767405 0.88158161249990241
16.73621060760874 15.907499999999999 0.11410174412308077 1.0438239429134046 -1.2536121268664249 1.4050275331596063 0.52868682405546696 0 -0.62680606343321243 -0.4137087534603423 0.43337555150937751 0.26288154242230477 0.68149201562077166
16.975429079747791 15.907499999999999 0.31363883687581606 1.2015840941823945 -1.244556239352649 1.4890037037767327 0.16560256487090133 0 -0.62227811967632451 -0.30753274504991784 0.32307773861377398 0.60010734239622709 0.47714971295009384
17.378340920312475 15.907499999999999 0.47697975689199729 1.5151944648671667 -0.85438123028423374 1.3596193347957217 0.076265947406905274 0 -0.42719061514211687 -0.19251273254131068 0.20307568905591525 0.5836663773067382 0.29580767769923355
17.930095205530449 15.907499999999999 0.62980885126647568 1.9316792724799368 -0.71419001825213413 1.3086646146134377 0.03983647462811761 0 -0.35709500912606706 -0.1547644500038754 0.16427169880619188 0.65182604633757302 0.1030339127353062
18.653785529579537 15.907499999999999 0.77594336442658185 2.4368841376092156 -0.62814950295317828 1.2758155595134619 0.021075128861537604 0 -0.31407475147658914 -0.12937467965555435 0.13871076649105629 0.7414871752778267 -0.11206962757066787
19.57340062979997 15.907499999999999 0.911483755493808 3.0095112422291557 -0.56866736585027033 1.2524199511339222 0.010565597568257855 0 -0.28433368292513517 -0.10580521043570958 0.11543442231971363 0.84125614968043239 -0.35512847309095341
20.703785812177578 15.907500000000001 1.0261373873285002 3.6070115548282815 -0.52355900914801734 1.2343179433593641 0.0042689400472560122 0 -0.26177950457400867 -0.076204747113654575 0.086379944928429417 0.93718926878476849 -0.62986690163851244
22.041501462298658 15.907500000000004 1.104032858993643 4.1660845273483931 -0.48246374146227344 1.2175639660029944 0.0013153529306984251 0 -0.24123187073113672 -0.038473370336189472 0.049327156785708134 1.0030435102182129 -0.93282436130068092
23.556915908654702 15.907500000000004 1.1241650451411154 4.6081893439380588 -0.43147807376451075 1.1964421594525507 0.0020573888859204948 0 -0.21573903688225538 0.0092835850113659104 0.0021167473467413977 0.99412073099322484 -1.255050364322043
25.191690127177942 15.907500000000001 1.0701157150003184 4.8603654848446203 -0.35767168662853543 1.1651727220175938 0.0066493980664721116 0 -0.17883584331426772 0.048217587314102001 -0.037089391660226005 0.86707625049856107 -1.5699150710733598
26.865874599118456 15.907499999999999 0.94707303308705204 4.8703474316586064 -0.27004927827570313 1.1268965609278541 0.012386252245062465 0 -0.13502463913785157 0.059698002000624494 -0.05023412407302414 0.65297218496295595 -1.8437053598949318
28.493295219592152 15.907499999999999 0.77893669109356267 4.631179985607881 -0.18185252277930108 1.0869954824415886 0.017127286150445703 0 -0.090926261389650542 0.048233252356951001 -0.041558185903668214 0.41625498473449213 -2.05538312576798
29.998181811807747 15.907499999999999 0.59512575153179958 4.1869945412412122 -0.10007132964774246 1.048658527221034 0.019662729575376139 0 -0.050035664823871229 0.026658859659056965 -0.023131791935485986 0.2065044301040713 -2.1981815395444384
31.327382216654172 15.907499999999999 0.42229157182988269 3.6149685177065756 -0.029556977806189044 1.0144859690773262 0.019369985839628713 0 -0.014778488903094522 0.0069011112251680454 -0.0059922075810064273 0.052636180903605459 -2.2777495427427206
32.45475992718228 15.907499999999999 0.27830377929573002 2.9990460037849003 0.026604502259891416 0.98646787555853799 0.016632144513962614 0 0.013302251129945708 -0.004867744808739344 0.0042189643289965249 -0.039370568582439119 -2.3087350930196497
33.378262078725442 15.907499999999999 0.16965692777865618 2.4074950975027307 0.068718491807466808 0.96494663558837535 0.012629277857753488 0 0.034359245903733404 -0.0090206330587083924 0.0077991759502773969 -0.08185568068218102 -2.3087676595470183
34.113106485386922 15.907499999999999 0.094183362097219253 1.8824762714683585 0.098625986856265557 0.9493718155153037 0.0081956725721920726 0 0.049312993428132779 -0.0085825089871564581 0.0074026216773176662 -0.092136045547526135 -2.2926536742149768
34.684243299163271 15.907500000000001 0.045831919382395815 1.4421265246773971 0.11806488297409334 0.93910639999676893 0.0037797501260450643 0 0.059032441487046672 -0.0062367529381917169 0.0053679287896333102 -0.084733630806874655 -2.2706282147577364
35.119965883358169 15.907500000000002 0.017631694188496722 1.0877259370951369 0.13199576074386676 0.93166743433595867 -0.00017622141022498317 0 0.065997880371933382 -0.0037932875442099881 0.0032593085283825871 -0.071613185182992908 -2.2487475724400037
35.447628166496749 15.907500000000001 0.0038477903970145083 0.81082476180607155 0.14139715648195339 0.92659917735704589 -0.0040997608823386293 0 0.070698578240976695 -0.0015735890493802647 0.0013499487164801889 -0.057286652289907355 -2.2289703013260254
37.932908121235712 18.799772727272725 -0.0037362554185571746 0.78732157867766728 0.17265761681357727 -0.90957694302432457 0.0034882524202358512 0 0.086328808406788637 -0.00186578476427884 0.0016006172315182678 0.067924063834290699 1.2490023834513884
37.614743706203328 18.799772727272725 -0.01712060849292316 1.0561962859333989 0.16622904176758402 -0.91310643266161817 0.0027569665195208001 0 0.083114520883792009 -0.0046386097279405604 0.0039856351699970455 0.087571957982907539 1.221458032862625
37.191651308174293 18.799772727272725 -0.044503400514804357 1.4003239485840238 0.15681047436565898 -0.91824899913673841 0.0028811835622182778 0 0.07840523718282949 -0.0080433694891865228 0.0069228707749935262 0.1092786434695001 1.1857186426904107
36.637069900396703 18.799772727272725 -0.091453291542778772 1.8279093827554 0.1404367064909231 -0.92711937307977565 0.0036002179435052498 0 0.070218353245461551 -0.011866665277097427 0.010235285946006149 0.12739253918685814 1.1427062860156136
35.923526252510982 18.799772727272725 -0.16473912305633928 2.3377096138536362 0.11848261045709407 -0.93887992115831587 0.0046779470561810286 0 0.059241305228547037 -0.015102302441891813 0.013057344560192443 0.13704240469639833 1.0946128813213616
35.026793436599391 18.799772727272725 -0.2702366543160486 2.9121133757280138 0.090289922150797786 -0.9537696110690661 0.0057971415684392059 0 0.045144961075398893 -0.016041208885020624 0.01390321200864497 0.12974211659967894 1.0461900015204897
33.932094753690507 18.799772727272725 -0.41005070720189019 3.5101822912896523 0.055381492431332502 -0.97189337578388812 0.0064632558409449068 0 0.027690746215666251 -0.012555927749553667 0.010902262402764333 0.095766618284289659 1.005561203603466
32.641423562554635 18.799772727272725 -0.57787498394113657 4.0656271335153331 0.015568932835748894 -0.99216639110077243 0.0060761446921694332 0 0.0077844664178744472 -0.0040273177356408832 0.0034944884031184722 0.031196343897777937 0.98327956184906273
31.180158757475276 18.799772727272725 -0.75635783983177685 4.4969370808157336 -0.024328001852183201 -1.0120803514911738 0.0046221183114866617 0 -0.0121640009260916 0.0062655443536511462 -0.0053984470114047563 -0.054071909768417227 0.98808766771412682
29.599911788660549 18.799772727272725 -0.91962045395883052 4.7291718374029807 -0.058098893320273737 -1.0286352012800077 0.0029182199903026607 0 -0.029049446660136868 0.012471244298316289 -0.010494187618206429 -0.13640951733348222 1.0225774897986772
27.974256500938672 18.799772727272725 -1.0390965271277186 4.7194792348899952 -0.077902572318781393 -1.0382178820367587 0.0024903288715340797 0 -0.038951286159390697 0.01019759741167847 -0.0078440814952272023 -0.18337903284567642 1.0811394378469041
26.386869091059424 18.799772727272725 -1.0915791422838417 4.4746128633683249 -0.072356939291399858 -1.0355315926237374 0.005591061575920043 0 -0.036178469645699929 0.0015116885609091834 0.00034467964116099406 -0.16187722042350783 1.1491744225095883
24.91538160022553 18.799772727272725 -1.0720305229933369 4.0453232331859761 -0.03722727087901978 -1.0183580328545081 0.013198022568415332 0 -0.01861363543950989 -0.0028825835462767293 0.0036957939814632316 -0.075152155724578243 1.2043898742156689
23.616441993189859 18.799772727272725 -0.99639298870462578 3.5024559749882056 0.017951643002655393 -0.9906974775710744 0.023808925462001994 0 0.0089758215013276965 0.0025371476600798129 -0.0028759189348942556 0.031202617296306759 1.2312751382723792
22.518823015297503 18.799772727272725 -0.88506279422937439 2.9222752608124942 0.089206827411007827 -0.95358976312471999 0.038206494902470495 0 0.044603413705503914 0.016116546845962955 -0.017583295447276423 0.12814249969303157 1.2280895047663336
21.625864577683146 18.799772727272725 -0.75345128000780692 2.366246760895014 0.17762942377328605 -0.90501876773316614 0.057546557477014731 0 0.088814711886643027 0.03552436514564964 -0.038087915901167349 0.20360136338513329 1.197212565036935
20.923151691689213 18.799772727272725 -0.61155273297252566 1.8756861481638203 0.29246415432112804 -0.83662428516466747 0.087153032945394907 0 0.14623207716056402 0.061539679305795687 -0.065320089098615114 0.25918850132426619 1.1437126598557765
20.387390975757974 18.799772727272725 -0.46315365894477056 1.4712738858957541 0.45275789014395218 -0.72689890394722256 0.13733205487567071 0 0.22637894507197609 0.099060140243805175 -0.10449545841685869 0.30033376197178352 1.0704194805007343
19.996158244193722 18.799772727272725 -0.3045474630469665 1.1667540638971197 0.70026658735394776 -0.48970968142009536 0.24478120959232341 0 0.35013329367697388 0.16802170781651588 -0.17651477533090984 0.32787097363007323 0.97540193521852026
19.763873940599126 18.799772727272725 -0.11079430420052731 1.0135668683398151 0.56990609123168712 0.26052697977637118 0.6018468256765297 0 0.28495304561584356 0.18262489347909497 -0.1913064765220899 0.11604471329392833 0.8436565766761317
19.763873940599126 18.799772727272725 0.11079430420052611 1.0135668683398105 -1.3150303297631534 1.4271880428379122 0.52741313990423377 0 -0.65751516488157669 -0.42139797694694581 0.44143030365400421 0.26776747948135959 0.64343657834361112
19.996158244193722 18.799772727272725 0.30454746304696634 1.1667540638971536 -1.2826843674733444 1.5019377412009374 0.16391274822163979 0 -0.64134218373667218 -0.30776681610184031 0.32332364135859487 0.60056409947059664 0.44021467786059626
20.387390975757974 18.799772727272725 0.46315365894477151 1.4712738858957191 -0.87480160523913275 1.3672197335872758 0.074241533717127647 0 -0.43740080261956638 -0.19140024191061666 0.20190215731900582 0.58029349195191848 0.26040344182755698
20.923151691689206 18.799772727272725 0.61155273297252521 1.8756861481638085 -0.72762308533502029 1.3138554373464557 0.037509666623070988 0 -0.36381154266751015 -0.15310488709616052 0.16251018821303403 0.64483641578121875 0.069889049205366677
21.625864577683142 18.799772727272725 0.75345128000780637 2.3662467608950166 -0.63707254321269113 1.2793478747901368 0.018481300891753462 0 -0.31853627160634557 -0.12740905852535181 0.1366032999116038 0.73022157938703769 -0.14196434529745455
22.518823015297507 18.799772727272725 0.88506279422937406 2.9222752608125342 -0.57423011990280548 1.2546592540581138 0.0077637690036954539 0 -0.28711505995140274 -0.10374325481991765 0.11318481046810788 0.82486156159719903 -0.3804483636521091
23.616441993189866 18.799772727272725 0.99639298870462578 3.5024559749881785 -0.52663860387530903 1.2355714441486696 0.0013454663429880438 0 -0.26331930193765452 -0.074431064684847739 0.084369432508614284 0.915375980223746 -0.64902203919199575
24.91538160022554 18.799772727272732 1.0720305229933371 4.0453232331860001 -0.48375983646519405 1.2180957290585757 -0.0016221326859706833 0 -0.24187991823259702 -0.037458511247731134 0.048025994113076495 0.97658500623041766 -0.94424996699203156
26.386869091059438 18.799772727272732 1.0915791422838417 4.4746128633682831 -0.43154312248879445 1.1964708554060075 -0.000783997966277236 0 -0.21577156124439723 0.0090158429612143716 0.0020556995647073991 0.96544991877053832 -1.2574573021423616
27.974256500938679 18.799772727272725 1.0390965271277182 4.7194792348900121 -0.3569699772379864 1.1648837138231996 0.0039887977457774247 0 -0.1784849886189932 0.046728060545073884 -0.035943634586878569 0.84029072766655588 -1.5629152439670591
29.599911788660549 18.799772727272725 0.91962045395882974 4.7291718374029648 -0.26895952503150244 1.1264371323929803 0.0099454410551762865 0 -0.13447976251575122 0.057733628841024967 -0.048581161465933727 0.63148602142112009 -1.8281094318445446
31.180158757475276 18.799772727272725 0.75635783983177607 4.496937080815707 -0.18062464537080114 1.0864633538862367 0.014900538012812312 0 -0.09031232268540057 0.046518893487822566 -0.040081079527726916 0.40145999600726739 -2.0328368561931267
32.641423562554628 18.799772727272725 0.57787498394113601 4.0656271335153358 -0.098843014034358134 1.0481090939859834 0.017616501872937312 0 -0.049421507017179067 0.02556836924305635 -0.022185577516220849 0.19805729077515194 -2.1706861297755426
33.932094753690507 18.799772727272725 0.4100507072018898 3.5101822912897069 -0.028403541484681494 1.0139519790468847 0.017462121050638192 0 -0.014201770742340747 0.0064395667046224705 -0.0055914502993531798 0.049115886839961688 -2.2472334219008414
35.026793436599391 18.799772727272725 0.27023665431604849 2.9121133757279924 0.027653213889703765 0.98596504924499906 0.014822542885847756 0 0.013826606944851882 -0.0049129622640057876 0.0042581551326053334 -0.039736289669644792 -2.2767453599108833
35.923526252510982 18.799772727272725 0.16473912305633909 2.3377096138536224 0.069673995215667084 0.964472669849326 0.01088457156004909 0 0.034836997607833542 -0.0088809466977685936 0.0076784041042513825 -0.080588128606585874 -2.276336712444671
36.63706990039671 18.799772727272725 0.091453291542778425 1.8279093827554154 0.099507628988159347 0.94892055697171251 0.0064921158596822608 0 0.049753814494079673 -0.0084082271311055352 0.007252299359275613 -0.090265072729292906 -2.2603576191005277
37.191651308174301 18.799772727272725 0.044503400514804031 1.4003239485840167 0.11887667153353498 0.9386793439385922 0.0021018395464712791 0 0.059438335766767492 -0.0060976092104614021 0.0052481687751862495 -0.082843199460398406 -2.2387245772609421
37.614743706203328 18.799772727272728 0.01712060849292309 1.0561962859333784 0.13273490969169177 0.93126887002614978 -0.0018390292347644187 0 0.066367454845845886 -0.0037039583263317826 0.0031825541357163563 -0.069926745716538063 -2.2173019640412126
37.932908121235712 18.799772727272725 0.0037362554185572075 0.78732157867767116 0.14207180355329763 0.92622625603324993 -0.0057549180125292809 0 0.071035901776648813 -0.00153526621874764 0.0013170723717669474 -0.055891506159421213 -2.1979751337621942
40.418188075974669 21.692045454545458 -0.0036247204400998746 0.7638183955492841 0.17323344544522101 -0.90925738947204104 0.0041897786657583988 0 0.086616722722610506 -0.0018161240199719441 0.0015580143308035321 0.066116159926540879 1.2272216792696806
40.109521529048486 21.692045454545458 -0.016609522797349525 1.0246666347716669 0.16681248817564609 -0.91278451087587964 0.0034566644955885137 0 0.083406244087823045 -0.0045159326090518561 0.0038802272421320319 0.08525594604595077 1.2004004961620209
39.699059317185323 21.692045454545458 -0.04317488164721256 1.3585213724906844 0.1573974925953785 -0.91792684118074275 0.0035807324062243264 0 0.078698746297689248 -0.0078324696252535728 0.0067413507656946016 0.10641332053867356 1.1655949393173137
39.161033315406492 21.692045454545458 -0.088723220988337917 1.7733424940424853 0.14101408043158381 -0.92680494591292362 0.0043025341089729637 0 0.070507040215791905 -0.01155975141956333 0.009970565317312231 0.12409771838337966 1.1236935914351034
38.468790426296522 21.692045454545458 -0.15982131833402219 2.2679241302045083 0.11903329202541113 -0.93858280171592023 0.0053881627371877806 0 0.059516646012705565 -0.014719564224761835 0.012726431787345421 0.13356933389500572 1.0768224250486707
37.598826946016516 21.692045454545458 -0.262169529336367 2.8251807476711273 0.090812713421076552 -0.95349082182817491 0.0065222134551913748 0 0.045406356710538276 -0.015652453663773002 0.013566270678398938 0.12659784451860545 1.0295954015866244
36.536807290726841 21.692045454545458 -0.39780984257389729 3.4053960648728294 0.055904890467297741 -0.97161881380990833 0.0072104218551279015 0 0.02795244523364887 -0.012296228154145975 0.010676766271255723 0.093785836575596179 0.9898891265409776
35.284665313301531 21.692045454545458 -0.5606242163504731 3.9442597257894967 0.016151977516947524 -0.99186747798042274 0.00685044581090227 0 0.0080759887584737622 -0.0040534116364228925 0.0035171299823680857 0.031398472052511298 0.96792090747078174
33.86702229535841 21.692045454545458 -0.73377898856999013 4.3626941760235791 -0.02358887185624603 -1.0117111643177976 0.0054214251790780195 0 -0.011794435928123015 0.0058938285554150502 -0.0050781734762074156 -0.050863986886185271 0.97212569928689241
32.333948978202649 21.692045454545458 -0.89216787483060811 4.5879962431473906 -0.057072554334145931 -1.0281335678104246 0.0037310957576769544 0 -0.028536277167072965 0.011885219201289494 -0.010001064625017441 -0.12999961959444709 1.0049383349864758
30.75682287469942 21.692045454545458 -1.0080773392551183 4.578592984935403 -0.076435824731190705 -1.0375090203762278 0.0032950522227786867 0 -0.038217912365595352 0.0097069094697336197 -0.0074666400205389786 -0.17455520144791667 1.0608266482817297
29.216822273464167 21.692045454545458 -1.058993239426568 4.3410363827986007 -0.070292827687548964 -1.0345300534067148 0.0063558072539159141 0 -0.035146413843774482 0.0014247252195706628 0.00032485115660284828 -0.15256486314394235 1.1255527598154045
27.789261738152419 21.692045454545458 -1.040028186993031 3.9245619390235893 -0.034421107608270551 -1.0169701425628834 0.013886567030734653 0 -0.017210553804135276 -0.0025857319632498397 0.0033151971049717637 -0.067412905140309926 1.1774622443930545
26.529098174202161 21.692045454545458 -0.96664859008075132 3.3979003951481301 0.021655281010030336 -0.9888123923604063 0.024387941783994289 0 0.010827640505015168 0.0029692264678962488 -0.0033656908328084391 0.036516454521577646 1.201539870338072
25.464245400795047 21.692045454545458 -0.85864183296494034 2.8350392793958812 0.093959538667004572 -0.95107662153081862 0.038648690928922008 0 0.046979769333502286 0.016468450372100495 -0.017967225313156136 0.13094048104232664 1.1961624620542644
24.597943625786758 21.692045454545458 -0.73095919558903133 2.2956093841808305 0.18363486709188126 -0.90167661648172737 0.057830893112441925 0 0.09181743354594063 0.035629072950742344 -0.038200179753264757 0.20420147690684198 1.1637368702254176
23.916208177847974 21.692045454545458 -0.5932966146785752 1.8196930238476869 0.30002308045767823 -0.832083142145426 0.087261469731586785 0 0.15001154022883911 0.061245644453436922 -0.065007991554870498 0.25795010597382256 1.1092218102550768
23.39644103120348 21.692045454545458 -0.44932756099754478 1.4273533069243287 0.46207252089588913 -0.72047970841053788 0.13724601587214544 0 0.23103626044794456 0.098080125329631312 -0.10346167118962549 0.29736252081224263 1.0353389700659954
23.016887408639668 21.692045454545458 -0.29545608921811672 1.1319240336119001 0.71062796943003104 -0.47916912123621452 0.24447695969903374 0 0.35531398471501552 0.1654178019068146 -0.17377924863851554 0.32278981371955173 0.94013415293621283
22.791537273589519 21.692045454545458 -0.1074868642779726 0.98330979376622407 0.56127877820950733 0.27785356825929475 0.6012641818668979 0 0.28063938910475367 0.17449109087664619 -0.18278601095489816 0.11087627884335184 0.80856456861734793
22.791537273589519 21.692045454545458 0.10748686427797144 0.98330979376620897 -1.3630303040596043 1.4442420655201418 0.52649326704310195 0 -0.68151515202980217 -0.42374066842859892 0.44388436150118749 0.26925608794073441 0.60988441254680215
23.016887408639668 21.692045454545458 0.29545608921811661 1.1319240336119234 -1.3121495509908772 1.5118441745944273 0.16271675616165554 0 -0.65607477549543858 -0.30543815306343547 0.32087727036054353 0.59602003770870604 0.40916118046329297
23.396441031203477 21.692045454545458 0.44932756099754573 1.4273533069242941 -0.89060180982710824 1.3730613141255472 0.072831569246676969 0 -0.44530090491355412 -0.1890403198123094 0.19941274895673394 0.57313860321461707 0.23194764422792505
23.916208177847963 21.692045454545458 0.59329661467857475 1.8196930238476847 -0.73813795546899019 1.3178954162691012 0.035911380450807079 0 -0.3690689777344951 -0.15068085665035133 0.15993724850187274 0.63462705451217849 0.044624697541752148
24.597943625786751 21.692045454545458 0.73095919558903066 2.2956093841808398 -0.64423928940809483 1.2821699270963012 0.016720270869834509 0 -0.32211964470404741 -0.12499613501269716 0.13401625219240781 0.71639235218181563 -0.16318726013293364
25.464245400795047 21.692045454545458 0.85864183296494001 2.8350392793959247 -0.57894149635817249 1.2565456387625384 0.0058782705804351527 0 -0.28947074817908625 -0.10147207443103751 0.11070693253473726 0.8068034294758144 -0.39651577224931045
26.529098174202165 21.692045454545458 0.96664859008075155 3.3979003951481235 -0.52957308188470686 1.2367589521302396 -0.00061335994213707577 0 -0.26478654094235343 -0.072611498815884926 0.082306910087009189 0.89299840309333767 -0.65862500809443569
27.789261738152433 21.692045454545465 1.0400281869930315 3.9245619390236355 -0.48543474511607276 1.2187788235444639 -0.0035950515497386345 0 -0.24271737255803638 -0.036466116976929759 0.046753633845148301 0.95071218499830656 -0.94614647586896816
29.216822273464182 21.692045454545465 1.058993239426568 4.3410363827985625 -0.43232505899006446 1.1967947597159461 -0.0027133202014064475 0 -0.21616252949503223 0.0087625499621872775 0.0019979463063504372 0.9383263645573694 -1.250666480115127
30.756822874699424 21.692045454545458 1.0080773392551181 4.5785929849354199 -0.35714030531684116 1.1649616722054865 0.0021465341920349672 0 -0.17857015265842058 0.045354761643449065 -0.034887281009974853 0.81559528086458788 -1.5472718495079913
32.333948978202656 21.692045454545458 0.89216787483060744 4.5879962431473746 -0.26874933742014684 1.126357808915323 0.0082111945306095318 0 -0.13437466871007342 0.055966389146328059 -0.047094080908543438 0.61215608865741677 -1.8045190870537311
33.86702229535841 21.692045454545458 0.73377898856998935 4.3626941760235542 -0.18019864614113512 1.0862883790461526 0.013274173812990007 0 -0.090099323070567561 0.045023769375072381 -0.038792867707240497 0.38855701239497997 -2.0029223964232901
35.284665313301517 21.692045454545458 0.56062421635047244 3.9442597257894985 -0.098308794762201224 1.0478788484084611 0.016084583313176509 0 -0.049154397381100612 0.024671035619861552 -0.02140696451724327 0.19110637948933909 -2.1363576569600604
36.536807290726841 21.692045454545458 0.39780984257389684 3.405396064872841 -0.027830106208124095 1.0136932130527794 0.016005499644082821 0 -0.013915053104062047 0.0061212057233057306 -0.0053150187184817146 0.046687682793036048 -2.2103057500213596
37.598826946016516 21.692045454545458 0.26216952933636689 2.8251807476711068 0.028231713825934812 0.98569171785692411 0.013421010481000533 0 0.014115856912967406 -0.0048660102298714808 0.0042174609374554944 -0.039356539219980315 -2.2386505638557628
38.468790426296522 21.692045454545458 0.15982131833402202 2.2679241302045292 0.070252449633435687 0.96418717392984177 0.0095207140356863822 0 0.035126224816717844 -0.0086873632303259216 0.0075110331987035947 -0.078831499510467501 -2.2380103295615315
39.161033315406499 21.692045454545458 0.088723220988337584 1.7733424940424938 0.10008404999569187 0.94862500161216035 0.0051532825108696733 0 0.050042024997845935 -0.0082044767123426524 0.007076559692826845 -0.08807774523665006 -2.2223055983586462
39.699059317185331 21.692045454545458 0.04317488164721224 1.3585213724906313 0.11944264725779785 0.93837985124657186 0.00077943355317303467 0 0.059721323628898926 -0.0059437472044839342 0.0051157408435842924 -0.080752802977018076 -2.2011569409687559
40.109521529048493 21.692045454545461 0.016609522797349459 1.0246666347716589 0.13328842907168681 0.93096812011767827 -0.0031512303738874597 0 0.066644214535843405 -0.003608372309753713 0.0031004237104859909 -0.068122184626367918 -2.1802504728818728
40.418188075974669 21.692045454545458 0.0036247204400999067 0.76381839554929198 0.14261439461416814 0.92592426290195973 -0.0070614980913717342 0 0.071307197307084069 -0.0014951236869236754 0.0012826349439433575 -0.054430113641761368 -2.1614074830173906
42.90346803071364 24.58431818181819 -0.0035131854616425751 0.7403152124208825 0.17379554211836856 -0.90894566339670024 0.0047158110610878165 0 0.086897771059184281 -0.0017659522313634387 0.0015149730160064808 0.064289651404565121 1.2031858026742543
42.604299351893651 24.58431818181819 -0.016098437101775893 0.99313698360993763 0.16740816638236966 -0.91245602366435674 0.0039797608296532269 0 0.08370408319118483 -0.0043926043938469356 0.0037742598724236319 0.082927642111481931 1.1770940740345046
42.206467326196353 24.58431818181819 -0.041846362779620769 1.3167187963972919 0.1580279805353314 -0.91758116762693032 0.0041012535971081242 0 0.079013990267665701 -0.0076218686470813351 0.0065600880052391194 0.10355205832276519 1.1432241021661618
41.684996730416287 24.58431818181819 -0.085993150433897075 1.7187756053295176 0.14166980725997247 -0.92644856609772286 0.0048215262625753456 0 0.070834903629986234 -0.01125615017270855 0.0097087018954863814 0.12083845954073046 1.1024270407593217
41.014054600082062 24.58431818181819 -0.1549035136117051 2.198138646555404 0.11970094257763086 -0.93822393438463869 0.0059081613195896814 0 0.059850471288815432 -0.014346654457547563 0.01240401662322644 0.1301854491244257 1.056755334805102
40.170860455433633 24.58431818181819 -0.25410240435668541 2.7382481196141795 0.091487929201424789 -0.95313294308402419 0.0070472410602720305 0 0.045743964600712395 -0.015283616514716323 0.013246592709191285 0.12361467082251908 1.0106780233686683
39.141519827763176 24.58431818181819 -0.38556897794590439 3.3006098384559253 0.056606914178175316 -0.97125336499504356 0.0077451150817447996 0 0.028303457089087658 -0.012067523485631355 0.010478182912174772 0.092041459487232788 0.97182164375396518
37.927907064048412 24.58431818181819 -0.54337344875980942 3.8228923180635803 0.016923651097682346 -0.99147446210395418 0.007398641631572749 0 0.0084618255488411731 -0.0041163816333008706 0.0035717688110572434 0.031886249229976724 0.95007195193829175
36.553885833241537 24.58431818181819 -0.71120013730820331 4.2284512712314104 -0.022680002126091559 -1.0112587196080467 0.0059836563057669 0 -0.011340001063045779 0.0054923724294087314 -0.004732275418301863 -0.04739940373169179 0.95357322508703823
35.067986167744749 24.58431818181819 -0.86471529570238559 4.4468206488917144 -0.055932962372151396 -1.0275769861257698 0.0043011576152074699 0 -0.027966481186075698 0.011289488542605138 -0.0094997746853282862 -0.12348356316350519 0.98463959087066
33.539389248460161 24.58431818181819 -0.97705815138251828 4.4377067349807469 -0.07495010851176942 -1.0367908270875776 0.0038586757866024696 0 -0.03747505425588471 0.0092253499471362174 -0.0070962202061882976 -0.16589552251115047 1.0378552743337026
32.046775455868911 24.58431818181819 -1.0264073365692945 4.2074599022288179 -0.06834602851839322 -1.0335852819366804 0.0068915515137143004 0 -0.03417301425919661 0.0013426411122142603 0.0003061351846756344 -0.14377499234422361 1.0993767567593389
30.663141876079308 24.58431818181819 -1.0080258509927253 3.8038006448611759 -0.031907098812338441 -1.0157266513201968 0.014369015630787973 0 -0.015953549406169221 -0.0023231247957662673 0.0029785053930078496 -0.060566444516260212 1.1482116470339321
29.441754355214456 24.58431818181819 -0.93690419145687698 3.2933448153080218 0.024857993979726212 -0.98718150425801843 0.024792814909761329 0 0.012428996989863106 0.0033034834701205708 -0.0037445793212252661 0.040627249286549358 1.1698367719012974
28.409667786292587 24.58431818181819 -0.83222087170050629 2.7478032979792388 0.097963932424697475 -0.94895655670777956 0.038955372628397711 0 0.048981966212348738 0.016641965973972682 -0.018156532372639242 0.13232010182413334 1.1627290066214875
27.570022673890371 24.58431818181819 -0.70846711117025574 2.224972007466627 0.18859233033647993 -0.89891096818541649 0.058023623977455731 0 0.094296165168239965 0.035465000011920877 -0.038024266791277517 0.20326112304262081 1.1292986973391319
26.909264664006734 24.58431818181819 -0.57504049638462451 1.7636998995315327 0.30616431976231862 -0.8283776740269746 0.087327598222673802 0 0.15308215988115931 0.060576151703244908 -0.064297371568111758 0.25513038340576344 1.0743792940210302
26.405491086648983 24.58431818181819 -0.435501463050319 1.3834327279528997 0.46953537411203494 -0.71529586955292712 0.13717304723773849 0 0.23476768705601747 0.096597468911688397 -0.10189766308620141 0.29286735475840237 1.0005826907507789
26.037616573085611 24.58431818181819 -0.286364715389267 1.097094003326649 0.71875460228048982 -0.47073111975118648 0.24424907495690609 0 0.35937730114024491 0.16216127388720128 -0.17035811145802349 0.31643515260867905 0.90594826701643794
25.819200606579912 24.58431818181819 -0.10417942435541791 0.95305271919261292 0.55393054448922552 0.29165067470451689 0.60084052747395011 0 0.27696527224461276 0.16690775251599721 -0.17484217748064826 0.10605762400880017 0.77551873520611636
25.819200606579912 24.58431818181819 0.10417942435541677 0.95305271919260348 -1.4017198332747669 1.4578120645567378 0.52583630314727092 0 -0.70085991663738345 -0.42235964302116336 0.44243768520393756 0.26837854767552266 0.5795322166137985
26.037616573085611 24.58431818181819 0.28636471538926689 1.0970940033266761 -1.3358607042801194 1.5197558642949018 0.16187284275435204 0 -0.66793035214005969 -0.30138919855901986 0.31662365156354505 0.58811906662110747 0.38222971033696945
26.405491086648979 24.58431818181819 0.43550146305031989 1.3834327279528473 -0.90342501927619279 1.3777747899823507 0.071844605679774853 0 -0.45171250963809639 -0.18586154531724056 0.19605955869021044 0.5635010910910293 0.20831296038290056
26.909264664006727 24.58431818181819 0.57504049638462429 1.763699899531542 -0.74681019355907186 1.3212112637923978 0.03479928141739274 0 -0.37340509677953593 -0.1477601557676089 0.15683712766856225 0.62232585156224196 0.024784627816190553
27.570022673890364 24.58431818181819 0.70846711117025518 2.2249720074666399 -0.65031138257420995 1.2845509484905069 0.015499784074276384 0 -0.32515569128710498 -0.12229178752708393 0.13111675042292523 0.70089288208909573 -0.17847540363132275
28.409667786292587 24.58431818181819 0.83222087170050607 2.7478032979792757 -0.58311976734396032 1.2582125629257435 0.0045731651831544184 0 -0.29155988367198016 -0.099059511870336722 0.10807480539886377 0.78762116914741731 -0.40626849973228191
29.441754355214464 24.58431818181819 0.9369041914568772 3.2933448153079929 -0.53239656625156395 1.2378984908713622 -0.0019729546290069679 0 -0.26619828312578198 -0.070752421035880989 0.080199599947722203 0.87013489640579678 -0.66169881780439765
30.663141876079322 24.584318181818194 1.0080258509927256 3.8038006448612256 -0.48730392250262566 1.2195405569054976 -0.0049751949966443873 0 -0.24365196125131283 -0.035480124097094501 0.045489480875230782 0.9250062551408933 -0.9414831960540806
32.046775455868925 24.584318181818194 1.0264073365692945 4.2074599022287948 -0.43349733303857052 1.1972805345207875 -0.004081016563032433 0 -0.21674866651928526 0.008515949704615642 0.0019417190579025273 0.9119194939335552 -1.2374590430393468
33.539389248460168 24.58431818181819 0.97705815138251795 4.437706734980738 -0.357795251959107 1.165244431192842 0.00081702703566413713 0 -0.1788976259795535 0.044039781586549864 -0.033875786800652438 0.79194855690494281 -1.525483852881778
35.067986167744756 24.58431818181819 0.86471529570238503 4.4468206488917188 -0.26904018712117517 1.126495497567932 0.0069340522317415665 0 -0.13452009356058758 0.054302972365309995 -0.045694364298899719 0.59396176299147574 -1.7751183150402035
36.553885833241537 24.58431818181819 0.71120013730820264 4.2284512712313642 -0.18024492994682983 1.0863239231740387 0.012052546892469223 0 -0.090122464973414917 0.043649567503425794 -0.037608843531793563 0.37669759277983356 -1.9675350624560883
37.927907064048405 24.58431818181819 0.54337344875980897 3.8228923180635972 -0.098195113846988313 1.0478419225110578 0.014913727747237765 0 -0.049097556923494157 0.023884241100608983 -0.020724265881664341 0.18501172443337685 -2.0968575304299715
39.141519827763176 24.58431818181819 0.385568977945904 3.3006098384559608 -0.027616781270850765 1.0136051862440418 0.014876413883457293 0 -0.013808390635425383 0.0058873754455957628 -0.0051119848132097122 0.044904211639376516 -2.1684504443118384
40.170860455433633 24.58431818181819 0.2541024043566853 2.7382481196141661 0.028509613142025381 0.98556507508737512 0.01232353950743291 0 0.01425480657101269 -0.0047627047420245342 0.0041279241631707562 -0.038520999159022712 -2.1958116072439235
41.014054600082069 24.58431818181819 0.15490351361170496 2.1981386465554147 0.070581191540459054 0.96402670008573621 0.0084457078653593868 0 0.035290595770229527 -0.0084594485592812078 0.0073139797757831989 -0.076763339724519042 -2.1950701949906088
41.684996730416294 24.58431818181819 0.085993150433896756 1.7187756053295473 0.10044999683921918 0.9484372634554068 0.0040939528575805306 0 0.05022499841960959 -0.0079810954157331221 0.0068838879192156741 -0.085679673839383061 -2.1797307762053997
42.206467326196361 24.58431818181819 0.041846362779620457 1.3167187963972362 0.11983198400205697 0.93817266193187254 -0.00026907546772084873 0 0.059915992001028484 -0.0057796324340082085 0.00497448843067466 -0.078523110617988362 -2.159129393559581
42.604299351893651 24.58431818181819 0.016098437101775828 0.99313698360993974 0.13370136232013552 0.93074220879280867 -0.0041926663769268017 0 0.06685068116006776 -0.0035081752836914576 0.0030143313650581524 -0.06623057264110542 -2.1387807614351813
42.90346803071364 24.58431818181819 0.0035131854616426059 0.74031521242088638 0.1430490160212301 0.92568104387802341 -0.0080987025913326696 0 0.071524508010615051 -0.0014535339972355928 0.0012469560300392801 -0.052916037210594201 -2.1204473458652626
45.388747985452596 27.476590909090916 -0.0034016504831852752 0.7168120292925011 0.17432773221073061 -0.90865056497528207 0.0051398987704189564 0 0.087163866105365306 -0.0017151235537770598 0.0014713681700683761 0.062439228779678897 1.177393176906723
45.099077174738802 27.476590909090913 -0.01558735140620226 0.96160733244819319 0.16798982125510842 -0.9121353046995414 0.0044005301460437679 0 0.083994910627554209 -0.0042679274798504063 0.0036671336595158911 0.080573876195764185 1.1520405252894732
44.713875335207376 27.476590909090913 -0.040517843912028971 1.274916220303878 0.15866388628319061 -0.91723263083993489 0.0045182562190601711 0 0.079331943141595307 -0.0074095898490853206 0.0063773811572230945 0.10066800094935532 1.1191154579574238
44.208960145426069 27.476590909090916 -0.083263079879456248 1.6642087166165882 0.14235387613871464 -0.92607706114488897 0.0052345661263274272 0 0.071176938069357321 -0.010951421230742442 0.0094458658093395653 0.11756709452163894 1.0794298327615341
43.559318773867595 27.476590909090916 -0.14998570888938803 2.1283531629062868 0.12042397555644968 -0.93783586466810975 0.00631786243670649 0 0.06021198777822484 -0.013975090850471756 0.012082765339702992 0.12681377977749991 1.0349580358173633
42.742893964850737 27.476590909090916 -0.24603527937700381 2.6513154915572574 0.092244913637847814 -0.95273265230235737 0.007455172638347966 0 0.046122456818923907 -0.014920843473560643 0.012932170614300572 0.1206805439407975 0.99001919929475424
41.746232364799511 27.476590909090913 -0.37332811331791149 3.1958236120390442 0.057412428541357308 -0.9708352567281775 0.0081532663501374843 0 0.028706214270678654 -0.011850678088333656 0.010289896911384853 0.090387535475886058 0.95198720486102451
40.571148814795293 27.476590909090913 -0.52612268116914596 3.7015249103376981 0.017811836656811075 -0.9910233029555291 0.0078087350001490759 0 0.0089059183284055377 -0.0041948736428015325 0.0036398760315306026 0.032494262772077259 0.93041741935233657
39.240749371124664 27.476590909090913 -0.6886212860464167 4.0942083664392204 -0.021656681370816111 -1.0107501054902632 0.0063957503264278296 0 -0.010828340685408055 0.0050780550621258276 -0.0043752960040746034 -0.04382382752718255 0.93317212420596352
37.802023357286856 27.476590909090913 -0.8372627165741634 4.3056450546360869 -0.054705402637055034 -1.0269777018505764 0.0047119569993613912 0 -0.027352701318527517 0.010691170997857848 -0.0089963079566162379 -0.11693921157044523 0.96246266424743443
36.321955622220898 27.476590909090916 -0.94603896350991823 4.2968204850261253 -0.073436740903333853 -1.0360591663526908 0.0042596619468227214 0 -0.036718370451666926 0.008752106413710492 -0.0067321971237484061 -0.15738538645099434 1.0130181805286105
34.876728638273647 27.476590909090916 -0.99382143371202081 4.0738834216590689 -0.066465308846223481 -1.0326724919187202 0.007268650535288519 0 -0.03323265442311174 0.0012642422391598344 0.00028825948188170752 -0.13537975010811734 1.071419213013971
33.537022014006197 27.476590909090913 -0.97602351499241957 3.6830393506987513 -0.029579906781290521 -1.0145756049608328 0.014705393556469352 0 -0.014789953390645261 -0.0020853100451631687 0.0026736003278563848 -0.05436634974571674 1.1173497143712712
32.354410536226744 27.476590909090913 -0.90715979283300274 3.1887892354679352 0.027726363604306914 -0.98572056420333998 0.025072010337072334 0 0.013863181802153457 0.0035676938941729078 -0.0040440682998465084 0.043876589826366809 1.1367776270515477
31.355090171790124 27.476590909090913 -0.80579991043607224 2.6605673165626205 0.101456097519243 -0.947106205107896 0.039162976481327681 0 0.050728048759621502 0.016688034319960108 -0.018206793346407766 0.13268639077349448 1.1282699204083735
30.542101721993976 27.476590909090913 -0.68597502675148014 2.1543346307524214 0.19282189692889595 -0.8965471832271632 0.058148528085786765 0 0.096410948464447976 0.03510919725302139 -0.037642788177858204 0.2012219049873209 1.0942244280281066
29.902321150165491 27.476590909090916 -0.55678437809067405 1.7077067752154056 0.31131384825077391 -0.82526006604219948 0.087361176418650682 0 0.15565692412538695 0.059639522039219718 -0.063303204328426996 0.25118555233655754 1.0393379635654112
29.414541142094478 27.476590909090913 -0.42167536510309322 1.3395121489814708 0.47570617550454275 -0.71098209880385355 0.13710681848808529 0 0.23785308775227137 0.094759951702707831 -0.099959323380355278 0.28729631019190938 0.96611127945079267
29.058345737531543 27.476590909090913 -0.27727334156041727 1.0622639730414178 0.72535667225382694 -0.46375854499930413 0.24407240664667837 0 0.36267833612691347 0.15845528555064825 -0.16646479489133351 0.30920343225565944 0.87258656747350904
28.846863939570298 27.476590909090916 -0.10087198443286322 0.92279564461900088 0.54754558592387381 0.30302373606740379 0.60052562764288298 0 0.27377279296193691 0.15974603567367571 -0.16734000847809533 0.10150687869786419 0.74397451312223706
28.846863939570298 27.476590909090916 0.10087198443286211 0.92279564461900132 -1.4339862031220254 1.4690081695871333 0.52535816431105875 0 -0.7169931015610127 -0.41836445594383442 0.43825257577964222 0.26583989957496817 0.55148162789123878
29.058345737531546 27.476590909090913 0.27727334156041716 1.0622639730414423 -1.3556613315675179 1.526320776981247 0.16126443291339973 0 -0.67783066578375895 -0.29614631204266401 0.31111575054559787 0.57788830341148034 0.35823490745419212
29.414541142094475 27.476590909090913 0.42167536510309411 1.3395121489814192 -0.91424302522930323 1.3817317522423904 0.071136418763363685 0 -0.45712151261465162 -0.18211582984681454 0.19210832003641939 0.55214470883939215 0.18809575268574866
29.902321150165481 27.476590909090916 0.5567843780906736 1.7077067752154058 -0.75424937758877819 1.3240442415259319 0.034003294999128394 0 -0.3771246887943891 -0.14449428649103396 0.15337063459390324 0.60857089260137365 0.0087778475352210984
30.542101721993969 27.476590909090913 0.68597502675147948 2.154334630752436 -0.65565196590052 1.2866382650831041 0.014626712701763238 0 -0.32782598295026 -0.11938174329143263 0.12799670817412698 0.68421449891573272 -0.18957519123321476
31.355090171790124 27.476590909090913 0.80579991043607202 2.6605673165626547 -0.58693163901585166 1.2597294964583086 0.0036379621696826948 0 -0.29346581950792583 -0.096541613317122743 0.10532775576158263 0.76760138341625983 -0.41156062031911378
32.354410536226752 27.476590909090916 0.90715979283300285 3.1887892354678891 -0.53511949982689844 1.2389958777068069 -0.0029520928911176058 0 -0.26755974991344922 -0.068856579947928084 0.078050617699593053 0.84681926332192614 -0.66013995573696305
33.537022014006197 27.47659090909092 0.9760235149924199 3.6830393506988099 -0.48926355791505949 1.2203392237209227 -0.0059780400864415401 0 -0.24463177895752974 -0.034491867050030128 0.044222424990104266 0.89924129592824209 -0.93212482247883166
34.876728638273654 27.47659090909092 0.99382143371202092 4.0738834216590423 -0.43488540217323979 1.1978562179818826 -0.0050875549510894921 0 -0.21744270108661989 0.0082719918731362588 0.0018860943082108881 0.88579558410080494 -1.2195991920310274
36.321955622220905 27.476590909090916 0.94603896350991801 4.2968204850261431 -0.35873198138417361 1.1656465802823437 -0.00017680568819690608 0 -0.17936599069208681 0.042753265415308793 -0.032886187262177916 0.76881368682738171 -1.4991682735627452
37.802023357286856 27.476590909090916 0.83726271657416274 4.3056450546360905 -0.2696315566736216 1.1267635056715617 0.0059631334342128261 0 -0.1348157783368108 0.052694559218246867 -0.044340931639806951 0.57636906287145706 -1.741361739609832
39.240749371124664 27.476590909090916 0.68862128604641593 4.0942083664391804 -0.18057989617910208 1.0864881507707294 0.011108303826551463 0 -0.090289948089551042 0.042342344157408313 -0.03648252863124811 0.36541620064160391 -1.9279751678251393
40.571148814795293 27.476590909090913 0.52612268116914551 3.7015249103377084 -0.09834316203625737 1.0479252347488837 0.013995156760620773 0 -0.049171581018128685 0.02316084221544373 -0.020096575398574953 0.17940814361898866 -2.0533537725787512
41.746232364799511 27.476590909090913 0.3733281133179111 3.1958236120390917 -0.027632716753635878 1.0136258076552911 0.013979943089829751 0 -0.013816358376817939 0.0057037550800965097 -0.0049525479761161444 0.043503701712691294 -2.1227333147781122
42.742893964850744 27.476590909090916 0.24603527937700376 2.6513154915572636 0.028591299917029689 0.98553423273881413 0.011444482639565117 0 0.014295649958514844 -0.0046247136448355512 0.0040083247306544568 -0.037404920118500003 -2.1492213187983391
43.559318773867602 27.476590909090916 0.14998570888938789 2.1283531629063073 0.070741942733590912 0.9639505213376558 0.0075795566671610498 0 0.035370971366795456 -0.0082095369470457247 0.0070979079520922736 -0.074495573704465065 -2.1484603652136158
44.208960145426076 27.476590909090916 0.083263079879455928 1.6642087166166037 0.10066953189023908 0.94832483251882471 0.0032373041105108313 0 0.050334765945119542 -0.0077446043531501189 0.0066799086552279058 -0.083140864809723478 -2.1335458517431953
44.713875335207376 27.476590909090916 0.040517843912028673 1.2749162203038469 0.12009438767450187 0.93803217457394561 -0.0011188340239076215 0 0.060047193837250934 -0.005608397579880648 0.0048271078125278208 -0.076196683540516064 -2.113534713436894
45.099077174738802 27.476590909090916 0.015587351406202198 0.96160733244820873 0.13400897814574886 0.93057275017013952 -0.0050377073192321917 0 0.067004489072874429 -0.0034046146135625634 0.0029253488739018089 -0.064275458676983796 -2.0937735830713367
45.388747985452596 27.476590909090916 0.0034016504831853051 0.71681202929250187 0.14339803749000257 0.9254847520302586 -0.0089407085562707728 0 0.071699018745001286 -0.0014108217238047267 0.0012103140753188548 -0.051361093016295864 -2.0759691877844086
47.874027940191553 30.368863636363638 -0.0032901155047279753 0.69330884616411692 0.17482560906990141 -0.90837438133301529 0.0055112855088709171 0 0.087412804534950705 -0.0016636249965528121 0.0014271886485771477 0.060564419125724966 1.1501228861374653
47.593854997583954 30.368863636363635 -0.015076265710628627 0.93007768128646173 0.16854586428531138 -0.91182860019074641 0.004768604499494334 0 0.084272932142655688 -0.0041416521495420333 0.0035586340384875263 0.078189933900850314 1.1255197826883268
47.221283344218399 30.368863636363635 -0.039189325044437173 1.2331136442104864 0.15928503544946937 -0.91689210356822071 0.0048821065918178931 0 0.079642517724734685 -0.0071946970928707128 0.006192424494004309 0.097748429876293966 1.0935521844446863
46.732923560435857 30.368863636363638 -0.080533009325015406 1.60964182790365 0.14303682416943386 -0.92570615830247949 0.0055932380095069104 0 0.071518412084716931 -0.010643157828893371 0.0091799811660182931 0.11425778591783781 1.0549922074027005
46.104582947653135 30.368863636363638 -0.14506790416707097 2.0585676792571848 0.12116298228714484 -0.93743934165127085 0.0066707149007479661 0 0.060581491143572419 -0.013599817813586098 0.011758306909233875 0.123408450054405 1.0117339986281246
45.314927474267854 30.368863636363642 -0.23796815439732227 2.5643828635003625 0.093034893239234862 -0.952315197394493 0.0078020235998735674 0 0.046517446619617431 -0.014555202973753793 0.012615263240037191 0.11772322490708194 0.96794403403655627
44.350944901835838 30.368863636363638 -0.36108724868991859 3.0910373856221649 0.058265179292204317 -0.97039305043390367 0.0084940200952817162 0 0.029132589646102158 -0.011632359805644251 0.010100332010034872 0.088722377467665384 0.93074243615367236
43.214390565542182 30.368863636363635 -0.50887191357848249 3.580157502611824 0.018756907225364938 -0.9905436803280192 0.0081431036379265142 0 0.0093784536126824691 -0.0042726062044863827 0.0037073242819997548 0.033096393491716065 0.90935481078065994
41.927612909007792 30.368863636363635 -0.66604243478462999 3.9599654616470525 -0.020575012053223762 -1.010212759057459 0.006722610411140203 0 -0.010287506026611881 0.0046662398012337928 -0.0040204724262767489 -0.040269844605454012 0.91136593484463546
40.536060546828949 30.368863636363635 -0.80981013744594099 4.1644694603804604 -0.053431750062216121 -1.0263559149189272 0.0050285159985876656 0 -0.026715875031108061 0.010099872995439196 -0.0084987479676350026 -0.11047163919508277 0.93889389979827431
39.104521995981642 30.368863636363638 -0.91501977563731818 4.1559342350715234 -0.071910719239096199 -1.0353211681333201 0.0045604883679151468 0 -0.0359553596195481 0.0082892317889391529 -0.0063761498969162195 -0.14906171004049276 0.98682802102711054
37.706681820678384 30.368863636363638 -0.96123553085474733 3.9403069410893221 -0.064630536412530137 -1.0317817634272544 0.0075451356167582908 0 -0.032315268206265069 0.0011890345830440612 0.00027111140747479337 -0.12732623522323505 1.0421912752480891
36.410902151933072 30.368863636363635 -0.94402117899211391 3.5622780565363712 -0.027380068573120919 -1.0134873735153185 0.014946982911012707 0 -0.01369003428656046 -0.0018669376857188675 0.0023936225791473661 -0.048673139714007684 1.0853560006921885
35.267066717239032 30.368863636363635 -0.87741539420912851 3.0842336556278367 0.030363632029214327 -0.98437690364510622 0.025268152699769793 0 0.015181816014607163 0.0037789387005445559 -0.0042835194552133006 0.046474543013230042 1.1027824248008502
34.300512557287654 30.368863636363635 -0.7793789491716383 2.5733313351459981 0.10458940871862399 -0.94544474950781243 0.039304158933703787 0 0.052294704359311994 0.016639343808081866 -0.018153671566412545 0.13229925300986389 1.0931224338237195
33.514180770097582 30.368863636363635 -0.66348294233270455 2.0836972540382379 0.19654083288558155 -0.89446560956734134 0.058227488489054402 0 0.098270416442790776 0.034612964545147305 -0.037110745745363577 0.19837783851448479 1.0587502585335908
32.895377636324241 30.368863636363638 -0.53852825979672359 1.6517136508992785 0.31577245657493613 -0.82255307711743497 0.087372643028026498 0 0.15788622828746807 0.058510177652774588 -0.062104483815454345 0.2464290589276921 1.0042159285683578
32.423591197539977 30.368863636363635 -0.4078492671558675 1.2955915700100427 0.48098382128077577 -0.70727273296013293 0.13704546665369413 0 0.24049191064038788 0.092669744656506681 -0.097754429030908335 0.2809591523407271 0.93190783868645755
32.079074901977478 30.368863636363635 -0.26818196773156755 1.0274339427561927 0.73091659592980229 -0.45780017828473618 0.24393113953052703 0 0.36545829796490115 0.15443452608221786 -0.16224079631726429 0.3013574798559413 0.83987837775042073
31.874527272560684 30.368863636363638 -0.097564544510308507 0.89253857004541515 0.54186075403071654 0.31272571916937997 0.6002848245118958 0 0.27093037701535827 0.15290404012676828 -0.16017275961336949 0.097159292799396668 0.71356572826469278
31.874527272560684 30.368863636363638 0.097564544510307438 0.89253857004539139 -1.4618010336119647 1.4785722383213931 0.52500016159733731 0 -0.73090051680598234 -0.41249579756071136 0.43210493437217051 0.26211079799130821 0.52513348404741944
32.079074901977478 30.368863636363635 0.26818196773156744 1.0274339427562023 -1.3727721433816877 1.5319632435440695 0.16081282228610341 0 -0.68638607169084387 -0.29005144576356645 0.30471280436734688 0.56599502029323112 0.33639232342659753
32.42359119753997 30.368863636363635 0.40784926715586828 1.29559157001 -0.92368467340303373 1.3851709350149819 0.070612705604264858 0 -0.46184233670151686 -0.17796362172735056 0.18772828494038868 0.53955590892512195 0.17037259564294199
32.895377636324234 30.368863636363638 0.53852825979672314 1.6517136508992691 -0.76083931943925465 1.3265454130665753 0.033415363401942039 0 -0.38041965971962732 -0.14097760212674465 0.1496379187494532 0.59375956826084497 -0.0044361026944268623
33.514180770097575 30.368863636363635 0.663482942332704 2.0836972540382477 -0.66048362040339414 1.2885216903988763 0.013981193619163111 0 -0.33024181020169707 -0.11631830291968909 0.12471220023798699 0.6666569540087649 -0.19762178765369187
34.300512557287661 30.368863636363635 0.77937894917163808 2.573331335146019 -0.5904790164914302 1.2611385125129881 0.0029442737572847209 0 -0.2952395082457151 -0.09394051928615102 0.10248993912071909 0.74692011128948388 -0.41359206962847822
35.26706671723904 30.368863636363642 0.87741539420912862 3.0842336556277949 -0.53775228052561341 1.2400559329782894 -0.003682880796006858 0 -0.26887614026280671 -0.066926542326330302 0.075862872844081733 0.82308307081656129 -0.65517535820443062
36.410902151933087 30.368863636363645 0.94402117899211424 3.5622780565364338 -0.49125847944216927 1.2211523802532955 -0.0067337689209030684 0 -0.24562923972108464 -0.033496956600024934 0.042946838699474972 0.87330287510870863 -0.91928347709493086
37.706681820678398 30.368863636363645 0.96123553085474733 3.9403069410892697 -0.4363925182027637 1.1984816339537385 -0.0058558755400776614 0 -0.21819625910138185 0.0080284927949972728 0.0018305741587260054 0.85972079927796796 -1.1982456467249718
39.104521995981642 30.368863636363642 0.91501977563731784 4.1559342350715509 -0.3598328885455937 1.1661183437110274 -0.00094710413569144922 0 -0.17991644427279685 0.041478353296962978 -0.031905513663110181 0.74588748747009093 -1.469402609048007
40.536060546828949 30.368863636363638 0.80981013744594044 4.1644694603804799 -0.2704013818465516 1.1271088510798588 0.0051980442468603835 0 -0.1352006909232758 0.051112299545896182 -0.043009506365376537 0.55906242745973123 -1.7042323186926449
41.927612909007792 30.368863636363638 0.66604243478462943 3.9599654616470055 -0.18108874107936268 1.0867297621670069 0.010352057756946651 0 -0.09054437053968134 0.041069404430674118 -0.035385752792532199 0.35443067757136715 -1.8851325012744975
43.214390565542168 30.368863636363635 0.50887191357848205 3.5801575026118266 -0.098651691150045462 1.0480821340589992 0.013248826981269309 0 -0.049325845575022731 0.022471712560414341 -0.01949862019716788 0.17407001856414128 -2.0066553622697096
44.350944901835831 30.368863636363635 0.36108724868991821 3.0910373856222062 -0.027792040750573621 1.0137142904133336 0.013243042035919991 0 -0.013896020375286811 0.0055485458325372399 -0.0048177804003559678 0.042319889169191625 -2.0738993610742495
45.314927474267861 30.368863636363638 0.23796815439732216 2.5643828635003447 0.028547689051781844 0.98556455286312472 0.010715553552065328 0 0.014273844525890922 -0.0044662534035677555 0.0038709843129166917 -0.036123285595420433 -2.0995776073350041
46.104582947653142 30.368863636363638 0.14506790416707083 2.0585676792571985 0.070792497634100005 0.96392970945313461 0.0068569380553925013 0 0.035396248817050002 -0.0079460331218228087 0.0068700843965713307 -0.072104468242619249 -2.0988461131814495
46.732923560435864 30.368863636363638 0.080533009325015101 1.6096418279036657 0.10079004395309854 0.94826346916910087 0.0025197393284248793 0 0.05039502197654927 -0.0074996376045321691 0.006468618906943919 -0.080511066513902788 -2.0843941894529623
47.221283344218406 30.368863636363642 0.039189325044436889 1.2331136442104476 0.12026848361446663 0.93793824872824139 -0.0018324732284480272 0 0.060134241807233313 -0.0054323703854744871 0.0046756024612696146 -0.073805146878634126 -2.065001691072442
47.593854997583961 30.368863636363642 0.015076265710628567 0.93007768128647117 0.13424069417977547 0.93044412007019139 -0.0057484995461267608 0 0.067120347089887733 -0.0032986763689706244 0.0028343234981410238 -0.06227545866656873 -2.0458484760051712
47.874027940191553 30.368863636363642 0.0032901155047280043 0.69330884616412536 0.14368251849700386 0.92532392622724746 -0.0096495105776193239 0 0.071841259248501932 -0.0013672701076860273 0.0011729520662840116 -0.049775592475201927 -2.0285872752128946
50.35930789493051 33.261136363636361 -0.0031785805262706758 0.66980566303571742 0.17529000634383185 -0.90811649108858372 0.005867901594807534 0 0.087645003171915925 -0.0016114974309587385 0.0013824695141279931 0.058666710364923852 1.1214977837279758
50.088632820429112 33.261136363636361 -0.014565180015054996 0.89854803012470941 0.16907184488050242 -0.91153821635761922 0.0051220346609231904 0 0.08453592244025121 -0.0040137367521520372 0.0034487252217248548 0.075775028905042757 1.0976544582648804
49.728691353229422 33.261136363636361 -0.037860806176845382 1.1913110681171148 0.15988062944277581 -0.91656533082717062 0.0052311454676290912 0 0.079940314721387906 -0.0069767869418780699 0.0060048707806122032 0.094787863942986564 1.0666580201958611
49.256886975445639 33.261136363636361 -0.077802938770574565 1.5550749391907015 0.14370083096508779 -0.92534530192586928 0.0059364331575474383 0 0.071850415482543895 -0.010330087411492994 0.0089099503554659291 0.11089687242734554 1.0292413297761733
48.649847121438668 33.261136363636361 -0.1401500994447539 1.9887821956081044 0.12189229494390619 -0.93704781805415949 0.0070065495097498386 0 0.060946147471953094 -0.013217869611502116 0.011428077177843955 0.11994254806466235 0.98721779929550368
47.886960983684972 33.261136363636368 -0.22990102941764068 2.4774502354434729 0.093824269668026483 -0.95189791937239177 0.0081290483136078773 0 0.046912134834013242 -0.014181091805099983 0.012291014180637947 0.1146973946711792 0.9446002462823232
46.955657438872166 33.261136363636368 -0.34884638406192564 2.9862511592053043 0.059124279964944959 -0.96994746978074942 0.0088105562240576446 0 0.02956213998247248 -0.01140372348803465 0.0099018079997744805 0.08697852170557635 0.90825537270561263
45.857632316289056 33.261136363636361 -0.49162114598781892 3.4587900948859414 0.019712773653689064 -0.99005851908488396 0.0084471967987853596 0 0.009856386826844532 -0.00433811884225325 0.003764169350594173 0.033603866433157589 0.88708003394947732
44.614476446890912 33.261136363636361 -0.64346358352284339 3.8257225568548625 -0.019482246238146983 -1.0096697874880045 0.0070118807801228039 0 -0.0097411231190734915 0.004268625525845453 -0.0036778845399726427 -0.036838416782442124 0.88838408889089593
43.270097736371042 33.261136363636361 -0.7823575583177188 4.0232938661248339 -0.052154099600402626 -1.0257319389088353 0.0052999153506540254 0 -0.026077049800201313 0.0095241678194345133 -0.0080143088863974532 -0.10417461996374695 0.91419711943593296
41.887088369742372 33.261136363636361 -0.88400058776471813 4.0150479851169028 -0.070400393686302687 -1.0345903819101232 0.0048099215553078006 0 -0.035200196843151343 0.0078400315901537235 -0.0060306211586557855 -0.1409839349840841 0.95957614129079494
40.536635003083113 33.261136363636361 -0.92864962799747386 3.8067304605195558 -0.062847287949621577 -1.0309155926862938 0.0077671555854884637 0 -0.031423643974810789 0.0011170312951497455 0.00025469396007485573 -0.11961585597774153 1.0119960847080902
39.284782289859962 33.261136363636361 -0.91201884299180813 3.4415167623739773 -0.025283652467757101 -1.012449787246773 0.015135414487916755 0 -0.01264182623387855 -0.0016655480894195314 0.0021354186291200534 -0.043422689186061486 1.0525239396394994
38.179722898251327 33.261136363636361 -0.84767099558525416 2.9796780757877293 0.032827961461713406 -0.9831205513527741 0.025416924402924635 0 0.016413980730856703 0.0039471362316318356 -0.0044741754710484949 0.0485430876530542 1.0681130148333902
37.245934942785183 33.261136363636361 -0.75295798790720425 2.4860953537293615 0.10746151431123463 -0.94392029463409677 0.039407652386882597 0 0.053730757155617315 0.01651670900394768 -0.018019875908209824 0.1313241849322335 1.0574977087361543
36.486259818201184 33.261136363636361 -0.64099085791392896 2.0130598773239972 0.19989415768164698 -0.89258562412664821 0.058281608769790431 0 0.099947078840823489 0.034010121234881799 -0.036464399351590175 0.19492275298728642 1.0230210651286364
35.888434122482991 33.261136363636361 -0.52027214150277301 1.5957205265831316 0.31974177299706141 -0.8201365115272351 0.087374650001450074 0 0.15987088649853071 0.057237232039016553 -0.060753340588087221 0.24106775595018329 0.96907914532335426
35.432641252985469 33.261136363636361 -0.39402316920864172 1.2516709910386026 0.48563311254093711 -0.70398865916448428 0.13699217213715004 0 0.24281655627046855 0.090393637415757497 -0.095353434352901403 0.27405837622044649 0.89794855632446458
35.099804066423417 33.261136363636361 -0.25909059390271788 0.99260391247093871 0.73574880700916423 -0.45255286032335823 0.24381776310183562 0 0.36787440350458211 0.15018557335489421 -0.15777706989880491 0.29306624007675225 0.80769827031066799
34.90219060555107 33.261136363636361 -0.094257104587753812 0.8622814954718121 0.53667576261802541 0.32125959693975237 0.60009708277584761 0 0.2683378813090127 0.14630707213023206 -0.15326218636618635 0.092967403921689798 0.68403805076297841
34.90219060555107 33.261136363636361 0.094257104587752785 0.86228149547178301 -1.4864964762260522 1.4869970070590164 0.52472504916725649 0 -0.74324823811302609 -0.40524458586986006 0.42450901613416081 0.25750318527395882 0.50008089800779254
35.099804066423417 33.261136363636361 0.25909059390271771 0.99260391247097923 -1.3880024099576289 1.5369621122277513 0.1604676775367499 0 -0.69400120497881446 -0.28332759193298573 0.29764907692589637 0.55287435552538944 0.31617490034361939
35.432641252985469 33.261136363636361 0.3940231692086425 1.2516709910385679 -0.9321617592820064 1.3882477724433198 0.070213115499649148 0 -0.4660808796410032 -0.17350853948260367 0.1830287573574082 0.52604884536591423 0.15452703659536157
35.888434122482991 33.261136363636361 0.52027214150277268 1.5957205265831247 -0.76682998595517771 1.3288127013673421 0.032966507852738379 0 -0.38341499297758885 -0.137270852754657 0.14570346211948229 0.57814774146268078 -0.015548697686568792
36.486259818201177 33.261136363636361 0.64099085791392851 2.0130598773240074 -0.66495122271694673 1.290259401394259 0.013487024530090626 0 -0.33247561135847337 -0.11313523097510082 0.12129942773562798 0.64841376275075835 -0.20336742326589613
37.24593494278519 33.261136363636361 0.75295798790720414 2.4860953537294068 -0.59382819941571707 1.2624667870005941 0.0024106298167957192 0 -0.29691409970785854 -0.09127069938434898 0.099577141945674255 0.72569240046427907 -0.41315691910857932
38.179722898251327 33.261136363636368 0.84767099558525438 2.9796780757876693 -0.54030098923282721 1.2410813554562032 -0.0042495143040870396 0 -0.27015049461641361 -0.064964180400743893 0.073638487599302291 0.79894934414217411 -0.6476169646972797
39.284782289859976 33.261136363636368 0.91201884299180858 3.4415167623740386 -0.49325119376830506 1.2219646133630575 -0.0073264900722398952 0 -0.24662559688415253 -0.03249267820115654 0.041659241652358833 0.84712022145411525 -0.90376223746639139
40.536635003083127 33.261136363636368 0.92864962799747386 3.8067304605195025 -0.43795300243549473 1.1991293405033119 -0.0064673935698253528 0 -0.21897650121774737 0.0077840623754110803 0.0017748416543660532 0.83354628295712008 -1.1741676298248092
41.887088369742372 33.261136363636368 0.8840005877647179 4.0150479851169258 -0.36101770109243358 1.1666255757569219 -0.0015706948347559372 0 -0.18050885054621679 0.040204181155311262 -0.030925409260614357 0.72297459479722004 -1.4369037103014302
43.270097736371049 33.261136363636361 0.78235755831771814 4.023293866124849 -0.27126584243892649 1.1274950023576351 0.0045675045137316579 0 -0.13563292121946324 0.049537455863751419 -0.04168432142998043 0.54183690758229064 -1.6643855267332708
44.614476446890919 33.261136363636361 0.64346358352284272 3.8257225568548261 -0.18169155954201166 1.0870129344687565 0.0097180162396720837 0 -0.09084577977100583 0.039809230383973437 -0.034299975973747739 0.34355532285362766 -1.8396016165803641
45.857632316289056 33.261136363636361 0.49162114598781848 3.4587900948859414 -0.099048640500735141 1.0482793225645888 0.012613579359642378 0 -0.049524320250367571 0.021797276284121446 -0.018913414385048604 0.16884571112344021 -1.9573030705297736
46.955657438872166 33.261136363636361 0.34884638406192536 2.9862511592053469 -0.02803196735579716 1.0138407194667802 0.012608049289189266 0 -0.01401598367789858 0.0054067263861928951 -0.0046946391360303923 0.041238203366736198 -2.022445766840852
47.886960983684972 33.261136363636361 0.22990102941764062 2.4774502354434662 0.028432174516216158 0.9856298437147939 0.010081501006040234 0 0.014216087258108079 -0.0042973878556124487 0.0037246254236953861 -0.034757492420509607 -2.047344699025035
48.649847121438683 33.261136363636361 0.14015009944475373 1.9887821956081111 0.07077769983701887 0.96394167889113402 0.0062241352429870615 0 0.035388849918509435 -0.0076750577899798974 0.0066358010289325649 -0.069645564295221396 -2.0466681545319716
49.256886975445653 33.261136363636361 0.077802938770574259 1.5550749391907397 0.10084939282011129 0.94823364255385878 0.0018884673493341601 0 0.050424696410055647 -0.0072496661030503106 0.0062530124382119369 -0.077827540556564684 -2.0327002289058358
49.728691353229429 33.261136363636368 0.037860806176845098 1.1913110681170882 0.12038603205705611 0.93787414152407977 -0.0024622354506123618 0 0.060193016028528057 -0.005253342442842983 0.0045215143874074376 -0.071372841519517838 -2.0139436214511885
50.088632820429112 33.261136363636368 0.014565180015054937 0.89854803012471207 0.13442168332610926 0.93034275980201908 -0.0063769865809253663 0 0.067210841663054632 -0.0031911478285073925 0.0027419316915901887 -0.060245435582131662 -1.9954114482717391
50.35930789493051 33.261136363636368 0.003178580526270704 0.66980566303573519 0.14392160988640024 0.92518796724129648 -0.010276934636233923 0 0.071960804943200118 -0.0013231176689927884 0.001135074624288036 -0.048168218933699283 -1.9787032559059443
52.844587849669466 36.153409090909086 -0.0030670455478133763 0.64630247990733924 0.17572317277701144 -0.90787544076539661 0.0062459008978242581 0 0.087861586388505719 -0.0015587932055005178 0.0013372556753951776 0.056748008249387416 1.0915076685035623
52.583410643274263 36.153409090909086 -0.014054094319481365 0.86701837896298217 0.16956544815930119 -0.91126523878873888 0.0054969460613603681 0 0.084782724079650595 -0.0038842033889689804 0.0033374261993301419 0.073329578456877348 1.0684338091839576
52.236099362240445 36.153409090909086 -0.036532287309253592 1.1495084920237353 0.16044291543541966 -0.91625635477653977 0.0056015083850723827 0 0.080221457717709832 -0.0067556503453118817 0.0058145400885176056 0.091783462948266198 1.038422618643305
51.780850390455427 36.153409090909086 -0.075072868216133723 1.5005080504777659 0.14433217660803599 -0.92500169117947428 0.0063003735664300372 0 0.072166088304017995 -0.010011401650406234 0.0086350761751062943 0.10747567638283528 1.0021688559661255
51.195111295224208 36.153409090909086 -0.13523229472243681 1.9189967119590086 0.12259142176935045 -0.93667197139601965 0.0073618089994081232 0 0.061295710884675225 -0.012827212772694094 0.011090318020342001 0.11639762153393457 0.96140599263519344
50.458994493102082 36.153409090909093 -0.22183390443795911 2.3905176073865944 0.094585503343016408 -0.95149498342488292 0.008473085286088252 0 0.047292751671508204 -0.013794503147422834 0.011955950651053029 0.11157064586689838 0.91999359177848716
49.560369975908493 36.153409090909093 -0.3366055194339328 2.8814649327884401 0.059955367621834621 -0.96951590351184669 0.0091403072034243922 0 0.02997768381091731 -0.011158244948650873 0.0096886599549631993 0.085106206887661698 0.88454650339851837
48.500874067035937 36.153409090909086 -0.47437037839715546 3.3374226871600867 0.02063950556251315 -0.98958767719549356 0.0087591997530874523 0 0.010319752781256575 -0.0043826824676127156 0.0038028370401686578 0.033949064471480099 0.8636344316854172
47.301339984774039 36.153409090909086 -0.62088473226105667 3.691479652062724 -0.018421280301690102 -1.009142187077944 0.0073025037647318327 0 -0.0092106401508450508 0.0038945371158878653 -0.0033555667420689561 -0.033610018161842108 0.86429394650399372
46.004134925913142 36.153409090909086 -0.75490497918949639 3.8821182718692002 -0.050914177049240283 -1.0251259443622569 0.0055655408210941379 0 -0.025457088524620142 0.0089714847430369098 -0.0075492422291828839 -0.098129414699026973 0.88846797833101221
44.669654743503116 36.153409090909086 -0.85298139989211808 3.8741617351623199 -0.068940374662204151 -1.03388340852655 0.005047002647790318 0 -0.034470187331102076 0.0074080408994967326 -0.0056983301251999578 -0.13321563115201757 0.93138373827122656
43.366588185487856 36.153409090909086 -0.89606372514020038 3.673153979949825 -0.061136115376899669 -1.0300837636445368 0.0079721548408033579 0 -0.030568057688449835 0.0010484884399925164 0.00023906552487288404 -0.1122760327101304 0.98097129675147754
42.158662427786844 36.153409090909086 -0.88001650699150247 3.320755468211579 -0.023291322528109726 -1.0114628396424779 0.015305115173851684 0 -0.011645661264054863 -0.0014804662833162938 0.0018981230870851321 -0.038597400867177431 1.0189935920307613
41.092379079263623 36.153409090909086 -0.81792659696137981 2.8751224959476462 0.035142515232414628 -0.98193928499506966 0.025548490189376979 0 0.017571257616207314 0.0040771627715116008 -0.0046215637346339079 0.050142193777647191 1.0328964452003506
40.191357328282727 36.153409090909086 -0.72653702664277031 2.3988593723127503 0.11012323870212148 -0.94250551075269873 0.039498398684921894 0 0.055061619351060742 0.016331893672527631 -0.017818240743642369 0.12985472011597377 1.0214957534109161
39.458338866304793 36.153409090909086 -0.61849877349515348 1.9424225006098044 0.20296572036435512 -0.89086020193315674 0.058329925829373297 0 0.10148286018217756 0.03332098113218826 -0.035725528715397491 0.19097307327037852 0.98709800385597413
38.881490608641755 36.153409090909086 -0.50201602320882255 1.5397274022670162 0.32334424669060835 -0.81793675210486716 0.087379762333922292 0 0.16167212334530418 0.055851056098146473 -0.059282011244395659 0.23522955742950835 0.93394040345111684
38.441691308430968 36.153409090909086 -0.38019707126141594 1.207750412067174 0.48981855727901924 -0.7010174455291589 0.13695248732590989 0 0.24490927863950962 0.087973488450181436 -0.092800494543079246 0.26672088970393071 0.86418998675972569
38.120533230869349 36.153409090909086 -0.2499992200738681 0.95777388218568826 0.74004946420562823 -0.44782380870411997 0.24373012155272791 0 0.37002473210281411 0.14576270061933699 -0.15313063226060061 0.28443561961173608 0.77593838827918482
37.929853938541449 36.153409090909086 -0.090949664665199118 0.8320244208982075 0.53185353119164158 0.32894638180861691 0.59995062022084622 0 0.26592676559582079 0.13990472804130424 -0.14655548901621612 0.088899184249909918 0.65520146132970059
37.929853938541449 36.153409090909086 0.090949664665198132 0.8320244208981854 -1.5089289881003545 1.4945964637823845 0.52450967440986829 0 -0.75446449405017724 -0.39692563334273906 0.4157945990248616 0.25221710163813116 0.47603661324632168
38.120533230869349 36.153409090909086 0.24999922007386802 0.95777388218572601 -1.4018656202161837 1.5414936311641028 0.16019677055637768 0 -0.70093281010809183 -0.27611629842535379 0.2900732709786385 0.53880252008100871 0.29721918993107344
38.441691308430961 36.153409090909086 0.38019707126141672 1.2077504120671367 -0.93993091309847365 1.3910589899579877 0.069898494658588273 0 -0.46996545654923683 -0.1688155748667014 0.17807829506585668 0.51182056228024098 0.14013942213128375
38.881490608641741 36.153409090909086 0.50201602320882222 1.539727402267002 -0.77237286206767708 1.3309054623981635 0.03261153517404014 0 -0.38618643103383854 -0.13341149715678632 0.14160702459559649 0.56189317847546494 -0.02502618905562095
39.458338866304786 36.153409090909086 0.61849877349515292 1.9424225006098457 -0.66913794087591527 1.2918848609931837 0.013093769989492153 0 -0.33456897043795764 -0.10985270154355253 0.11778002057889722 0.6296005492035357 -0.20731521535539163
40.191357328282734 36.153409090909086 0.72653702664277009 2.3988593723128027 -0.59701148574938534 1.2637276429988293 0.0019824404174715576 0 -0.29850574287469267 -0.088540150302981249 0.096598088697490009 0.70398183255135516 -0.41078246590173345
41.092379079263623 36.153409090909093 0.81792659696138004 2.8751224959475974 -0.54275837573588093 1.2420693211157852 -0.0047092758311102672 0 -0.27137918786794046 -0.062969717131552791 0.071377714696302275 0.77442082533371293 -0.63800049002806547
42.158662427786851 36.153409090909093 0.8800165069915028 3.3207554682116407 -0.4952051550799299 1.2227608463893405 -0.0078145772216863946 0 -0.24760257753996495 -0.03147672419784063 0.040356675176619311 0.82063317181947926 -0.88608733155645436
43.366588185487863 36.153409090909093 0.89606372514020038 3.6731539799497774 -0.43951123758041244 1.1997760274210836 -0.0069800863960171617 0 -0.21975561879020622 0.0075376469212832193 0.0017186565428942919 0.80715920177181011 -1.147864951813834
44.669654743503116 36.153409090909093 0.85298139989211774 3.8741617351623141 -0.36222091854519256 1.1671403050020521 -0.0021040401396499918 0 -0.18111045927259628 0.038922726956213592 -0.029939703435572628 0.69993075199975341 -1.4021323749367696
46.004134925913149 36.153409090909086 0.75490497918949584 3.8821182718692104 -0.27215685435174786 1.1278921566478457 0.004017128827822767 0 -0.13607842717587393 0.047956211963678684 -0.040353750898237388 0.5245413826101295 -1.6222369216890877
47.301339984774032 36.153409090909086 0.62088473226105612 3.6914796520626729 -0.18232264663957332 1.0873080766062142 0.0091538618335817064 0 -0.091161323319786658 0.03854576352869344 -0.033211362042713813 0.33265155106015498 -1.7917528339632027
48.50087406703593 36.153409090909086 0.47437037839715501 3.3374226871600654 -0.099473580397557493 1.0484887446607503 0.012038800491811955 0 -0.049736790198778746 0.021122653131325778 -0.01832804642089314 0.16361995610298016 -1.9056266098392538
49.560369975908493 36.153409090909086 0.33660551943393247 2.8814649327884965 -0.028298694887436193 1.0139793291961756 0.012025591474431855 0 -0.014149347443718097 0.0052666472045140248 -0.0045730089366306167 0.040169790917334254 -1.9686686617371534
50.458994493102082 36.153409090909086 0.22183390443795906 2.3905176073865659 0.028291466246252894 0.98570705691406957 0.0094937718294841045 0 0.014145733123126447 -0.004126073302838278 0.0035761439367664573 -0.033371891569565854 -1.9927928043754084
51.195111295224216 36.153409090909086 0.1352322947224367 1.9189967119590006 0.070737502413576792 0.96396616427931925 0.0056330907182189829 0 0.035368751206788396 -0.0074015374107910328 0.0063993172312437688 -0.067163565895193775 -1.9921778481705086
51.780850390455441 36.153409090909086 0.075072868216133432 1.5005080504777859 0.10088178161086325 0.94821755917060857 0.0012957120321328511 0 0.050440890805431626 -0.0069975251440827302 0.0060355347599029266 -0.075120724762419169 -1.9787020354047162
52.236099362240452 36.153409090909093 0.036532287309253314 1.1495084920236773 0.12047602582807437 0.93782441675593087 -0.0030557336801072636 0 0.060238012914037187 -0.0050727942912183691 0.0043661178805029883 -0.06891988233158064 -1.960589344467782
52.583410643274263 36.153409090909093 0.014054094319481307 0.86701837896297196 0.13457524482892158 0.93025596722621184 -0.0069706966010250494 0 0.06728762241446079 -0.0030826894730625648 0.0026487409596048822 -0.058197858591832796 -1.9426852336518166
52.844587849669466 36.153409090909093 0.0030670455478134036 0.64630247990738454 0.14413340419451159 0.92506671564784326 -0.010870483245957362 0 0.072066702097255797 -0.0012785688284218629 0.0010968571175170745 -0.046546414345832045 -1.9265361321066923
55.32986780440843 39.045681818181812 -0.0029555105693560768 0.62279929677897627 0.17612694993075073 -0.90764988013303571 0.0066891825909580864 0 0.088063474965375366 -0.0015055582863380101 0.0012915865657736607 0.054809986181337388 1.0599996570248524
55.078188466119414 39.045681818181805 -0.013543008623907733 0.83548872780124017 0.17002344216563492 -0.9110111460942486 0.0059371311598125903 0 0.08501172108281746 -0.0037530616313380914 0.0032247451952955638 0.070853763253049096 1.037704479845589
54.743507371251468 39.045681818181805 -0.035203768441661801 1.1077059159303546 0.16096270326721873 -0.91596989776673943 0.0060368135609948246 0 0.080481351633609366 -0.0065310674176860635 0.0056212431638502178 0.088732239488949177 1.0086930764318236
54.304813805465216 39.045681818181812 -0.072342797661692895 1.4459411617648392 0.14491529878210929 -0.92468342125348812 0.0067284230570658615 0 0.072457649391054646 -0.0096863075006646277 0.0083546746044645282 0.10398568418677158 0.97362386010059043
53.740375469009749 39.045681818181812 -0.13031449000011974 1.8492112283098816 0.12323753644202606 -0.93632363150530484 0.0077795014423814625 0 0.061618768221013032 -0.012425890324984626 0.010743337452336275 0.11275591236380139 0.93415234565124639
53.031028002519193 39.045681818181819 -0.21376677945827754 2.3035849793296652 0.095288070577221773 -0.95112203989134558 0.0088766353819343669 0 0.047644035288610886 -0.013391595038104373 0.011606742751323737 0.10831190450439762 0.89398662335511814
52.165082512944821 39.045681818181812 -0.3243646548059399 2.7766787063715137 0.060720352823009138 -0.96911759873392411 0.0095250722403407151 0 0.030360176411504569 -0.010889661955093442 0.0094554504039774129 0.08305766969194614 0.85949246729819073
51.144115817782819 39.045681818181805 -0.45711961080649194 3.2160552794341992 0.021492588169402582 -0.98915329326842871 0.0091199916019310302 0 0.010746294084701291 -0.0043978632954710314 0.0038160093872201899 0.034066657956178512 0.83891467690734556
49.988203522657159 39.045681818181805 -0.59830588099927007 3.5572367472705189 -0.017440804726229553 -1.0086538174927224 0.0076342113926385546 0 -0.0087204023631147765 0.0035531606760266943 -0.0030614338595112587 -0.030663925211038754 0.83901746785994424
48.738172115455235 39.045681818181805 -0.7274524000612741 3.7409426776136065 -0.04976162136721296 -1.0245619738640517 0.0058637086396980866 0 -0.02488081068360648 0.0084495271940164905 -0.0071100302053354299 -0.092420282905333592 0.86165678221513387
47.452221117263846 39.045681818181812 -0.82196221201951802 3.7332754852076833 -0.067576813494388821 -1.0332224524594467 0.0053082226851584608 0 -0.033788406747194411 0.0069974488504053276 -0.005382499114782056 -0.12583212993924431 0.90222876742806302
46.196541367892586 39.045681818181812 -0.8634778222829268 3.5395774993800457 -0.059534391718359059 -1.0293042538984976 0.0081941823763141998 0 -0.029767195859179529 0.00098388880361049676 0.0002243361817640391 -0.10535846394080291 0.94911700791901887
45.032542565713726 39.045681818181805 -0.8480141709911968 3.1999941740491686 -0.021427143318492936 -1.0105381227823151 0.015486953286153533 0 -0.010713571659246468 -0.0013124444701102687 0.0016827003608979017 -0.034216885517502425 0.98477764492148967
44.005035260275903 39.045681818181805 -0.78818219833750569 2.770566916107569 0.037299360247036617 -0.98083671992794352 0.0256898539107615 0 0.018649680123518309 0.0041700271481536566 -0.0047268277771507156 0.051284268261689213 0.99714692284058937
43.136779713780257 39.045681818181805 -0.70011606537833637 2.3116233908961199 0.1125855402567687 -0.94119412373997047 0.039599004792804253 0 0.056292770128384351 0.016089867798561846 -0.017554188370109691 0.12793037485908912 0.98512180339539546
42.430417914408395 39.045681818181805 -0.59600668907637799 1.8717851238956238 0.20578882742731675 -0.88927034513914638 0.058390288822601527 0 0.10289441371365837 0.032555859829691738 -0.034905193835261063 0.18658792128512675 0.9509680525374683
41.874547094800505 39.045681818181812 -0.48375990491487203 1.4837342779508687 0.32663852912047453 -0.81591824382411693 0.087400745274250249 0 0.16331926456023727 0.054368325116642691 -0.057708195441101701 0.22898469516668774 0.89876106304045811
41.45074136387646 39.045681818181805 -0.36637097331419022 1.1638298330957335 0.49362597138080055 -0.69830019936280108 0.13693378030665657 0 0.24681298569040028 0.085433238882912793 -0.090120864347002019 0.25901927826861171 0.83056196980215014
41.141262395315287 39.045681818181805 -0.24090784624501843 0.92294385190045913 0.74392603627115472 -0.44350763649827618 0.24366973570092407 0 0.37196301813557736 0.14119772760305443 -0.14833491153598616 0.27552771022970307 0.74449133581466997
40.957517271531842 39.045681818181812 -0.087642224742644423 0.80176734632460145 0.52732031297166349 0.3359642687051474 0.59983972624506299 0 0.26366015648583174 0.13366790363553829 -0.14002217978862913 0.084936140185962558 0.62690029724815133
40.957517271531842 39.045681818181812 0.087642224742643465 0.80176734632458813 -1.5295684417540008 1.50154460026214 0.52433982795283762 0 -0.76478422087700038 -0.38772298742703126 0.40615447970007762 0.24636949572587857 0.45278762834079284
41.141262395315287 39.045681818181805 0.24090784624501829 0.92294385190048611 -1.4146376667652629 1.5456533754700663 0.15997909133150207 0 -0.70731883338263146 -0.26849930529403676 0.28207125832953633 0.52393901829571377 0.27926769792551986
41.45074136387646 39.045681818181805 0.36637097331419094 1.1638298330957035 -0.94712258662426785 1.3936543678249951 0.069642585151478961 0 -0.47356129331213392 -0.16392117693509475 0.17291534703974845 0.49698156710247743 0.1269201323516099
41.874547094800498 39.045681818181812 0.4837599049148717 1.4837342779508829 -0.77753670684774745 1.3328511380407406 0.032319509143084388 0 -0.38876835342387372 -0.12941941840679716 0.13736971067749409 0.54507962143306965 -0.033183844952240742
42.430417914408388 39.045681818181805 0.59600668907637733 1.8717851238956555 -0.67307121436512207 1.2934095396078502 0.012766253034115591 0 -0.33653560718256104 -0.10648008633029653 0.11416402676499396 0.61027102557160395 -0.20979906578143534
43.136779713780264 39.045681818181805 0.70011606537833615 2.3116233908961541 -0.60002488640320406 1.2649198627991138 0.0016208329571689687 0 -0.30001244320160203 -0.085750986104046134 0.093555085836543581 0.68180521643613545 -0.40681207285634924
44.005035260275918 39.045681818181819 0.7881821983375058 2.7705669161074908 -0.54509499097321412 1.2430080209525094 -0.005104000483928132 0 -0.27254749548660706 -0.060941016028859936 0.069078132371522577 0.74947123918549097 -0.62666760365136298
45.03254256571374 39.045681818181819 0.84801417099119702 3.1999941740492241 -0.49707114110136708 1.2235208252983369 -0.0082420363165649421 0 -0.24853557055068354 -0.030446348385921064 0.039035618331881412 0.79377012961130144 -0.86658580748301373
46.1965413678926 39.045681818181819 0.8634778222829268 3.5395774993800218 -0.44100492169948025 1.2003955916801925 -0.0074394337311931361 0 -0.22050246084974012 0.007288221014332805 0.0016617850190057024 0.78044975012758311 -1.1196376135359669
47.452221117263854 39.045681818181819 0.82196221201951769 3.7332754852076953 -0.36337354493590523 1.1676329980577524 -0.0025936041659796582 0 -0.18168677246795262 0.037626630537863547 -0.028942734686878149 0.6766236044357945 -1.3653522207935893
48.738172115455242 39.045681818181812 0.72745240006127354 3.740942677613587 -0.27300383361758218 1.1282692877721598 0.0034996982277629308 0 -0.13650191680879109 0.046356072267017989 -0.039007280105875224 0.50703917685852873 -1.5780090625876144
49.988203522657159 39.045681818181812 0.5983058809992694 3.5572367472704989 -0.18291351081526996 1.0875841809195146 0.0086116333467276002 0 -0.091456755407634982 0.037264398285783838 -0.032107326706650355 0.32159331543301356 -1.741767631437537
51.144115817782819 39.045681818181805 0.45711961080649149 3.2160552794342041 -0.09986269281899518 1.0486805998136848 0.011475730626217309 0 -0.04993134640949759 0.020434136078631544 -0.017730622772220719 0.15828657637849305 -1.8517701246716398
52.165082512944821 39.045681818181805 0.32436465480593957 2.7766787063716194 -0.028534659220388781 1.0141023841974306 0.011446116611136573 0 -0.01426732961019439 0.0051174405033443419 -0.0044434533481588125 0.039031761017720927 -1.9126808784485716
53.0310280025192 39.045681818181812 0.21376677945827746 2.3035849793296546 0.028176091621437194 0.98577109962965881 0.008902107250312246 0 0.014088045810718597 -0.0039598116161354792 0.0034320418621838723 -0.032027158557429845 -1.9360103007983709
53.740375469009749 39.045681818181812 0.1303144900001196 1.8492112283098943 0.070715481220478771 0.96398090650033419 0.0050329595980013464 0 0.035357740610239385 -0.0071301556270360871 0.0061646824481381857 -0.064700973692470493 -1.9354456031662555
54.30481380546523 39.045681818181812 0.072342797661692604 1.4459411617648499 0.10092459678974286 0.9481956163522498 0.0006901743506291854 0 0.05046229839487143 -0.0067459176988339184 0.0058185172500860843 -0.072419636412820065 -1.9224572516935838
54.743507371251475 39.045681818181819 0.035203768441661537 1.1077059159302984 0.12057006092324418 0.9377720991110664 -0.003664588050536207 0 0.060285030461622091 -0.0048921345160124604 0.0042106252999779851 -0.066465406605884014 -1.9049876455533994
55.078188466119414 39.045681818181819 0.013543008623907679 0.83548872780124062 0.13472666245776188 0.93016980109728964 -0.0075814687803072902 0 0.06736333122888094 -0.0029739279545691146 0.0025552897406677291 -0.056144558209545156 -1.8877127652419443
55.32986780440843 39.045681818181819 0.0029555105693561032 0.62279929677900425 0.14433743572626312 0.9249490389986853 -0.011482139571760613 0 0.07216871786313156 -0.0012338169852592225 0.0010584654591223172 -0.04491721943017235 -1.8721252614104893
57.815147759147379 41.937954545454538 -0.0028439755908987773 0.59929611365059443 0.17650224953633198 -0.90743869897188034 0.0072634751936761707 0 0.088251124768165989 -0.0014518286149908612 0.0012454930187319187 0.052853952615057834 1.0266287397641498
57.572966288964565 41.937954545454531 -0.013031922928334102 0.80395907663948718 0.17043951064445384 -0.91077886067709046 0.0065081717315366681 0 0.08521975532222692 -0.0036202663068591436 0.0031106433961150043 0.068346730487273133 1.0051211901940056
57.250915380262491 41.937954545454531 -0.033875249574070003 1.0659033398369775 0.16142528769081654 -0.91571344963183865 0.0066023081222841571 0 0.080712643845408272 -0.006302659232079592 0.0054246538669106672 0.085629045396725126 0.97712512012106378
56.828777220475004 41.937954545454538 -0.069612727107252054 1.3913742730519028 0.14542673887868407 -0.92440261060874529 0.0072852330815370778 0 0.072713369439342035 -0.0093536610585755724 0.0080677589989258149 0.10041461565827942 0.9432650766096371
56.285639642795289 41.937954545454538 -0.12539668527780265 1.7794257446607897 0.1237971652802895 -0.93602006252662839 0.0083232966640116261 0 0.06189858264014475 -0.012011259673206107 0.010384850704615443 0.10899344092613907 0.90512201498164513
55.603061511936303 41.937954545454545 -0.20569965447859595 2.2166523512727809 0.095887682130026963 -0.95080172685014674 0.0094018130566378647 0 0.047943841065013482 -0.012967311482448762 0.011239008357467044 0.10488027744039184 0.86625609874355103
54.769795049981155 41.937954545454538 -0.312123790177947 2.671892479954646 0.061364275932320189 -0.96878027959963653 0.010024665906149146 0 0.030682137966160095 -0.010589832083843141 0.0091951093126810234 0.080770806195835293 0.83278836404447187
53.787357568529707 41.937954545454531 -0.43986884321582842 3.0946878717083042 0.022207964255972157 -0.98878720612901561 0.0095862787150910282 0 0.011103982127986078 -0.0043727546076660125 0.0037942226735532482 0.033872161442368737 0.81264176771666419
52.675067060540293 41.937954545454531 -0.57572702973748335 3.4229938424783461 -0.016611117296993161 -1.008239136009601 0.008059895508404101 0 -0.0083055586484965804 0.0032564208007961376 -0.0028057602257160544 -0.028103047679494373 0.81230830630751749
51.472209304997335 41.937954545454531 -0.6999998209330518 3.5997670833580111 -0.048769468972471586 -1.0240754336238975 0.0062430137352082618 0 -0.024384734486235793 0.0079685492337182584 -0.0067053013078129196 -0.087159382722248199 0.8335541837313033
50.234787491024591 41.937954545454538 -0.79094302414691797 3.5923892352531039 -0.066381404425477353 -1.0326420589156804 0.0056376044435489416 0 -0.033190702212738676 0.0066142683009134924 -0.005087753270613159 -0.11894155800014992 0.8719395057984709
49.026494550297322 41.937954545454538 -0.83089191942565344 3.4060010188103069 -0.058107911014997571 -1.0286088310934447 0.0084725209692852917 0 -0.029053955507498785 0.00092407390942680792 0.00021069780624382778 -0.098953263120498486 0.91629530853226804
47.906422703640615 41.937954545454531 -0.81601183499089114 3.079232879886785 -0.019747270046578169 -1.0097030736593098 0.015715377485786775 0 -0.0098736350232890846 -0.0011639037728498696 0.0014922546006539657 -0.0303442645048798 0.94976443219177564
46.917691441288198 41.937954545454531 -0.75843779971363134 2.6660113362674784 0.039253771681387883 -0.9798351593778124 0.025870615873400123 0 0.019626885840693942 0.0042229140224536357 -0.004786776342856955 0.051934687204483236 0.96076980295053382
46.082202099277787 41.937954545454531 -0.67369510411390232 2.2243874094794842 0.11481670042309711 -0.94000238730811647 0.039734260178651039 0 0.057408350211548553 0.015789496069318662 -0.017226480151359712 0.12554212230162584 0.94828921799967802
45.402496962511997 41.937954545454531 -0.57351460465760229 1.8011477471814359 0.20834632722006952 -0.88782511915611817 0.058482737413317651 0 0.10417316361003476 0.031716596287952301 -0.034005366376962297 0.18177783669566211 0.91454432033352806
44.867603580959262 41.937954545454538 -0.46550378662092151 1.4277411536347402 0.32962287001648383 -0.81408176773514918 0.087452875451472512 0 0.16481143500824191 0.052794566386415206 -0.056037760014108658 0.22235644862177167 0.86344765051202776
44.459791419321959 41.937954545454531 -0.35254487536696444 1.1199092541242919 0.49706981050689081 -0.69582745393065049 0.13694649995344038 0 0.2485349052534454 0.08278270340759826 -0.087324896979487046 0.25098329842261974 0.79695955540363117
44.161991559761219 41.937954545454531 -0.23181647241616871 0.88811382161524843 0.74740983995267385 -0.43957791699479459 0.24364198106616125 0 0.37370491997633692 0.13650548671471757 -0.14340548987394786 0.26637145531146933 0.71323653555741806
43.98518060452222 41.937954545454538 -0.084334784820089714 0.77151027175098319 0.52307086249508561 0.34236345996472656 0.59976361909163467 0 0.2615354312475428 0.12758702532695132 -0.13365222999036355 0.081072188418753563 0.59899236121376298
43.98518060452222 41.937954545454538 0.084334784820088798 0.77151027175099385 -1.5485249064509596 1.5078897052161127 0.52420753843704371 0 -0.77426245322547982 -0.37771495341251604 0.39567068590966831 0.24001012480045625 0.43016567954030277
44.161991559761219 41.937954545454531 0.23181647241616857 0.88811382161525143 -1.4263731035973626 1.5494633871201446 0.15980086223650825 0 -0.71318655179868129 -0.26051002319647437 0.2736781384592949 0.50834904641665202 0.26213270885410594
44.459791419321952 41.937954545454531 0.3525448753669651 1.119909254124261 -0.9537463708907219 1.3960394905527775 0.069427024333923074 0 -0.47687318544536095 -0.15883825828610604 0.16755353437711254 0.48157100866907421 0.11466869955802908
44.867603580959248 41.937954545454538 0.46550378662092118 1.4277411536347053 -0.78230699068001797 1.3346455131151713 0.032067818783931126 0 -0.39115349534000898 -0.12529943189908641 0.13299663157138619 0.52772735147561523 -0.040230391103334928
45.402496962511989 41.937954545454531 0.57351460465760185 1.8011477471814836 -0.67671722255487143 1.2948210410282499 0.012477750814577528 0 -0.33835861127743572 -0.10301677613067051 0.11045079312711861 0.59042170031051744 -0.21103032228643173
46.082202099277794 41.937954545454531 0.67369510411390221 2.2243874094795233 -0.60281799664471158 1.2660238226251981 0.0012950637792921854 0 -0.30140899832235579 -0.082899023865534688 0.090443569757850353 0.65912929374835827 -0.40145209484860994
46.917691441288198 41.937954545454545 0.75843779971363157 2.6660113362674149 -0.54724507379022413 1.2438710428228639 -0.0054683285367014712 0 -0.27362253689511207 -0.058872531143884382 0.066733454156358549 0.72403237992451863 -0.61381056773479203
47.906422703640629 41.937954545454545 0.81601183499089136 3.0792328798868569 -0.49876983735582625 1.2242120164968326 -0.0086473129112436004 0 -0.24938491867791313 -0.029397486037962661 0.037690859683697717 0.76642512286927478 -0.84542503068279429
49.026494550297336 41.937954545454545 0.83089191942565332 3.4060010188102723 -0.44234519062815569 1.2009508626444461 -0.0078877209456532458 0 -0.22117259531407785 0.007034492248644642 0.0016039324016272442 0.7532795324033783 -1.0896173494378318
50.234787491024591 41.937954545454545 0.79094302414691775 3.592389235253115 -0.36438190836812057 1.1680635201554364 -0.0030856523153214802 0 -0.18219095418406028 0.036307151480220762 -0.027927779806668697 0.65289597686996503 -1.3266510699595242
51.472209304997342 41.937954545454538 0.69999982093305124 3.5997670833579791 -0.27371237306978013 1.1285847699521456 0.0029648105913671549 0 -0.13685618653489007 0.044722457854022457 -0.037632641317980137 0.4891708272171188 -1.5317416378748354
52.675067060540286 41.937954545454538 0.5757270297374828 3.4229938424783448 -0.1833723488054595 1.0877995034691399 0.0080367317830236703 0 -0.091686174402729748 0.035948065398889874 -0.030973162947179961 0.31023330757609668 -1.6896376485112343
53.7873575685297 41.937954545454531 0.43986884321582798 3.0946878717083202 -0.10012979898431706 1.0488144422808374 0.010865755723971221 0 -0.050064899492158532 0.019715586481800357 -0.017107139998321315 0.15272055904343695 -1.7956812269032987
54.769795049981155 41.937954545454531 0.31212379017794667 2.671892479954737 -0.028661615634830939 1.0141719844990063 0.010807473903669002 0 -0.01433080781741547 0.004946227951247612 -0.0042947901663663024 0.037725888011028032 -1.8543928053119869
55.603061511936311 41.937954545454538 0.20569965447859589 2.2166523512727507 0.028155100051070026 0.98578749130886656 0.008241476075392256 0 0.014077550025535013 -0.0038075375697021515 0.0033000631337631128 -0.030795558294066591 -1.876878347039096
56.285639642795289 41.937954545454538 0.12539668527780254 1.7794257446608106 0.070771420881197367 0.96395518570588057 0.0043564973939976444 0 0.035385710440598683 -0.0068665054787095852 0.0059367323826901861 -0.062308540454939901 -1.8763309937999466
56.828777220475011 41.937954545454538 0.06961272710725179 1.3913742730518956 0.1010290386363708 0.94814079194742129 2.9909878404531243e-06 0 0.050514519318185402 -0.0064980580033955479 0.0056047322651672001 -0.069758781385171789 -1.8638100996294671
57.250915380262498 41.937954545454545 0.033875249574069746 1.0659033398369124 0.12071112420409735 0.93769391423153137 -0.0043587852725343601 0 0.060355562102048677 -0.0047130229238731332 0.0040564652295807333 -0.064031964769729083 -1.846972177659473
57.572966288964565 41.937954545454545 0.013031922928334048 0.80395907663950483 0.13491004502246029 0.93006526433573544 -0.0082800394708153931 0 0.067455022511230145 -0.0028655931280542075 0.0024622051485123455 -0.05409931331245714 -1.8303207695299499
57.815147759147379 41.937954545454545 0.0028439755908988024 0.59929611365061208 0.14455976171225038 0.92481987983980662 -0.012183108832941337 0 0.072279880856125189 -0.0011890839872094972 0.0010200899675507945 -0.043288710572557287 -1.8152931830601722
60.30042771388635 44.830227272727271 -0.0027324406124414773 0.57579293052218583 0.17685029668801722 -0.90723997035702553 0.0080832851345404404 0 0.088425148344008608 -0.0013976414330147285 0.0011990069830117567 0.050881263332769176 0.9907407377945866
60.067744111809731 44.830227272727271 -0.012520837232760467 0.7724294254777665 0.17080258648537316 -0.91057331710851042 0.0073244579752330657 0 0.085401293242686582 -0.0034856963351372087 0.0029950167658146097 0.065806194292040474 0.97002959552539203
59.758323389273521 44.830227272727271 -0.032546730706478205 1.0241007637435842 0.16180541468057053 -0.91549967183621128 0.0074118949816451918 0 0.080902707340285263 -0.0060697412173605549 0.0052241829922062364 0.08246457996686872 0.94306633558654385
59.352740635484793 44.830227272727271 -0.066882656552811198 1.3368073843389703 0.14582664099045994 -0.92417964335404768 0.0080836761145713677 0 0.072913320495229972 -0.0090115418213045952 0.0077726728783241109 0.096741853570287389 0.91044522418224305
58.830903816580829 44.830227272727271 -0.12047888055548556 1.7096402610116854 0.12421365251981409 -0.93579028700156608 0.0091041877019606247 0 0.062106826259907044 -0.011579026699477723 0.010011145113036779 0.10507124122601143 0.87367816057020431
58.175095021353428 44.830227272727271 -0.19763252949891438 2.1297197232158798 0.096309188074675922 -0.95057227959376622 0.010156436049857109 0 0.048154594037337961 -0.012513526306348404 0.010845704364300143 0.10121003976374197 0.83618374449537258
57.37450758701749 44.830227272727271 -0.2998829255499541 2.5671062535377867 0.06179366253100671 -0.9685509521384057 0.010742000781093927 0 0.030896831265503355 -0.010245714819058825 0.0088963136527478795 0.078146153728970866 0.80384520142861449
56.430599319276595 44.830227272727271 -0.42261807562516485 2.9733204639824757 0.022676621532069507 -0.98854348952657989 0.010254159280170851 0 0.011338310766034754 -0.0042899237713260744 0.0037223506694029499 0.033230538549560137 0.78426800360029947
55.36193059842342 44.830227272727271 -0.55314817847569664 3.2887509376861841 -0.01605190806393364 -1.0079567391670115 0.0086671813029866873 0 -0.0080259540319668199 0.003023383272640207 -0.0026049730831455105 -0.026091924066945354 0.78367081102159675
54.206246494539442 44.830227272727271 -0.67254724180482939 3.4585914891023881 -0.048062706912399999 -1.0237268762090848 0.0067815809063474309 0 -0.0240313534562 0.0075450883109869924 -0.0063489713165288111 -0.08252759950177424 0.8037236662076751
53.017353864785335 44.830227272727271 -0.75992383627431792 3.4515029852984944 -0.06547925356837081 -1.0322025000595085 0.0061034776374770967 0 -0.032739626784185405 0.0062685047340235766 -0.0048217888980974372 -0.11272383965632457 0.84014053037195102
51.856447732702065 44.830227272727271 -0.79830601656837974 3.272424538240573 -0.056976833665143278 -1.0280555567476115 0.0088659971521413729 0 -0.028488416832571639 0.00087055181131708611 0.00019849424920986218 -0.093221918254049629 0.88218837208109158
50.780302841567504 44.830227272727271 -0.78400949899058536 2.958471585724411 -0.018363095878994651 -1.0090122896871196 0.016040422044030847 0 -0.0091815479394973254 -0.0010398741433966538 0.001333234766294479 -0.027110674262831452 0.91368571674354759
49.830347622300494 44.830227272727271 -0.728693401089757 2.561455756427403 0.040904096925400535 -0.97898568584474643 0.026132929144871149 0 0.020452048462700267 0.0042278787433262365 -0.0047924039754100676 0.051995744859033001 0.9235362835641332
49.02762448477533 44.830227272727271 -0.64727414284946838 2.1371514280628539 0.11672486699602469 -0.93897815986518263 0.039939307707706283 0 0.058362433498012345 0.015422382217905541 -0.016825955685797703 0.12262320381110575 0.91079856450527352
48.374576010615613 44.830227272727271 -0.55102252023882681 1.7305103704672407 0.21055534799423747 -0.88657005303984371 0.058636107124289953 0 0.10527767399711874 0.030795826837865858 -0.033018151285701056 0.17650061598721667 0.87764756936607513
47.860660067118026 44.830227272727271 -0.44724766832697094 1.371748029318606 0.33222187078373944 -0.81247247712084691 0.087559140798522311 0 0.16611093539186972 0.051124017791333916 -0.054264588877937468 0.21532054931854691 0.82783435698900432
47.468841474767459 44.830227272727271 -0.33871877741973866 1.0759886751528631 0.50008215065151085 -0.69364734443846499 0.13700806874762772 0 0.25004107532575542 0.080018137484890742 -0.084408642442536333 0.24260159734949166 0.76322536233469074
47.182720724207158 44.830227272727271 -0.22272509858731895 0.85328379133002463 0.75044958357482594 -0.43609730297384175 0.24365869318396025 0 0.37522479178741297 0.13168541737028999 -0.13834177835436226 0.25696576095530826 0.68202162952690293
47.012843937512613 44.830227272727271 -0.08102734489753502 0.74125319717738913 0.51918680924415161 0.348051778364457 0.59972756342625044 0 0.25959340462207581 0.12167307966201268 -0.12745714844398118 0.07731431009204065 0.57132853713386178
47.012843937512613 44.830227272727271 0.081027344897534131 0.74125319717738014 -1.5654954083845052 1.5135400850820631 0.52411050288492245 0 -0.78274770419225259 -0.36687882693357576 0.38431943397275253 0.23312456190424416 0.40802451954240093
47.182720724207165 44.830227272727271 0.22272509858731884 0.85328379133002619 -1.4368706807860878 1.5528623270457258 0.1596536063739912 0 -0.71843534039304391 -0.25213541248848259 0.26488021260307715 0.49200715939334649 0.24567196782399242
47.468841474767459 44.830227272727271 0.33871877741973933 1.075988675152822 -0.95966729136474282 1.3981678538095552 0.069238312647876263 0 -0.47983364568237141 -0.15355634901212356 0.16198181269831613 0.46555714397288545 0.10324878437986995
47.860660067118012 44.830227272727271 0.44724766832697066 1.3717480293185851 -0.78656399455675419 1.3362448619717902 0.03183808114107247 0 -0.39328199727837709 -0.12104053100681549 0.12847610450846619 0.50979001166481241 -0.046292872562996835
48.374576010615606 44.830227272727271 0.55102252023882636 1.7305103704673033 -0.67995818911280015 1.2960745473014237 0.01220479210022948 0 -0.33997909455640007 -0.099450690036521933 0.10662736696050379 0.56998333391774347 -0.2111212384454336
49.027624484775338 44.830227272727271 0.64727414284946816 2.1371514280628849 -0.60526916933027231 1.2669917981241401 0.00097612316368627218 0 -0.30263458466513615 -0.079971755071210113 0.087249893559335712 0.63585460940292604 -0.39479206713936355
49.830347622300501 44.830227272727271 0.72869340108975722 2.5614557564273177 -0.5490791416797014 1.2446063900056608 -0.0058374340920003733 0 -0.2745395708398507 -0.056753240042071815 0.064331185851618428 0.6979686902820933 -0.59948666632846392
50.780302841567519 44.830227272727285 0.78400949899058558 2.9584715857244834 -0.50016170450969266 1.2247772832135677 -0.0090725428455680629 0 -0.25008085225484633 -0.028323395328549581 0.03631375545907891 0.73842238471433275 -0.82261853099688143
51.85644773270208 44.830227272727285 0.79830601656837974 3.2724245382405215 -0.44338390510579484 1.2013799412496837 -0.0083750742504910408 0 -0.22169195255289742 0.0067744842398086641 0.0015446480559611292 0.7254369100229483 -1.0577619367511075
53.017353864785335 44.830227272727271 0.7599238362743177 3.4515029852985197 -0.36509313470592586 1.1683663336170618 -0.0036393922776247331 0 -0.18254656735296293 0.034951345938510806 -0.026884882275856559 0.62851510567761615 -1.2859211598600662
54.206246494539442 44.830227272727271 0.67254724180482883 3.4585914891023588 -0.27412894820899947 1.1287707725915812 0.0023433207216302654 0 -0.13706447410449973 0.043033929125229166 -0.036211793738153503 0.47070182898495921 -1.4832559986632925
55.36193059842342 44.830227272727271 0.5531481784756962 3.2887509376861739 -0.18354912998120909 1.087885615013743 0.0073497365516896861 0 -0.091774564990604546 0.034571551686102708 -0.029787146869482781 0.29835393667523646 -1.6351132732716136
56.430599319276581 44.830227272727271 0.42261807562516451 2.9733204639824655 -0.10013308329796433 1.0488234727150791 0.010119603739579593 0 -0.050066541648982166 0.018943002321956153 -0.016436771637981525 0.14673598004506788 -1.7370447383299954
57.37450758701749 44.830227272727271 0.29988292554995377 2.567106253537863 -0.028550058471221051 1.014125151988289 0.010011721927368378 0 -0.014275029235610526 0.0047337501158279151 -0.0041102965022800945 0.036105276283691874 -1.7934334572147528
58.175095021353428 44.830227272727271 0.19763252949891433 2.1297197232158656 0.028343424526279248 0.98569859172448637 0.0074068715450608842 0 0.014171712263139624 -0.0036826827794103315 0.0031918491810514174 -0.029785726374528716 -1.8149819158461045
58.830903816580829 44.830227272727271 0.12047888055548545 1.7096402610117267 0.071005352397593091 0.96383735386935288 0.0034932633068227512 0 0.035502676198796546 -0.0066190217785151023 0.0057227597146877899 -0.060062805969863471 -1.814386277558566
59.352740635484807 44.830227272727271 0.066882656552810948 1.3368073843389701 0.10128087713741174 0.94800756748390513 -0.00088025896033125731 0 0.05064043856870587 -0.0062587799720485275 0.0053983491731825605 -0.067190053332838867 -1.802289530320889
59.758323389273528 44.830227272727271 0.032546730706477962 1.0241007637435389 0.12097114019650779 0.9375506595354488 -0.0052555311945813865 0 0.060485570098253894 -0.0045379415590721412 0.0039057739471205482 -0.061653278316499062 -1.7860559307374888
60.067744111809731 44.830227272727278 0.012520837232760417 0.77242942547777305 0.13518245507230386 0.92991030303293187 -0.0091854907814942835 0 0.067591227536151932 -0.002758769629409089 0.0023704191354279674 -0.052082600658538279 -1.7700118139161585
60.30042771388635 44.830227272727271 0.0027324406124415016 0.5757929305221946 0.14484399822807026 0.92465375023588603 -0.013093660551638114 0 0.072421999114035129 -0.0011446968257236645 0.00098201116184253989 -0.041672791926467057 -1.7555361897013635
62.785707668625321 47.722500000000004 -0.0026209056339841774 0.55228974739378334 0.17717966020121689 -0.90704604926387944 0.0093703955930998957 0 0.088589830100608447 -0.0013430880693068314 0.0011522068077397132 0.048895243171274756 0.95111732881050515
62.562521934654896 47.722499999999997 -0.012009751537186834 0.74089977431602816 0.17109776785198849 -0.91039998569536407 0.0086080307790074063 0 0.085548883925994246 -0.003349192448554189 0.0028777284567918691 0.063229147866178656 0.93121057174780741
62.265731398284551 47.722499999999997 -0.031218211838886414 0.98229818765019861 0.16206111211648699 -0.91534879697148863 0.0086872185630088826 0 0.081030556058243497 -0.0058311819401821782 0.0050188567231218874 0.079223471345394578 0.90530044575767565
61.876704050494581 47.722500000000004 -0.064152585998370371 1.2822404956260378 0.14604524567655941 -0.92404948151557442 0.0093439838526553128 0 0.073022622838279705 -0.00865665892764109 0.0074665777952342988 0.092932069449634752 0.8739564694461085
61.376167990366369 47.722500000000004 -0.11556107583316848 1.6398547773625969 0.12438498712256685 -0.93568590453228107 0.010339290935073981 0 0.062192493561283424 -0.011121704226981851 0.0096157473171395186 0.1009213725822275 0.83863068356109016
60.747128530770553 47.722500000000011 -0.18956540451923279 2.0427870951589551 0.096414382596810344 -0.95050342178334724 0.011351765560386029 0 0.048207191298405172 -0.012015849126942096 0.010414358361218555 0.097184801323026787 0.8026117042073404
59.979220124053825 47.722500000000004 -0.28764206092196115 2.4623200271209358 0.061834098074766031 -0.96851680399494333 0.011878649108987656 0 0.030917049037383015 -0.0098339276760532647 0.0085387605052084405 0.075005369318198067 0.77155694794723617
59.073841070023484 47.722499999999997 -0.40536730803450133 2.8519530562565834 0.022693508445578825 -0.98852341899599916 0.01131112951395404 0 0.011346754222789412 -0.0041178784169076813 0.0035730675645451377 0.031897843591088659 0.75276131943967084
58.048794136306554 47.722499999999997 -0.53056932721391004 3.1545080328940003 -0.015989048373132198 -1.0079168599827588 0.0096255771581753476 0 -0.0079945241865660988 0.0028886159931321444 -0.0024888564337004616 -0.02492887680943941 0.75216678495256939
56.940283684081543 47.722499999999997 -0.64509466267660698 3.3174158948467487 -0.047877484534506465 -1.0236304463702239 0.0076284859836425467 0 -0.023938742267253232 0.0072092166642078476 -0.0060663451412551576 -0.078853861089856522 0.77133399800456148
55.799920238546072 47.722500000000004 -0.72890464840171765 3.3106167353438383 -0.065107761751779458 -1.0320179551256017 0.0068338898257940409 0 -0.032553880875889729 0.0059785195880877381 -0.0045987297768851102 -0.10750916080065308 0.8061116236993916
54.686400915106802 47.722500000000004 -0.76572011371110615 3.1388480576708098 -0.056372010292981223 -1.0277558512701555 0.009482640610052712 0 -0.028186005146490611 0.00082615300704190725 0.00018837089158099354 -0.088467529544597745 0.84618219447710341
53.654182979494394 47.722499999999997 -0.7520071629902797 2.8377102915620158 -0.017493451580423702 -1.0085729887955179 0.016552276354017782 0 -0.0087467257902118511 -0.00095019127394935568 0.0012182513134915969 -0.024772542214851277 0.87602180976681743
52.743003803312789 47.722499999999997 -0.69894900246588276 2.4569001765872578 0.042043867826900283 -0.97839211640887158 0.02655181202985496 0 0.021021933913450142 0.0041683005838241477 -0.0047248706742490411 0.051263034445913139 0.88500565687857347
51.973046870272874 47.722499999999997 -0.62085318158503433 2.0499154466462288 0.11811342452909879 -0.93822405771159956 0.040276457168950952 0 0.059056712264549394 0.014968834565716104 -0.01633113117754002 0.1190170510516502 0.87227305362936725
51.346655058719222 47.722499999999997 -0.5285304358200511 1.6598729937530683 0.21222446252637073 -0.88561058054499786 0.058901927815489794 0 0.10611223126318536 0.029772937609509272 -0.031921447129381331 0.1706381145566809 0.83995173728887429
50.853716553276783 47.722500000000004 -0.42899155003302036 1.315754905002454 0.33424443659278935 -0.81120494140406407 0.087761645659363396 0 0.16712221829639468 0.049335734454264389 -0.052366450502361786 0.20778878309377893 0.79163634784977943
50.477891530212965 47.722499999999997 -0.32489267947251288 1.0320680961814668 0.50247131229003106 -0.69189449635415678 0.13715208210157337 0 0.25123565614501553 0.077118577315800754 -0.081349986677153985 0.23381061632015906 0.72910900794576172
50.203449888653104 47.722499999999997 -0.2136337247584692 0.81845376104479262 0.75287577858292287 -0.4332579539661861 0.24374529070755671 0 0.37643788929146144 0.12671853449978401 -0.13312383226051755 0.24727358043993025 0.65062704510082114
50.040507270503014 47.722500000000004 -0.077719904974980311 0.71099612260379963 0.515881714048253 0.35273360847014712 0.59974768645437548 0 0.2579408570241265 0.11596358618374758 -0.12147623828849992 0.073686346121097618 0.54372254009993859
50.040507270503014 47.722500000000004 0.077719904974979451 0.71099612260378564 -1.5795776365152912 1.5182044224278057 0.52405435618449336 0 -0.78978881825764558 -0.3550687733212114 0.3719479565630921 0.22562013981081505 0.38621517029614699
50.203449888653104 47.722499999999997 0.21363372475846909 0.81845376104479761 -1.445555633194183 1.5556684800637794 0.1595343641045201 0 -0.7227778165970915 -0.24330533215062525 0.25560379429233804 0.47477648679019763 0.22976866216932937
50.477891530212958 47.722499999999997 0.32489267947251349 1.0320680961813822 -0.96453342032146305 1.3999154483262213 0.069066329416424294 0 -0.48226671016073153 -0.1480352078404733 0.15615773273743702 0.4488179682118083 0.092572605469314451
50.853716553276769 47.722500000000004 0.42899155003302009 1.315754905002454 -0.79002346861426154 1.3375440521150628 0.031612928777318978 0 -0.39501173430713077 -0.11661043174721401 0.12377386228658219 0.49113163058829917 -0.051426987748742041
51.346655058719222 47.722499999999997 0.52853043582005066 1.6598729937530849 -0.68253738222005533 1.2970717975375945 0.011922007073013038 0 -0.34126869111002767 -0.095753065669657925 0.10266291030260698 0.54879108011411315 -0.21008848373382036
51.973046870272881 47.722499999999997 0.62085318158503411 2.0499154466462595 -0.6071303960490535 1.2677263111898021 0.00062925841342294795 0 -0.30356519802452675 -0.076943281379814918 0.08394580192115407 0.61177524595248689 -0.38679883284556882
52.743003803312796 47.722500000000011 0.69894900246588276 2.4569001765872165 -0.55034648044030243 1.2451133784045316 -0.0062574242589110941 0 -0.27517324022015122 -0.054562286352189036 0.061847686250332705 0.67102367223091386 -0.58359939363760815
53.654182979494408 47.722500000000011 0.75200716299027981 2.8377102915620496 -0.50098567642636449 1.2251097686141672 -0.0095776444132259081 0 -0.25049283821318225 -0.02721202364927526 0.034888852868229035 0.70944769025436016 -0.7979900618080854
54.686400915106816 47.722500000000011 0.76572011371110615 3.1388480576707569 -0.44384769944604674 1.2015685960875504 -0.0089782148693327794 0 -0.22192384972302337 0.0065047549246555723 0.0014831471582486316 0.69655329408987143 -1.023797428881748
55.799920238546079 47.722500000000011 0.72890464840171743 3.3106167353438654 -0.36522500898314414 1.1684203326110139 -0.0043514738091691967 0 -0.18261250449157207 0.03353678288910867 -0.025796787954056849 0.6030776233544225 -1.2427750421721231
56.94028368408155 47.722500000000004 0.64509466267660653 3.3174158948467189 -0.27396797797042449 1.1287008812501806 0.0015161251564968451 0 -0.13698398898521225 0.041253096971296171 -0.034713275523541115 0.45122322294059553 -1.4320414279970082
58.048794136306547 47.722500000000004 0.53056932721390948 3.1545080328939923 -0.18316199243650555 1.0877136255772144 0.0064078990454575005 0 -0.091580996218252775 0.033090440927998357 -0.028511009076126092 0.28557188889951679 -1.5775590747829196
59.07384107002347 47.722499999999997 0.40536730803450094 2.8519530562565785 -0.099603617634099306 1.0485806233547017 0.0090716017970593477 0 -0.049801808817049653 0.018073696638180672 -0.015682478376281662 0.14000217833298792 -1.6751086999441982
59.979220124053825 47.722499999999997 0.28764206092196087 2.4623200271209726 -0.027952388060893618 1.0138410432267986 0.0088728309851017449 0 -0.013976194030446809 0.0044454721767175952 -0.0038599859079697227 0.033906521726861663 -1.7289507897055505
60.747128530770553 47.722500000000004 0.18956540451923273 2.0427870951589582 0.028962662800808947 0.98539279113387512 0.0061955129393953569 0 0.014481331400404474 -0.0036095339425067817 0.0031284497331079747 -0.029194094846338406 -1.7493893115482304
61.376167990366376 47.722500000000004 0.11556107583316835 1.6398547773626173 0.071611742417230562 0.96352648949843811 0.0022274688742325612 0 0.035805871208615281 -0.0064030606648569849 0.0055360412534804825 -0.058103116018578725 -1.7486200284943172
61.876704050494595 47.722500000000004 0.064152585998370121 1.2822404956260376 0.10184788892946517 0.94770635585601937 -0.0021849806952992656 0 0.050923944464732585 -0.0060369129640496797 0.0052069835101402053 -0.064808238319879016 -1.7368613099017467
62.265731398284558 47.722500000000011 0.031218211838886175 0.98229818765013455 0.12149170657279029 0.93726458605872387 -0.0065870439028935523 0 0.060745853286395146 -0.004371438872639322 0.0037624662719710541 -0.059391143308047935 -1.721175267907133
62.562521934654896 47.722500000000011 0.012009751537186787 0.74089977431603748 0.13565750719878955 0.92964052884975001 -0.010534700810539175 0 0.067828753599394775 -0.0026554589484352521 0.0022816514425898667 -0.050132206220537691 -1.7057029386401323
62.785707668625321 47.722500000000011 0.0026209056339842008 0.5522897473938112 0.14527845969967135 0.92439852397126843 -0.014453690880493515 0 0.072639229849835674 -0.0011012650420952051 0.00094475195456298689 -0.040091653898065453 -1.6917595540810195
65.270987623364277 50.614772727272737 -0.0025093706555268775 0.52878656426540271 0.17753779958544302 -0.90682299838138603 0.011586631138934803 0 0.088768899792721512 -0.0012885310561919555 0.0011054035017187269 0.046909090152784126 0.90541284732773664
65.057299757500047 50.614772727272737 -0.011498665841613201 0.7093701231542886 0.17132401769366346 -0.91025207674447961 0.010823081294095227 0 0.085662008846831728 -0.0032109048833870281 0.0027589075566450852 0.060618427508865327 0.88631357021670087
64.773139407295574 50.614772727272737 -0.029889692971294617 0.94049561155680284 0.16213522024159399 -0.91528470961186459 0.010894040073854834 0 0.081067610120796996 -0.0055855838248478479 0.0048074721762193084 0.07588673182118183 0.86147819893374944
64.40066746550437 50.614772727272737 -0.061422515443929529 1.2276736069130894 0.14596729305613254 -0.92406694549785717 0.0115320068560391 0 0.072983646528066271 -0.0082838431631249796 0.0071450151771021162 0.088929770085695276 0.83146072296629381
63.921432164151916 50.614772727272737 -0.1106432711108514 1.5700692937134746 0.12412728643710558 -0.93579734696108863 0.012491556487580635 0 0.062063643218552789 -0.010626348812288565 0.0091874665066939733 0.096426382664621363 0.79766975629711878
63.31916204018767 50.614772727272737 -0.18149827953955119 1.9558544671020628 0.095940324109555997 -0.95072550188199978 0.013442319802161233 0 0.047970162054777998 -0.01144793761348083 0.009922138963640869 0.092591504001986333 0.76328633734618923
62.583932661090159 50.614772727272737 -0.2754011962939682 2.357533800704104 0.061141752159159068 -0.96884767285950968 0.013872081154368342 0 0.030570876079579534 -0.009310013064625873 0.008083847520333436 0.071009365868122939 0.73376545627242418
61.717082820770372 50.614772727272737 -0.38811654044383781 2.730585648530691 0.021845352117370265 -0.9889293614082344 0.013166853357252647 0 0.010922676058685132 -0.0037952846685312771 0.0032931541863074152 0.029398973083663182 0.71610472057291452
60.735657674189682 50.614772727272737 -0.50799047595212332 3.0202651281018702 -0.01688330278887884 -1.0083429302746376 0.011306535899037526 0 -0.00844165139443942 0.0029203710524603119 -0.0025162168664818723 -0.025202924299293071 0.71596221281437666
59.674320873623643 50.614772727272737 -0.61764208354838468 3.1762403005911293 -0.048697842262228397 -1.0240189716713759 0.0091097705419154497 0 -0.024348921131114198 0.0070206917044187238 -0.0059077068970337012 -0.076791789482965681 0.73476199806881293
58.582486612306816 50.614772727272737 -0.6978854605291176 3.1697304853892532 -0.065754047981652075 -1.0323218124284654 0.0081070072197129903 0 -0.032877023990826038 0.0057809180887515126 -0.004446732968048814 -0.10395577755023851 0.76844950277542201
57.516354097511545 50.614772727272737 -0.73313421085383257 3.005271577101055 -0.05676726344946359 -1.0279376731774124 0.010554786216266297 0 -0.028383631724731795 0.00079654140353108225 0.00018161915902426069 -0.085296609162866924 0.80708464424781468
56.528063117421276 50.614772727272737 -0.72000482698997392 2.7169489973996508 -0.017587795621448521 -1.00860474988263 0.017442882091148419 0 -0.0087938978107242605 -0.00091466144169087137 0.001172698101202949 -0.023846240012715021 0.83576899190591747
55.655659984325084 50.614772727272737 -0.66920460384200842 2.3523445967471686 0.042247978437701117 -0.97826760790124179 0.027285690269463217 0 0.021123989218850558 0.0040102895497547177 -0.0045457613019595873 0.049319766459489399 0.84433324500200746
54.918469255770418 50.614772727272737 -0.59443222032060028 1.96267946522961 0.11857357328866724 -0.93795282644395039 0.040876913742813221 0 0.059286786644333622 0.014387656665692122 -0.015697060937728748 0.11439611149262296 0.83199880690561512
54.318734106822838 50.614772727272737 -0.5060383514012754 1.5892356170388973 0.21294879573523284 -0.88516899308029173 0.05938903900543907 0 0.10647439786761642 0.028603215887590822 -0.030667314581493885 0.16393406970218782 0.80085018026523169
53.846773039435547 50.614772727272737 -0.41073543173906979 1.2597617806863384 0.33527861876210263 -0.81052507633367676 0.088150336767279777 0 0.16763930938105132 0.047382361292940316 -0.050293080761409592 0.19956170313623411 0.75433732027949862
53.486941585658471 50.614772727272737 -0.3110665815252871 0.98814751721001393 0.50381574619965619 -0.69086264871583247 0.13745200765972157 0 0.25190787309982809 0.074034288160208434 -0.078096466054120711 0.22445956792846525 0.69417267631423385
53.22417905309905 50.614772727272737 -0.20454235092961948 0.78362373075952596 0.75430484072465509 -0.43148432306120843 0.24395991110786142 0 0.37715242036232755 0.12155620749650548 -0.1277005628329532 0.23720001790591208 0.61868781657529137
53.068170603493407 50.614772727272737 -0.074412465052425603 0.68073904803019514 0.51360031083407776 0.3557546959553084 0.59986522275563559 0 0.25680015541703888 0.11053764606626819 -0.11579236099269381 0.070238559495252859 0.51589020083853909
53.068170603493407 50.614772727272737 0.07441246505242477 0.68073904803018515 -1.5888157625552717 1.521241306109907 0.5240616863884402 0 -0.79440788127763584 -0.34194674481530118 0.35820213587859911 0.21728205398474792 0.36454419656251752
53.22417905309905 50.614772727272737 0.20454235092961934 0.78362373075952441 -1.4511946230513399 1.5574884089681538 0.15945055340508871 0 -0.72559731152566997 -0.23385997967078251 0.24568100340676172 0.45634519624989828 0.21430529213274535
53.486941585658464 50.614772727272737 0.31106658152528766 0.9881475172099885 -0.96760421132024699 1.4010197044089268 0.068905726744374729 0 -0.48380210566012349 -0.14218668143319041 0.14998830428227877 0.4310862152224777 0.082588304898948667
53.846773039435533 50.614772727272737 0.41073543173906957 1.2597617806863326 -0.79209875875053237 1.3383252386365727 0.031373784899069765 0 -0.39604937937526619 -0.11194125562011333 0.11881785659919765 0.47146632234402375 -0.055615207998932249
54.318734106822831 50.614772727272737 0.50603835140127518 1.5892356170389141 -0.68393349831064953 1.2976128233183406 0.011595648772477939 0 -0.34196674915532477 -0.091865734377091696 0.09849505686612213 0.52651155596636234 -0.20783388593832031
54.918469255770425 50.614772727272737 0.59443222032060006 1.9626794652296369 -0.60790265289276468 1.268030998070272 0.00020205364276109717 0 -0.30395132644638234 -0.073762596617474252 0.080475646655549377 0.58648565382847795 -0.37727499996586239
55.655659984325091 50.614772727272737 0.66920460384200853 2.3523445967471379 -0.55054524400701177 1.2451903237567892 -0.0068045300700576615 0 -0.27527262200350588 -0.052259206720724059 0.059237089151506259 0.64269969508357749 -0.56582750931598502
56.52806311742129 50.614772727272744 0.72000482698997414 2.7169489973997032 -0.50071994708239909 1.2249957107738314 -0.010269161022912244 0 -0.25035997354119954 -0.026040172318311548 0.033386408610632488 0.67889622407937045 -0.77106452740650067
57.516354097511567 50.614772727272744 0.73313421085383257 3.0052715771010341 -0.44318641552621396 1.2012866234842245 -0.0098419390409057259 0 -0.22159320776310698 0.0062186603334059018 0.0014179148189956221 0.66591722366684458 -0.9870606834833664
58.582486612306823 50.614772727272737 0.69788546052911737 3.1697304853892354 -0.36420206578945247 1.1679780649580851 -0.0054134615746052042 0 -0.18210103289472623 0.03201966076172847 -0.02462980428869339 0.57579586499541591 -1.1963291299408905
59.674320873623643 50.614772727272737 0.61764208354838424 3.1762403005911084 -0.27263835319503382 1.128112714533781 0.00023770203574742868 0 -0.13631917659751691 0.039305844687648403 -0.033074719633224746 0.42992432623188881 -1.376971196836221
60.735657674189682 50.614772727272737 0.50799047595212277 3.0202651281018413 -0.18161950823532802 1.0870121527624048 0.0049079509135977369 0 -0.09080975411766401 0.031415438142938838 -0.027067812241388132 0.27111654482349817 -1.5155983602129197
61.717082820770358 50.614772727272737 0.38811654044383742 2.7305856485307074 -0.097970578060482039 1.0478150506247241 0.0073619117618092499 0 -0.048985289030241019 0.017020839530640371 -0.014768918236767343 0.13184655353304386 -1.608259655680544
62.583932661090159 50.614772727272737 0.27540119629396798 2.3575338007041293 -0.026337556790249739 1.0130591455684823 0.0069802844000889409 0 -0.013168778395124869 0.0040104018800321368 -0.0034822160901813088 0.030588151960757485 -1.6591256547399156
63.31916204018767 50.614772727272737 0.18149827953955114 1.9558544671020628 0.030493239403738714 0.98462657825518851 0.004154755075855672 0 0.015246619701869357 -0.0036385607987764355 0.0031536078455391531 -0.029428865542091474 -1.6781157869610537
63.921432164151916 50.614772727272737 0.11064327111085127 1.5700692937134848 0.073016746621131112 0.96279969255912579 7.3395652240005466e-05 0 0.036508373310565556 -0.0062508529833026063 0.0054044435616444238 -0.056721942070186375 -1.6769217487383081
64.400667465504384 50.614772727272737 0.061422515443929279 1.2276736069131411 0.10310151337477014 0.94703692425897545 -0.0044216190846133666 0 0.051550756687385069 -0.0058511516436014089 0.0050467598762803318 -0.062814029690747411 -1.6653238622594435
64.773139407295588 50.614772727272737 0.029889692971294391 0.94049561155675643 0.12259022154474475 0.93665943487567371 -0.0088815265376385264 0 0.061295110772372374 -0.0042232524032997376 0.0036349232342901966 -0.057377855671350772 -1.6500653930263784
65.057299757500047 50.614772727272737 0.011498665841613156 0.70937012315428705 0.13659512119718842 0.92910671466943728 -0.012868238378910622 0 0.068297560598594209 -0.0025600260115491037 0.0021996525481067859 -0.048330535110155025 -1.6350871634685959
65.270987623364277 50.614772727272737 0.0025093706555268996 0.52878656426543358 0.14607113601476951 0.92392977011138777 -0.016812016153591354 0 0.073035568007384755 -0.0010601527990533629 0.00090948263202428933 -0.038594958955425966 -1.621629939031682
67.756267578103234 53.507045454545462 -0.0023978356770695776 0.50528338113701887 0.17815365823502938 -0.90642127471859479 0.015710331075070718 0 0.089076829117514689 -0.0012355303123042613 0.0010599352861055949 0.044979593256888377 0.84888674697987276
67.552077580345212 53.507045454545462 -0.010987580146039566 0.67784047199253017 0.1716073345009792 -0.91003783600788712 0.014960031186556073 0 0.085803667250489601 -0.0030732623714396726 0.0026406409059286729 0.058019885061908152 0.83057344040014602
67.280547416306604 53.507045454545462 -0.028561174103702819 0.89869303546340062 0.16203363734532661 -0.91528152411523811 0.015036431357214147 0 0.081016818672663304 -0.0053339751961169598 0.0045909144232876911 0.072468332396671692 0.80681760182003714
66.924630880514172 53.507045454545462 -0.05869244488948868 1.1731067182001855 0.14547113886766738 -0.92427453652372682 0.015666597147518758 0 0.072735569433833691 -0.0078887420444585313 0.006804230901763849 0.084688230144429097 0.77817362753506236
66.466696337937464 53.507045454545462 -0.10572546638853431 1.5002838100643303 0.12316178041977655 -0.9362493694713182 0.016593304215330687 0 0.061580890209888273 -0.010075053647900458 0.0087108205817774918 0.091423780225957027 0.74603802340393011
65.891195549604788 53.507045454545462 -0.1734311545598696 1.8689218390451581 0.094417384985690855 -0.95146073472426007 0.017466690936761717 0 0.047208692492845428 -0.010765461280836205 0.0093306241213585318 0.087071600573190841 0.71353137461128502
65.188645198126494 53.507045454545462 -0.2631603316659753 2.2527475742872021 0.059040547188519477 -0.96986822663931505 0.017750373714114656 0 0.029520273594259738 -0.0085904791218134654 0.0074590790437455709 0.065521333934650969 0.68595917292969133
64.360324571517253 53.507045454545462 -0.37086577285317424 2.6092182408047795 0.019268364423677076 -0.99017624611703114 0.016811817329112161 0 0.0096341822118385378 -0.0031987828649407877 0.0027755718220854268 0.024778360402480264 0.67005585400721568
63.422521212072816 53.507045454545462 -0.48541162469033655 2.886022223309662 -0.019735675986801926 -1.0097136358954422 0.014630429713731965 0 -0.009867837993400963 0.0032620246217541313 -0.0028105885261470501 -0.028151408888688428 0.67118606760090771
62.40835806316575 53.507045454545462 -0.59018950442016227 3.0350647063354863 -0.051599062834675413 -1.0254042782571275 0.012046948437455969 0 -0.025799531417337707 0.0071083139425745833 -0.0059814384497753562 -0.077750194829586214 0.69058109839872517
61.36505298606756 53.507045454545462 -0.66686627265651743 3.0288442354346259 -0.068511279726927166 -1.0336335458916555 0.01062885385967185 0 -0.034255639863463583 0.0057556053025999161 -0.0044272621506171554 -0.10350058854289569 0.72420106166015163
60.346307279916289 53.507045454545462 -0.70054830799655887 2.8716950965312891 -0.059227292586560898 -1.0291096760410914 0.012671513925369015 0 -0.029613646293280449 0.00079412136281772395 0.00018106736628980446 -0.085037462223397392 0.76240138661343837
59.401943255348172 53.507045454545462 -0.68800249098966804 2.5961877032372316 -0.019650785183780606 -1.0095951136899159 0.0191961349554126 0 -0.0098253925918903029 -0.00097652523785840355 0.0012520143957269259 -0.025459097912116323 0.79084231604444277
58.568316165337379 53.507045454545462 -0.63946020521813396 2.2477890169070611 0.040574085307395258 -0.97908140975923641 0.028731650778730064 0 0.020287042653697629 0.0036802145529179204 -0.0041716132189472711 0.045260403274827242 0.79977771623198013
57.863891641267955 53.507045454545462 -0.56801125905616612 1.8754434838129681 0.11720364576257336 -0.93863017220383049 0.042068445015643358 0 0.05860182288128668 0.013589324886642381 -0.014826073891300921 0.10804858365495831 0.78851577111672533
57.290813154926447 53.507045454545462 -0.48354626698249986 1.518598240324637 0.21183657210723972 -0.88573075709670201 0.060369311952873608 0 0.10591828605361986 0.027189124191369138 -0.029151177547618454 0.15582946329692177 0.75911408444187767
56.839829525594311 53.507045454545462 -0.39247931344511927 1.2037686563701664 0.33441784240570271 -0.81096849410146743 0.088950880653849776 0 0.16720892120285136 0.045160098912408825 -0.047934303817261117 0.19020213444077225 0.71490368592234232
56.49599164110397 53.507045454545462 -0.29724048357806127 0.94422693823859605 0.50318769753930515 -0.6911890419081943 0.13809420989573482 0 0.25159384876965257 0.070655469300917539 -0.074532255214724397 0.21421555478115964 0.65755272021422995
56.244908217544989 53.507045454545462 -0.1954509771007697 0.74879370047426397 0.75388527247227555 -0.43169118745058732 0.24445336202479681 0 0.37694263623613777 0.11608874305046725 -0.12195673204546933 0.22653102212847503 0.58549809555202126
56.0958339364838 53.507045454545462 -0.07110502512987088 0.65048197345658587 0.51323267628033187 0.35571857982948923 0.60019298203474469 0 0.25661633814016593 0.10554893017150745 -0.11056649259099303 0.067068596766276328 0.48729992594026578
56.0958339364838 53.507045454545462 0.071105025129870103 0.65048197345656522 -1.5891185496202689 1.5212915423457076 0.52420472413713215 0 -0.79455927481013444 -0.32681037389072232 0.34234621539728816 0.20766400142471531 0.34267346238754415
56.244908217544989 53.507045454545462 0.19545097710076959 0.74879370047427685 -1.4512199312275911 1.5574973967174228 0.15944212255875886 0 -0.72560996561379554 -0.22346941087405051 0.23476521793743124 0.43606944764436129 0.19910299930615138
56.495991641103963 53.507045454545462 0.29724048357806182 0.94422693823856418 -0.96734598941633898 1.4009342431645289 0.068769439036301366 0 -0.48367299470816949 -0.135830596003855 0.14328346761396363 0.41181562824666662 0.073252742396794635
56.839829525594297 53.507045454545462 0.39247931344511899 1.2037686563701948 -0.79157514572611576 1.3381358704802917 0.031105270615567164 0 -0.39578757286305788 -0.10689504967928248 0.11346165998941235 0.45021306639710851 -0.058758590833424232
57.29081315492644 53.507045454545462 0.48354626698249953 1.5185982403246805 -0.6830604660043369 1.297280055702358 0.011176899445901318 0 -0.34153023300216845 -0.087670488885200251 0.09399706916599658 0.50246727823239024 -0.20409420591454511
57.863891641267962 53.507045454545462 0.56801125905616612 1.8754434838129996 -0.60653225468599903 1.267490472082873 -0.0003973224567847297 0 -0.30326612734299951 -0.070325149098628886 0.076725360946951579 0.55915454364474237 -0.3657546524957126
58.568316165337386 53.507045454545462 0.63946020521813418 2.2477890169070234 -0.54859920853983835 1.244403881425838 -0.0076281342507326707 0 -0.27429960426991917 -0.04975990895892328 0.056404074002172663 0.61196256740353649 -0.54544867554026388
59.401943255348186 53.507045454545477 0.68800249098966826 2.5961877032372791 -0.49822836465418074 1.2239685567959175 -0.011372626306156906 0 -0.24911418232709037 -0.024758938014512812 0.031743723167936701 0.64549302227343686 -0.74079683414057707
60.346307279916303 53.507045454545477 0.70054830799655887 2.8716950965312633 -0.44018014492227198 1.2000219414951279 -0.011290919029723876 0 -0.22009007246113599 0.0059019489378164969 0.0013457015516559262 0.6320025922273963 -0.94610589022968405
61.365052986067568 53.507045454545462 0.66686627265651721 3.0288442354346077 -0.36072237327038126 1.1664773700371209 -0.0072745076577713421 0 -0.18036118663519063 0.030304142801545406 -0.023310212806214217 0.54494643922700625 -1.1446582520082211
62.40835806316575 53.507045454545462 0.59018950442016183 3.0350647063354761 -0.26877829636197315 1.1263986591693258 -0.0020873388604064347 0 -0.13438914818098657 0.037027038991245619 -0.031157171235370519 0.40499892362510309 -1.3155802000097494
63.422521212072809 53.507045454545462 0.48541162469033611 2.8860222233096398 -0.17754010392368724 1.08514317347405 0.002096899223858046 0 -0.088770051961843621 0.029344836768456863 -0.025283764252745644 0.25324716837864031 -1.4462012236243242
64.360324571517239 53.507045454545462 0.3708657728531739 2.6092182408047924 -0.09388634269955709 1.0458822448290588 0.0040832157530504044 0 -0.046943171349778545 0.015586274873972511 -0.013524151897155182 0.12073415185264903 -1.5329258132849899
65.18864519812648 53.507045454545462 0.26316033166597508 2.2527475742872256 -0.022439566214668138 1.0111521898682836 0.0032886379007957336 0 -0.011219783107334069 0.003264987102069703 -0.0028349753867985042 0.024902721626297798 -1.5799103082370185
65.891195549604788 53.507045454545462 0.17343115455986957 1.8689218390451636 0.034092473738833506 0.98280593752967871 0.00012416753123746863 0 0.017046236869416753 -0.0038872206221234021 0.0033691259069773697 -0.031440038891032598 -1.5967257326002198
66.466696337937464 53.507045454545462 0.10572546638853419 1.5002838100643512 0.076257958532988446 0.96110573553141909 -0.0042197862056611128 0 0.038128979266494223 -0.0062381610649067058 0.0053934702181914892 -0.056606772146667414 -1.5945573148148735
66.924630880514172 53.507045454545462 0.058692444889488452 1.1731067182002062 0.10595634356098649 0.94549684943838064 -0.00890865540413786 0 0.052978171780493244 -0.0057458975631381705 0.0049559756849874102 -0.06168409265646841 -1.5827240610948858
67.280547416306604 53.507045454545462 0.028561174103702604 0.89869303546337242 0.1250599545242338 0.93528478402642135 -0.013506229837246322 0 0.062529977262116898 -0.0041168408386593868 0.0035433355592541828 -0.055932129293991481 -1.5676189178754409
67.552077580345212 53.507045454545469 0.010987580146039524 0.67784047199254149 0.1386616862913006 0.92791647651305686 -0.017587675352162161 0 0.0693308431456503 -0.002483249006102336 0.0021336833997836397 -0.046881067901359742 -1.5529520416255747
67.756267578103234 53.507045454545462 0.0023978356770695988 0.50528338113704852 0.1477744061153986 0.92290806998953978 -0.021593708175858907 0 0.073887203057699302 -0.0010248442830035666 0.00087919220394777468 -0.037309549221158381 -1.5398669281359865
70.241547532842191 56.399318181818188 -0.0022863006986122781 0.48178019800862726 0.18003675052803836 -0.90521086579094112 0.023591056058948626 0 0.090018375264019179 -0.001190511944980496 0.0010213149822780555 0.043340695504930027 0.7717318055365886
70.046855403190364 56.399318181818188 -0.010476494450465935 0.64631082083081881 0.17277708708548489 -0.90922953712804233 0.022903312608463469 0 0.086388543542742446 -0.0029502843261208622 0.0025349744128827585 0.055698191957911244 0.75407365268836812
69.787955425317634 56.399318181818188 -0.027232655236111025 0.85689045937003394 0.162373736180215 -0.91492896297822113 0.023049002654817127 0 0.0811868680901075 -0.0050965410404495677 0.0043865565382663584 0.06924250987546321 0.73128255545700405
69.448594295523947 56.399318181818188 -0.055962374335047846 1.1185398294872726 0.14493660880837023 -0.92439120186126877 0.023754938709851205 0 0.072468304404185113 -0.0074941596935498732 0.006463894076169532 0.08045225934498447 0.70393495319593813
69.01196051172299 56.399318181818188 -0.10080766166621724 1.43049832641525 0.12153751183409078 -0.93693637945455654 0.024752959833046789 0 0.060768755917045392 -0.0094797237422584377 0.0081961025290260316 0.086021594554545472 0.67347112920446639
68.463229059021899 56.399318181818188 -0.16536402958018803 1.7819892109882469 0.091430949078392887 -0.95284335379818041 0.025663087192361555 0 0.045715474539196443 -0.009940033192368615 0.008615210352102531 0.080395496043524584 0.64305346233094041
67.793357735162829 56.399318181818188 -0.2509194670379824 2.1479613478703135 0.05453465619928477 -0.97200556953868622 0.025894335026979853 0 0.027267328099642385 -0.007565776778860122 0.0065693340523408769 0.057705720457891282 0.61797680522631893
67.003566322264135 56.399318181818188 -0.35361500526251072 2.4878508330789169 0.013348322255761769 -0.99299517399587611 0.024743931885170455 0 0.0066741611278808843 -0.0021129076892483253 0.0018333620294210995 0.016366971573838218 0.60483588288535561
66.10938474995595 56.399318181818188 -0.46283277342854989 2.7517793185174391 -0.026703491579985528 -1.0130220902106892 0.022129987012009092 0 -0.013351745789992764 0.0042084019226049157 -0.0036259953644151516 -0.036318684568200893 0.60873747551171487
65.142395252707857 56.399318181818188 -0.56273692529193986 2.8938891120798398 -0.059117758615973237 -1.0289613597156311 0.018875349748623878 0 -0.029558879307986619 0.0077652720914455796 -0.0065342495331483343 -0.08493595287041722 0.63062875318585943
64.147619359828298 56.399318181818188 -0.63584708478391738 2.8879579854800279 -0.076100615799021387 -1.037219871224321 0.01659983543365063 0 -0.038050307899510694 0.0060958044496826338 -0.0046889463225444992 -0.10961824430517442 0.66629563974964734
63.176260462321025 56.399318181818188 -0.66796240513928551 2.7381186159615649 -0.066470426684095196 -1.0325486273004054 0.017713242056260577 0 -0.033235213342047598 0.00084978174360063861 0.00019375847249464479 -0.090997782332874422 0.70617275304250404
62.275823393275047 56.399318181818188 -0.65600015498936248 2.4754264090748359 -0.026257149098284582 -1.0127740035166546 0.02336593458717133 0 -0.013128574549142291 -0.0012441280031657738 0.0015951110219195393 -0.032435799321753694 0.73629195908320744
61.480972346349674 56.399318181818188 -0.60971580659425972 2.1432334370669679 0.034628304811964661 -0.98200670792374523 0.032163967118554453 0 0.01731415240598233 0.0029948119914497157 -0.0033946926496141285 0.036831113109379303 0.74723443802335754
60.809314026765492 56.399318181818188 -0.54159029779173218 1.7882075023963706 0.11173618376676653 -0.94140729068420259 0.044901328263901974 0 0.055868091883383264 0.012352774863948066 -0.013476986857199866 0.098216787028918784 0.73840393375488589
60.262892203030049 56.399318181818188 -0.46105418256372432 1.4479608636104608 0.2066646219471544 -0.88848327311803033 0.062712450456964178 0 0.1033323109735772 0.025291486029180264 -0.027116599802570644 0.14495349928041709 0.71188181448733256
59.832886011753061 56.399318181818188 -0.37422319515116875 1.147775532054047 0.3294225123950475 -0.81382886324500225 0.090884921490310022 0 0.16471125619752375 0.042416287133545776 -0.045021938463932161 0.17864594060125272 0.67094060060883998
59.505041696549469 56.399318181818188 -0.28341438563083549 0.90030635926714675 0.49831359394878383 -0.69438944251325119 0.13967715696330724 0 0.24915679697439191 0.066716374380084598 -0.070377026598180056 0.20227287840875108 0.61725566298526557
59.265637381990921 56.399318181818188 -0.18635960327191997 0.71396367018903273 0.74951638961161005 -0.43601268177619124 0.24571640506633613 0 0.37475819480580502 0.11004743260703445 -0.11561004881337597 0.21474224576838688 0.54943152499056946
59.123497269474178 56.399318181818188 -0.067797585207316186 0.62022489888297949 0.51655818474726334 0.34943712457569664 0.60111189575735868 0 0.25827909237363167 0.10129143299020364 -0.10610660342122172 0.064363269850861451 0.4567228499478454
59.123497269474178 56.399318181818188 0.067797585207315436 0.62022489888296917 -1.5714808369161894 1.5152934019315443 0.52475398329018608 0 -0.78574041845809472 -0.30815027346002333 0.32279905511185703 0.19580687744088524 0.31980465540313618
59.265637381990921 56.399318181818188 0.18635960327191989 0.71396367018904616 -1.4400080059073233 1.5538677520141979 0.15969663477251511 0 -0.72000400295366163 -0.21142857738681173 0.22211575111902679 0.41257343721761347 0.18371014689395662
59.505041696549462 56.399318181818188 0.2834143856308361 0.90030635926711922 -0.96040803553180565 1.3984554503745497 0.068777822366814567 0 -0.48020401776590282 -0.12858357234132961 0.13563880793642258 0.3898438656960892 0.064406091252760325
59.832886011753054 56.399318181818188 0.37422319515116853 1.1477755320540486 -0.78577424651304884 1.3359723393449308 0.030857009224519158 0 -0.39288712325652442 -0.10117592091664092 0.1073912026104271 0.42612564134725822 -0.060711587356152223
60.262892203030049 56.399318181818188 0.46105418256372399 1.4479608636104682 -0.67747136172095335 1.295128725061897 0.010627663924807899 0 -0.33873568086047667 -0.082908517765156856 0.088891459120598801 0.47517491682167501 -0.19836636061876797
60.809314026765499 56.399318181818188 0.54159029779173207 1.7882075023963808 -0.60057038558439735 1.2651358098593415 -0.0013297352914720621 0 -0.30028519279219867 -0.066394882239436112 0.072437404970256941 0.52790503190930416 -0.35128221537859561
61.480972346349674 56.399318181818188 0.60971580659425983 2.1432334370669079 -0.54192912450760078 1.24171128649908 -0.0090667242375824884 0 -0.27096456225380039 -0.046868475064088248 0.053126562953844908 0.57640282971949919 -0.52091526828873147
62.275823393275068 56.399318181818202 0.65600015498936259 2.4754264090749021 -0.49071667179151701 1.2208747701294469 -0.013470985594502074 0 -0.24535833589575851 -0.023251357209836017 0.029810836236804857 0.60618871570900323 -0.70487269015181708
63.176260462321039 56.399318181818202 0.6679624051392854 2.7381186159614685 -0.43175474437042327 1.1964749344076273 -0.014229395794873371 0 -0.21587737218521164 0.0055197073011530994 0.0012585467543194612 0.59107073941508304 -0.89764227186503254
64.147619359828298 56.399318181818188 0.63584708478391727 2.8879579854800452 -0.35143394039038123 1.1624575507342798 -0.01124202522860333 0 -0.17571697019519061 0.028150528811210072 -0.021653634009515883 0.50621891991757761 -1.0832733996310915
65.142395252707857 56.399318181818188 0.56273692529193953 2.8938891120798265 -0.25883332443762974 1.121954074118348 -0.0072374033237216362 0 -0.12941666221881487 0.033998433595020396 -0.028608688302212512 0.37187226918626487 -1.2420023193743033
66.10938474995595 56.399318181818188 0.46283277342854945 2.7517793185174315 -0.16729992286812534 1.0804079790194063 -0.004303689037016941 0 -0.08364996143406267 0.026366039622233568 -0.022717206960362758 0.22754002444705998 -1.3620456674794117
67.003566322264135 56.399318181818188 0.35361500526251044 2.4878508330788836 -0.083816207099294493 1.0410589943289277 -0.0035181566389533257 0 -0.041908103549647246 0.013267278469193709 -0.011511967466893499 0.10277077918379819 -1.4403836166795969
67.793357735162814 56.399318181818188 0.25091946703798218 2.1479613478703801 -0.01294052461271078 1.0064351808991558 -0.0053620202530733699 0 -0.0064702623063553899 0.0017952826229130823 -0.0015588368006352541 0.013692986220556161 -1.4813472583037282
68.463229059021899 56.399318181818188 0.165364029580188 1.7819892109882407 0.04279062106226128 0.97832586537908139 -0.0093744369436348715 0 0.02139531053113064 -0.0046520373896180457 0.0040320067249046236 -0.0376259159615785 -1.4942515415361128
69.011960511723004 56.399318181818188 0.10080766166621716 1.430498326415284 0.084046730254214719 0.9569466871338802 -0.014363416351164688 0 0.042023365127107359 -0.0065555051459146533 0.0056678436805030485 -0.059486438750143561 -1.4897779747754905
69.448594295523975 56.399318181818188 0.055962374335047624 1.1185398294872828 0.11279829781964013 0.94171156670184208 -0.019519921114642909 0 0.056399148909820063 -0.0058324012405910116 0.0050305871999695969 -0.062612737971929733 -1.4767378143814216
69.787955425317648 56.399318181818188 0.027232655236110816 0.85689045936994723 0.13097668658146744 0.93189363599932873 -0.024445134536000813 0 0.065488343290733719 -0.0041110593018792102 0.0035383594317663588 -0.055853580310587465 -1.4611038196262462
70.046855403190364 56.399318181818195 0.010476494450465893 0.64631082083079827 0.14362919803424568 0.92495630665320927 -0.02875122168201831 0 0.071814599017122838 -0.002452564624637223 0.0021073184419385538 -0.046301779812469628 -1.4462837733281997
70.241547532842191 56.399318181818188 0.0022863006986122984 0.48178019800861627 0.15189475875262293 0.92033818671171008 -0.032906888755678536 0 0.075947379376311464 -0.0010044200650397592 0.00086167069994632533 -0.036566003710819223 -1.433268506961046
72.726827487581147 59.291590909090914 -0.0021747657201549786 0.45827701488025763 0.18600436685387023 -0.90139843231922456 0.038425243767270086 0 0.093002183426935114 -0.001169970365572644 0.001003692796379503 0.042592877440559139 0.65510132577125857
72.541633226035515 59.291590909090914 -0.0099654087548923034 0.61478116966908325 0.17770706488597399 -0.90601756911332842 0.037750491016690209 0 0.088853532442986993 -0.0028864334436312883 0.0024801117842479484 0.054492756034972382 0.63765359421019863
72.295363434328664 59.291590909090914 -0.02590413636851923 0.81508788327666504 0.16613010427299479 -0.91237643878017338 0.037935862792531014 0 0.083065052136497397 -0.0049600631903660881 0.0042690910257038479 0.067388297615189871 0.6152803201515743
71.972557710533749 59.291590909090914 -0.053232303780607011 1.0639729407743257 0.14747281633388654 -0.9225102346687537 0.038756297520717187 0 0.073736408166943268 -0.0072533051966011354 0.0062561512444567306 0.077866607417975034 0.58855037660831422
71.55722468550853 59.291590909090914 -0.095889856943900176 1.3607128427661415 0.12235448467753696 -0.93597307685322384 0.03999893409045021 0 0.061177242338768478 -0.009077878426858527 0.0078486698932895508 0.082375140740617955 0.55896526977400363
71.035262568439009 59.291590909090914 -0.15729690460050649 1.6950565829313731 0.089705405779677672 -0.9531975339404013 0.041340724597662935 0 0.044852702889838836 -0.0092766752091531391 0.0080402657363707226 0.075030222801177882 0.52985042334094024
70.398070272199163 59.291590909090914 -0.2386786024099895 2.0431751214534213 0.049375192268996226 -0.97408543204101572 0.042218228485707901 0 0.024687596134498113 -0.0065158169285164389 0.005657658067169561 0.049697462827922409 0.50677320912536816
69.646808073011016 59.291590909090914 -0.3363642376718472 2.3664834253530649 0.00411899197675758 -0.99705915379293186 0.041881402328063061 0 0.00205949598837879 -0.00062018879634374326 0.00053813547845693772 0.004804096483638786 0.49662784476582189
68.796248287839063 59.291590909090914 -0.44025392216676318 2.6175364137253183 -0.040140412021785865 -1.0190846657438755 0.040085609231738761 0 -0.020070206010892933 0.0060174170936399011 -0.005184658425824734 -0.05193056113897359 0.50474808753761624
67.87643244224995 59.291590909090914 -0.53528434616371756 2.7527135178242021 -0.07623717365551963 -1.0367451771279586 0.037371263792350937 0 -0.038118586827759815 0.0095254309891822722 -0.0080153718068253828 -0.10418843641794132 0.53209282769732635
66.930185733589042 59.291590909090914 -0.60482789691131733 2.7470717355253935 -0.095684453704532491 -1.0461635595095562 0.035018001925119752 0 -0.047842226852266245 0.0072906016069820955 -0.0056079947899207424 -0.13110377058231634 0.57411709246857245
66.006213644725761 59.291590909090914 -0.63537650228201192 2.6045421353917928 -0.086804006261570033 -1.041904966657367 0.03518588802746133 0 -0.043402003130785016 0.0010555962273468178 0.00024068616926884034 -0.11303716095441521 0.62068582263302352
65.149703531201936 59.291590909090914 -0.62399781898905671 2.3546651149124256 -0.0457787138564556 -1.0218874398627389 0.039048356011908869 0 -0.0228893569282278 -0.0020632897086167259 0.0026453677975682905 -0.053792255106417497 0.65736113328360657
64.393628527361955 59.291590909090914 -0.57997140797038549 2.0386778572268809 0.016516042213332138 -0.99066123856424382 0.045544134562271486 0 0.0082580211066660691 0.0013586995941479931 -0.0015401192256663753 0.016709702838310348 0.6745007064476275
63.754736412263021 59.291590909090914 -0.51516933652729824 1.7009715209796901 0.094703054199140269 -0.94982683445328464 0.05591002015124228 0 0.047351527099570134 0.0099589558468804878 -0.010865309093550957 0.079183556424894538 0.6715318805246977
63.234971251133658 59.291590909090914 -0.43856209814494879 1.3773234868962736 0.19015647013634973 -0.89705865727243517 0.071619098543795945 0 0.095078235068174866 0.022135964333090303 -0.023733365661940144 0.12686820720324138 0.65071094125453821
62.825942497911825 59.291590909090914 -0.35596707685721823 1.0917824077379019 0.3130483640627546 -0.82300161812016259 0.098081458537480334 0 0.1565241820313773 0.03834157452738534 -0.040696914455226024 0.16148435208419684 0.61540721203691373
62.514091751994968 59.291590909090914 -0.26958828768360976 0.85638578029573942 0.48193094526888824 -0.70490752495341402 0.14551438415209597 0 0.24096547263444412 0.061375302501013494 -0.064742896128878111 0.18607964259810483 0.56742219813535211
62.286366546436852 59.291590909090914 -0.17726822944307027 0.6791336399038409 0.73436607350924488 -0.45046679603335721 0.25042681997381366 0 0.36718303675462244 0.10256295279426304 -0.10774724769208978 0.20013732527795317 0.50567740848336307
62.151160602464572 59.291590909090914 -0.064490145284761491 0.58996782430937067 0.52649054225308267 0.32833048246552016 0.60473841620230817 0 0.26324527112654134 0.0982026419465232 -0.10287097809094851 0.062400569891064246 0.42043736576690677
62.151160602464572 59.291590909090914 0.064490145284760783 0.58996782430937067 -1.5139134396364238 1.49525757264045 0.5273691601694328 0 -0.75695671981821189 -0.28237981030850001 0.2958035212065937 0.17943163992040703 0.29333429013202333
62.286366546436852 59.291590909090914 0.17726822944307019 0.67913363990381204 -1.4039451497514364 1.5420190232728541 0.16162450809227241 0 -0.70197257487571818 -0.19607763118958246 0.20598885386072774 0.38261820261588636 0.16637905275717299
62.514091751994954 59.291590909090914 0.26958828768361032 0.85638578029568713 -0.93874728162100252 1.3906176461939628 0.070212845797369652 0 -0.46937364081050126 -0.11955218677510994 0.12611188042997171 0.3624622165661201 0.055000549650608598
62.825942497911811 59.291590909090914 0.35596707685721807 1.0917824077378904 -0.76810209035017807 1.3293188601683363 0.031834860623744146 0 -0.38405104517508903 -0.094075698590450979 0.099854810477765718 0.3962214233767718 -0.061788339899510075
63.234971251133651 59.291590909090914 0.4385620981449484 1.3773234868963122 -0.66077306824992732 1.2886622601028657 0.011074639339567245 0 -0.33038653412496366 -0.076920070406013355 0.082470866424333197 0.44085323248241642 -0.19007113678946813
63.754736412263036 59.291590909090914 0.51516933652729802 1.7009715209797704 -0.58312002363774096 1.2582198378619811 -0.0016921135632294105 0 -0.29156001181887048 -0.061320794962206417 0.06690153077998974 0.48756101568925242 -0.33206362617313834
64.393628527361969 59.291590909090914 0.57997140797038549 2.0386778572268103 -0.52284543565869113 1.2339885735093903 -0.010846018022819141 0 -0.26142271782934556 -0.043012113438301365 0.048755282718995853 0.52897611591056293 -0.48872607777713722
65.149703531201951 59.291590909090928 0.62399781898905693 2.3546651149125259 -0.46964433292082086 1.2121618400111522 -0.017550115144877941 0 -0.23482216646041043 -0.021167311992734174 0.02713885755975633 0.55185534143612869 -0.65749316174602923
66.00621364472579 59.291590909090928 0.63537650228201192 2.6045421353917422 -0.40847323449454409 1.1865957641327807 -0.021534322294574131 0 -0.20423661724727205 0.0049673145730776838 0.0011325958592631003 0.53191847636611977 -0.83290582254628309
66.930185733589042 59.291590909090914 0.60482789691131711 2.7470717355253931 -0.32609411007352129 1.1513426666845041 -0.022453818056983123 0 -0.16304705503676065 0.024846483946814654 -0.019112133680181206 0.44680369422748151 -0.99975456905803817
67.87643244224995 59.291590909090914 0.53528434616371723 2.7527135178241879 -0.23208894598036567 1.1097646283477294 -0.022614500847722659 0 -0.11604447299018283 0.028998284331438827 -0.024401208820943321 0.31718101855198422 -1.1396160918761493
68.796248287839063 59.291590909090914 0.44025392216676285 2.6175364137252961 -0.14027765332933928 1.0675757103917793 -0.023659161245211908 0 -0.07013882666466964 0.021028910927509244 -0.01811869088175147 0.18148038063727961 -1.2421122696918931
69.646808073011016 59.291590909090914 0.33636423767184687 2.3664834253530653 -0.057863972674731201 1.0281892113984492 -0.026285323634425352 0 -0.028931986337365601 0.0087124684309432265 -0.0075597759831636429 0.067488382891892074 -1.3054824285000282
70.398070272199149 59.291590909090914 0.23867860240998931 2.0431751214534777 0.010873731773205719 0.99407231046754096 -0.030765399209489074 0 0.0054368658866028596 -0.0014349563476735996 0.0012459669210350456 -0.010944704329567394 -1.3347901772964061
71.035262568439009 59.291590909090914 0.15729690460050644 1.6950565829313655 0.06393094476351302 0.96681273631871489 -0.03663588580075626 0 0.03196547238175651 -0.0066112694684424458 0.0057301093530345015 -0.053472285062477656 -1.3393330531849184
71.55722468550853 59.291590909090914 0.095889856943900079 1.3607128427661646 0.10237035440472819 0.9464640914232777 -0.042841209618557627 0 0.051185177202364096 -0.0075951905992635224 0.0065667484171039623 -0.068920827658920603 -1.3292519228628141
71.972557710533749 59.291590909090914 0.053232303780606796 1.063972940774305 0.12839792689164065 0.93232253573695067 -0.048752050883851199 0 0.064198963445820323 -0.0063151255499682294 0.0054469485975645812 -0.067794941570229666 -1.3126710193435831
72.295363434328664 59.291590909090914 0.025904136368519032 0.81508788327655968 0.1441024430630653 0.92356224300839096 -0.054132617027485834 0 0.07205122153153265 -0.0043023943589680352 0.0037030401512996784 -0.058453092308009047 -1.2949126501291437
72.541633226035515 59.291590909090921 0.0099654087548922618 0.61478116966907148 0.15442919121233911 0.91767288873755559 -0.058713525390072963 0 0.077214595606169556 -0.0025083391168168527 0.002155241589316282 -0.047354742180968482 -1.278868631940854
72.726827487581147 59.291590909090914 0.0021747657201549976 0.45827701488025496 0.16069557957729175 0.91396486791778542 -0.063028887303627559 0 0.080347789788645874 -0.001010777699276544 0.00086712477970188676 -0.036797453962746841 -1.265222609734592
75.212107442320104 62.18386363636364 -0.0020632307416976786 0.43477383175187712 0.18937924472967194 -0.89849131534491145 0.057741765820756137 0 0.094689622364835968 -0.0011301066296712633 0.00096949454167293415 0.041141634513787294 0.46480963000716408
75.036411048880666 62.18386363636364 -0.0094543230593186704 0.58325151850734247 0.18138024049636192 -0.90297924510190586 0.056993354163711984 0 0.090690120248180961 -0.0027950021651392044 0.0024015512368923855 0.052766631927095645 0.44773396414526401
74.80277144333968 62.18386363636364 -0.024575617500927439 0.77328530718324029 0.17080758666164997 -0.90880563864911545 0.057137767701611955 0 0.085403793330824984 -0.0048381725105789255 0.0041641805866177318 0.065732269235959304 0.42577631744989997
74.496521125543524 62.18386363636364 -0.05050223322616617 1.009406052061379 0.15427963196349725 -0.91779719424478357 0.05804031592699866 0 0.077139815981748627 -0.0071989290424552413 0.0062092504957349587 0.077282861589971788 0.39914018176661503
74.102488859294056 62.18386363636364 -0.090972052221583083 1.2909273591170469 0.13149584627326349 -0.93002760693876307 0.059605402930390058 0 0.065747923136631747 -0.0092557544761630983 0.0080024602754985852 0.083989236447436819 0.36892070745300237
73.60729607785612 62.18386363636364 -0.1492297796208249 1.6081239548744637 0.10067440583768339 -0.94632128334706733 0.061657301649326528 0 0.050337202918841695 -0.0098770700281609301 0.008560639014805629 0.079886246756224175 0.33801235440495436
73.002782809235484 62.18386363636364 -0.22643773778199663 1.938388895036558 0.060850587759830432 -0.96699734146017557 0.063761695782986974 0 0.030425293879915216 -0.0076183368715623005 0.0066149717729443959 0.058106606990148801 0.31171619810307694
72.290049823757897 62.18386363636364 -0.31911347008118368 2.2451160176271929 0.013851813924285028 -0.99090822381021082 0.0651849527192295 0 0.006925906962142514 -0.0019786771597273597 0.0017168907054417788 0.015327197204049415 0.29711191035074191
71.483111825722176 62.18386363636364 -0.41767507090497652 2.4832935089331709 -0.035510964479341212 -1.0154920393181452 0.065474289311268793 0 -0.017755482239670606 0.0050504035151551904 -0.0043514711929043704 -0.043585193520565231 0.30052971156268088
70.610469631792029 62.18386363636364 -0.50783176703549526 2.6115379235685814 -0.081232154117009792 -1.0378102370764812 0.064668894657846782 0 -0.040616077058504896 0.009628998940984717 -0.0081025212116040933 -0.10532125476217843 0.32491042971385548
69.712752107349772 62.18386363636364 -0.57380870903871728 2.6061854855707942 -0.11533436716640355 -1.0541942754864257 0.063315059014847325 0 -0.057667183583201775 0.0083371198281530241 -0.006412985797283271 -0.14992286016845008 0.36836584916704096
68.836166827130498 62.18386363636364 -0.60279059942473845 2.4709656548220349 -0.12453381739363878 -1.0585732391947318 0.062900831905564211 0 -0.06226690869681939 0.0014367482671257949 0.00032759252795672367 -0.15385233568925566 0.4230477139347496
68.023583669128826 62.18386363636364 -0.59199548298875104 2.2339038207500495 -0.10079786713666294 -1.0472087416700158 0.064433830450821267 0 -0.050398933568331472 -0.004310059730113276 0.0055259778440330982 -0.11236804582405641 0.47492275852449095
67.30628470837425 62.18386363636364 -0.55022700934651114 1.9341222773867814 -0.050840360387948813 -1.0228878325996102 0.067385772293715493 0 -0.025420180193974407 -0.003967906256209644 0.0044977188019713933 -0.048798523762799188 0.51211059756420907
66.700158797760565 62.18386363636364 -0.4887483752628643 1.6137355395630584 0.021780819210071689 -0.98628737586878323 0.073867401414952988 0 0.010890409605035845 0.002172998132430114 -0.0023707602214099177 0.017277486001142532 0.53052943313949286
66.207050299237267 62.18386363636364 -0.41607001372617325 1.3066861101820706 0.11743655696104771 -0.93549727786442882 0.086071401447843976 0 0.058718278480523856 0.01296958174022698 -0.013905507855516822 0.074332771719314308 0.52960394185942994
65.818998984070575 62.18386363636364 -0.33771095856326777 1.0357892834218092 0.2436370415582344 -0.86274563732316778 0.10969468410824069 0 0.1218185207791172 0.028309822315461995 -0.030048907255806494 0.11923332232915612 0.51153718190979414
65.523141807440453 62.18386363636364 -0.25576218973638398 0.8124652013242939 0.41701667982730506 -0.74765505630628781 0.15490396041527313 0 0.20850833991365253 0.050384572666131978 -0.053149117343534523 0.15275758965126512 0.4783994102017109
65.307095710882791 62.18386363636364 -0.16817685561422058 0.64430360961856803 0.67894788229322822 -0.50446331696024083 0.25800945631554556 0 0.33947394114661411 0.089960046256467266 -0.094507296468258645 0.1755445075354459 0.43021179581572566
65.178823935454943 62.18386363636364 -0.061182705362206796 0.55971074973575941 0.5610408822891797 0.25708442523374758 0.61062813234656488 0 0.28052044114458985 0.099280150736137912 -0.10399970926245403 0.063085247626842061 0.35949091656281451
65.178823935454943 62.18386363636364 0.061182705362206116 0.55971074973575941 -1.3351965529938692 1.4326373592100723 0.53173936283621093 0 -0.6675982764969346 -0.23627247002523721 0.24750434006343891 0.15013380991495967 0.24856534943382316
65.307095710882791 62.18386363636364 0.16817685561422047 0.64430360961856192 -1.306105914372151 1.5095944394235674 0.16501679561061733 0 -0.65305295718607548 -0.17305797917198548 0.18180561732013084 0.33769855611474658 0.13486100466864312
65.523141807440453 62.18386363636364 0.25576218973638454 0.81246520132426503 -0.8871751030073034 1.3718066731769298 0.072948985150908197 0 -0.4435875515036517 -0.10718980944255189 0.11307119339572748 0.32498155802814727 0.034175169056525567
65.818998984070561 62.18386363636364 0.33771095856326755 1.0357892834218012 -0.72909701806162985 1.3145116751560488 0.034001087336558836 0 -0.36454850903081493 -0.08471867372894594 0.089922979429145414 0.35681216291156387 -0.071881375086013999
66.207050299237252 62.18386363636364 0.41607001372617292 1.3066861101821154 -0.62227240945205686 1.2736223774401079 0.012587658077038821 0 -0.31113620472602843 -0.06872317349829489 0.073682455462119351 0.39387422584580206 -0.18805065564561144
66.700158797760565 62.18386363636364 0.48874837526286413 1.6137355395631123 -0.53546367838808417 1.239137632667813 -0.0012671600106468036 0 -0.26773183919404209 -0.053421387042386241 0.058283206728299355 0.42475290383902303 -0.31459930023624744
67.306284708374264 62.18386363636364 0.55022700934651136 1.9341222773866895 -0.4599278325786671 1.2082096641166631 -0.012539542007878223 0 -0.22996391628933355 -0.035895703932233007 0.040688658466499945 0.44145633697320924 -0.44958524621870755
68.02358366912884 62.183863636363654 0.59199548298875126 2.2339038207501227 -0.3914706579216356 1.1793838635787943 -0.022898913764441111 0 -0.1957353289608178 -0.016739063694089763 0.02146134877369054 0.43640598831791522 -0.58830427002417685
68.836166827130512 62.183863636363654 0.60279059942473845 2.4709656548219745 -0.3200670822136813 1.1484925803603512 -0.032122812313113751 0 -0.16003354110684065 0.0036926180804446318 0.00084195270628102128 0.39541924600421036 -0.72532203292255637
69.712752107349772 62.18386363636364 0.57380870903871717 2.6061854855708 -0.23469702742536547 1.1104717960856831 -0.039362641217306572 0 -0.11734851371268273 0.01696543093814756 -0.013049958486111039 0.30508208861871411 -0.84837070832436645
70.610469631792029 62.18386363636364 0.50783176703549493 2.6115379235685614 -0.14406006550247463 1.0686122020491269 -0.046130544481835525 0 -0.072030032751237316 0.017076417992848199 -0.014369306700860522 0.18678055536957658 -0.94363437250280646
71.483111825722176 62.18386363636364 0.41767507090497624 2.4832935089331394 -0.060373518662205861 1.0283636742567959 -0.053307336561382021 0 -0.03018675933110293 0.0085863798785659265 -0.0073980989005717939 0.074100817395159724 -1.0051343229675054
72.290049823757897 62.18386363636364 0.3191134700811834 2.2451160176271876 0.010559689171013686 0.99283343758317477 -0.061008819409676028 0 0.0052798445855068432 -0.0015084100819368752 0.0013088417364806176 -0.011684421926418963 -1.0345277506999517
73.002782809235484 62.18386363636364 0.22643773778199644 1.9383888950365931 0.066323210622911577 0.96378544695188462 -0.069241617693728566 0 0.033161605311455788 -0.0083034951597044365 0.0072098920045473389 -0.063332448803961966 -1.0384725090705924
73.60729607785612 62.18386363636364 0.1492297796208249 1.6081239548744648 0.1067831619573546 0.94190959390208973 -0.077608987609978197 0 0.0533915809786773 -0.01047639427027508 0.0090800844044741386 -0.084733611830684702 -1.0258287420568331
74.102488859294084 62.18386363636364 0.090972052221583 1.2909273591170956 0.13417224354779123 0.92657810460004031 -0.085327442994651698 0 0.067086121773895613 -0.0094441412332793122 0.0081653381418178485 -0.085698709179000437 -1.0050372951981801
74.496521125543538 62.18386363636364 0.050502233226165968 1.0094060520613377 0.15120504508501409 0.91668703111733607 -0.092086057013372385 0 0.075602522542507045 -0.0070554640076264516 0.0060855084316892849 -0.075742717442928015 -0.98225784734320842
74.80277144333968 62.18386363636364 0.024575617500927252 0.77328530718316313 0.16001797441901089 0.91125966509092515 -0.097917558994104953 0 0.080008987209505444 -0.004532553735836815 0.0039011366860738465 -0.061580078395099852 -0.96111984761037805
75.036411048880666 62.183863636363647 0.0094543230593186339 0.58325151850735968 0.16472362443368738 0.90814210997749645 -0.10273404329594613 0 0.082361812216843688 -0.0025383298957030614 0.0021810105826386727 -0.047920935799862487 -0.94331379209030708
75.212107442320104 62.18386363636364 0.0020632307416976973 0.43477383175190365 0.16640872952651431 0.90670180893879848 -0.10715922797685834 0 0.083204364763257155 -0.00099303177991619837 0.0008519009313453582 -0.036151412156367482 -0.92889100623921739