x y z A dCp dVx dVy dVz dP dFx dFy dFz mu 
23.021228392801952 -1.4461363636363624 -0.0044054652893009728 0.92834067744801985 0.15649250196103937 -0.91179318425661537 -0.015752279850339918 -0.10905298190172993 0.078246250980519683 -0.0019939972737094019 -0.0017106080277878911 0.072591651887131084 1.0004644679248442
22.646076769132392 -1.4461363636363624 -0.020187122666364955 1.2453741929038298 0.15983223084759457 -0.91461997682248664 -0.016007916195931025 -0.058153364207958316 0.079916115423797285 -0.0052589679016749932 -0.0045186658624344709 0.099283652458383859 0.96823397573211678
22.147203254108145 -1.4461363636363624 -0.052474513720355123 1.6511394051443318 0.15410110366028995 -0.91940851947130731 -0.017176567986947062 -0.017083213265617597 0.077050551830144975 -0.009320171970950749 -0.0080218055682201601 0.12662550828446129 0.92634921539168347
21.493289410337972 -1.4461363636363624 -0.10783371486942381 2.1553107150330217 0.13612324536903997 -0.92900592175767682 -0.018886809144583509 0.021634241619835543 0.068061622684519985 -0.013562369650231181 -0.011697871999765843 0.14559648113343732 0.87626616354608022
20.651941209797744 -1.4461363636363624 -0.19424595139024176 2.7564225157482349 0.10572041475514815 -0.94383199668401341 -0.020332996473208489 0.055202504786836748 0.052860207377574076 -0.015889222012490722 -0.013737709690873868 0.14418312715725903 0.82213698149476011
19.594592380096699 -1.4461363636363624 -0.31863940419413805 3.4337091440694181 0.063416644986143078 -0.96413381045354574 -0.019731328692254337 0.081486349913476558 0.031708322493071539 -0.013284839250378199 -0.011514215538409455 0.10744845824182586 0.77375807952684406
18.303819531472517 -1.4461363636363624 -0.48349589496984768 4.1388996497909059 0.014233468585856279 -0.98808428759466427 -0.015343165120072468 0.096023743453308441 0.0071167342929281396 -0.0038049602668638904 -0.0033038319500458221 0.029021206933641269 0.74474443130022894
16.781973058073334 -1.4461363636363624 -0.68137958948511779 4.7938315798706004 -0.034462077008444725 -1.0128819379856642 -0.0069193669200546485 0.092110689240041954 -0.017231038504222362 0.010511234474554581 0.0091205584920021031 -0.081421955500663556 0.74915276706333078
15.058977530176515 -1.4461363636363624 -0.8918309474024968 5.3023945095687726 -0.075396701321158277 -1.0348845003689711 0.0035067387694695459 0.066320999694111427 -0.037698350660579139 0.022896017052257814 0.01972740560950715 -0.1975935845676971 0.79513842458573403
13.195688651407952 -1.4461363636363624 -1.0843359287281644 5.5762254029367213 -0.10426387257077763 -1.0506039733731356 0.012762621685079661 0.018228526848894616 -0.052131936285388814 0.026389490419994836 0.022205984983685655 -0.28864623006014223 0.87961169924216243
11.278858258374239 -1.4461363636363624 -1.2252116543633191 5.5647967346176799 -0.12005175725117634 -1.0568587003778473 0.01740128494029302 -0.052902173577751385 -0.060025878625588169 0.018529760741212747 0.014253254710239719 -0.33321276241930864 0.98789822035655872
9.4071499966309986 -1.4461363636363624 -1.287094559427483 5.2760717467868492 -0.12346759192667678 -1.0498391495219765 0.014352490126430974 -0.14525618088336348 -0.061733795963338389 0.0030415176614131401 -0.00069349550114358304 -0.32569699713970923 1.0966208444307031
7.6721007726642148 -1.4461363636363624 -1.2640445389951711 4.7698909981603279 -0.11753161278392499 -1.0295567352069717 0.0029513980093772603 -0.23986627737903649 -0.058765806391962494 -0.010730763553034504 -0.013758037093854512 -0.27976292816314424 1.1787201009038972
6.1405049071161084 -1.4461363636363624 -1.1748593804478715 4.1297894540287654 -0.10976041743922438 -1.0024486853354675 -0.013858586996705873 -0.32351969070656561 -0.054880208719612189 -0.018291213396340933 -0.020733537813512018 -0.22495093228951021 1.2208941434354743
4.846288702312286 -1.4461363636363624 -1.0435885618159784 3.4456911493122702 -0.11125637932056609 -0.97155998543905087 -0.034825181016382184 -0.40757181058239744 -0.055628189660283045 -0.023700311216591108 -0.025857249589300715 -0.18844093290105315 1.2283868465442782
3.7933902890615028 -1.4461363636363624 -0.88840378652046037 2.7900710211801814 -0.12569484444746748 -0.93617125706361481 -0.059650827631612377 -0.49570152376027887 -0.06284742222373374 -0.029640403344098936 -0.031779348771415597 -0.16987851879691815 1.2097062112049664
2.9648127747366697 -1.4461363636363624 -0.72108944273622877 2.2116448940606168 -0.16383396694586216 -0.89033678768953206 -0.092949650842901105 -0.60207535561649594 -0.081916983472931082 -0.040648241019150017 -0.043145280492594397 -0.17119940809033132 1.173639797592323
2.3330906430849812 -1.4461363636363624 -0.54611024662812513 1.734797359724348 -0.24327709607861125 -0.82084929742430801 -0.14484149519834319 -0.74061087506553636 -0.12163854803930563 -0.062760928509607031 -0.066204549873824806 -0.19028062869425771 1.1250162111817745
1.8717832575180993 -1.4461363636363624 -0.35909570602006491 1.3757342456085468 -0.43509727844055845 -0.6832120708142424 -0.25150842838339615 -0.95134749444479394 -0.21754863922027923 -0.12309589844918367 -0.12931808122461155 -0.24020451047001448 1.0655067241834015
1.5978939426567997 -1.4461363636363624 -0.13063894373585552 1.1951093157814408 -1.1482638267239516 -0.14391649480300522 -0.60719163124233666 -1.3262240354468164 -0.57413191336197578 -0.43386397049245479 -0.45448890292875999 -0.27568870324967681 0.99420244944422331
1.597893942656798 -1.4461363636363624 0.13063894373585411 1.1951093157814259 -1.6638041245136614 0.97236884710907012 -0.53980338366303993 -1.1945355820030528 -0.83190206225683072 -0.62865749733031706 -0.6585424826940417 0.39946568974248181 0.88696055734487755
1.8717832575181004 -1.4461363636363624 0.35909570602006469 1.3757342456085828 -0.91042863737628199 1.1872828801545841 -0.16442184054933354 -0.68829750705526105 -0.455214318688141 -0.2575746543241435 -0.27059439419942527 0.50262108267527217 0.77578491846680919
2.3330906430849829 -1.4461363636363624 0.54611024662812624 1.7347973597243187 -0.53871691361882967 1.1562645455867664 -0.060704135895226621 -0.44506653673700525 -0.26935845680941484 -0.13897886092664352 -0.14660447428238566 0.42136064045460148 0.67875923263451809
2.9648127747366666 -1.4461363636363624 0.72108944273622833 2.2116448940606146 -0.42152349236164977 1.1558298905841808 -0.010278325441417307 -0.29236127038294724 -0.21076174618082488 -0.10458263833904491 -0.11100719619498067 0.44047381464144114 0.56739491290348276
3.7933902890614988 -1.4461363636363624 0.88840378652045959 2.79007102118018 -0.37833111551165466 1.160218686265281 0.021871639857817288 -0.1781722394831752 -0.18916555775582733 -0.089215169569464861 -0.095653218903091031 0.51132033139805155 0.42895115730541927
4.8462887023122834 -1.4461363636363624 1.0435885618159779 3.4456911493122839 -0.37174907908170951 1.1672428248974482 0.044813781720054471 -0.085352163271248643 -0.18587453954085476 -0.079191583642422764 -0.086398719615996294 0.62965147432508206 0.2533224040983178
6.140504907116112 -1.4461363636363624 1.1748593804478715 4.1297894540287832 -0.3876781619372629 1.1763694589292908 0.061885918059093707 0.0017863878788068888 -0.19383908096863145 -0.064605293552405824 -0.073231680577834746 0.79453564400262755 0.029550155367105362
7.6721007726642263 -1.4461363636363629 1.2640445389951713 4.7698909981603563 -0.41862633816955652 1.1856352019796439 0.072681236493063822 0.087252185405780336 -0.20931316908477826 -0.038221038115326483 -0.049003638702633356 0.99646492886847082 -0.24890682372445877
9.4071499966310093 -1.4461363636363629 1.287094559427483 5.276071746786819 -0.45382900970521778 1.1894836140191312 0.07521809583886048 0.18248282040669014 -0.22691450485260889 0.011179686318818457 -0.0025490768193311883 1.1971622947312064 -0.58266419351515819
11.278858258374242 -1.4461363636363624 1.2252116543633187 5.5647967346176817 -0.47274107548538646 1.180283079755071 0.067605543057201331 0.27404820320011614 -0.23637053774269323 0.072966687217749751 0.056126616679072823 1.3121287291279284 -0.94797510950020125
13.195688651407959 -1.4461363636363624 1.0843359287281635 5.5762254029367293 -0.46280176458956346 1.1584298727597426 0.052292844254780889 0.34366764893884783 -0.23140088229478173 0.11713647720788803 0.098566922381698147 1.2812298384876957 -1.3021158987590253
15.058977530176518 -1.4461363636363624 0.89183094740249591 5.3023945095687441 -0.42557228999578167 1.1278921604565777 0.033043329482771416 0.39030719024003158 -0.21278614499789084 0.12923523493696135 0.11135019216759268 1.1153054815324077 -1.6070799819473505
16.781973058073334 -1.4461363636363624 0.68137958948511712 4.7938315798705986 -0.36486815176982934 1.0919229905093539 0.014075565330661066 0.41517973581036077 -0.18243407588491467 0.11128797299739812 0.096564154251932738 0.86205710728731033 -1.8378618439435623
18.30381953147252 -1.4461363636363624 0.48349589496984718 4.1388996497909343 -0.28732632713049822 1.0544241482412007 -0.00060062046746619732 0.41894591774042955 -0.14366316356524911 0.076809475621553561 0.066693363879437292 0.58584151479586155 -1.9870344850918717
19.594592380096703 -1.4461363636363624 0.31863940419413794 3.4337091440694225 -0.20366709568821828 1.0196118415842945 -0.009096289810377689 0.40493955808365728 -0.10183354784410914 0.042665212380765406 0.036978727561958621 0.34507841641687642 -2.0646897853350952
20.651941209797744 -1.4461363636363624 0.19424595139024153 2.7564225157482252 -0.1249245307539506 0.99031748673709508 -0.012267009978426164 0.37953303766979674 -0.062462265376975301 0.018775499590622653 0.016233165001680483 0.17037399583111829 -2.0912198554958406
21.493289410337976 -1.4461363636363624 0.10783371486942341 2.1553107150330471 -0.056885050144340754 0.96766664568763527 -0.011897678838326396 0.34693624516075205 -0.028442525072170377 0.0056676291807318336 0.0048884673112569626 0.060843855931155828 -2.0876086169238768
22.147203254108152 -1.4461363636363624 0.052474513720354735 1.6511394051443316 -0.0012109368011863353 0.95160605838237622 -0.0095749379568561156 0.30913616257931764 -0.00060546840059316764 7.3238536032093826e-05 6.303588581645149e-05 0.00099503173117177412 -2.0698825892037855
22.646076769132392 -1.4461363636363627 0.020187122666364871 1.2453741929038051 0.044509711842664834 0.93978205473043619 -0.0066489717022017785 0.26880433206940291 0.022254855921332417 -0.00146450527939244 -0.0012583476710778063 -0.027648283066408604 -2.0481736016290411
23.021228392801952 -1.4461363636363624 0.004405465289301011 0.92834067744802073 0.084899909773873183 0.9313176819619734 -0.0033265110447030788 0.21848661243969369 0.042449954886936592 -0.0010817782737566918 -0.00092803466873967713 -0.039382236326493153 -2.0268048375455998
25.506508347540908 -4.3384090909090869 -0.0042939303108436733 0.90483749431962401 0.1558153478046852 -0.91224777445050298 -0.0098029252654564716 -0.10905298190172941 0.0779076739023426 -0.0019351046990334377 -0.0016600853353318484 0.070447662356161025 1.0540882928878919
25.140854591977543 -4.3384090909090869 -0.019676036970791323 1.2138445417420842 0.15906477488950777 -0.91512538681618438 -0.0099467455138591079 -0.058153364207959829 0.079532387444753883 -0.0051012121105558101 -0.004383117267870015 0.096305392953552379 1.0228494624041313
24.654611263119165 -4.3384090909090869 -0.051145994852763332 1.6093368290509513 0.15381096167192776 -0.91966125849344216 -0.010971407332325166 -0.017083213265617458 0.07690548083596388 -0.0090671055653348074 -0.0078039931171166033 0.12318730324482054 0.98228786652612887
24.017252825347757 -4.3384090909090869 -0.10510364431498297 2.1007438263200848 0.13814644294213707 -0.92802292853312784 -0.012607964316040547 0.02163424161983668 0.069073221471068535 -0.013415479417867015 -0.011571175619964487 0.1440195663687861 0.93339388322833117
23.197205383583281 -4.3384090909090869 -0.18932814666792466 2.6866370320991231 0.11366649777805671 -0.93972323984660855 -0.014367260678225226 0.055202504786836137 0.056833248889028354 -0.016650967069491582 -0.014396309114011777 0.15109540922674211 0.8789114676185068
22.16662588951381 -4.3384090909090869 -0.31057227921445646 3.3467765160125342 0.080788766832100567 -0.95516276167150704 -0.015339708658825215 0.08148634991347678 0.040394383416050283 -0.016495566253919968 -0.01429701193187875 0.13341698220090484 0.82485801305121265
20.908532068508848 -4.3384090909090869 -0.47125503034185473 4.0341134233740297 0.040144895072877218 -0.97489805170958055 -0.014433793444551105 0.096023743453308358 0.020072447536438609 -0.010460029609318206 -0.0090824023374557403 0.079780776285014898 0.78160088293380925
19.425214808820215 -4.3384090909090869 -0.66412882189445432 4.6724641721447187 -0.0052211699353779117 -0.99830905669860381 -0.01076188536670095 0.092110689240042509 -0.0026105849676889559 0.0015521843915762418 0.00134682453978306 -0.012023505780000259 0.76374472449870323
17.74584106805964 -4.3384090909090869 -0.8692520961407102 5.1681516047766012 -0.049530546882977866 -1.0223065449991979 -0.0046260063072262204 0.066320999694111066 -0.024765273441488933 0.014660336050117462 0.01263147188317751 -0.12651931314071463 0.78436473210609803
15.929725840950049 -4.3384090909090869 -1.0568833495999421 5.4350498086810948 -0.087753427729164279 -1.0427926375121617 0.002159557480777269 0.018228526848894477 -0.04387671386458214 0.021648332512355324 0.018216439159695199 -0.23678780709025143 0.84713691261310664
14.061424632134976 -4.3384090909090869 -1.1941924664907191 5.4239104846630681 -0.11715375920163007 -1.0556075327510843 0.0069178053996837106 -0.052902173577751468 -0.058576879600815035 0.017624659155273434 0.013557042620768841 -0.31693670770209093 0.94362900333460853
12.237103179035735 -4.3384090909090869 -1.2545086565702093 5.1424952662170913 -0.13558906437724927 -1.0556735692280073 0.0065590796479909012 -0.14525618088336359 -0.067794532188624634 0.0032555564977885089 -0.00074229843001674732 -0.34861706995834074 1.0536847515926515
10.545980910591098 -4.3384090909090869 -1.2320422029948652 4.649129703997934 -0.14251466325768813 -1.041623138671687 -0.00026309267333572001 -0.23986627737903637 -0.071257331628844067 -0.012682319464449735 -0.016260149686987652 -0.33064215903551136 1.1492083449886135
9.0531610881283981 -4.3384090909090869 -1.1451149818239972 4.0252338741886717 -0.14266616035415414 -1.0187571339331432 -0.011622054018555712 -0.32351969070656533 -0.071333080177077068 -0.02317292987395456 -0.026267082854525767 -0.28498777342285658 1.2121922826001581
7.7917110878098192 -4.3384090909090869 -1.0171676005515444 3.3584551678956425 -0.14589750491934406 -0.989464650066045 -0.027247576178618033 -0.40757181058239744 -0.072948752459672028 -0.03029285452885529 -0.033049772771618996 -0.24085817757773909 1.2419771170848073
6.7654693371651078 -4.3384090909090869 -0.86591170210168478 2.7194336444659868 -0.15636108352316391 -0.95309172440302992 -0.047510501358755938 -0.49570152376027898 -0.078180541761581956 -0.035938382239904601 -0.038531809780846131 -0.20597422619378505 1.2424896306149604
5.9578692608954249 -4.3384090909090869 -0.7028333244422782 2.1556517697444848 -0.18531549959269378 -0.9038022096211118 -0.077216135852291964 -0.60207535561649594 -0.092657749796346889 -0.044813902262782201 -0.047566840153908323 -0.18874404769426117 1.2205402175978719
5.3421406985304776 -4.3384090909090869 -0.53228414868089935 1.6908767807529184 -0.24659881400623629 -0.82589614545134005 -0.12645118690433493 -0.74061087506553691 -0.12329940700311814 -0.062007229649253016 -0.065409496407040663 -0.18799553992326598 1.1804821798623208
4.8925124219640344 -4.3384090909090869 -0.35000433219121513 1.3409042153233111 -0.39737571292068896 -0.66233174489122848 -0.23158220450553582 -0.95134749444479316 -0.19868785646034448 -0.10957758979706159 -0.11511645665126177 -0.21382541292838522 1.1225578763704269
4.6255572756471857 -4.3384090909090869 -0.12733150381330083 1.1648522412078384 -1.1067827881570897 -0.052258869060160029 -0.58752157965882779 -1.3262240354468164 -0.55339139407854487 -0.40760312721209646 -0.426979677309202 -0.25900186515618995 1.0405588899814908
4.6255572756471839 -4.3384090909090869 0.12733150381329944 1.1648522412078226 -1.9122803930291621 1.1005192524041374 -0.52366259313190244 -1.1945355820030528 -0.95614019651458104 -0.70424971967889338 -0.73772819190643812 0.44749899781225755 0.90229900909452598
4.8925124219640352 -4.3384090909090869 0.35000433219121496 1.3409042153233446 -1.1736006125880207 1.2946894639722997 -0.15370864077419794 -0.68829750705526194 -0.58680030629401037 -0.32362402212895375 -0.33998238858611668 0.63150722965731632 0.7514346794202168
5.3421406985304785 -4.3384090909090869 0.53228414868090046 1.6908767807528886 -0.725651164051069 1.2346913911305957 -0.055714545641073254 -0.44506653673700536 -0.3628255820255345 -0.18246486121958302 -0.19247650236696656 0.55320291353175277 0.61481605211097512
5.9578692608954213 -4.3384090909090869 0.70283332444227786 2.1556517697444795 -0.56632014476485271 1.2168473628749901 -0.011292821131332394 -0.2923612703829469 -0.28316007238242635 -0.1369503126976285 -0.14536323114458963 0.57679771335183128 0.46309809520604678
6.7654693371651042 -4.3384090909090869 0.865911702101684 2.7194336444659863 -0.49014303759853495 1.2075508482920503 0.01478646222849981 -0.17817223948317504 -0.24507151879926747 -0.11265557541902367 -0.12078515871473207 0.64566470517373609 0.2848517689920127
7.7917110878098184 -4.3384090909090869 1.017167600551544 3.3584551678956531 -0.45645080648030634 1.2033955233127291 0.031702195130737104 -0.085352163271248421 -0.22822540324015317 -0.094773367700364139 -0.10339858412202563 0.75354208054149963 0.071403630455333364
9.0531610881284017 -4.3384090909090869 1.1451149818239974 4.0252338741886797 -0.44746519077199376 1.2023357371628078 0.043020631463375571 0.0017863878788064447 -0.22373259538599688 -0.072680721630518086 -0.082385375840683131 0.89384972642274751 -0.18542520386792818
10.545980910591108 -4.3384090909090887 1.2320422029948659 4.6491297039979678 -0.45308382710178496 1.2012912684845378 0.048684407221517213 0.087252185405780169 -0.22654191355089248 -0.040319737689661295 -0.051694405901989753 1.0511803585160278 -0.48759552831916159
12.237103179035746 -4.3384090909090887 1.2545086565702095 5.1424952662170673 -0.4616348999744424 1.1941892125227205 0.0474030054450841 0.1824828204066905 -0.2308174499872212 0.011084068653474961 -0.0025272750650335426 1.1869232003241437 -0.82997708929158498
14.06142463213498 -4.3384090909090869 1.1941924664907186 5.4239104846630699 -0.45479158119513197 1.1739768467135816 0.038308313697622824 0.27404820320011603 -0.22739579059756598 0.068419030339920472 0.052628519066279154 1.2303501604804483 -1.1840106399481563
15.929725840950058 -4.3384090909090869 1.0568833495999415 5.4350498086811037 -0.42409513848664604 1.142534968963224 0.0245261137503648 0.34366764893884755 -0.21204756924332302 0.10462215337237581 0.08803648459189499 1.1443491204676379 -1.5073840426206837
17.745841068059644 -4.3384090909090869 0.86925209614070931 5.1681516047765657 -0.37396107612530249 1.1052264768309974 0.0097881706143076314 0.3903071902400318 -0.18698053806265125 0.11068714945977334 0.095369001873527301 0.95523472826817424 -1.7680312770158806
19.425214808820215 -4.3384090909090869 0.66412882189445355 4.6724641721447258 -0.30952366410176047 1.066368684855727 -0.002697968359059208 0.41517973581036105 -0.15476183205088023 0.092017269345489525 0.079843037406451919 0.71278269246852477 -1.9505131294854177
20.908532068508848 -4.3384090909090869 0.47125503034185423 4.0341134233740563 -0.23663199441641947 1.0300494517303944 -0.010697635952026066 0.41894591774043 -0.11831599720820973 0.061656100074852234 0.053535747828035433 0.47026363312550401 -2.0570775417454601
22.166625889513817 -4.3384090909090869 0.31057227921445635 3.3467765160125209 -0.16278833074322629 0.99930950432222754 -0.013885230048640101 0.404939558083656 -0.081394165371613147 0.03323835479158406 0.028808295983071708 0.26883351085703461 -2.1035572724175484
23.197205383583281 -4.3384090909090869 0.18932814666792447 2.6866370320991235 -0.095033000509360255 0.97509136247347539 -0.013583396339581558 0.37953303766979707 -0.047516500254680127 0.013921352315139452 0.012036303379700955 0.12632614167495701 -2.1106641636395893
24.017252825347761 -4.3384090909090869 0.10510364431498256 2.1007438263201048 -0.036666212576891732 0.95717028297058904 -0.011247389415004441 0.34693624516075222 -0.018333106288445866 0.0035606766969921784 0.0030711698108931494 0.038225030795194216 -2.0964552696834762
24.654611263119172 -4.3384090909090869 0.051145994852762958 1.6093368290509489 0.011572860656785089 0.94488015222976163 -0.0079668219015139735 0.30913616257931875 0.0057864303283925445 -0.00068221632663474554 -0.00058717872854561137 -0.0092687119282060179 -2.0736900932363054
25.140854591977547 -4.3384090909090878 0.01967603697079124 1.2138445417420662 0.052050975335130922 0.93577331974756717 -0.0046421734359512945 0.26880433206940157 0.026025487667565461 -0.0016692763431139957 -0.0014342932239986182 -0.031514140303831817 -2.0499415606813862
25.506508347540908 -4.3384090909090869 0.0042939303108437106 0.9048374943196259 0.088720838247331457 0.92926925306613861 -0.0011904802377068859 0.21848661243969408 0.044360419123665729 -0.0011018433897141146 -0.00094524810673571194 -0.04011270869566843 -2.0280054065931585
27.991788302279865 -7.2306818181818118 -0.0041823953323863738 0.88133431119122974 0.15741033004458194 -0.91141020034950204 -0.0053445105145076433 -0.1090529819017295 0.078705165022290968 -0.0019041341987496724 -0.0016335163991008277 0.069320178479923403 1.0850249751077017
27.635632414822698 -7.2306818181818109 -0.019164951275217688 1.1823148905803529 0.16051407280775032 -0.91437110497746199 -0.0054402027390005863 -0.058153364207958427 0.080257036403875159 -0.0050139796948288897 -0.004308164511661456 0.094658538854407739 1.0543138491050643
27.162019272130191 -7.2306818181818109 -0.049817475985171535 1.5675342529575675 0.15516996760852098 -0.91896531214303068 -0.0063993197968673799 -0.017083213265617708 0.077584983804260488 -0.0089096192216642466 -0.0076684457439015318 0.12104766586717354 1.0144741723983779
26.541216240357546 -7.2306818181818118 -0.10237357376054214 2.0461769376071475 0.13962082200178072 -0.92727936188806626 -0.0080076590970436339 0.021634241619836209 0.06981041100089036 -0.013206470645840093 -0.011390900496586072 0.14177578873125377 0.96641898277395666
25.742469557368821 -7.2306818181818118 -0.18441034194560763 2.616851548450021 0.1155201838449611 -0.93879369241359711 -0.0099449838985598595 0.055202504786836415 0.05776009192248055 -0.016482950099206542 -0.014251042822238536 0.14957077748755784 0.91270150165046715
24.738659398930928 -7.2306818181818127 -0.30250515423477486 3.25984388795563 0.083347468660669888 -0.95387327594031113 -0.011759233138590158 0.081486349913476197 0.041673734330334944 -0.01657596241565671 -0.014366692770107287 0.13406723046242833 0.85896024209209543
23.513244605545175 -7.2306818181818118 -0.45901416571386178 3.9293271969571575 0.04435524475719832 -0.97276020539303465 -0.01271922716661412 0.096023743453308469 0.02217762237859916 -0.011256870147695304 -0.0097742958252034912 0.085858441368339394 0.81491779660105645
22.068456559567096 -7.2306818181818109 -0.64687805430379064 4.5510967644188458 0.0021711811460022323 -0.99458820168773243 -0.011779169974346571 0.092110689240042509 0.0010855905730011162 -0.00062869735310853482 -0.00054551832105679339 0.0048700053292605435 0.79339242537019672
20.432704605942767 -7.2306818181818109 -0.84667324487892359 5.0339086999844369 -0.039081639053557993 -1.0171582311147649 -0.0085027600586035715 0.066320999694111482 -0.019540819526778996 0.011267139235796482 0.0097078642654762938 -0.09723588274515324 0.80569734866468568
18.663763030492149 -7.2306818181818109 -1.0294307704717198 5.2938742144254682 -0.076556631387322049 -1.0374056598490744 -0.0037214391500848018 0.018228526848894089 -0.038278315693661025 0.01839557069084766 0.015479335145395023 -0.2012093467971966 0.85686306016442093
16.843991005895713 -7.2306818181818118 -1.1631732786181188 5.2830242347084502 -0.10793273598115971 -1.0512534140127447 0.00059627045693360096 -0.052902173577751455 -0.053966367990579855 0.015815676524157718 0.012165557292502047 -0.28440654673018156 0.94143614186181979
15.06705636144047 -7.2306818181818118 -1.2219227537129358 5.0089187856473441 -0.13024984403795536 -1.053161046451591 0.0015153184895253912 -0.14525618088336326 -0.065124922018977682 0.0030461260745109388 -0.00069454626398844448 -0.32619048311434723 1.042285441650121
13.41986104851798 -7.2306818181818109 -1.2000398669945598 4.528368409835549 -0.14114439146892988 -1.0409617886244258 -0.0026674086843142919 -0.23986627737903629 -0.070572195734464938 -0.012234123294327957 -0.015685512150396416 -0.31895718691539471 1.1328034566452345
11.965817269140688 -7.2306818181818109 -1.1153705832001228 3.9206782943485772 -0.14360919995797161 -1.0192299211643794 -0.010704087366637825 -0.32351969070656572 -0.071804599978985806 -0.022720209239690422 -0.025753912941405083 -0.27942007670762381 1.1943098169486825
10.737133473307352 -7.2306818181818109 -0.99074663928711038 3.2712191864790143 -0.14653115067925881 -0.9898923998172503 -0.023008839212143542 -0.40757181058239744 -0.073265575339629407 -0.029634143805977654 -0.032331113534913622 -0.23562077533451053 1.2242860540541911
9.7375483852687132 -7.2306818181818109 -0.84341961768290918 2.6487962677517847 -0.15375018526461193 -0.95204782651605968 -0.040436624888780484 -0.49570152376027921 -0.076875092632305964 -0.034420374367067449 -0.03690425764976997 -0.19727404333979631 1.2249250790494917
8.9509257470541783 -7.2306818181818118 -0.68457720614832773 2.0996586454283501 -0.17629736588619593 -0.8995471038430729 -0.067953219298330661 -0.60207535561649483 -0.088148682943097967 -0.041525697009401938 -0.04407663899348236 -0.1748950156342271 1.2019545011402568
8.351190753975974 -7.2306818181818109 -0.51845805073367368 1.6469562017814832 -0.22689009563582352 -0.81548412328396958 -0.11563421657216355 -0.74061087506553736 -0.11344504781791176 -0.055569561856942597 -0.058618601043504269 -0.16847760888025884 1.1591924235620157
7.9132415864099688 -7.2306818181818109 -0.34091295836236546 1.3060741850380717 -0.35819571851903942 -0.63620121247464489 -0.21995836101054686 -0.95134749444479283 -0.17909785925951971 -0.096207937337253094 -0.10107100246047025 -0.18773639725262514 1.0962751663600283
7.6532206086375707 -7.2306818181818118 -0.12402406389074613 1.1345951666342318 -1.0910565324960735 0.0086870166699679063 -0.57629061769267997 -1.3262240354468164 -0.54552826624803674 -0.39137443536255928 -0.40997950938492561 -0.24868972283573082 1.0045544081549183
7.6532206086375689 -7.2306818181818118 0.12402406389074477 1.1345951666342189 -2.0672845086239624 1.1726738184005945 -0.51498093905537812 -1.194535582003053 -1.0336422543119812 -0.74155855649887992 -0.77681060821452108 0.47120602476584567 0.85005398806159438
7.9132415864099706 -7.2306818181818109 0.34091295836236524 1.3060741850381068 -1.3115060023948586 1.3474509974431319 -0.1487560206038204 -0.68829750705525827 -0.6557530011974293 -0.35225794383450248 -0.3700636817855481 0.68738234192970393 0.68228055182820901
8.351190753975974 -7.2306818181818109 0.51845805073367468 1.6469562017814545 -0.81673509583057902 1.2710884626785066 -0.054635096349280293 -0.44506653673700802 -0.40836754791528951 -0.2000334624625493 -0.21100907294589408 0.60646797141371855 0.53004779289966863
8.9509257470541748 -7.2306818181818118 0.6845772061483274 2.0996586454283515 -0.63509524904302284 1.2447556689300561 -0.014263985753678762 -0.29236127038294613 -0.31754762452151142 -0.14959255205716152 -0.15878208887485654 0.63004340962362648 0.36302381794097616
9.7375483852687097 -7.2306818181818109 0.84341961768290852 2.6487962677517944 -0.54247421975301124 1.2290930426880977 0.0076918948429812693 -0.17817223948317437 -0.27123710987650562 -0.12144483400944008 -0.13020867805569331 0.69603872381745768 0.17013580165259304
10.737133473307352 -7.2306818181818109 0.99074663928711004 3.2712191864790312 -0.49491501227284029 1.2195130609494145 0.020442961418253417 -0.085352163271249309 -0.24745750613642015 -0.10009054441627821 -0.1091996710443596 0.79581889841067233 -0.05638881665986193
11.965817269140691 -7.2306818181818127 1.1153705832001231 3.9206782943485861 -0.47224481285181197 1.2130429989931535 0.027718301965570818 0.0017863878788069998 -0.23612240642590598 -0.074713186644669347 -0.084689224651171499 0.9188456023043694 -0.32296162405268886
13.419861048517992 -7.2306818181818135 1.20003986699456 4.5283684098355801 -0.46331590868502448 1.2061558173559135 0.029851450306950061 0.087252185405780169 -0.23165795434251224 -0.040159328274294144 -0.051488743119847906 1.0469983068357107 -0.62843879036856665
15.06705636144048 -7.2306818181818135 1.2219227537129358 5.0089187856473147 -0.45759105741498818 1.1931497021180257 0.026169944728144424 0.18248282040669039 -0.22879552870749409 0.010701587105537896 -0.0024400655656017919 1.1459656569224266 -0.96473355429941343
16.843991005895717 -7.2306818181818127 1.1631732786181184 5.2830242347084582 -0.43916656442074808 1.1678142671182812 0.01655246986186535 0.27404820320011591 -0.21958328221037404 0.0643522677338286 0.049500329551031702 1.1572193078480408 -1.3024591961130199
18.663763030492156 -7.2306818181818118 1.0294307704717189 5.2938742144254691 -0.40189115726466618 1.1330329660941465 0.0044723686578398043 0.34366764893884794 -0.20094557863233309 0.096569259377223382 0.081260209632220984 1.0562671811887507 -1.6021386647453473
20.432704605942767 -7.2306818181818118 0.84667324487892259 5.0339086999843969 -0.35059221742320035 1.0946270358583288 -0.0066458286271402368 0.39030719024003158 -0.17529610871160017 0.10107486339762876 0.087086973363951353 0.87228029761002923 -1.8371762618751593
22.068456559567096 -7.2306818181818109 0.64687805430379008 4.5510967644188467 -0.28878632966653717 1.0565041054964506 -0.014532436413799744 0.41517973581036083 -0.14439316483326858 0.083622318390882938 0.07255877013943135 0.64775385834719401 -1.9974424091980052
23.513244605545175 -7.2306818181818109 0.45901416571386139 3.9293271969571828 -0.21990314199982985 1.0217919114146221 -0.018131458190451841 0.41894591774042966 -0.10995157099991493 0.055808983314437517 0.048458719471934177 0.42566648267772311 -2.0878200894693246
24.738659398930928 -7.2306818181818118 0.30250515423477475 3.2598438879556051 -0.14997869756248194 0.99281471063661475 -0.017933270896001274 0.40493955808365706 -0.074989348781240972 0.029827435600548242 0.025851989323315526 0.24124582226277225 -2.1238892326694869
25.742469557368821 -7.2306818181818118 0.1844103419456074 2.6168515484500259 -0.085577751839139848 0.97020303220485393 -0.015443492376531332 0.37953303766979635 -0.042788875919569924 0.012210626456931103 0.010557221824778844 0.11080254940899469 -2.1250367722827166
26.541216240357549 -7.2306818181818118 0.10237357376054175 2.0461769376071675 -0.02974305217541473 0.95353938807464278 -0.011871367208900188 0.34693624516075261 -0.014871526087707365 0.0028133392988281972 0.0024265732212248228 0.030202119003356946 -2.1077981903677014
27.162019272130198 -7.2306818181818127 0.049817475985171174 1.5675342529575611 0.01674250632839791 0.94214049071774841 -0.0079763655543037271 0.30913616257931775 0.0083712531641989552 -0.00096132878353540757 -0.00082740883029736544 -0.013060783236946745 -2.0836532038508553
27.635632414822702 -7.2306818181818127 0.019164951275217612 1.182314890580338 0.055958137712413203 0.93368458284220435 -0.0043809943035680345 0.2688043320694028 0.027979068856206601 -0.0017479649063949748 -0.0015019048412036791 -0.032999695666652729 -2.0593746375336925
27.991788302279865 -7.2306818181818127 0.0041823953323864103 0.88133431119122885 0.091685818936696584 0.92767294577951009 -0.00082880437771982031 0.218486612439694 0.045842909468348292 -0.0011090892403839688 -0.00095146416855657273 -0.040376494547528612 -2.0373514702705813
30.477068257018828 -10.122954545454544 -0.0040708603539290743 0.85783112806285078 0.1587750063624298 -0.91067255671049574 -0.0028169540784657773 -0.1090529819017296 0.079387503181214902 -0.0018694230184109679 -0.0016037384126791504 0.068056514806476676 1.1046455513417732
30.130410237667856 -10.122954545454544 -0.018653865579644057 1.1507852394186278 0.16182358105406291 -0.9136662520859139 -0.002930013056755922 -0.058153364207959246 0.080911790527031457 -0.0049200825268310537 -0.0042274851967190772 0.09288586140730816 1.0745031736453166
29.669427281141218 -10.122954545454544 -0.048488957117579744 1.5257316768641858 0.15644302488496631 -0.91828638203663593 -0.0039063417183689006 -0.017083213265617458 0.078221512442483154 -0.0087431675722500612 -0.0075251819959501181 0.11878622425670184 1.0354104093309171
29.065179655367338 -10.122954545454544 -0.099643503206101297 1.991610048894223 0.14092032630867934 -0.92659644883813819 -0.0055366308714640414 0.021634241619836514 0.070460163154339672 -0.012973923817822548 -0.011190323230351887 0.13927932235175769 0.98822829206900686
28.287733731154361 -10.122954545454544 -0.17949253722329053 2.5470660648009344 0.11692153746636591 -0.93806966103957412 -0.0075137897223614908 0.055202504786836692 0.058460768733182955 -0.016238006593191173 -0.01403926638827222 0.14734809341615401 0.93540018815053183
27.310692908348045 -10.122954545454544 -0.29443802925509333 3.1729112598987292 0.084943439670546739 -0.95306243075373454 -0.0094094735779772717 0.081486349913476308 0.042471719835273369 -0.01644285797296359 -0.014251328691295037 0.13299067493300354 0.88234381384562088
26.117957142581513 -10.122954545454544 -0.44677330108586888 3.8245409705403008 0.046280039458030164 -0.97179652694919472 -0.010531450264138681 0.096023743453309218 0.023140019729015082 -0.011432139632454147 -0.0099264816255801927 0.087195257426744777 0.83842707105744363
24.711698310313988 -10.122954545454544 -0.62962728671312718 4.4297293566929907 0.004736259363197437 -0.99331730698021603 -0.010004459910370366 0.09211068924004201 0.0023681296815987185 -0.0013348798369616712 -0.0011582701976895124 0.010340224732588501 0.81595622537022161
23.119568143825894 -10.122954545454544 -0.82409439361713677 4.8996657951922904 -0.035154283942774756 -1.0152333423401529 -0.0075544386416339041 0.066320999694111038 -0.017577141971387378 0.0098646179844624014 0.0084994398684350402 -0.085132065699116355 0.82553281774932719
21.397800220034249 -10.122954545454544 -1.0019781913434975 5.1526986201698683 -0.070822440438623957 -1.0346380046069146 -0.0037895475409507142 0.018228526848894366 -0.035411220219311978 0.016563894715849906 0.013938033341213119 -0.18117461492248579 0.87120182609939856
19.626557379656454 -10.122954545454544 -1.1321540907455188 5.1421379847538571 -0.10103500860949199 -1.0479676923153085 -0.00029069497466644085 -0.052902173577751579 -0.050517504304745997 0.014410119886375155 0.011084390781623925 -0.25913102285519463 0.94791098378275418
17.897009543845215 -10.122954545454544 -1.1893368508556621 4.8753423050776199 -0.12313943973137742 -1.0497809162510059 0.00033094071301639479 -0.14525618088336339 -0.06156971986568871 0.0028030378291747258 -0.00063911978836406582 -0.30015969179250013 1.0401694752692678
16.293741186444873 -10.122954545454544 -1.1680375309942539 4.4076071156731693 -0.13422848694706735 -1.0376317900223442 -0.0035950324639237321 -0.2398662773790361 -0.067114243473533675 -0.011324395943312098 -0.014519140104389445 -0.29523958412856233 1.1228985714086479
14.878473450152985 -10.122954545454544 -1.0856261845762485 3.8161227145085004 -0.13652307607170089 -1.0157443842381464 -0.011019604598081474 -0.32351969070656528 -0.068261538035850444 -0.021023124022594351 -0.023830225334739618 -0.25854880406494268 1.1780717479304235
13.682555858804893 -10.122954545454544 -0.96432567802267632 3.1839832050624048 -0.13834663877287223 -0.98575893113249835 -0.022609460054870013 -0.40757181058239755 -0.069173319386436116 -0.027232791409723196 -0.029711216787804636 -0.21652764690936163 1.2028802149248659
12.709627433372324 -10.122954545454544 -0.8209275332641337 2.5781588910375981 -0.14317231520389262 -0.94651896813900882 -0.039422804297708391 -0.49570152376027976 -0.07158615760194631 -0.031197522967996997 -0.033448835081443265 -0.17880286345669028 1.1990353921212002
11.943982233212942 -10.122954545454544 -0.66632108785437727 2.0436655211122234 -0.16157406403275809 -0.8914338259274085 -0.066521155916378527 -0.60207535561649572 -0.080787032016379046 -0.037042806215367749 -0.039318362229792743 -0.1560142908788632 1.1717465804016485
11.360240809421477 -10.122954545454544 -0.5046319527864479 1.6030356228100584 -0.20583002225793501 -0.80270050355029265 -0.11400638399976801 -0.74061087506553602 -0.1029150111289675 -0.049067200339576213 -0.05175946228318104 -0.14876353729299094 1.1243647020369927
10.933970750855911 -10.122954545454544 -0.33182158453351573 1.2712441547528421 -0.32755836999377186 -0.61220901790904347 -0.2183951308940538 -0.95134749444479305 -0.16377918499688593 -0.085632838097560518 -0.089961359006334743 -0.16710056317492994 1.0561016985735407
10.680883941627965 -10.122954545454544 -0.12071662396819144 1.1043380920606389 -1.0927210672515937 0.054439928386052883 -0.57522792808770473 -1.3262240354468176 -0.54636053362579684 -0.3815185332743814 -0.3996550795357614 -0.24242702058146848 0.95686001383411146
10.680883941627961 -10.122954545454544 0.12071662396819011 1.1043380920606234 -2.1859816052100021 1.2221710008686655 -0.51513531540199042 -1.1945355820030554 -1.092990802605001 -0.76322542026405849 -0.79950746670536466 0.48497372612193596 0.79269013556453138
10.933970750855913 -10.122954545454544 0.33182158453351551 1.2712441547528741 -1.4019543564476713 1.3804270787689599 -0.15040604519293935 -0.6882975070552606 -0.70097717822383565 -0.36650973207657278 -0.38503586146580648 0.71519272278834556 0.61650540765917017
11.360240809421477 -10.122954545454544 0.5046319527864489 1.6030356228100291 -0.87290819353149018 1.29285957725414 -0.057776162131653166 -0.44506653673700669 -0.43645409676574509 -0.20808996054226209 -0.21950762198895124 0.63089392488646323 0.45709400617562285
11.943982233212935 -10.122954545454544 0.66632108785437683 2.0436655211122243 -0.67621380423881217 1.2611021345941904 -0.018976246753724314 -0.29236127038294679 -0.33810690211940608 -0.15503018421011192 -0.16455375718257148 0.65294524701332957 0.2834602009338677
12.70962743337232 -10.122954545454544 0.82092753326413292 2.5781588910376136 -0.57235150943593172 1.2412108554438632 0.0013322318848430839 -0.17817223948317482 -0.28617575471796586 -0.12471649519648045 -0.13371643268095396 0.71478964802073475 0.084881137077483154
13.682555858804895 -10.122954545454544 0.9643256780226761 3.1839832050624182 -0.5148583591303213 1.2277703486802902 0.012382982545330401 -0.085352163271248449 -0.25742917956516065 -0.10134709758122296 -0.11057058168394025 0.80580973981685045 -0.14534844211384626
14.87847345015299 -10.122954545454544 1.0856261845762487 3.8161227145085084 -0.48307940957391571 1.2176827328783379 0.018027213933501943 0.0017863878788070831 -0.24153970478695785 -0.074389170186147144 -0.084321944069538954 0.914860748875439 -0.41230982620264245
16.293741186444883 -10.122954545454547 1.1680375309942543 4.4076071156731942 -0.4658391361782277 1.207422123340965 0.01892110955886759 0.087252185405779642 -0.23291956808911385 -0.03930124628502403 -0.050388586194424781 1.0246271560097797 -0.7135472879375595
17.897009543845222 -10.122954545454547 1.1893368508556623 4.8753423050775861 -0.45324934526464111 1.1915247441357284 0.01476988941554642 0.18248282040669075 -0.22662467263232056 0.010317369184048998 -0.0023524601561732399 1.104822176197702 -1.0402032171574687
19.626557379656461 -10.122954545454544 1.1321540907455183 5.1421379847538695 -0.43043392577806383 1.1641730098282315 0.0057193783165991347 0.27404820320011564 -0.21521696288903192 0.061390646262015396 0.047222224302797981 1.1039617355757623 -1.3638567894219935
21.397800220034256 -10.122954545454544 1.0019781913434966 5.1526986201698648 -0.39160385642336859 1.1284825691527809 -0.0048471243590649526 0.34366764893884816 -0.1958019282116843 0.091587991150048259 0.077068617991309485 1.0017824498881764 -1.6477762036397814
23.119568143825898 -10.122954545454544 0.82409439361713588 4.899665795192262 -0.34082566036542228 1.0900873841530916 -0.013980433563533515 0.39030719024003124 -0.17041283018271114 0.095638840042367612 0.082403248793549669 0.82536718874449322 -1.8683718463185539
24.711698310313984 -10.122954545454544 0.62962728671312651 4.4297293566929845 -0.28044387121615921 1.0524593186214688 -0.019976006493586017 0.41517973581036105 -0.14022193560807961 0.079041040698666146 0.068583612772223967 0.61226643873964415 -2.0173541452963746
26.11795714258151 -10.122954545454544 0.44677330108586844 3.8245409705403457 -0.2131671139778053 1.0184117379826183 -0.022112528703362611 0.41894591774043 -0.10658355698890265 0.052656744475153922 0.045721642955762164 0.40162371501578531 -2.0999939673125962
27.310692908348045 -10.122954545454544 0.29443802925509321 3.1729112598987115 -0.14471420474776675 0.99010135644396879 -0.020915616524326427 0.40493955808365667 -0.072357102373883375 0.028012935720131582 0.024279328764630893 0.2265700545732843 -2.131420947742181
28.287733731154361 -10.122954545454544 0.17949253722329034 2.5470660648009407 -0.081478210707093934 0.96804734927639591 -0.017810490817904687 0.37953303766979585 -0.040739105353546967 0.0113156545092798 0.0097834353682333692 0.10268133025622914 -2.1301481331701191
29.065179655367345 -10.122954545454544 0.099643503206100908 1.9916100488942483 -0.026473050868550008 0.95179587096827301 -0.013889300560315128 0.34693624516075278 -0.013236525434275004 0.002437259082423491 0.0021021949343469409 0.026164774678982629 -2.1118543123367997
29.669427281141225 -10.122954545454544 0.04848895711757939 1.5257316768641722 0.019437820920818027 0.94069172721203864 -0.0098023680682887884 0.30913616257931908 0.0097189104604090137 -0.0010863260006322628 -0.00093499304389823071 -0.014759017582660936 -2.0873876447835635
30.13041023766786 -10.122954545454546 0.018653865579643977 1.1507852394186173 0.058214641169321291 0.93246573641314778 -0.0061024836654654455 0.26880433206940224 0.029107320584660645 -0.0017699573631807519 -0.0015208014318592923 -0.033414889574858671 -2.0631377834967286
30.477068257018828 -10.122954545454544 0.004070860353929109 0.85783112806285766 0.093604490525691086 0.92663524736512182 -0.0024955960240868424 0.21848661243969375 0.046802245262845543 -0.0011021028638218118 -0.0009454707040769839 -0.040122154874130421 -2.0413104534436521
32.962348211757792 -13.015227272727277 -0.003959325375471774 0.8343279449344595 0.1598493982847693 -0.91008634023215929 -0.00094982967218366302 -0.10905298190172971 0.079924699142384648 -0.0018305072004686875 -0.0015703533567125694 0.066639780919116098 1.116305173222375
32.625188060513018 -13.015227272727275 -0.018142779884070426 1.119255588256876 0.16289085749772403 -0.91308606513505963 -0.0010799952529485083 -0.058153364207957081 0.081445428748862014 -0.0048168406362084602 -0.0041387766106520413 0.090936765657082141 1.0867918415525317
32.176835290152248 -13.015227272727275 -0.047160438249987946 1.4839291007708075 0.15751149539583453 -0.917710389271293 -0.0020760183570119424 -0.017083213265619374 0.078755747697917267 -0.008561696741623926 -0.0073689913458072414 0.11632072938831912 1.0485112863650128
31.589143070377126 -13.015227272727277 -0.096913432651660442 1.9370431601812728 0.14201146457424318 -0.92601651122401762 -0.0037304096008685525 0.02163424161983582 0.071005732287121592 -0.01271616335462126 -0.010967998593662933 0.13651217933875293 1.0022823049595588
30.832997904939901 -13.015227272727277 -0.17457473250097344 2.4772805811518221 0.11807522256336789 -0.93746707806629226 -0.0057392023609247472 0.055202504786836804 0.059037611281683944 -0.01594894489148754 -0.013789345672353442 0.14472506882374375 0.9504566852009676
29.882726417765163 -13.015227272727277 -0.28637090427541168 3.0859786318418068 0.086235884277605979 -0.9523996670682352 -0.0076788455178589624 0.081486349913476946 0.043117942138802989 -0.016235679594198121 -0.014071763364003944 0.13131500562607071 0.89825661925034028
28.722669679617852 -13.015227272727275 -0.43453243645787598 3.7197547441234047 0.047809230497727895 -0.97102609705712106 -0.0088616606513402321 0.096023743453309607 0.023904615248863947 -0.011486310236534169 -0.0099735177468431493 0.087608427657303312 0.85471306190923879
27.354940061060876 -13.015227272727275 -0.61237651912246371 4.3083619489670948 0.0066281090827213784 -0.99237925622818624 -0.0084216181933724366 0.092110689240041455 0.0033140545413606892 -0.0018169012857617028 -0.0015765183900234197 0.014074051529961412 0.83169659969652276
25.806431681709029 -13.015227272727275 -0.80151554235535016 4.7654228904000906 -0.032684028783013241 -1.0140256713398554 -0.0061230422456980491 0.066320999694111094 -0.016342014391506621 0.0089201588473114008 0.0076856857365413768 -0.076981343852541795 0.83937790083829811
24.131837409576352 -13.015227272727275 -0.97452561221527512 5.0115230259142276 -0.067454765733196309 -1.0330127620912732 -0.0026683138259720766 0.018228526848894366 -0.033727382866598155 0.015344021576420789 0.012911545743876323 -0.1678317357215651 0.88147012593135587
22.409123753417202 -13.015227272727277 -1.1011349028729187 5.0012517347992169 -0.096442612117553894 -1.0457742597829862 0.00041197530358412602 -0.052902173577751552 -0.048221306058776947 0.013378260998862105 0.010290675862464913 -0.24057554579658275 0.95283794788223908
20.726962726249955 -13.015227272727277 -1.1567509479983886 4.7417658245078407 -0.11729369958543701 -1.0469927881163998 0.00066568225465801322 -0.14525618088336309 -0.058646849792718503 0.0025968176781170499 -0.00059209959551159762 -0.2780768728099563 1.0383555618376421
19.167621324371762 -13.015227272727275 -1.1360351949939482 4.2868458215107452 -0.12732021967237106 -1.0342979388831104 -0.003487444744169749 -0.23986627737903704 -0.06366010983618553 -0.010447267591993605 -0.013394563616064961 -0.27237187348271386 1.1140583290611457
17.791129631165283 -13.015227272727275 -1.0558817859523741 3.7115671346683907 -0.12848144507466852 -1.0117783273638374 -0.011003230281722504 -0.32351969070656456 -0.064240722537334261 -0.0192427256763869 -0.021812100258270396 -0.23665292109929056 1.1627795763125066
16.627978244302437 -13.015227272727275 -0.93790471675824238 3.0967472236457603 -0.12879278904442781 -0.98090094191114396 -0.022613058635308797 -0.40757181058239833 -0.064396394522213907 -0.024657559183029948 -0.02690161560461837 -0.1960520017247856 1.1818917741851882
15.681706481475937 -13.015227272727275 -0.798435448845358 2.5075215143233933 -0.13141891418399543 -0.9402888761934306 -0.039442905986114815 -0.49570152376027787 -0.065709457091997714 -0.027851842365604444 -0.029861719565272029 -0.15962771059173597 1.1730618722057284
14.937038719371703 -13.015227272727277 -0.64806496956042681 1.9876723967960759 -0.14657948444352176 -0.88297753693327796 -0.066598947994954638 -0.60207535561649506 -0.073289742221760878 -0.032684391908774112 -0.034692208599372998 -0.13765782745527422 1.1412397772561058
14.369290864866981 -13.015227272727275 -0.49080585483922218 1.5591150438386205 -0.18640623544443669 -0.79047877507434494 -0.11421503113011609 -0.74061087506554102 -0.093203117722218343 -0.043219325248183352 -0.045590720880880856 -0.13103375898441344 1.0894867592588717
13.954699915301854 -13.015227272727275 -0.32273021070466595 1.2364141244676041 -0.30254358557930017 -0.59126269036225931 -0.21883775126451843 -0.95134749444478584 -0.15127179278965008 -0.076926252288891064 -0.080814677557323245 -0.15011087295466866 1.0167437562553046
13.708547274618356 -13.015227272727277 -0.11740918404563673 1.0740810174870257 -1.0990978205383941 0.091265011446125921 -0.57610617600169101 -1.3262240354468173 -0.54954891026919706 -0.37323095749811791 -0.39097353075857705 -0.2371608745674362 0.91195630816150153
13.708547274618354 -13.015227272727277 0.11740918404563544 1.0740810174870141 -2.2822255687220911 1.2602664090556603 -0.5167580577568841 -1.1945355820030539 -1.1411127843610456 -0.77499674580700306 -0.8118383749989434 0.49245353937027153 0.74173789998709316
13.954699915301855 -13.015227272727275 0.32273021070466579 1.2364141244676339 -1.4690444700664678 1.4042554139346546 -0.15283240586735941 -0.68829750705525194 -0.73452223503323388 -0.37352662860642749 -0.39240744416534756 0.72888521959131281 0.56115248219907976
14.369290864866979 -13.015227272727275 0.49080585483922301 1.5591150438385881 -0.911719832316914 1.3076384233861411 -0.060970188436982313 -0.44506653673701413 -0.455859916158457 -0.21138732765121879 -0.22298591191233622 0.64089098996225191 0.39854551201491367
14.937038719371696 -13.015227272727277 0.64806496956042614 1.9876723967960759 -0.70301996608369843 1.2716197897372485 -0.022977467492390977 -0.29236127038294657 -0.35150998304184922 -0.15675986430438144 -0.16638969229215128 0.6602301922139121 0.22261272925969164
15.681706481475931 -13.015227272727275 0.79843544884535733 2.5075215143234098 -0.59078394372164622 1.2486097559220934 -0.0035034576303504972 -0.17817223948317257 -0.29539197186082311 -0.12520588360384816 -0.13424113690653011 0.71759448764437328 0.022914349427907571
16.627978244302437 -13.015227272727275 0.93790471675824205 3.0967472236457727 -0.52648523121374935 1.2325398713568869 0.0067605439290231127 -0.085352163271249004 -0.26324261560687467 -0.10079633218569511 -0.10996969175607561 0.80143060977106972 -0.20659561718113872
17.79112963116529 -13.015227272727277 1.0558817859523746 3.7115671346683881 -0.4890660629797825 1.2202148005599396 0.011777618290462144 0.0017863878788071663 -0.24453303148989125 -0.073247651301565131 -0.083028004490710794 0.90082200077553609 -0.47028555997656651
19.167621324371776 -13.015227272727278 1.1360351949939487 4.286845821510779 -0.46728769815129167 1.2081068468356593 0.012353174572068458 0.087252185405780044 -0.23364384907564584 -0.038343317641107356 -0.0491604147086648 0.99965289196333784 -0.76525510500256289
20.726962726249965 -13.015227272727278 1.1567509479983886 4.7417658245078043 -0.45143633095019231 1.1908262259984863 0.0083216993945770396 0.18248282040669067 -0.22571816547509616 0.0099945508488452593 -0.0022788544474212648 1.0702535910037496 -1.0826968479709678
22.409123753417205 -13.015227272727277 1.1011349028729183 5.0012517347992205 -0.4268175575310178 1.1626328372473269 -0.00016002511259814896 0.27404820320011569 -0.2134087787655089 0.059206989090950554 0.045542536027611512 1.0646939625964311 -1.3953462382047057
24.131837409576356 -13.015227272727277 0.97452561221527434 5.011523025914224 -0.38742105579480168 1.1265949416592835 -0.0098711851042127402 0.34366764893884821 -0.19371052789740084 0.088127161582442395 0.074156431049226063 0.96392816048464869 -1.6683463628916793
25.806431681709029 -13.015227272727277 0.80151554235534928 4.7654228904000533 -0.33682153182325747 1.0881883475118059 -0.018109373531805611 0.39030719024003147 -0.16841076591162873 0.091925679878843911 0.079203957996739807 0.79332246126590755 -1.8796059805264547
27.354940061060869 -13.015227272727275 0.61237651912246294 4.3083619489670957 -0.27694178330274788 1.0507247798673225 -0.023345390293467824 0.41517973581036005 -0.13847089165137394 0.075915449773694382 0.065871549320277958 0.58805503656586777 -2.0216254674034002
28.722669679617848 -13.015227272727275 0.43453243645787554 3.7197547441234402 -0.21022259640137841 1.0169002514946512 -0.024915716327693377 0.41894591774043044 -0.10511129820068921 0.050506605855341946 0.043854686096573441 0.38522416983130658 -2.0997455558799181
29.88272641776517 -13.015227272727277 0.28637090427541162 3.0859786318418001 -0.14226448172127237 0.98880921942198408 -0.023340171515483704 0.40493955808365611 -0.071132240860636187 0.026784215900491848 0.023214374603499836 0.21663210592797433 -2.128666653139645
30.832997904939905 -13.015227272727277 0.17457473250097327 2.4772805811518195 -0.079421251038187979 0.96694153680233097 -0.019999719039786104 0.37953303766979768 -0.039710625519093989 0.010727781227270319 0.009275164259873311 0.097346808018091271 -2.1262818642810464
31.589143070377133 -13.015227272727277 0.096913432651660081 1.9370431601812907 -0.024700828391104546 0.9508323016357616 -0.015937513949890868 0.34693624516075228 -0.012350414195552273 0.0022117916307492383 0.001907723801512581 0.023744307723686648 -2.1077047396218949
32.176835290152255 -13.015227272727277 0.047160438249987599 1.4839291007707873 0.021004955692957239 0.93983585238778222 -0.011766386841619582 0.30913616257931864 0.010502477846478619 -0.0011417456247393531 -0.00098269231925887288 -0.015511958418234236 -2.0833714744170329
32.625188060513018 -13.015227272727277 0.018142779884070349 1.1192555882568731 0.059616535492372225 0.93169921993417848 -0.0080161800375115749 0.26880433206940169 0.029808267746186112 -0.001762918773717106 -0.0015147536607901938 -0.033282008583156428 -2.0594201426388996
32.962348211757792 -13.015227272727277 0.0039593253754718087 0.83432794493446605 0.094878462485870174 0.92594057697099674 -0.0043801389674795093 0.21848661243969392 0.047439231242935087 -0.001086495855557653 -0.00093208178224723722 -0.039553980320509274 -2.0379443012110068
35.447628166496749 -15.907499999999999 -0.0038477903970144741 0.81082476180606899 0.1607021623741145 -0.90961803643237615 0.00055907167241028778 -0.10905298190172984 0.080351081187057249 -0.0017884317423024741 -0.0015342577123197989 0.065108020042376744 1.1216856441407081
35.119965883358169 -15.907499999999999 -0.017631694188496791 1.0877259370951387 0.1637638376369992 -0.91260844604590663 0.00041569216101926363 -0.058153364207958552 0.081881918818499599 -0.0047062369427597686 -0.0040437425387219658 0.088848686994827994 1.0928486001676252
34.684243299163271 -15.907499999999999 -0.045831919382396148 1.4421265246774271 0.15841239738043678 -0.91722157129373216 -0.00059631999931947341 -0.017083213265617458 0.079206198690218388 -0.0083681020123928789 -0.0072023657425711275 0.11369051708467345 1.055435163315156
34.113106485386915 -15.907499999999999 -0.0941833620972196 1.8824762714683452 0.14295012428521447 -0.92551427948909082 -0.0022701907649416266 0.021634241619836236 0.071475062142607237 -0.012439629407014088 -0.010729481372401135 0.13354349682058689 1.0102245204318883
33.378262078725442 -15.907499999999999 -0.16965692777865637 2.4074950975027347 0.1190770911673491 -0.93694027403642199 -0.0043029276620145784 0.055202504786837109 0.059538545583674551 -0.015631174620778093 -0.01351460372942101 0.14184153485886603 0.9594813104977411
32.45475992718228 -15.907500000000001 -0.27830377929573014 2.9990460037848905 0.087357855635912141 -0.95182076378602232 -0.0062731784335832638 0.081486349913475864 0.04367892781795607 -0.015983600975515686 -0.013853282169506147 0.12927618088587839 0.90824344715409377
31.327382216654179 -15.907500000000001 -0.42229157182988308 3.6149685177065294 0.049145126677297757 -0.97034948083411121 -0.0074966032898941045 0.096023743453309385 0.024572563338648878 -0.011474650338032478 -0.0099633935030922285 0.087519495236591985 0.86522372668956027
29.998181811807758 -15.907499999999999 -0.59512575153180003 4.1869945412412175 0.0082990210193051306 -0.99154730423344939 -0.0071093864572564815 0.092110689240042121 0.0041495105096525653 -0.0022108473769660748 -0.0019183439269023607 0.017125630408289263 0.84185662903309399
28.493295219592152 -15.907499999999999 -0.77893669109356334 4.631179985607921 -0.030539264620005557 -1.0129743215779903 -0.004879901965152385 0.066320999694110844 -0.015269632310002779 0.0081000144221265637 0.006979042231818681 -0.069903463168508012 0.84791168651576243
26.865874599118449 -15.907499999999999 -0.94707303308705271 4.8703474316585993 -0.064654305465957407 -1.0316587113136317 -0.0015263176514815719 0.018228526848894644 -0.032327152732978703 0.014292698287144284 0.01202688791975306 -0.15633244190442599 0.88688371527681287
25.191690127177939 -15.907499999999999 -1.0701157150003184 4.8603654848446194 -0.092762870092344185 -1.0440125794074615 0.0014014856661820232 -0.052902173577751524 -0.046381435046172093 0.012505328085500932 0.00961920819848067 -0.22487796656012385 0.9536723334361874
23.556915908654691 -15.907499999999999 -1.1241650451411149 4.6081893439380925 -0.1125563140495125 -1.0447271703718648 0.0014475674383764249 -0.14525618088336345 -0.056278157024756248 0.0024217362910887124 -0.00055217934261342675 -0.25932850822420755 1.0335304679563018
22.041501462298648 -15.907499999999999 -1.1040328589936423 4.1660845273483584 -0.12141935388775438 -1.0314431562003594 -0.0029220526207433864 -0.23986627737903643 -0.060709676943877189 -0.0096824100272199388 -0.012413930812475183 -0.25243118697972233 1.1032760805752382
20.703785812177571 -15.907499999999999 -1.0261373873284998 3.6070115548283002 -0.12126002031498029 -1.0082073038466932 -0.010633085642973503 -0.3235196907065645 -0.060630010157490144 -0.017649565801831538 -0.020006214569534619 -0.21705975407959127 1.1464070794730441
19.57340062979997 -15.907499999999999 -0.91148375549380833 3.0095112422291317 -0.12000031755691709 -0.97641328959999518 -0.022419292317520816 -0.40757181058239866 -0.060000158778458546 -0.022327039696532536 -0.024358998189834887 -0.17752206504310064 1.1605156458675498
18.653785529579544 -15.907499999999999 -0.7759433644265824 2.4368841376091916 -0.12061451092960573 -0.93452687206195173 -0.039421259054560842 -0.49570152376028009 -0.060307255464802867 -0.024841958228043307 -0.026634632650877808 -0.14237711338820455 1.1473389154297424
17.930095205530456 -15.907499999999999 -0.62980885126647612 1.9316792724799372 -0.13305725508914734 -0.87527438826831827 -0.066762762749462551 -0.60207535561649383 -0.066528627544573671 -0.028833409004082971 -0.030604658106922193 -0.12143852798943773 1.1116794298889197
17.378340920312475 -15.907499999999999 -0.4769797568919964 1.5151944648671825 -0.16943925673983129 -0.7796171049638243 -0.11459475608559214 -0.74061087506553691 -0.084719628369915645 -0.038178758098304517 -0.0402735834963465 -0.11575160320643328 1.056400700951166
16.975429079747787 -15.907499999999999 -0.31363883687581628 1.2015840941823634 -0.28189602079223941 -0.5732899766152062 -0.21948250116671286 -0.95134749444478994 -0.14094801039611971 -0.069657163213432738 -0.073178154624131242 -0.13592625750499657 0.98027247160032838
16.73621060760874 -15.907499999999999 -0.11410174412308202 1.0438239429134235 -1.1066743169711231 0.12133780495300805 -0.57713192760708243 -1.3262240354468178 -0.55333715848556153 -0.36521731271469432 -0.38257893504705759 -0.23206879159004878 0.87161657765060441
16.73621060760874 -15.907499999999999 0.11410174412308077 1.0438239429134046 -2.3604620904692486 1.2903021059845439 -0.5183312735015464 -1.1945355820030497 -1.1802310452346243 -0.77898403191059706 -0.81601520785470838 0.49498716698203415 0.69796329066415919
16.975429079747791 -15.907499999999999 0.31363883687581606 1.2015840941823945 -1.5202300993552296 1.4221364184046708 -0.15493433636182752 -0.68829750705525938 -0.76011504967761478 -0.37565239784214327 -0.39464066559800581 0.7330333623407399 0.51567200171768335
17.378340920312475 -15.907499999999999 0.47697975689199729 1.5151944648671667 -0.94029042161050702 1.3183968110664324 -0.063529898923976258 -0.44506653673701213 -0.47014521080525351 -0.21187014886368599 -0.22349522498019517 0.64235482305135749 0.35225357355946851
17.930095205530449 -15.907499999999999 0.62980885126647568 1.9316792724799368 -0.7223265564599628 1.2791311786686839 -0.02597829474189587 -0.29236127038294524 -0.3611632782299814 -0.15652763183012375 -0.16614319367400401 0.65925209178114186 0.17635692521973836
18.653785529579537 -15.907499999999999 0.77594336442658185 2.4368841376092161 -0.60394848526963374 1.2538561541642115 -0.0069197551775376596 -0.17817223948317509 -0.30197424263481687 -0.12439019921669878 -0.1333665901493323 0.71291954264155977 -0.022231482833284751
19.57340062979997 -15.907499999999999 0.911483755493808 3.0095112422291557 -0.53494927301078854 1.2359835363877207 0.00299650032716158 -0.085352163271247145 -0.26747463650539427 -0.099531683726403905 -0.10858994907861529 0.79137540276206875 -0.24913493394771691
20.703785812177578 -15.907500000000001 1.0261373873285002 3.6070115548282811 -0.49391542106678865 1.2222322050860732 0.0077888853868906278 0.0017863878788058618 -0.24695771053339433 -0.071890081347617235 -0.081489165739843883 0.88412619059762687 -0.50832661090625286
22.041501462298658 -15.907500000000004 1.104032858993643 4.1660845273483931 -0.46945032265765008 1.2090360498601849 0.0083191909490097724 0.087252185405779947 -0.23472516132882504 -0.03743563415420665 -0.0479966631246753 0.97598857498480573 -0.79680298436486552
23.556915908654702 -15.907500000000004 1.1241650451411154 4.6081893439380588 -0.45174837763542786 1.1909780070606926 0.0044479871389687736 0.18248282040669062 -0.22587418881771393 0.0097197163020015104 -0.0022161895074103159 1.0408232879176096 -1.1059800722158097
25.191690127177942 -15.907500000000001 1.0701157150003184 4.8603654848446203 -0.42604209193976317 1.1622934016472 -0.0037044230228038921 0.27404820320011586 -0.21302104596988158 0.057434576276436194 0.044179180523469537 1.0328214209959248 -1.4095488390218016
26.865874599118456 -15.907499999999999 0.94707303308705204 4.8703474316586064 -0.38615257347055887 1.1259999541598202 -0.01300860390227594 0.3436676489388481 -0.19307628673527943 0.085364187050544701 0.07183146872562074 0.93370695614566035 -1.6739916782667787
28.493295219592152 -15.907499999999999 0.77893669109356267 4.631179985607881 -0.33541617685501013 1.0874933082551028 -0.020851345335824913 0.39030719024003169 -0.16770808842750506 0.088963369083889632 0.076651605486689298 0.76775759523516329 -1.8782012507164298
29.998181811807747 -15.907499999999999 0.59512575153179958 4.1869945412412122 -0.27555946742767046 1.0500102919562571 -0.025761234171614127 0.41517973581036127 -0.13777973371383523 0.073408649567638359 0.063696408240279612 0.56863690111082876 -2.015133385936192
31.327382216654172 -15.907499999999999 0.42229157182988269 3.6149685177065756 -0.20892161809328513 1.0162046839018757 -0.027092000992969087 0.41894591774042989 -0.10446080904664257 0.048780065853077155 0.042355538241550951 0.37205549757964296 -2.0900977973336499
32.45475992718228 -15.907499999999999 0.27830377929573002 2.9990460037849007 -0.14106867510257914 0.98815476848630168 -0.025353163892820871 0.40493955808365573 -0.070534337551289572 0.025810906146571881 0.022370789063542913 0.20875992693661402 -2.1174299552212599
33.378262078725442 -15.907499999999999 0.16965692777865618 2.4074950975027312 -0.078326127673555623 0.96633374246192782 -0.021906601064895656 0.37953303766979718 -0.039163063836777812 0.010281821356503022 0.0088895904895802021 0.093300046716416132 -2.1145241538877095
34.113106485386922 -15.907499999999999 0.094183362097219253 1.8824762714683585 -0.023680304459467116 0.95026286579896202 -0.017777292728905499 0.3469362451607525 -0.011840152229733558 0.0020606782484029092 0.0017773848526616508 0.022122056060503097 -2.0960358960485173
34.684243299163271 -15.907500000000001 0.045831919382395815 1.4421265246773971 0.021970056383171954 0.93929803486448471 -0.013563860153996759 0.30913616257932058 0.010985028191585977 -0.0011605636684538258 -0.00099888887532267922 -0.015767623695408219 -2.0720700268040462
35.119965883358169 -15.907500000000002 0.017631694188496722 1.0877259370951369 0.060533336850566388 0.93119015612085443 -0.0097871013980397326 0.26880433206940108 0.030266668425283194 -0.0017396039947850394 -0.0014947208905546189 -0.032841850656370609 -2.0485642724588731
35.447628166496749 -15.907500000000001 0.0038477903970145083 0.81082476180607155 0.095758785034530836 0.92545511975024919 -0.0061348576306478279 0.2184866124396932 0.047879392517265418 -0.0010656860382586867 -0.00091422948074324233 -0.038796397031345506 -2.0275303321074456
37.932908121235712 -18.799772727272725 -0.0037362554185571746 0.78732157867766728 0.16139480837344333 -0.90923554416862529 0.0018341170305494511 -0.10905298190172853 0.080697404186721666 -0.0017440758192672661 -0.0014962057054166858 0.063493238634919083 1.1218372411753048
37.614743706203328 -18.799772727272725 -0.01712060849292316 1.0561962859333989 0.16449126596614416 -0.91220836198393029 0.0016806521790253299 -0.058153364207961258 0.082245632983072081 -0.0045901172163323361 -0.0039439689227628687 0.086656471568204038 1.0937114856104437
37.191651308174293 -18.799772727272725 -0.044503400514804357 1.4003239485840235 0.15918293389798122 -0.91680139596918153 0.00065595388580937672 -0.017083213265615238 0.079591466948990608 -0.0081650614150212235 -0.0070276101479697815 0.11093197154230409 1.0572079512853605
36.637069900396703 -18.799772727272725 -0.091453291542778772 1.8279093827553998 0.14376974623831673 -0.92507358882243462 -0.0010337380707872513 0.02163424161983557 0.071884873119158366 -0.012148301524670191 -0.010478204024451562 0.13041599656663255 1.0130678406298292
35.923526252510982 -18.799772727272725 -0.16473912305633928 2.3377096138536357 0.11996584870389959 -0.9364706676249438 -0.0030860070401487194 0.055202504786836359 0.059982924351949796 -0.015291362359716206 -0.013220804436529386 0.13875798587152363 0.96347061042707505
35.026793436599391 -18.799772727272725 -0.2702366543160486 2.9121133757280133 0.088365221753193168 -0.95129855380610762 -0.0050808021998307229 0.081486349913474448 0.044182610876596584 -0.015699260189268142 -0.013606838758523787 0.12697641808696553 0.91327502261685056
33.932094753690507 -18.799772727272725 -0.41005070720189019 3.5101822912896528 0.050351741588604337 -0.96973581888561411 -0.0063356668832865604 0.096023743453310273 0.025175870794302169 -0.011415597552460206 -0.0099121182029499617 0.087069087613409493 0.87088332024501924
32.641423562554635 -18.799772727272725 -0.57787498394113657 4.0656271335153331 0.0098158783484415535 -0.99078951227320355 -0.0059904047200538312 0.092110689240042842 0.0049079391742207767 -0.0025391374849277177 -0.0022032000148583561 0.019668625964754861 0.84731383901185386
31.180158757475276 -18.799772727272725 -0.75635783983177685 4.4969370808157336 -0.028580350221138362 -1.0120115168109176 -0.0038164201521616219 0.066320999694111094 -0.014290175110569181 0.0073607135120041037 0.0063420541963811004 -0.063523265399968429 0.8519414746093199
29.599911788660549 -18.799772727272725 -0.91962045395883052 4.7291718374029807 -0.06211033672372257 -1.0304260146045057 -0.00053475126622678051 0.018228526848894228 -0.031055168361861285 0.013332322501604932 0.011218759762180794 -0.14582792493478655 0.88806156644879397
27.974256500938672 -18.799772727272725 -1.0390965271277186 4.7194792348899952 -0.089469560706472606 -1.0424325585436096 0.0022981787236527854 -0.052902173577751482 -0.044734780353236303 0.01171173856687107 0.0090087721706020134 -0.21060718565675635 0.950656325991736
26.386869091059424 -18.799772727272725 -1.0915791422838417 4.4746128633683249 -0.10836190475278862 -1.0427164590658025 0.0022209595319988892 -0.14525618088336337 -0.054180952376394309 0.0022639079742361483 -0.00051619295690900414 -0.24242766641268415 1.0253886077659706
24.91538160022553 -18.799772727272725 -1.0720305229933369 4.0453232331859761 -0.11620573293955117 -1.0289142986121826 -0.0022952183501112298 -0.23986627737903657 -0.058102866469775583 -0.0089980470188954654 -0.011536501018439014 -0.23458908299624054 1.0898251422143173
23.616441993189859 -18.799772727272725 -0.99639298870462578 3.5024559749882056 -0.11487302404021893 -1.0050396320424384 -0.010167191812271588 -0.32351969070656494 -0.057436512020109465 -0.016235272955618746 -0.018403079032763812 -0.19966634843764466 1.1280761405430888
22.518823015297503 -18.799772727272725 -0.88506279422937439 2.9222752608124942 -0.11224112025339927 -0.97243863363611238 -0.022123365112841901 -0.40757181058239794 -0.056120560126699637 -0.02027803616726374 -0.02212351717941792 -0.16123045886779222 1.137927420248229
21.625864577683146 -18.799772727272725 -0.75345128000780692 2.366246760895014 -0.11116636835255633 -0.92946308928400367 -0.039303095971300751 -0.49570152376027976 -0.055583184176278166 -0.022232322648934443 -0.023836677499187661 -0.12742046716338168 1.1211858485965178
20.923151691689213 -18.799772727272725 -0.61155273297252566 1.8756861481638203 -0.12142895564810074 -0.86860079617515584 -0.066834711724200885 -0.60207535561649506 -0.060714477824050372 -0.025550820087225881 -0.027120418297062816 -0.10761315042131428 1.0825362883758622
20.387390975757974 -18.799772727272725 -0.46315365894477056 1.4712738858957541 -0.15517417573149928 -0.77037194137224929 -0.11487723626770545 -0.74061087506554002 -0.077587087865749638 -0.033950983394882131 -0.035813835563121219 -0.10293369805989307 1.02469247819998
19.996158244193722 -18.799772727272725 -0.3045474630469665 1.1667540638971197 -0.26514891336032709 -0.55828688288564798 -0.22000594212833788 -0.95134749444478817 -0.13257445668016354 -0.0636197329032029 -0.066835547656048197 -0.12414505268472208 0.94630737238484552
19.763873940599126 -18.799772727272725 -0.11079430420052731 1.0135668683398151 -1.1142222115688889 0.14594794223101193 -0.57797164076672869 -1.326224035446816 -0.55711110578444445 -0.35704954874238432 -0.37402289366168306 -0.22687877718203506 0.83530276794012603
19.763873940599126 -18.799772727272725 0.11079430420052611 1.0135668683398105 -2.4250542512280466 1.3146045449081076 -0.51957086625755222 -1.1945355820030523 -1.2125271256140233 -0.77710219477458242 -0.81404391234826801 0.49379139762794871 0.66018555025852643
19.996158244193722 -18.799772727272725 0.30454746304696634 1.1667540638971536 -1.5615018689001925 1.4364021613450344 -0.15651594667964169 -0.68829750705525716 -0.78075093445009625 -0.37466618500632232 -0.39360460222616167 0.7311089052757056 0.47790012796601111
20.387390975757974 -18.799772727272725 0.46315365894477151 1.4712738858957191 -0.96307101935197492 1.3269179259896253 -0.065388186366407544 -0.44506653673701202 -0.48153550967598746 -0.2107129490585283 -0.22227453092684324 0.63884638696414153 0.31507203323431066
20.923151691689206 -18.799772727272725 0.61155273297252521 1.8756861481638087 -0.73777143431789871 1.285109869493535 -0.02808816883098831 -0.29236127038294596 -0.36888571715894936 -0.15524028089626332 -0.16477676020133181 0.65383011748765008 0.14048957818786525
21.625864577683142 -18.799772727272725 0.75345128000780637 2.3662467608950166 -0.61469974591223786 1.258121132203962 -0.0092528747754073784 -0.17817223948317318 -0.30734987295611893 -0.12293469046319278 -0.13180604727207981 0.70457756199200638 -0.055862351680728811
22.518823015297507 -18.799772727272725 0.88506279422937406 2.9222752608125342 -0.54223743575984051 1.2389318802826585 0.00048990206679407327 -0.085352163271247811 -0.27111871787992026 -0.097963298199079785 -0.10687882656795923 0.77890518542118314 -0.27930519064648551
23.616441993189866 -18.799772727272725 0.99639298870462578 3.5024559749881785 -0.49864533052579274 1.224179430210186 0.0051828558154086192 0.0017863878788058063 -0.24932266526289637 -0.07047470993970302 -0.079884807627001175 0.8667195204742596 -0.53355614253365746
24.91538160022554 -18.799772727272732 1.0720305229933371 4.0453232331860001 -0.4723298243003804 1.2102414326092874 0.0057057197719030898 0.087252185405780183 -0.2361649121501902 -0.036573462082910319 -0.046891262257387954 0.95351079117620574 -0.81561421260538847
26.386869091059438 -18.799772727272732 1.0915791422838417 4.4746128633682831 -0.45332058681310405 1.1916446291666372 0.0019195957468621197 0.1824828204066905 -0.22666029340655203 0.0094708199686315674 -0.0021594387314301331 1.0141705449774336 -1.1171230067602504
27.974256500938679 -18.799772727272725 1.0390965271277182 4.7194792348900121 -0.42673737016737312 1.162582467302937 -0.0060794086864178563 0.27404820320011569 -0.21336868508368656 0.055860747237946339 0.04296857740401977 1.0045199265074112 -1.4125867901696425
29.599911788660549 -18.799772727272725 0.91962045395882974 4.7291718374029657 -0.38630082113390918 1.1260382997787834 -0.015202487890488618 0.34366764893884794 -0.19315041056695459 0.082921577979869113 0.069776084575294786 0.90698988474563857 -1.6695875467585402
31.180158757475276 -18.799772727272725 0.75635783983177607 4.496937080815707 -0.33523277514746752 1.0873683246925658 -0.022873540383643441 0.39030719024003147 -0.16761638757373376 0.086337375105696224 0.074389026444329945 0.7450951573962975 -1.8677859680832192
32.641423562554628 -18.799772727272725 0.57787498394113601 4.0656271335153358 -0.27516994583132082 1.0497769530641516 -0.027642026320540029 0.41517973581036144 -0.13758497291566041 0.071180010528224216 0.061762626555003794 0.55137345321291553 -2.0004732045950702
33.932094753690507 -18.799772727272725 0.4100507072018898 3.5101822912897069 -0.20841191877390486 1.0159050119377939 -0.028865957496757647 0.41894591774042972 -0.10420595938695243 0.047250532251646445 0.041027450265157958 0.36038943327257361 -2.0729079253174998
35.026793436599391 -18.799772727272725 0.27023665431604849 2.9121133757279924 -0.14050219224557248 0.98782305675629667 -0.027050971983154593 0.40493955808365439 -0.070251096122786238 0.024962088358546984 0.021635103009691972 0.20189464532254398 -2.0990931424149499
35.923526252510982 -18.799772727272725 0.16473912305633909 2.3377096138536224 -0.077733913012294265 0.96598853358670045 -0.023552904458808761 0.37953303766979835 -0.038866956506147132 0.0099082984395292961 0.0085666452004880267 0.089910598057957952 -2.0959644288829047
36.63706990039671 -18.799772727272725 0.091453291542778425 1.8279093827554154 -0.023070757854698698 0.94991054295792787 -0.019389688647116675 0.34693624516075172 -0.011535378927349349 0.0019494401997270617 0.0016814393439878216 0.020927879167154946 -2.077761594898079
37.191651308174301 -18.799772727272725 0.044503400514804031 1.4003239485840167 0.02259039955209774 0.93894344471024827 -0.015153912672585985 0.30913616257931853 0.01129519977604887 -0.0011587423049442961 -0.00099732124073524078 -0.015742878327953444 -2.0542929857391781
37.614743706203328 -18.799772727272728 0.01712060849292309 1.0561962859333784 0.061159440770849005 0.93083601274822048 -0.011362555208583463 0.26880433206940241 0.030579720385424503 -0.0017066498964225453 -0.0014664057226201454 -0.032219712755916521 -2.0313182953739264
37.932908121235712 -18.799772727272725 0.0037362554185572075 0.78732157867767116 0.096391541357164545 0.92510148246093837 -0.0077010373350803749 0.2184866124396945 0.048195770678582273 -0.0010416329878092539 -0.00089359487821188976 -0.037920743544717382 -2.0107813659183456
40.418188075974669 -21.692045454545458 -0.0036247204400998746 0.7638183955492841 0.16197046856822317 -0.90891601420701396 0.0029423949689385016 -0.10905298190172862 0.080985234284111585 -0.0016980465737251539 -0.0014567181905762666 0.061817539769592054 1.1174932501771451
40.109521529048486 -21.692045454545458 -0.016609522797349525 1.0246666347716669 0.16510897564860649 -0.91186702777350948 0.0027810505561226412 -0.058153364207959038 0.082554487824303247 -0.0044698152718253637 -0.0038406018172791145 0.084385300366587937 1.0901050232497946
39.699059317185323 -21.692045454545458 -0.04317488164721256 1.3585213724906842 0.15985167100451103 -0.91643518259281664 0.0017461174305645737 -0.017083213265618374 0.079925835502255516 -0.0079545953181570685 -0.0068464634788944715 0.10807254184775417 1.0545448269190234
39.161033315406492 -21.692045454545458 -0.088723220988337917 1.7733424940424853 0.14449438036089457 -0.9246824197257052 4.3345758014839888e-05 0.021634241619834821 0.072247190180447285 -0.011845052021639556 -0.010216643990185369 0.12716051380916588 1.0115173069045249
38.468790426296522 -21.692045454545458 -0.15982131833402219 2.2679241302045083 0.12076327313074475 -0.93604770620247135 -0.0020253512302846575 0.055202504786839662 0.060381636565372376 -0.014933492341461714 -0.012911392533669439 0.13551057587830759 0.96311826875983964
37.598826946016516 -21.692045454545458 -0.262169529336367 2.8251807476711273 0.089278622991031953 -0.95082333870508451 -0.0040410840702821147 0.081486349913473866 0.044639311495515976 -0.015388038270071774 -0.0133370969731422 0.12445923931208829 0.91403169914130589
36.536807290726841 -21.692045454545458 -0.39780984257389729 3.4053960648728294 0.051454996039676737 -0.96917289872122381 -0.0053232544403317783 0.096023743453310217 0.025727498019838368 -0.011317478053993323 -0.0098269214305210014 0.0863207102140367 0.87235658349129508
35.284665313301531 -21.692045454545458 -0.5606242163504731 3.9442597257894967 0.011207168450538041 -0.99009257738509782 -0.0050140486755036445 0.092110689240042926 0.0056035842252690204 -0.002812489489977167 -0.0024403865182129258 0.021786060871666346 0.84870508705097558
33.86702229535841 -21.692045454545458 -0.73377898856999013 4.36269417602358 -0.026782389953924124 -1.0111258925840012 -0.0028886501526927109 0.066320999694110649 -0.013391194976962062 0.0066917492135556422 0.0057656687917209109 -0.057750075531331033 0.85207847041511997
32.333948978202649 -21.692045454545458 -0.89216787483060811 4.5879962431473915 -0.059773428451249888 -1.0292915237387472 0.00032927152483623926 0.018228526848894228 -0.029886714225624944 0.012447669599583031 0.010474350198167844 -0.13615165907984186 0.88558214921552547
30.75682287469942 -21.692045454545458 -1.0080773392551183 4.578592984935403 -0.086458152092302676 -1.0409851185659358 0.0030814034653999438 -0.052902173577751468 -0.043229076046151338 0.010979687315887339 0.0084456719186913731 -0.19744302110117903 0.94429280063100118
29.216822273464167 -21.692045454545458 -1.058993239426568 4.3410363827986016 -0.10455978689898404 -1.0408900010573952 0.00290422328676151 -0.14525618088336353 -0.052279893449492021 0.0021192626651766319 -0.00048321242473360919 -0.22693850999294626 1.0143043033330603
27.789261738152419 -21.692045454545458 -1.040028186993031 3.9245619390235893 -0.11152115145850217 -1.026636414177496 -0.001730179065344362 -0.23986627737903657 -0.055760575729251083 -0.0083775283813176515 -0.01074092683669222 -0.21841147269194092 1.0739311453454443
26.529098174202161 -21.692045454545458 -0.96664859008075132 3.397900395148131 -0.10918025546946475 -1.0022078137245376 -0.0097346445274735897 -0.32351969070656444 -0.054590127734732374 -0.01497006222922964 -0.016968931725571096 -0.18410640026598088 1.1078788066117988
25.464245400795047 -21.692045454545458 -0.85864183296494034 2.8350392793958812 -0.10538641199781895 -0.96891430062405592 -0.021833672677777347 -0.40757181058239922 -0.052693205998909476 -0.018471258166035301 -0.020152306366898416 -0.14686478539687747 1.1141080403225894
24.597943625786758 -21.692045454545458 -0.73095919558903133 2.2956093841808305 -0.10291278833047524 -0.92501837418965394 -0.039163695991884087 -0.49570152376027632 -0.051456394165237618 -0.019967271472231849 -0.021408173052271339 -0.11443874304747083 1.0944828075373527
23.916208177847974 -21.692045454545458 -0.5932966146785752 1.8196930238476869 -0.11140487606834015 -0.86280979479328945 -0.066853573100991021 -0.60207535561649794 -0.055702438034170076 -0.022741795130069128 -0.024138833690975484 -0.095782296295309821 1.0535748739719573
23.39644103120348 -21.692045454545458 -0.44932756099754478 1.4273533069243287 -0.14305092844389478 -0.76243448818782911 -0.11506568298286425 -0.74061087506553991 -0.071525464221947388 -0.030364179551500663 -0.032030227838126694 -0.092059109258723154 0.99396439789069446
23.016887408639668 -21.692045454545458 -0.29545608921811672 1.1319240336119001 -0.25122294726748162 -0.54552081460897173 -0.22038133521120373 -0.95134749444478628 -0.12561147363374081 -0.058478908111187305 -0.061434867321521744 -0.11411344872280819 0.91421427370549735
22.791537273589519 -21.692045454545458 -0.1074868642779726 0.98330979376622407 -1.121430285086586 0.16673956616015106 -0.57858275982479834 -1.3262240354468133 -0.56071514254329302 -0.34863173414660231 -0.3652049147998932 -0.22152987395904664 0.80199500173865057
22.791537273589519 -21.692045454545458 0.10748686427797144 0.98330979376620897 -2.4802006128075651 1.3350658837435367 -0.52046560136121789 -1.1945355820030479 -1.2401003064037825 -0.77104805548192756 -0.80770197267954325 0.4899444365424574 0.62679159523195438
23.016887408639668 -21.692045454545458 0.29545608921811661 1.1319240336119234 -1.5964423078990513 1.4483914078966413 -0.15764256789258285 -0.68829750705524784 -0.79822115394952564 -0.37161495016234225 -0.3903991352661717 0.72515484521960694 0.44564861621273238
23.396441031203477 -21.692045454545458 0.44932756099754573 1.4273533069242936 -0.98241287311905801 1.3341215893762581 -0.066695095442910718 -0.44506653673702073 -0.491206436559529 -0.20852825771621689 -0.21996996803451971 0.6322227685443641 0.28429198262612704
23.916208177847963 -21.692045454545458 0.59329661467857475 1.8196930238476847 -0.75105023175368291 1.2902331624231917 -0.029555133516909804 -0.29236127038294668 -0.37552511587684145 -0.15331672280175027 -0.162735037079968 0.64572861053553121 0.11179723693430889
24.597943625786751 -21.692045454545458 0.73095919558903066 2.2956093841808398 -0.62418157831378251 1.2618709461983602 -0.010860319138449639 -0.17817223948317223 -0.31209078915689126 -0.12110451212472674 -0.12984379746539557 0.69408823154452937 -0.0816565067043033
25.464245400795047 -21.692045454545458 0.85864183296494001 2.8350392793959243 -0.54897183945075567 1.2416462218026758 -0.0012278268666753881 -0.085352163271247589 -0.27448591972537784 -0.096219240983250506 -0.10497604468819399 0.76503820427565306 -0.30114938329663121
26.529098174202165 -21.692045454545458 0.96664859008075155 3.3979003951481239 -0.50338292142171737 1.2261191622671692 0.0033956091233977009 0.0017863878788055843 -0.25169146071085868 -0.069020480181255353 -0.078236402623299187 0.84883495848060797 -0.55020253676144038
27.789261738152433 -21.692045454545465 1.0400281869930315 3.9245619390236355 -0.47562047477267 1.2116073432053789 0.0038957419560864482 0.087252185405780225 -0.237810237386335 -0.03572886375394474 -0.045808392890088451 0.93149117435534268 -0.82584958930246666
29.216822273464182 -21.692045454545465 1.058993239426568 4.3410363827985625 -0.45553830744332258 1.192576333177177 0.00013132182179096573 0.18248282040669064 -0.22776915372166129 0.0092330460510133827 -0.0021052239740246763 0.98870883158714473 -1.1199434745191206
30.756822874699424 -21.692045454545458 1.0080773392551181 4.5785929849354199 -0.4281507419580266 1.1631798091751613 -0.0078138216034238789 0.27404820320011575 -0.2140753709790133 0.054372678076042583 0.041823941534874814 0.97776061520091828 -1.4077249685649109
32.333948978202656 -21.692045454545458 0.89216787483060744 4.5879962431473746 -0.38712655507959548 1.1263811766560539 -0.016868521789531396 0.34366764893884794 -0.19356327753979774 0.08061815384716868 0.067837820482743449 0.88179520756347651 -1.6577692399199095
33.86702229535841 -21.692045454545458 0.73377898856998935 4.3626941760235542 -0.33563551824482318 1.0875187107207493 -0.024471806717808207 0.39030719024003213 -0.16781775912241159 0.083860653179947509 0.072255061488779471 0.72372094361190076 -1.8504148656576627
35.284665313301517 -21.692045454545458 0.56062421635047244 3.9442597257894985 -0.27527067494754642 1.0497832665187259 -0.02918141972658941 0.41517973581036038 -0.13763533747377321 0.069080417913386968 0.059940817965407719 0.53510962265441997 -1.9792424956136017
36.536807290726841 -21.692045454545458 0.39780984257389684 3.405396064872841 -0.20830864623507628 1.0158106893345884 -0.030357991983887136 0.4189459177404295 -0.10415432311753814 0.045817291102395928 0.039782972644129375 0.34945781111072349 -2.0494506616705026
37.598826946016516 -21.692045454545458 0.26216952933636689 2.8251807476711064 -0.14027139633125096 0.98766526676674249 -0.028507392950674042 0.40493955808365556 -0.070135698165625482 0.024177138296124074 0.020954772293204912 0.19554592913451943 -2.0747137591232905
38.468790426296522 -21.692045454545458 0.15982131833402202 2.2679241302045297 -0.077420888211967132 0.96579053448298124 -0.024984095584599821 0.37953303766979768 -0.038710444105983566 0.0095738067643367994 0.0082774460487487819 0.086875329515583327 -2.0715211478286082
39.161033315406499 -21.692045454545458 0.088723220988337584 1.7733424940424936 -0.022699322047324832 0.94968509434957971 -0.020803495170620148 0.34693624516075106 -0.011349661023662416 0.0018607965917772041 0.0016049820871708242 0.019976260996782312 -2.0537137334041353
39.699059317185331 -21.692045454545458 0.04317488164721224 1.3585213724906315 0.023002563302143564 0.93870026004773499 -0.016555708076159671 0.30913616257932075 0.011501281651071782 -0.0011446616804129371 -0.00098520214758741941 -0.015551576467450718 -2.0308186135207862
40.109521529048493 -21.692045454545461 0.016609522797349459 1.0246666347716589 0.061603134969067774 0.93057959134435675 -0.012756185363386206 0.26880433206940185 0.030801567484533887 -0.0016677145042864273 -0.001432951244369777 -0.031484654468159887 -2.00842729515686
40.418188075974669 -21.692045454545458 0.0036247204400999067 0.76381839554929198 0.09686287281106587 0.9248340999784429 -0.0090892733826375069 0.21848661243969442 0.048431436405532935 -0.0010154793694921479 -0.00087115824299738211 -0.036968618694048827 -1.988422523800728
42.90346803071364 -24.58431818181819 -0.0035131854616425751 0.7403152124208825 0.16245827004764901 -0.90864390819117558 0.0039274925536538522 -0.10905298190172713 0.081229135023824506 -0.0016507531838687356 -0.001416146193103474 0.060095819615664257 1.1091922799866176
42.604299351893651 -24.58431818181819 -0.016098437101775893 0.99313698360993763 0.16564173299692408 -0.9115713450595494 0.0037598006192162705 -0.058153364207959746 0.082820866498462042 -0.0043462551432815622 -0.0037344351805458837 0.08205261815794658 1.0825617989912928
42.206467326196353 -24.58431818181819 -0.041846362779620769 1.3167187963972919 0.16043880384207665 -0.91611242826268036 0.0027163882454478666 -0.01708321326562065 0.080219401921038325 -0.0077381453881564784 -0.0066601665672998082 0.10513181473565027 1.0479716775803596
41.684996730416287 -24.58431818181819 -0.085993150433897075 1.7187756053295176 0.14514075239466284 -0.92433230071075223 0.001002525630227393 0.021634241619836264 0.072570376197331421 -0.011531928621433422 -0.0099465674806809672 0.12379903153089848 1.0060914173704769
41.014054600082062 -24.58431818181819 -0.1549035136117051 2.198138646555404 0.12148357985836522 -0.93566443578384262 -0.0010803778030026761 0.055202504786838968 0.06074178992918261 -0.014560310929577861 -0.012588742507478117 0.13212422613002728 0.95893469832230271
40.170860455433633 -24.58431818181819 -0.25410240435668541 2.7382481196141795 0.090110193157596719 -0.95038943667551756 -0.0031145265730583801 0.081486349913475808 0.045055096578798359 -0.015053457306434202 -0.013047109472520989 0.12175313139294944 0.91101484537855471
39.141519827763176 -24.58431818181819 -0.38556897794590439 3.3006098384559257 0.052464685052267424 -0.96865639359775113 -0.0044211744078177864 0.096023743453308691 0.026232342526133712 -0.011184478578742017 -0.0097114385122100324 0.08530629612752294 0.87013497208759971
37.927907064048412 -24.58431818181819 -0.54337344875980942 3.8228923180635803 0.012485689897337116 -0.98945073196281141 -0.0041448822231639855 0.092110689240042981 0.0062428449486685578 -0.0030369253227825808 -0.0026351286434845344 0.023524582111552488 0.8465111867939874
36.553885833241537 -24.58431818181819 -0.71120013730820331 4.2284512712314104 -0.025128100816639076 -1.0103095408346234 -0.0020633746012570925 0.066320999694110233 -0.012564050408319538 0.0060852237738522304 0.0052430812458519093 -0.052515735624570882 0.84878299009355906
35.067986167744749 -24.58431818181819 -0.86471529570238559 4.4468206488917144 -0.057626055852802116 -1.0282473307738191 0.0010970042102499519 0.018228526848894339 -0.028813027926401058 0.011631221907703685 0.0097873333252652302 -0.12722141660256683 0.8798822585888123
33.539389248460161 -24.58431818181819 -0.97705815138251828 4.4377067349807469 -0.083696826697868376 -1.0396556765680414 0.0037763618028455659 -0.052902173577751718 -0.041848413348934188 0.010301953273775461 0.00792435294091654 -0.1852556196818278 0.93498971214995374
32.046775455868911 -24.58431818181819 -1.0264073365692945 4.2074599022288179 -0.10108888547399864 -1.0392195146717038 0.0035110845456588287 -0.14525618088336309 -0.050544442736999318 0.0019858665758286606 -0.00045279682366486352 -0.21265396176163859 1.0006326585243164
30.663141876079308 -24.58431818181819 -1.0080258509927253 3.8038006448611759 -0.10727171869681595 -1.0245654626151377 -0.0012249446385203993 -0.23986627737903721 -0.053635859348407977 -0.0078103493850926213 -0.010013740031172414 -0.20362448610032094 1.0558723883225145
29.441754355214456 -24.58431818181819 -0.93690419145687698 3.2933448153080223 -0.10405159748801118 -0.99964961495023952 -0.0093410140230078403 -0.32351969070656439 -0.052025798744005591 -0.013827854839035968 -0.015674211708790225 -0.17005918471365258 1.0859967949054923
28.409667786292587 -24.58431818181819 -0.83222087170050629 2.7478032979792393 -0.099257967124706692 -0.96575276916209796 -0.021558645575083597 -0.40757181058239822 -0.049628983562353346 -0.016861794648809183 -0.01839636740519162 -0.13406795737700022 1.0891280389672142
27.570022673890371 -24.58431818181819 -0.70846711117025574 2.2249720074666266 -0.095595989011979743 -0.92106139270657894 -0.039011526747035119 -0.49570152376027887 -0.047797994505989871 -0.017976933342944392 -0.01927420581675918 -0.10303148622362854 1.0671735104743814
26.909264664006734 -24.58431818181819 -0.57504049638462451 1.7636998995315327 -0.10259860841376689 -0.85769334666414632 -0.066828120286990492 -0.60207535561649661 -0.051299304206883445 -0.02029965109141069 -0.021546667660922763 -0.085496645467450602 1.0245887423444895
26.405491086648983 -24.58431818181819 -0.435501463050319 1.3834327279528997 -0.13250342099407564 -0.75546947170420287 -0.11517304394561567 -0.74061087506554313 -0.066251710497037819 -0.027259916495904986 -0.028755637369724113 -0.082647503345966183 0.96382921720183956
26.037616573085611 -24.58431818181819 -0.286364715389267 1.097094003326649 -0.23930493813640896 -0.53438215102798292 -0.22063227237361707 -0.95134749444478439 -0.11965246906820448 -0.053990601928075248 -0.05671968874237341 -0.10535514399343494 0.88338905243462418
25.819200606579912 -24.58431818181819 -0.10417942435541791 0.95305271919261292 -1.1282881381055918 0.18483434243959651 -0.5790114090099443 -1.3262240354468142 -0.5641440690527959 -0.33997048762731008 -0.35613193179998975 -0.21602628761902407 0.77079885316733043
25.819200606579912 -24.58431818181819 0.10417942435541677 0.95305271919260348 -2.5287571011617729 1.3528833133981106 -0.52110323815857917 -1.1945355820030501 -1.2643785505808864 -0.76195322430353229 -0.7981747933659451 0.4841653389810664 0.59650658641339649
26.037616573085611 -24.58431818181819 0.28636471538926689 1.0970940033266761 -1.6271883991522436 1.4588795067554532 -0.15844723318106557 -0.68829750705525161 -0.81359419957612178 -0.36711687525033498 -0.38567369417387098 0.71637747817562902 0.4173000729910098
26.405491086648979 -24.58431818181819 0.43550146305031989 1.3834327279528473 -0.99954441477930023 1.3404799762842914 -0.067628587424844774 -0.44506653673702068 -0.49977220738965011 -0.20563617962776648 -0.21691920488310357 0.62345447193098646 0.25801974866470839
26.909264664006727 -24.58431818181819 0.57504049638462429 1.763699899531542 -0.76295594020373025 1.2948143718446816 -0.030603435236284986 -0.29236127038294812 -0.38147797010186513 -0.15095467300876969 -0.16022788552062719 0.63578029502914213 0.088141509450416877
27.570022673890364 -24.58431818181819 0.70846711117025518 2.2249720074666399 -0.63285172136569301 1.2652913085915956 -0.012011612956325338 -0.17817223948317018 -0.3164258606828465 -0.11900847858305945 -0.1275965075016279 0.68207520090951068 -0.101954692341108
28.409667786292587 -24.58431818181819 0.83222087170050607 2.7478032979792761 -0.55532043450504376 1.2441982824819529 -0.0024650758447538126 -0.085352163271248532 -0.27766021725252188 -0.094337002884082907 -0.10292250624003256 0.75007254833520198 -0.31713762525507039
29.441754355214464 -24.58431818181819 0.9369041914568772 3.2933448153079929 -0.50805217048946316 1.228024671571035 0.0020941157229936065 0.0017863878788068055 -0.25402608524473158 -0.067517191795107845 -0.076532388465056528 0.83034705849080137 -0.56075935329933757
30.663141876079322 -24.584318181818194 1.0080258509927256 3.8038006448612256 -0.4790622149541448 1.2130303979707004 0.0025543482739016758 0.087252185405779698 -0.2395311074770724 -0.034880053395651534 -0.044720123230866972 0.90936174525015745 -0.82990069416321099
32.046775455868925 -24.584318181818194 1.0264073365692945 4.2074599022287948 -0.45803266998371828 1.1936210394484554 -0.0012265504990245058 0.18248282040669078 -0.22901633499185914 0.0089979404332462282 -0.0020516176148429334 0.96353284964598274 -1.116613565194063
33.539389248460168 -24.58431818181819 0.97705815138251795 4.437706734980738 -0.42988400457294418 1.1639147324195338 -0.0091696538918894545 0.27404820320011603 -0.21494200228647209 0.052912937120550819 0.040701095970910608 0.95151071791464448 -1.3968404859859895
35.067986167744756 -24.58431818181819 0.86471529570238503 4.4468206488917197 -0.38826302524928114 1.1268646482152405 -0.018210901264583412 0.34366764893884766 -0.19413151262464057 0.078366866140660463 0.065943427669201152 0.85717079462778967 -1.6401032464515708
36.553885833241537 -24.58431818181819 0.71120013730820264 4.2284512712313642 -0.33631822534750744 1.0878019621941404 -0.025795612824993513 0.39030719024003185 -0.16815911267375372 0.081445536827409598 0.070174176426022458 0.70287838850038009 -1.8273803671591666
37.927907064048405 -24.58431818181819 0.54337344875980897 3.8228923180635976 -0.27561635518070293 1.0499108360276648 -0.030485710502340189 0.41517973581036027 -0.13780817759035147 0.067038849699433287 0.058169356929518044 0.51929525977720425 -1.9525190216738826
39.141519827763176 -24.58431818181819 0.385568977945904 3.3006098384559608 -0.20841809453529603 1.0158253071674765 -0.031644239002170262 0.41894591774043027 -0.10420904726764801 0.044430795904520634 0.038579084347787125 0.33888272984102918 -2.0206459288522312
40.170860455433633 -24.58431818181819 0.2541024043566853 2.7382481196141666 -0.14022473710790395 0.98760413677899939 -0.02977852286339152 0.40493955808365506 -0.070112368553951976 0.023425397498238819 0.020303224659640615 0.18946581117389411 -2.045102831971477
41.014054600082069 -24.58431818181819 0.15490351361170496 2.1981386465554142 -0.077268000027337136 0.96567797039170578 -0.02624368199452095 0.37953303766979685 -0.038634000013668568 0.0092608902916453371 0.0080069006654727229 0.084035840235604634 -2.0419333971131777
41.684996730416294 -24.58431818181819 0.085993150433896756 1.7187756053295473 -0.022470816802523386 0.94953654712696189 -0.022054574729261686 0.34693624516075239 -0.011235408401261693 0.0017853831619074468 0.0015399361790861129 0.019166673122213887 -2.0245850657218853
42.206467326196361 -24.58431818181819 0.041846362779620457 1.3167187963972362 0.023284439828598402 0.93852732236167224 -0.017800515098271512 0.30913616257931986 0.011642219914299201 -0.0011230349289616183 -0.00096658815679889569 -0.015257751589154541 -2.0023098830554691
42.604299351893651 -24.58431818181819 0.016098437101775828 0.99313698360993974 0.061928339710660252 0.93038701034363902 -0.013996511489985094 0.26880433206939897 0.030964169855330126 -0.0016249308680399859 -0.001396190237230713 -0.030676945474416017 -1.9805351664523976
42.90346803071364 -24.58431818181819 0.0035131854616426059 0.74031521242088638 0.097225557143821195 0.92462500864012687 -0.010326492049575788 0.21848661243969639 0.048612778571910598 -0.00098791768471684122 -0.00084751365739155898 -0.035965233056057158 -1.961085817740734
45.388747985452596 -27.476590909090916 -0.0034016504831852752 0.7168120292925011 0.1628778743454915 -0.90840867594694563 0.0048218520474112448 -0.10905298190172719 0.081438937172745751 -0.0016024741166333904 -0.0013747286038841792 0.058338215787217887 1.0973351884658427
45.099077174738802 -27.476590909090913 -0.01558735140620226 0.96160733244819319 0.16610634809068425 -0.91131236469034549 0.0046488819196561712 -0.058153364207959538 0.083053174045342126 -0.0042200762063866444 -0.0036260183836828042 0.079670495666905261 1.0714785168062504
44.713875335207376 -27.476590909090913 -0.040517843912028971 1.274916220303878 0.16095804605597885 -0.91582594988478605 0.0035982337572609741 -0.017083213265619346 0.080479023027989427 -0.0075167269132455378 -0.0064695932645234622 0.1021235840917776 1.0378804756264486
44.208960145426069 -27.476590909090916 -0.083263079879456248 1.6642087166165882 0.14571995532048432 -0.92401758088932318 0.0018746937065792419 0.021634241619833294 0.072859977660242159 -0.011210376954432548 -0.0096692213871225358 0.12034706904755077 0.99717687044403658
43.559318773867595 -27.476590909090916 -0.14998570888938803 2.1283531629062868 0.12213578006304859 -0.93531644624966204 -0.00022085541315279436 0.055202504786838219 0.061067890031524297 -0.014173744178327993 -0.01225451961093601 0.12861641416752809 0.95130087547192876
42.742893964850737 -27.476590909090916 -0.24603527937700381 2.6513154915572574 0.090867282588068643 -0.94999343774250122 -0.0022716592821377247 0.08148634991347703 0.045433641294034322 -0.014698008235850168 -0.012739035198192463 0.11887824115920685 0.90459906599615991
41.746232364799511 -27.476590909090913 -0.37332811331791149 3.1958236120390437 0.05338659313676164 -0.9681838058951121 -0.0036007719876614526 0.096023743453310328 0.02669329656838082 -0.011019692870871334 -0.0095683557338390908 0.084049441970734245 0.86458592177449434
40.571148814795293 -27.476590909090913 -0.52612268116914596 3.7015249103376981 0.013656093926749602 -0.98886210907078231 -0.0033550327955609591 0.092110689240041038 0.0068280469633748009 -0.0032161528078598523 -0.0027906436560150702 0.024912911175068869 0.84109130442922952
39.240749371124664 -27.476590909090913 -0.6886212860464167 4.0942083664392213 -0.02360940216393681 -1.009558913209883 -0.0013145044657152508 0.066320999694112565 -0.011804701081968405 0.0055359287103842114 0.0047698038853572679 -0.047775296257834152 0.84240396906956705
37.802023357286856 -27.476590909090913 -0.8372627165741634 4.3056450546360869 -0.055651806098848455 -1.0272858962433555 0.00179284334318419 0.018228526848893617 -0.027825903049424228 0.010876128255372748 0.0091519440836362442 -0.11896225992243192 0.87129158221365932
36.321955622220898 -27.476590909090916 -0.94603896350991823 4.2968204850261262 -0.081161315048465577 -1.0384330798257755 0.0044061097092082911 -0.052902173577751746 -0.040580657524232788 0.009672712286018759 0.0074403352464694318 -0.17394024811895986 0.9230476355105246
34.876728638273647 -27.476590909090916 -0.99382143371202081 4.0738834216590689 -0.097910306336431496 -1.0376870676132104 0.0040617680765393472 -0.14525618088336328 -0.048955153168215748 0.0018623601856117562 -0.0004246361698358775 -0.19942843921033637 0.98463690952615646
33.537022014006197 -27.476590909090913 -0.97602351499241957 3.6830393506987513 -0.10339208991169047 -1.0226708540410547 -0.00076366416251730761 -0.23986627737903687 -0.051696044955845233 -0.0072888858398848268 -0.0093451655385369779 -0.19002935210853691 1.0358582732895039
32.354410536226744 -27.476590909090913 -0.90715979283300274 3.1887892354679352 -0.099387179308085161 -0.99731721203113266 -0.0089759467279594048 -0.323519690706564 -0.04969358965404258 -0.012788659841474623 -0.014496258758885853 -0.15727884704732922 1.0625678823295845
31.355090171790124 -27.476590909090913 -0.80579991043607224 2.6605673165626209 -0.093713042715330985 -0.96288359844022064 -0.021294078724549918 -0.40757181058239977 -0.046856521357665493 -0.015414415804478498 -0.016817264258143779 -0.12255986293915129 1.0630379640859378
30.542101721993976 -27.476590909090913 -0.68597502675148014 2.1543346307524214 -0.089016859106647583 -0.91748982531330125 -0.0388494387984651 -0.49570152376027649 -0.044508429553323792 -0.01620827569377236 -0.017377916227249976 -0.092894750288826197 1.0392083266110013
29.902321150165491 -27.476590909090916 -0.55678437809067405 1.7077067752154056 -0.094733926920750333 -0.85310080109640984 -0.066769875308295021 -0.60207535561649494 -0.047366963460375167 -0.018148521674181173 -0.019263393409559387 -0.076436669593417592 0.99541544821097871
29.414541142094478 -27.476590909090913 -0.42167536510309322 1.3395121489814708 -0.12315063516224933 -0.74924635963736963 -0.11522178382165051 -0.74061087506554724 -0.061575317581124667 -0.024531420530236735 -0.025877431907675278 -0.074375160344258298 0.93399732290518611
29.058345737531543 -27.476590909090913 -0.27727334156041727 1.0622639730414178 -0.22886530531308691 -0.52445481745215217 -0.22079491519954722 -0.95134749444476985 -0.11443265265654345 -0.049995979485980599 -0.052523148354460363 -0.097560194362260558 0.85339485247698277
28.846863939570298 -27.476590909090916 -0.10087198443286322 0.92279564461900088 -1.1348621340864011 0.20096872089935747 -0.57931296818699973 -1.3262240354468191 -0.56743106704320057 -0.33109522132404695 -0.34683475498949767 -0.21038670741749629 0.74108070055777764
28.846863939570298 -27.476590909090916 0.10087198443286211 0.92279564461900132 -2.5725586293000386 1.3687994006384909 -0.52156646119203021 -1.1945355820030517 -1.2862793146500193 -0.75054215234952426 -0.78622126431919981 0.47691444044224485 0.56845235858994625
29.058345737531546 -27.476590909090913 0.27727334156041716 1.0622639730414423 -1.6549427890705704 1.4682968856949707 -0.15903957466794383 -0.68829750705524129 -0.82747139453528518 -0.36152480875009785 -0.37979896301709359 0.70546533883446083 0.39177897505585924
29.414541142094475 -27.476590909090913 0.42167536510309411 1.3395121489814192 -1.0150974380713174 1.3462337883060596 -0.068321322962477851 -0.44506653673702545 -0.50754871903565868 -0.20220587656478639 -0.21330068495982618 0.61305436729684115 0.23503193869672143
29.902321150165481 -27.476590909090916 0.5567843780906736 1.7077067752154056 -0.77386557577176185 1.2990016591478328 -0.031387145187312851 -0.29236127038294579 -0.38693278788588092 -0.14825223266154081 -0.15735943306432668 0.62439834648118619 0.068175664404546019
30.542101721993969 -27.476590909090913 0.68597502675147948 2.154334630752436 -0.64090437951532775 1.2684609380286886 -0.012879490993795803 -0.17817223948316938 -0.32045218975766387 -0.11669648851668774 -0.12511767690602799 0.66882445518284805 -0.11819962991799134
31.355090171790124 -27.476590909090913 0.80579991043607202 2.6605673165626551 -0.56132609997514571 1.2466071940927514 -0.0034076144531105003 -0.085352163271249171 -0.28066304998757285 -0.092329879131197293 -0.10073271643682355 0.7341139278350246 -0.32876677005765659
32.354410536226752 -27.476590909090916 0.90715979283300285 3.1887892354678882 -0.51257519945241636 1.2298661811180116 0.0010884911395981265 0.0017863878788057785 -0.25628759972620818 -0.065955688798179687 -0.074762386621483018 0.81114321742675166 -0.56672090925587293
33.537022014006197 -27.47659090909092 0.9760235149924199 3.6830393506988099 -0.48249372339711871 1.2144457719952106 0.0014988068558190468 0.087252185405780114 -0.24124686169855936 -0.034014610511369101 -0.043610528816105894 0.88679868771299941 -0.82919718747899762
34.876728638273654 -27.47659090909092 0.99382143371202092 4.0738834216590423 -0.46059980057443073 1.1946942897037938 -0.0023184003101011457 0.18248282040669037 -0.23029990028721536 0.0087611076115222189 -0.0019976174364216464 0.93817191229613506 -1.1084445118184356
36.321955622220905 -27.476590909090916 0.94603896350991801 4.2968204850261431 -0.43172939879321426 1.1646978983959388 -0.010285260720361691 0.27404820320011525 -0.21586469939660713 0.051453013759682316 0.039578110099127928 0.92525754051050302 -1.3810951631136461
37.802023357286856 -27.476590909090916 0.83726271657416274 4.3056450546360905 -0.38952272002838284 1.1274046440336021 -0.019340002913488696 0.34366764893884916 -0.19476136001419142 0.076125095632755629 0.064057043300154298 0.83265048008330522 -1.6175994119616477
39.240749371124664 -27.476590909090916 0.68862128604641593 4.0942083664391795 -0.337121404042662 1.0881435751262387 -0.026930673981217384 0.39030719024003024 -0.168560702021331 0.079048171002631437 0.068108585370957278 0.68218902118567548 -1.7995570674538077
40.571148814795293 -27.476590909090913 0.52612268116914551 3.7015249103377084 -0.27607595950517383 1.0500961034064991 -0.031621513058374913 0.41517973581035972 -0.13803797975258691 0.065018773091912119 0.056416544079436207 0.50364737483622291 -1.9210673768356514
41.746232364799511 -27.476590909090913 0.3733281133179111 3.1958236120390922 -0.2086346858855137 1.0158959803637451 -0.032777446131850067 0.41894591774043177 -0.10431734294275685 0.043064934950605593 0.0373931126838613 0.32846503015271467 -1.9871757732758986
42.742893964850744 -27.476590909090916 0.24603527937700376 2.6513154915572636 -0.14027727692551828 0.98759604145287494 -0.030907768135882488 0.404939558083658 -0.07013863846275914 0.022690197316681378 0.019666013083739248 0.18351947456276499 -2.0108836672542751
43.559318773867602 -27.476590909090916 0.14998570888938789 2.1283531629063073 -0.077206557006710641 0.96561491505068953 -0.027369072974754462 0.37953303766979618 -0.038603278503355321 0.0089597494471948778 0.0077465364076209284 0.081303206212774051 -2.0077843883869835
44.208960145426076 -27.476590909090916 0.083263079879455928 1.6642087166166037 -0.022328702276157797 0.94943498438909524 -0.023176593537341104 0.34693624516075161 -0.011164351138078898 0.0017177686396383414 0.0014816170175216184 0.018440809075606711 -1.9909321586547328
44.713875335207376 -27.476590909090916 0.040517843912028673 1.2749162203038469 0.02348362996331721 0.93839930129585836 -0.018919681547527066 0.30913616257931997 0.011741814981658605 -0.0010966835003984477 -0.00094390767010429423 -0.014899736410225087 -1.9693056733938483
45.099077174738802 -27.476590909090916 0.015587351406202198 0.96160733244820873 0.062175117882076858 0.93023690360012079 -0.015113449609782849 0.26880433206939824 0.031087558941038429 -0.0015796129324340278 -0.0013572516826688124 -0.029821391637055786 -1.9481691272833439
45.388747985452596 -27.476590909090916 0.0034016504831853051 0.71681202929250187 0.097513518334208737 0.92445614724800662 -0.011441750993141361 0.21848661243969636 0.048756759167104369 -0.00095938683986608662 -0.00082303764988404587 -0.034926565057480249 -1.9292910087123367
47.874027940191553 -30.368863636363638 -0.0032901155047279753 0.69330884616411692 0.16324255276286526 -0.90820313806654929 0.005652820671872746 -0.10905298190172891 0.081621276381432628 -0.0015534016596436336 -0.0013326303823987518 0.056551728532691102 1.0822131551804379
47.593854997583954 -30.368863636363635 -0.015076265710628627 0.93007768128646173 0.16651390644304476 -0.91108413480600703 0.0054753167069120853 -0.058153364207961272 0.083256953221522378 -0.0040917211553827427 -0.0035157318031053442 0.077247290484176528 1.0571434659689234
47.221283344218399 -30.368863636363635 -0.039189325044437173 1.2331136442104864 0.16141804916436853 -0.91557118421593342 0.0044182907991808934 -0.017083213265615932 0.080709024582184263 -0.0072910425375657143 -0.0062753483313686721 0.099057396163978503 1.024556204042754
46.732923560435857 -30.368863636363638 -0.080533009325015406 1.60964182790365 0.1462384153989843 -0.9237349887494074 0.0026860287940748727 0.021634241619832545 0.07311920769949215 -0.01088138348132636 -0.0093854565557245691 0.11681521633777697 0.9850549925829527
46.104582947653135 -30.368863636363638 -0.14506790416707097 2.0585676792571843 0.12272442019887897 -0.93500156588338612 0.0005788453990180826 0.055202504786839718 0.061362210099439485 -0.013775079850934143 -0.011909837235075242 0.12499882550494174 0.94049426577478057
45.314927474267854 -30.368863636363642 -0.23796815439732227 2.5643828635003625 0.09155297556744435 -0.94963402767407246 -0.0014875126398132014 0.081486349913473671 0.045776487783722175 -0.014323358643607271 -0.0124143194771242 0.11584805612582298 0.89505759989408551
44.350944901835838 -30.368863636363638 -0.36108724868991859 3.0910373856221645 0.054222612898680911 -0.9677545011408426 -0.0028378365298604535 0.096023743453313049 0.027111306449340455 -0.01082528107699505 -0.0093995487421687611 0.082566623621864177 0.85597782266292133
43.214390565542182 -30.368863636363635 -0.50887191357848249 3.580157502611824 0.014719628112141558 -0.98832642511886404 -0.0026211118536618319 0.092110689240041538 0.0073598140560707792 -0.0033529607863401149 -0.0029093514227309871 0.025972650938549616 0.83270783319148078
41.927612909007792 -30.368863636363635 -0.66604243478462999 3.9599654616470525 -0.022224458343206077 -1.0088734308808023 -0.00061952044264641966 0.066320999694110483 -0.011112229171603039 0.005040320356248921 0.0043427834562943151 -0.043498175437572437 0.83319573585230289
40.536060546828949 -30.368863636363635 -0.80981013744594099 4.1644694603804613 -0.053844645164292215 -1.0264046101488384 0.0024376706959947942 0.018228526848894422 -0.026922322582146108 0.01017792000094719 0.0085644222419294005 -0.11132531137854777 0.86005271513950166
39.104521995981642 -30.368863636363638 -0.91501977563731818 4.1559342350715234 -0.07883561809152595 -1.037310023605448 0.0049892935311744331 -0.052902173577751288 -0.039417809045762975 0.0090874728899896454 0.0069901639628479869 -0.16341613836109592 0.90868945120717581
37.706681820678384 -30.368863636363638 -0.96123553085474733 3.9403069410893221 -0.094994233155679231 -1.0362789036483886 0.0045726277076184006 -0.14525618088336328 -0.047497116577839615 0.0017476480110097791 -0.00039848068238888796 -0.18714463389918423 0.9665084772799839
36.410902151933072 -30.368863636363635 -0.94402117899211391 3.5622780565363708 -0.09983592573686928 -1.0209309397328374 -0.00033318075830691182 -0.23986627737903715 -0.04991796286843464 -0.0068074136355439387 -0.0087278644104071702 -0.17747683680523529 1.0140378366045644
35.267066717239032 -30.368863636363635 -0.87741539420912851 3.0842336556278371 -0.095120107030945311 -0.99517869214956756 -0.0086306110763196171 -0.32351969070656406 -0.047560053515472656 -0.011838275912227244 -0.013418975327358711 -0.14559073504050432 1.0376887866545486
34.300512557287654 -30.368863636363635 -0.7793789491716383 2.5733313351459981 -0.088658393652715661 -0.96026094351728775 -0.021036473720423502 -0.40757181058239789 -0.044329196826357831 -0.014104845906802707 -0.015388511893274708 -0.11214748603144274 1.0358736303246154
33.514180770097582 -30.368863636363635 -0.66348294233270455 2.0836972540382384 -0.083043572684934119 -0.91423597831300263 -0.038680072191480494 -0.49570152376027954 -0.04152178634246706 -0.01462487054137673 -0.015680247541696946 -0.083819754958239498 1.0105546176851383
32.895377636324241 -30.368863636363638 -0.53852825979672359 1.6517136508992785 -0.087622414728118825 -0.84892893374011535 -0.066688427378820761 -0.6020753556164955 -0.043811207364059412 -0.016235751235924151 -0.017233120634959815 -0.068380597334644633 0.96594446133973477
32.423591197539977 -30.368863636363635 -0.4078492671558675 1.2955915700100427 -0.11473234258867882 -0.74360611093267026 -0.11522944982476775 -0.74061087506554313 -0.057366171294339408 -0.022105144541502413 -0.023318028891844429 -0.067019097719221973 0.90426899396249893
32.079074901977478 -30.368863636363635 -0.26818196773156755 1.0274339427561927 -0.21956182546610359 -0.5154653981720041 -0.2208963412261957 -0.95134749444478017 -0.10978091273305179 -0.046390965330962167 -0.048735909955879557 -0.09052551106855658 0.82393001488205053
31.874527272560684 -30.368863636363638 -0.097564544510308507 0.89253857004541515 -1.1412049577170928 0.21559699227903584 -0.57952799970362645 -1.3262240354468169 -0.57060247885854642 -0.32202894811929794 -0.33733749123237583 -0.20462575635192196 0.71240988262561677
31.874527272560684 -30.368863636363638 0.097564544510307438 0.89253857004539139 -2.6127088047432334 1.3832569543560171 -0.52191354293368331 -1.1945355820030474 -1.3063544023716167 -0.73726271730940429 -0.7723105543424118 0.46847633431893665 0.54204649326351384
32.079074901977478 -30.368863636363635 0.26818196773156744 1.0274339427562023 -1.6803929689606347 1.4768891525685182 -0.15949276399765758 -0.68829750705524606 -0.84019648448031736 -0.35504829584995917 -0.37299507895739659 0.69282732546171255 0.36838491835835657
32.42359119753997 -30.368863636363635 0.40784926715586828 1.29559157001 -1.029416229206666 1.3515141803403672 -0.068858023660844009 -0.44506653673702978 -0.51470811460333299 -0.19833461103083083 -0.20921700745211774 0.60131733827039824 0.2145422525383647
32.895377636324234 -30.368863636363638 0.53852825979672314 1.6517136508992691 -0.78397220358040687 1.3028710727807689 -0.032000919855026906 -0.29236127038294168 -0.39198610179020343 -0.14526394544940441 -0.15418757404343231 0.61181248817355627 0.051043862036079017
33.514180770097575 -30.368863636363635 0.663482942332704 2.0836972540382477 -0.64842850850985867 1.2714161822901104 -0.013566613367031863 -0.17817223948317223 -0.32421425425492933 -0.11419526744440117 -0.1224359597955068 0.65448916675876356 -0.13129934374135682
34.300512557287661 -30.368863636363635 0.77937894917163808 2.573331335146019 -0.5669966358602283 1.2488772216942645 -0.0041628377774210485 -0.085352163271248255 -0.28349831793011415 -0.090204659130310616 -0.098414082580376872 0.71721632527077461 -0.33697316927209958
35.26706671723904 -30.368863636363642 0.87741539420912862 3.0842336556277945 -0.51689831199311498 1.2316229322402494 0.00027127733302979449 0.0017863878788056953 -0.25844915599655749 -0.064331139092897172 -0.072920919791778394 0.79116400867578585 -0.56902187445264196
36.410902151933087 -30.368863636363645 0.94402117899211424 3.5622780565364343 -0.48582108363728826 1.2158156713868029 0.00062688871519587857 0.087252185405780461 -0.24291054181864413 -0.033126202264140349 -0.042471490241688378 0.86363689764833274 -0.82464049536719253
37.706681820678398 -30.368863636363645 0.96123553085474733 3.9403069410892702 -0.46312662975385233 1.1957492107878318 -0.0032364966474952724 0.1824828204066907 -0.23156331487692616 0.0085203312500938874 -0.0019427180927317268 0.91238868608167611 -1.0962780525537352
39.104521995981642 -30.368863636363642 0.91501977563731784 4.1559342350715518 -0.43357223774664377 1.1654799347245326 -0.011240187895712711 0.27404820320011591 -0.21678611887332189 0.049978373376872193 0.03844380376480791 0.89873971319509394 -1.361255510758117
40.536060546828949 -30.368863636363638 0.80981013744594044 4.1644694603804808 -0.39080007125995686 1.1279537286129775 -0.020322510693394882 0.3436676489388476 -0.19540003562997843 0.073870518591254125 0.062159882607342072 0.80799008865277278 -1.5909456120535344
41.927612909007792 -30.368863636363638 0.66604243478462943 3.9599654616470055 -0.33795362656334471 1.0885006687347942 -0.027932382178784271 0.39030719024003235 -0.16897681328167236 0.07664504201318767 0.066038028723548886 0.66144991751890647 -1.7675606197203757
43.214390565542168 -30.368863636363635 0.50887191357848205 3.5801575026118266 -0.27657302461381694 1.0503017451473031 -0.032635191538978578 0.41517973581036038 -0.13828651230690847 0.063000131458802996 0.054664976351237092 0.48801060547095987 -1.8854433070418604
44.350944901835831 -30.368863636363635 0.36108724868991821 3.0910373856222062 -0.20889510090045293 1.0159907250311409 -0.033797419424832595 0.41894591774043027 -0.10444755045022647 0.041704891409053209 0.036212192256080099 0.31809170105336027 -1.9495494996790814
45.314927474267861 -30.368863636363638 0.23796815439732216 2.5643828635003443 -0.14037655015598971 0.9876137657399956 -0.03193045843498752 0.40493955808365556 -0.070188275077994855 0.021961751221896409 0.019034655399585924 0.17762776535035055 -1.9725312837446463
46.104582947653142 -30.368863636363638 0.14506790416707083 2.0585676792571985 -0.077192997073555425 0.96557833797925896 -0.028392668347715623 0.37953303766979757 -0.038596498536777712 0.008664450782476487 0.0074912232573096666 0.07862358571964996 -1.9695249512413702
46.732923560435864 -30.368863636363638 0.080533009325015101 1.6096418279036655 -0.022236249294172339 0.94936075702864298 -0.024200084750545033 0.34693624516075083 -0.011118124647086169 0.0016545663127989934 0.0014271034812797065 0.017762311392342592 -1.9531892971658926
47.221283344218406 -30.368863636363642 0.039189325044436889 1.2331136442104476 0.023631727051178109 0.93829920619222196 -0.019942557348533167 0.30913616257932119 0.011815863525589054 -0.0010674142579361033 -0.00091871584178890731 -0.014502079294514324 -1.932228968821758
47.593854997583961 -30.368863636363642 0.015076265710628567 0.93007768128647117 0.062370478256147721 0.93011472153311614 -0.016135600142233041 0.26880433206939969 0.031185239128073861 -0.0015326203726972918 -0.0013168742399003956 -0.028934222698917125 -1.9117445392804049
47.874027940191553 -30.368863636363642 0.0032901155047280043 0.69330884616412536 0.097749933790525434 0.92431506280796571 -0.012463188212006194 0.21848661243969403 0.048874966895262717 -0.00093017970382291623 -0.00079798146648656489 -0.033863276616609581 -1.8934484929927087
50.35930789493051 -33.261136363636361 -0.0031785805262706758 0.66980566303571742 0.16356108595514829 -0.90802246599020675 0.0064468938456486548 -0.10905298190172734 0.081780542977574144 -0.0015036696918393243 -0.0012899663805541158 0.054741231727046209 1.0640184673609949
50.088632820429112 -33.261136363636361 -0.014565180015054996 0.89854803012470941 0.16687108093716441 -0.91088300598091909 0.0062653578745983669 -0.058153364207960828 0.083435540468582203 -0.003961490991609056 -0.0034038340683585633 0.074788685190999307 1.039746923398005
49.728691353229422 -33.261136363636361 -0.037860806176845382 1.1913110681171148 0.16182310792343924 -0.91534583077431431 0.0052024979733286091 -0.017083213265619845 0.080911553961719618 -0.0070615517976708245 -0.0060778272876709817 0.095939494297326663 1.0081869122606009
49.256886975445639 -33.261136363636361 -0.077802938770574565 1.5550749391907015 0.14669813351998084 -0.92348353540801253 0.0034620658387343227 0.021634241619836486 0.073349066759990422 -0.010545551700619191 -0.0090957935185503273 0.11320995215572155 0.96991149687646749
48.649847121438668 -33.261136363636361 -0.1401500994447539 1.9887821956081044 0.12324940596255374 -0.93471999650781079 0.0013437377510181906 0.055202504786839024 0.061624702981276869 -0.013365033273496266 -0.011555313845815001 0.12127795120608424 0.9266983580997441
47.886960983684972 -33.261136363636368 -0.22990102941764068 2.4774502354434729 0.092165443288141469 -0.94931237599189255 -0.00073775217051747334 0.081486349913473977 0.046082721644070734 -0.013930368092939955 -0.012073707308647116 0.11266952848412724 0.88257176308570473
46.955657438872166 -33.261136363636368 -0.34884638406192564 2.9862511592053043 0.054969494449615963 -0.96737040415020348 -0.0021088901983750984 0.096023743453310384 0.027484747224807982 -0.010602360237657728 -0.0092059874590858862 0.080866360976662277 0.84448964076821931
45.857632316289056 -33.261136363636361 -0.49162114598781892 3.4587900948859414 0.01567222117064182 -0.98784599546023855 -0.0019206796330833928 0.092110689240042398 0.0078361105853209101 -0.0034489290626840961 -0.0029926227340018739 0.026716038857910553 0.82153665747210913
44.614476446890912 -33.261136363636361 -0.64346358352284339 3.8257225568548621 -0.02097713399918133 -1.0082552539739522 4.2809768190894999e-05 0.066320999694111094 -0.010488566999590665 0.0045961604505673614 0.003960091453800536 -0.039665056878804679 0.82132942324080294
43.270097736371042 -33.261136363636361 -0.7823575583177188 4.0232938661248339 -0.052206310105041398 -1.02560456339741 0.0030513033884702065 0.018228526848894255 -0.026103155052520699 0.0095337022877107751 0.0080223318628172505 -0.10427890724932053 0.84632912319405085
41.887088369742372 -33.261136363636361 -0.88400058776471813 4.0150479851169028 -0.076715996895407645 -1.0362850106730477 0.0055437875607253374 -0.052902173577751566 -0.038357998447703823 0.0085433590302088323 0.0065716268029170207 -0.15363157153261331 0.89206605673839168
40.536635003083113 -33.261136363636361 -0.92864962799747386 3.8067304605195558 -0.092327289378121957 -1.0349890527015364 0.0050588616582971464 -0.14525618088336342 -0.046163644689060979 0.0016410011473268339 -0.00037416416398971495 -0.17572449200865156 0.94637824330377862
39.284782289859962 -33.261136363636361 -0.91201884299180813 3.4415167623739773 -0.096576738940621576 -1.0193335576480727 7.8545958283469247e-05 -0.23986627737903721 -0.048288369470310788 -0.0063619448665515662 -0.008156723706610974 -0.16586297106282072 0.99051318784920261
38.179722898251327 -33.261136363636361 -0.84767099558525416 2.9796780757877293 -0.091207976341465047 -0.99321405224641235 -0.0082965346293127802 -0.3235196907065635 -0.045603988170732523 -0.010966575199958389 -0.012430881246978751 -0.13487029328230313 1.0114247804962251
37.245934942785183 -33.261136363636361 -0.75295798790720425 2.4860953537293611 -0.084031820296988746 -0.95785446525191409 -0.020781311617491326 -0.40757181058239939 -0.042015910148494373 -0.012915592450126913 -0.01409102583188163 -0.10269174391971375 1.0076567018434728
36.486259818201184 -33.261136363636361 -0.64099085791392896 2.0130598773239972 -0.077587561717913145 -0.91125466381372677 -0.038503230220111352 -0.4957015237602786 -0.038793780858956572 -0.013200797917003727 -0.014153409324268076 -0.075657944699477217 0.98118465032239888
35.888434122482991 -33.261136363636361 -0.52027214150277301 1.5957205265831313 -0.081140784279033484 -0.84511065135928543 -0.066588568068347148 -0.60207535561649173 -0.040570392139516742 -0.014525077077274816 -0.01541735900405462 -0.061175699999525171 0.93609316102294071
35.432641252985469 -33.261136363636361 -0.39402316920864172 1.2516709910386026 -0.10708317452970073 -0.73844845046592766 -0.11520673708080018 -0.74061087506555456 -0.053541587264850365 -0.019931996813644142 -0.021025642999080656 -0.060430477606006755 0.87450109093963624
35.099804066423417 -33.261136363636361 -0.25909059390271788 0.99260391247093871 -0.211180583440016 -0.50724529137161356 -0.22095416410419802 -0.95134749444477862 -0.105590291720008 -0.043107480030157679 -0.04528645287259133 -0.084118246575980465 0.79478416658201079
34.90219060555107 -33.261136363636361 -0.094257104587753812 0.8622814954718121 -1.147340216231612 0.22899256607113039 -0.57968304160026007 -1.3262240354468178 -0.57367010811580599 -0.31278473794910377 -0.32765383178048474 -0.1987517394071722 0.68449245676778381
34.90219060555107 -33.261136363636361 0.094257104587752785 0.86228149547178301 -2.6498503466302683 1.396517552608916 -0.52218178368658996 -1.1945355820030492 -1.3249251733151342 -0.72239492222919299 -0.7567359772063923 0.45902894199180966 0.51689881321979547
35.099804066423417 -33.261136363636361 0.25909059390271771 0.99260391247097923 -1.7039275133511458 1.484796676710773 -0.1598526945700541 -0.68829750705525805 -0.85196375667557289 -0.34781616784143615 -0.36539738537852307 0.67871483438904978 0.34665440486950594
35.432641252985469 -33.261136363636361 0.3940231692086425 1.2516709910385679 -1.0426889624701228 1.3563935634812296 -0.069290989989551688 -0.44506653673701646 -0.52134448123506139 -0.19408159282587573 -0.20473063093490029 0.5884228990531376 0.19603450353961466
35.888434122482991 -33.261136363636361 0.52027214150277268 1.5957205265831249 -0.79337735833333167 1.3064631044955561 -0.032502346149685162 -0.29236127038294835 -0.39668867916666584 -0.14202311924330427 -0.1507476624461741 0.59816300385892163 0.036187330665074666
36.486259818201177 -33.261136363636361 0.64099085791392851 2.0130598773240074 -0.65546719750343607 1.2741750520419555 -0.014134614776014368 -0.17817223948317507 -0.32773359875171804 -0.11152161279312336 -0.11956936575254203 0.63916560699944058 -0.14184505766856764
37.24593494278519 -33.261136363636361 0.75295798790720414 2.4860953537294068 -0.57232962645184315 1.2510082518605121 -0.0047946275837877656 -0.085352163271245146 -0.28616481322592158 -0.087966393876276319 -0.095972115350845211 0.6994199010510469 -0.34236699480582766
38.179722898251327 -33.261136363636368 0.84767099558525438 2.9796780757876693 -0.52098401863037447 1.2332804425318888 -0.0004213277456247696 0.0017863878788047793 -0.26049200931518723 -0.062641565436082333 -0.07100574672243555 0.77038511549703137 -0.56827437037586637
39.284782289859976 -33.261136363636368 0.91201884299180858 3.4415167623740386 -0.48898374545044421 1.2171157654613236 -0.00012271045512925183 0.087252185405780294 -0.2444918727252221 -0.032211562155855189 -0.041298819492293623 0.83979121382120447 -0.81682661461087447
40.536635003083127 -33.261136363636368 0.92864962799747386 3.806730460519502 -0.46554155631592353 1.1967561464434329 -0.0040376381967277856 0.18248282040669064 -0.23277077815796177 0.0082744141324681102 -0.0018866466068116507 0.88605496861815902 -1.0806786694271819
41.887088369742372 -33.261136363636368 0.8840005877647179 4.0150479851169258 -0.43533979936668499 1.1662295313936075 -0.012085602795059916 0.27404820320011497 -0.21766989968334249 0.048480947346606129 0.037291970510336399 0.87181214132668639 -1.3378448215924783
43.270097736371049 -33.261136363636361 0.78235755831771814 4.023293866124849 -0.39202743114420757 1.1284814470466698 -0.021203817781395278 0.34366764893884805 -0.19601371557210379 0.071590442029421039 0.060241264813367772 0.78305078541700446 -1.5606208787455678
44.614476446890919 -33.261136363636361 0.64346358352284272 3.8257225568548261 -0.33875513938641322 1.088845091386172 -0.028841005488436766 0.39030719024003091 -0.16937756969320661 0.074222387773993176 0.063950648952687678 0.64054231013034257 -1.7318282677444974
45.857632316289056 -33.261136363636361 0.49162114598781848 3.4587900948859414 -0.2770561489803085 1.0505024805578409 -0.033562989952761357 0.41517973581036249 -0.13852807449015425 0.060970745231921426 0.052904085579563748 0.47229060650615179 -1.8460480786697389
46.955657438872166 -33.261136363636361 0.34884638406192536 2.9862511592053473 -0.20915544186858126 1.01608713514312 -0.034737496655014008 0.41894591774043022 -0.10457772093429063 0.040341308621452424 0.035028198714954176 0.30769137740353392 -1.9081392811068796
47.886960983684972 -33.261136363636361 0.22990102941764062 2.4774502354434662 -0.14048516809422806 0.98763766803218767 -0.032877942106920202 0.40493955808365323 -0.070242584047114032 0.021233664520365146 0.0184036092082034 0.17173896292892418 -1.9303955017654784
48.649847121438683 -33.261136363636361 0.14015009944475373 1.9887821956081111 -0.077195619642316027 0.96555123788977815 -0.029344504919458805 0.37953303766979896 -0.038597809821158013 0.0083710101239853722 0.0072375165261254083 0.075960825280965025 -1.9274886408914667
49.256886975445653 -33.261136363636361 0.077802938770574259 1.5550749391907397 -0.022166284246580403 0.94929910462316547 -0.025154244214350249 0.34693624516075233 -0.011083142123290202 0.0015934469711647659 0.0013743865701803997 0.017106175237626715 -1.9116786326294397
49.728691353229429 -33.261136363636368 0.037860806176845098 1.1913110681170882 0.023752370212014928 0.93821412525743331 -0.020897797519035706 0.30913616257931986 0.011876185106007464 -0.0010364934570960783 -0.00089210252895247392 -0.014081983813966012 -1.8913939549188505
50.088632820429112 -33.261136363636368 0.014565180015054937 0.89854803012471207 0.062534664278428354 0.93000938455919835 -0.017091267188707918 0.26880433206940124 0.031267332139214177 -0.0014845622609442847 -0.0012755812422910724 -0.028026937285827919 -1.871570137534716
50.35930789493051 -33.261136363636368 0.003178580526270704 0.66980566303573519 0.097952125554365166 0.92419230044237488 -0.013418883459231703 0.21848661243969486 0.048976062777182583 -0.00090050540803898575 -0.00077252451664203982 -0.032782981182937022 -1.8538634298597092
52.844587849669466 -36.153409090909086 -0.0030670455478133763 0.64630247990733924 0.1638388887740303 -0.90786354966718952 0.0072341931133570337 -0.10905298190172913 0.08191944438701515 -0.0014533709048253904 -0.001246816116514906 0.05291009981658757 1.0428402304370294
52.583410643274263 -36.153409090909086 -0.014054094319481365 0.86701837896298217 0.16718070029242549 -0.91070730673828271 0.007048928455758904 -0.058153364207959149 0.083590350146212744 -0.0038295764242960066 -0.0032904890426387005 0.072298280172337415 1.0193766285413237
52.236099362240445 -36.153409090909086 -0.036532287309253592 1.1495084920237353 0.16217312818836438 -0.91514986172341906 0.0059804869169586871 -0.017083213265619929 0.08108656409418219 -0.0068285031250695447 -0.0058772439566588622 0.092773253726322946 0.98885900576912233
51.780850390455427 -36.153409090909086 -0.075072868216133723 1.5005080504777659 0.14709611640516718 -0.92326482287769507 0.0042320232732923546 0.021634241619835709 0.073548058202583588 -0.010203118508676645 -0.008800436604447362 0.10953381966148082 0.95183166763733662
51.195111295224208 -36.153409090909086 -0.13523229472243681 1.9189967119590086 0.12370487180104206 -0.93447492815039634 0.0021024563083921494 0.055202504786838191 0.06185243590052103 -0.012943717339344305 -0.011191047049934731 0.11745481569577103 0.90999787974193413
50.458994493102082 -36.153409090909093 -0.22183390443795911 2.3905176073865944 0.092696183883017036 -0.94903308207102965 5.4336169837783041e-06 0.081486349913473366 0.046348091941508518 -0.013518961734454578 -0.011717133819409089 0.10934205284840394 0.86722642197005817
49.560369975908493 -36.153409090909093 -0.3366055194339328 2.8814649327884401 0.055616384761925652 -0.96703729581530229 -0.0013872395303431775 0.096023743453311328 0.027808192380962826 -0.010350720359956165 -0.0089874895485830726 0.078947052376482488 0.83020700112462043
48.500874067035937 -36.153409090909086 -0.47437037839715546 3.3374226871600872 0.016501319178004237 -0.98742736065675496 -0.0012284853090798143 0.092110689240044175 0.0082506595890021184 -0.003503961954654241 -0.0030403745667112302 0.027142333760941325 0.80766432368038488
47.301339984774039 -36.153409090909086 -0.62088473226105667 3.6914796520627244 -0.019880635546826841 -1.0077111074836822 0.0006959888013795398 0.066320999694109206 -0.0099403177734134207 0.0042030668746435166 0.0036213986411142932 -0.036272642881206775 0.80689171873578991
46.004134925913142 -36.153409090909086 -0.75490497918949639 3.8821182718692002 -0.05074903670468367 -1.0248918951903161 0.0036552273260180785 0.018228526848895671 -0.025374518352341835 0.0089423856950405795 0.0075247562306826445 -0.097811131535206736 0.83020565439212746
44.669654743503116 -36.153409090909086 -0.85298139989211808 3.8741617351623199 -0.074811140853429103 -1.0353624619420907 0.0060887835723907992 -0.052902173577751677 -0.037405570426714552 0.0080388885888090528 0.0061835837085954526 -0.14455989534179031 0.87325685255239904
43.366588185487856 -36.153409090909086 -0.89606372514020038 3.6731539799498254 -0.089911373484800272 -1.0338188219903408 0.0055370297528534763 -0.14525618088336348 -0.044955686742400136 0.0015419860280864875 -0.00035158775728016706 -0.1651215856316339 0.92431462643428652
42.158662427786844 -36.153409090909086 -0.88001650699150247 3.3207554682115794 -0.09360693027084932 -1.0178756623149827 0.00048509175142651389 -0.23986627737903715 -0.04680346513542466 -0.0059499371056959387 -0.0076284837515702532 -0.1551214709791372 0.9653351756831926
41.092379079263623 -36.153409090909086 -0.81792659696137981 2.8751224959476458 -0.087632035078610615 -0.9914149629494734 -0.0079634190919298312 -0.32351969070656461 -0.043816017539305308 -0.010166889553902899 -0.01152441800574119 -0.12503551481677352 0.98380302565337063
40.191357328282727 -36.153409090909086 -0.72653702664277031 2.3988593723127503 -0.079801280417319376 -0.95564917970096075 -0.020521816995248555 -0.40757181058239755 -0.039900640208659688 -0.0118349772679008 -0.012912065090756517 -0.094099783620763738 0.9783856837069268
39.458338866304793 -36.153409090909086 -0.61849877349515348 1.9424225006098046 -0.072599577674660409 -0.90852158554703577 -0.038315866315368791 -0.49570152376027987 -0.036299788837330205 -0.011918708014139301 -0.012778799751434823 -0.068309882288360838 0.95106415471529571
38.881490608641755 -36.153409090909086 -0.50201602320882255 1.5397274022670162 -0.0752178797817038 -0.84160841114592055 -0.066471258671826045 -0.60207535561649261 -0.0376089398908519 -0.012992338865677414 -0.013790464004344015 -0.054720220795411674 0.90579090403352969
38.441691308430968 -36.153409090909086 -0.38019707126141594 1.207750412067174 -0.10010580946954328 -0.73371639845730219 -0.11515896768829641 -0.74061087506554657 -0.050052904734771642 -0.017979427570255006 -0.018965938483455663 -0.054510614531574894 0.84458316940255995
38.120533230869349 -36.153409090909086 -0.2499992200738681 0.95777388218568826 -0.20359230522016203 -0.49969865112853856 -0.22097852405639121 -0.95134749444476918 -0.10179615261008101 -0.040100244199300465 -0.042127208963283633 -0.078250044469173566 0.76580297343249282
37.929853938541449 -36.153409090909086 -0.090949664665199118 0.8320244208982075 -1.1532614053581636 0.24130862735619452 -0.57979423895447391 -1.3262240354468151 -0.57663070267908179 -0.3033668365718315 -0.31778822422614111 -0.19276735445101933 0.65711999777050922
37.929853938541449 -36.153409090909086 0.090949664665198132 0.8320244208981854 -2.6843181334530084 1.4087253263438182 -0.52239432586807355 -1.1945355820030445 -1.3421590667265042 -0.70611319924047533 -0.7396802571600064 0.44868310227543229 0.49273926186269279
38.120533230869349 -36.153409090909086 0.24999922007386802 0.95777388218572601 -1.7257447014650107 1.4920937897860318 -0.16014794949826958 -0.68829750705524717 -0.86287235073250534 -0.33990864182988045 -0.35709015415529816 0.6632843981311165 0.32627089396382908
38.441691308430961 -36.153409090909086 0.38019707126141672 1.2077504120671367 -1.0550060635956298 1.3609079050995989 -0.069652819827771065 -0.44506653673702634 -0.52750303179781488 -0.18948355951677573 -0.19988030872388979 0.57448243179763103 0.17915896499864642
38.881490608641741 -36.153409090909086 0.50201602320882222 1.539727402267002 -0.80212380705224362 1.3097955879198853 -0.032927382190468694 -0.29236127038294357 -0.40106190352612181 -0.13855035988377895 -0.14706156993901198 0.58353667977000168 0.023229607741374121
39.458338866304786 -36.153409090909086 0.61849877349515292 1.9424225006098457 -0.6620309018570949 1.2767426313161752 -0.014622185694912953 -0.17817223948316865 -0.33101545092854745 -0.10868593548755687 -0.11652905698715119 0.62291344420452321 -0.1502335771119854
40.191357328282734 -36.153409090909086 0.72653702664277009 2.3988593723128022 -0.57731023267183423 1.2529950868387458 -0.0053435245593579017 -0.085352163271247755 -0.28865511633591712 -0.085618344022397055 -0.093410372149879267 0.68075058059699223 -0.34535717382858311
41.092379079263623 -36.153409090909093 0.81792659696138004 2.8751224959475978 -0.52479708503393852 1.2348250207311935 -0.0010305476662568526 0.0017863878788046961 -0.26239854251696926 -0.060885884904578046 -0.069015639893564532 0.74879321977055968 -0.56488927273971901
42.158662427786851 -36.153409090909093 0.8800165069915028 3.3207554682116407 -0.49193236304248256 1.2183262263952952 -0.00079073497323704344 0.087252185405779947 -0.24596618152124128 -0.031268695724665729 -0.040089959445127034 0.81520963839531191 -0.8061570430246936
43.366588185487863 -36.153409090909093 0.89606372514020038 3.6731539799497774 -0.46778833396316677 1.1976918157157019 -0.0047611749822126194 0.1824828204066907 -0.23389416698158338 0.0080226010026980335 -0.0018292307729863761 0.85908988429628741 -1.0620284179442694
44.669654743503116 -36.153409090909093 0.85298139989211774 3.8741617351623141 -0.43697509244265587 1.1669221574604154 -0.012858973262819661 0.27404820320011508 -0.21848754622132793 0.046955494117023641 0.036118578487986358 0.84438056831991104 -1.3112188770038042
46.004134925913149 -36.153409090909086 0.75490497918949584 3.8821182718692109 -0.39315086821000422 1.1289634881442758 -0.022019485006655012 0.34366764893884849 -0.19657543410500211 0.069276323811471849 0.058294001960602755 0.75773913714741625 -1.5269517516269855
47.301339984774032 -36.153409090909086 0.62088473226105612 3.6914796520626729 -0.33947693966999992 1.0891536666371844 -0.029690526565027305 0.39030719024003169 -0.16973846983499996 0.071770556654063761 0.061838130129939342 0.61938290504098625 -1.6926577255315436
48.50087406703593 -36.153409090909086 0.47437037839715501 3.3374226871600654 -0.27748187638095367 1.0506767833913928 -0.034437772804127111 0.41517973581036111 -0.13874093819047684 0.058921709680093311 0.051126145162776582 0.45641840025634606 -1.803153415346028
49.560369975908493 -36.153409090909086 0.33660551943393247 2.8814649327884965 -0.20937760606330436 1.0161655571206056 -0.035629827303860183 0.41894591774042944 -0.10468880303165218 0.038967096823631808 0.03383497604629504 0.29720998412788996 -1.863194901751833
50.458994493102082 -36.153409090909086 0.22183390443795906 2.3905176073865664 -0.1405700606833522 0.98765013839334082 -0.033781934728217514 0.40493955808365445 -0.070285030341676102 0.020500965539060938 0.017768565468756634 0.16581285615316743 -1.8847086734105072
51.195111295224216 -36.153409090909086 0.1352322947224367 1.9189967119590006 -0.077186056109073364 0.96551815163578747 -0.030256045478902802 0.37953303766979829 -0.038593028054536682 0.0080762744285564764 0.0069826901151056053 0.073286313324470442 -1.8818948386870336
51.780850390455441 -36.153409090909086 0.075072868216133432 1.5005080504777859 -0.022094349941258695 0.94923649647731989 -0.026070394904577944 0.3469362451607515 -0.011047174970629348 0.0015325440013786603 0.0013218562850357749 0.016452361905582569 -1.8666103016525453
52.236099362240452 -36.153409090909093 0.036532287309253314 1.1495084920236773 0.023866780849930991 0.93813223286778935 -0.021816640215567222 0.30913616257932253 0.011933390424965495 -0.0010049407657093943 -0.00086494535242751349 -0.013653303356455487 -1.8470042424808291
52.583410643274263 -36.153409090909093 0.014054094319481307 0.86701837896297196 0.062685566793634573 0.92991088038782621 -0.018011629671597987 0.26880433206940046 0.031342783396817286 -0.0014359263259253483 -0.0012337917612813764 -0.027108743191532409 -1.827845064363971
52.844587849669466 -36.153409090909093 0.0030670455478134036 0.64630247990738454 0.098135052973456038 0.92407949468035688 -0.014339969402603195 0.218486612439693 0.049067526486728019 -0.00087052977350108945 -0.00074680905466291078 -0.031691715484553851 -1.8107320581194395
55.32986780440843 -39.045681818181812 -0.0029555105693560768 0.62279929677897627 0.16407868375420098 -0.90772456114757516 0.0080550899176788961 -0.10905298190173107 0.082039341877100491 -0.0014025679887984088 -0.001203233370872964 0.051060615043613103 1.0186410019188252
55.078188466119414 -39.045681818181805 -0.013543008623907733 0.83548872780124017 0.16744167201126703 -0.91055732209578866 0.0078662187724297603 -0.058153364207957775 0.083720836005633514 -0.0036960721810371591 -0.0031757781187876982 0.069777863783179739 0.99599427174065536
54.743507371251468 -39.045681818181805 -0.035203768441661801 1.1077059159303546 0.16246272140867923 -0.91498596129135357 0.0067921318876913621 -0.017083213265619623 0.081231360704339617 -0.0065919307071983357 -0.0056736277632150663 0.089559138927540735 0.96653368382826244
54.304813805465216 -39.045681818181812 -0.072342797661692895 1.4459411617648392 0.14742267722183544 -0.92308392271860751 0.0050352741858714391 0.021634241619834849 0.07371133861091772 -0.0098539035984668462 -0.0084992302942378996 0.10578488319999731 0.93077689618721171
53.740375469009749 -39.045681818181812 -0.13031449000011974 1.8492112283098816 0.12407660173356716 -0.93427389388583826 0.0028936024407486766 0.055202504786839773 0.06203830086678358 -0.012510492253822237 -0.010816483685471253 0.11352361330307667 0.89035567550519801
53.031028002519193 -39.045681818181819 -0.21376677945827754 2.3035849793296652 0.09312646091259924 -0.9488060424931456 0.00077948295392295947 0.081486349913470424 0.04656323045629962 -0.013087806735080454 -0.011343443818371617 0.10585484919671731 0.84898760457769396
52.165082512944821 -39.045681818181812 -0.3243646548059399 2.7766787063715141 0.056140246845519992 -0.96676718393936734 -0.00063710724183191 0.096023743453314159 0.028070123422759996 -0.010068260176372884 -0.0087422304883859724 0.076792671025992257 0.81310107236868145
51.144115817782819 -39.045681818181805 -0.45711961080649194 3.2160552794341988 0.017180362476861277 -0.98708408829530203 -0.00051096486708936129 0.092110689240042759 0.0085901812384306386 -0.0035154856615845255 -0.0030503736437327588 0.027231598514301483 0.79106884080681616
49.988203522657159 -39.045681818181805 -0.59830588099927007 3.5572367472705193 -0.018963734475400784 -1.0072553699120821 0.0013708604048052212 0.066320999694109761 -0.0094818672377003921 0.0038634223974350185 0.0033287580325041485 -0.033341496840518736 0.78986818855529684
48.738172115455235 -39.045681818181805 -0.7274524000612741 3.7409426776136065 -0.049502043950367947 -1.0242809528865322 0.0042771851894304073 0.018228526848894505 -0.024751021975183973 0.0084054509283659189 0.0070729413158723753 -0.091938180079068801 0.81167474376080695
47.452221117263846 -39.045681818181812 -0.82196221201951802 3.7332754852076833 -0.073148282549159838 -1.0345556716304902 0.0066486748374802711 -0.052902173577752121 -0.036574141274579919 0.0075743637375746296 0.0058262671130738172 -0.13620654361458931 0.85225868044020314
46.196541367892586 -39.045681818181812 -0.8634778222829268 3.5395774993800453 -0.087768833612574593 -1.0327793271070618 0.0060280202420998422 -0.14525618088336298 -0.043884416806287296 0.0014505023097554368 -0.00033072858296217996 -0.15532516961024304 0.90031448635540501
45.032542565713726 -39.045681818181805 -0.8480141709911968 3.1999941740491686 -0.090941740246482494 -1.0165653409570554 0.00090376306110429971 -0.23986627737903771 -0.045470870123241247 -0.005570317158689506 -0.00714176859037327 -0.1452243571867422 0.93849520117417595
44.005035260275903 -39.045681818181805 -0.78818219833750569 2.770566916107569 -0.084399551877724299 -0.98978610554635071 -0.0076175370194638652 -0.32351969070656234 -0.04219977593886215 -0.0094357763857377437 -0.010695683345571468 -0.11604406164064038 0.95480424908324135
43.136779713780257 -39.045681818181805 -0.70011606537833637 2.3116233908961199 -0.075964880415208436 -0.95364570293142381 -0.020247787884685772 -0.4075718105824 -0.037982440207604218 -0.010856322050120288 -0.011844343574496053 -0.086318505959820435 0.948026300449618
42.430417914408395 -39.045681818181805 -0.59600668907637799 1.871785123895624 -0.068066438139973817 -0.90603199273844437 -0.038111226903841819 -0.49570152376027765 -0.034033219069986909 -0.010768132783953173 -0.011545195366792861 -0.061715572028836575 0.920140128223364
41.874547094800505 -39.045681818181812 -0.48375990491487203 1.4837342779508687 -0.069826971043472019 -0.83841048493023507 -0.066333219142447011 -0.60207535561648773 -0.03491348552173601 -0.011622558654743572 -0.012336537587550161 -0.048951076659132314 0.87496307187962208
41.45074136387646 -39.045681818181805 -0.36637097331419022 1.1638298330957335 -0.093757378601422081 -0.72938880120238736 -0.11508643280849928 -0.74061087506556444 -0.046878689300711041 -0.016226853908608049 -0.017117203081583866 -0.049197104580551008 0.81441651565788975
41.141262395315287 -39.045681818181805 -0.24090784624501843 0.92294385190045913 -0.19673074228562859 -0.49278737866496136 -0.22097349734255103 -0.9513474944447724 -0.098365371142814295 -0.037339644542657285 -0.039227068055877272 -0.072863118523777401 0.73686087762585806
40.957517271531842 -39.045681818181812 -0.087642224742644423 0.80176734632460145 -1.1589292466517795 0.25260552800016822 -0.57987024555387356 -1.3262240354468118 -0.57946462332588977 -0.29377143085739899 -0.30773667417150335 -0.18667017851921267 0.63013376587716841
40.957517271531842 -39.045681818181812 0.087642224742643465 0.80176734632458813 -2.7162036826444966 1.4199345715635441 -0.52256505666932318 -1.1945355820030388 -1.3581018413222483 -0.68851747822906706 -0.72124807453456641 0.43750231327636407 0.46937146226660431
41.141262395315287 -39.045681818181805 0.24090784624501829 0.92294385190048611 -1.7458946344298956 1.4988042382552154 -0.16039648250390651 -0.68829750705525083 -0.87294731721494778 -0.33137212975030911 -0.34812214322732549 0.64662658311836163 0.30700996363857441
41.45074136387646 -39.045681818181805 0.36637097331419094 1.1638298330957035 -1.0663801067077028 1.3650644120538027 -0.069964530505227426 -0.44506653673702756 -0.53319005335385139 -0.18456141223991759 -0.19468808877725238 0.5595593052504676 0.16367155813967904
41.874547094800498 -39.045681818181812 0.4837599049148717 1.4837342779508826 -0.81020423514959017 1.3128671869491628 -0.033299732158824806 -0.29236127038295057 -0.40510211757479508 -0.13485686267968847 -0.14314117956359479 0.56798066752272935 0.011911251811164938
42.430417914408388 -39.045681818181805 0.59600668907637733 1.8717851238956555 -0.6680973141963984 1.2791111370730408 -0.015055440533723147 -0.17817223948316604 -0.3340486570981992 -0.10569321369622683 -0.11332037090827425 0.60576120983104975 -0.15673521414677907
43.136779713780264 -39.045681818181805 0.70011606537833615 2.3116233908961541 -0.58190348038358275 1.2548244537519038 -0.0058377114297787506 -0.085352163271248144 -0.29095174019179137 -0.083161212794660225 -0.090729620203264333 0.66121395525129101 -0.34621916383997731
44.005035260275918 -39.045681818181819 0.7881821983375058 2.7705669161074908 -0.52829095537111659 1.2362383460567059 -0.0015861678484144347 0.0017863878788046128 -0.26414547768555829 -0.059062343467315009 -0.066948611068042993 0.72636674988623051 -0.55914027090538843
45.03254256571374 -39.045681818181819 0.84801417099119702 3.1999941740492241 -0.49461135482089813 1.219424629935661 -0.001408143845587228 0.087252185405779531 -0.24730567741044907 -0.03029568280939186 -0.038842448239146538 0.78984211063530996 -0.79289551300890537
46.1965413678926 -39.045681818181819 0.8634778222829268 3.5395774993800218 -0.46980674534307321 1.1985312608093308 -0.0054389762169698179 0.18248282040669064 -0.2349033726715366 0.0077642112947165368 -0.0017703154155974722 0.83142055557627725 -1.0405733128372361
47.452221117263854 -39.045681818181819 0.82196221201951769 3.7332754852076957 -0.43841752200818673 1.167531727231776 -0.013593021671441229 0.27404820320011603 -0.21920876100409337 0.04539728979124618 0.034919994034787814 0.81636004635756576 -1.2816002087704104
48.738172115455242 -39.045681818181812 0.72745240006127354 3.740942677613587 -0.39411220532780633 1.1293736170948294 -0.022803188610206922 0.34366764893884794 -0.19705610266390317 0.066920283240714973 0.056311462673086343 0.73196894538568413 -1.4901341935613792
49.988203522657159 -39.045681818181812 0.5983058809992694 3.5572367472704989 -0.34006492132270072 1.0894007565672286 -0.030515736274642206 0.39030719024003019 -0.17003246066135036 0.069280364335639638 0.059692558967972077 0.597892441204537 -1.6502179246039812
51.144115817782819 -39.045681818181805 0.45711961080649149 3.2160552794342041 -0.27780116185787129 1.0508002540554315 -0.035295536649136233 0.41517973581036127 -0.13890058092893565 0.05684431877372649 0.0493236009118476 0.44032654821507056 -1.7569030442567768
52.165082512944821 -39.045681818181805 0.32436465480593957 2.7766787063716194 -0.20951796903137709 1.0162033228594778 -0.036511555011554529 0.41894591774043005 -0.10475898451568855 0.037575207491298931 0.032626404044338274 0.28659376069603337 -1.814838264470682
53.0310280025192 -39.045681818181812 0.21376677945827746 2.3035849793296546 -0.14059309884644322 0.98763065598491018 -0.034680549365211262 0.40493955808365573 -0.07029654942322161 0.019758673184362412 0.017125206975407186 0.15980915768351575 -1.8355751096036341
53.740375469009749 -39.045681818181812 0.1303144900001196 1.849211228309894 -0.077131495024027164 0.96546094627705781 -0.031166160414321412 0.37953303766979746 -0.038565747512013582 0.0077770744648204175 0.0067240039290799416 0.070571291381741841 -1.8328346637080994
54.30481380546523 -39.045681818181812 0.072342797661692604 1.4459411617648499 -0.021992239187466511 0.94915706312757553 -0.026987969472743928 0.34693624516075056 -0.010996119593733256 0.0014699869039932303 0.0012678992748108566 0.015780790971878955 -1.8180659764101974
54.743507371251475 -39.045681818181819 0.035203768441661537 1.1077059159302984 0.023999131742012514 0.93803978771675767 -0.022738907274022443 0.30913616257932541 0.011999565871006257 -0.00097376562515110484 -0.00083811313120885533 -0.013229752371415817 -1.7991348679273493
55.078188466119414 -39.045681818181819 0.013543008623907679 0.83548872780124062 0.062843048130332479 0.92980781992032835 -0.018936761745283644 0.26880433206939963 0.03142152406516624 -0.0013871842007792642 -0.001191911038470733 -0.026188544341954993 -1.7806398743535514
55.32986780440843 -39.045681818181819 0.0029555105693561032 0.62279929677900425 0.098314747286961435 0.92396741379929614 -0.015266667439461701 0.21848661243969103 0.049157373643480717 -0.00084040848095827251 -0.0007209686357664267 -0.030595147093269753 -1.7641220957379964
57.815147759147379 -41.937954545454538 -0.0028439755908987773 0.59929611365059443 0.16428112807597994 -0.90760443893600939 0.0089722620343272285 -0.10905298190172939 0.082140564037989972 -0.0013513031322277323 -0.0011592543362226055 0.049194313283178658 0.99120198402731108
57.572966288964565 -41.937954545454531 -0.013031922928334102 0.80395907663948718 0.1676483017522824 -0.91043550061378997 0.0087797324066121434 -0.058153364207958608 0.083824150876141201 -0.0035609788830128428 -0.003059701830542673 0.067227447750743352 0.96938057249279319
57.250915380262491 -41.937954545454531 -0.033875249574070003 1.0659033398369775 0.16267906869674564 -0.91486054244947801 0.0076995452347993678 -0.017083213265616848 0.081339534348372822 -0.0063516116269928371 -0.0054667868442115925 0.086294121310233077 0.94099208758767094
56.828777220475004 -41.937954545454538 -0.069612727107252054 1.3913742730519028 0.14765786864483621 -0.92295118381980823 0.0059332310180062603 0.02163424161983396 0.073828934322418105 -0.009497164459471439 -0.0081915341546326438 0.1019551716776151 0.90653018366016136
56.285639642795289 -41.937954545454538 -0.12539668527780265 1.7794257446607897 0.12433684127366662 -0.93413145395873443 0.0037774219427107198 0.055202504786838941 0.06216842063683331 -0.012063621037710468 -0.010430121972397685 0.10946858220558782 0.86755903030337711
55.603061511936303 -41.937954545454545 -0.20569965447859595 2.2166523512727809 0.093420294416136529 -0.94865008386602201 0.0016427850231161591 0.081486349913471756 0.046710147208068264 -0.01263363582856657 -0.010949805505531152 0.10218149171278475 0.82765036899723543
54.769795049981155 -41.937954545454538 -0.312123790177947 2.6718924799546455 0.05649700020093118 -0.96658284778223957 0.00019714323886101115 0.096023743453315324 0.02824850010046559 -0.0097498705277412993 -0.0084657740157984725 0.074364248327617163 0.79297896843033211
53.787357568529707 -41.937954545454531 -0.43986884321582842 3.0946878717083042 0.017658291186262942 -0.98684205889992516 0.00028377388589381596 0.092110689240041149 0.0088291455931314711 -0.0034769226597379222 -0.0030169126725384954 0.026932882409363926 0.77157373443254018
52.675067060540293 -41.937954545454531 -0.57572702973748335 3.4229938424783457 -0.018282437822588093 -1.0069158311032702 0.0021146857384528343 0.066320999694112148 -0.0091412189112940467 0.0035840641993127461 0.003088060601500285 -0.030930623909241058 0.77010199138115809
51.472209304997335 -41.937954545454531 -0.6999998209330518 3.5997670833580111 -0.048523777342353469 -1.0238002268044886 0.0049592082382832582 0.018228526848892868 -0.024261888671176735 0.0079284051457845992 0.0066715212309849427 -0.086720289755433125 0.79060040371047446
50.234787491024591 -41.937954545454538 -0.79094302414691797 3.5923892352531039 -0.071785370832113449 -1.0338926555263155 0.0072600076863793359 -0.052902173577751635 -0.035892685416056724 0.007152721562214125 0.0055019362484757693 -0.12862433270714418 0.82895513182447833
49.026494550297322 -41.937954545454538 -0.83089191942565344 3.4060010188103069 -0.085953892903726681 -1.031897021392181 0.0065629308126173716 -0.14525618088336315 -0.04297694645186334 0.0013669007964423241 -0.00031166662777221311 -0.14637280935014818 0.87427718928365394
47.906422703640615 -41.937954545454531 -0.81601183499089114 3.079232879886785 -0.088629341502593162 -1.0154268361538865 0.0013604769103633041 -0.23986627737903835 -0.044314670751296581 -0.0052238119353587662 -0.0066975102025858936 -0.13619058103244144 0.90990298131328584
46.917691441288198 -41.937954545454531 -0.75843779971363134 2.6660113362674784 -0.081552279212920187 -0.98834958594590283 -0.0072377412646396685 -0.32351969070656084 -0.040776139606460093 -0.0087733802052602748 -0.0099448410718597485 -0.10789771097955142 0.92434291472030672
46.082202099277787 -41.937954545454531 -0.67369510411390232 2.2243874094794842 -0.072557604250391261 -0.95186402584321284 -0.01994241145213229 -0.407571810582401 -0.036278802125195631 -0.009978060707972301 -0.010886152666325356 -0.07933545898069691 0.91649282703888535
45.402496962511997 -41.937954545454531 -0.57351460465760229 1.8011477471814361 -0.064015878384442226 -0.90380376866551326 -0.037876450100234965 -0.49570152376027843 -0.032007939192221113 -0.009745147888272571 -0.01044838863949182 -0.055852522298629574 0.88832228463384977
44.867603580959262 -41.937954545454538 -0.46550378662092151 1.4277411536347397 -0.06498822052021147 -0.83553314608750928 -0.066165311671539523 -0.60207535561649439 -0.032494110260105735 -0.01040894074618583 -0.011048366592625874 -0.043839645945683688 0.84351171687066195
44.459791419321959 -41.937954545454531 -0.35254487536696444 1.1199092541242919 -0.088048890113024303 -0.72548135308623596 -0.11498359957759435 -0.74061087506555545 -0.044024445056512151 -0.014663785652485639 -0.015468371033109508 -0.044458143294766189 0.78389311571388132
44.161991559761219 -41.937954545454531 -0.23181647241616871 0.88811382161524843 -0.19058730891814823 -0.48653057909774694 -0.22093720676841533 -0.95134749444476374 -0.095293654459074117 -0.034808497259237868 -0.036567977752199651 -0.067923936944204941 0.70783763983374826
43.98518060452222 -41.937954545454538 -0.084334784820089714 0.77151027175098319 -1.1642616157217849 0.26285315202339399 -0.57991347975049723 -1.3262240354468098 -0.58213080786089244 -0.28398575968029233 -0.29748581385540701 -0.1804521028532837 0.60339780481749627
43.98518060452222 -41.937954545454538 0.084334784820088798 0.77151027175099385 -2.7453518899460994 1.4301118933306416 -0.52270125868321815 -1.1945355820030337 -1.3726759449730497 -0.66964403148577534 -0.70147742592526263 0.42550962337266024 0.44664165258634769
44.161991559761219 -41.937954545454531 0.23181647241616857 0.88811382161525143 -1.7642764226790346 1.5049011855509429 -0.16060942123033381 -0.68829750705523984 -0.88213821133951731 -0.32222403145288669 -0.33851163196268447 0.62877534273629854 0.28870524250942092
44.459791419321952 -41.937954545454531 0.3525448753669651 1.119909254124261 -1.0767406802340092 1.3688399333411942 -0.070240266239405699 -0.4450665367370385 -0.53837034011700458 -0.17932190306993367 -0.18916109364834033 0.54367399057157562 0.14939799653692934
44.867603580959248 -41.937954545454538 0.46550378662092118 1.4277411536347051 -0.81755332934203229 1.3156545185167721 -0.033636361701337984 -0.29236127038294535 -0.40877666467101614 -0.13094471727105308 -0.13898870932745674 0.55150376811628588 0.0020531237147222111
45.402496962511989 -41.937954545454531 0.57351460465760185 1.8011477471814836 -0.67360030324968556 1.2812556831083011 -0.015454152513784935 -0.17817223948316735 -0.33680015162484278 -0.10254228698279949 -0.10994206333881609 0.58770225305165991 -0.16153017250154328
46.082202099277794 -41.937954545454531 0.67369510411390221 2.2243874094795233 -0.58603991364117558 1.2564693525672197 -0.0062998353474821005 -0.085352163271248227 -0.29301995682058779 -0.080591716003012764 -0.087926276430545 0.64078391245230193 -0.34512920813114706
46.917691441288198 -41.937954545454545 0.75843779971363157 2.6660113362674149 -0.53139058668127226 1.2374905767014814 -0.0021137820733299183 0.0017863878788055565 -0.26569529334063613 -0.057166908140962876 -0.064800088760613772 0.70305610698253995 -0.55119371196273881
47.906422703640629 -41.937954545454545 0.81601183499089136 3.0792328798868569 -0.49693962157148008 1.2203780820574677 -0.0020036334824925497 0.08725218540578035 -0.24846981078574004 -0.02928961314963403 -0.03755255459555449 0.76361275681917207 -0.77719105588322956
49.026494550297336 -41.937954545454545 0.83089191942565332 3.4060010188102718 -0.47151208628808461 1.1992392830719649 -0.0061031534098215656 0.18248282040669073 -0.2357560431440423 0.007498325259116481 -0.0017096908228670191 0.80294849227874066 -1.0164374859580367
50.234787491024591 -41.937954545454545 0.79094302414691775 3.592389235253115 -0.43958226557796909 1.1680216950964892 -0.014323675669381048 0.27404820320011458 -0.21979113278898454 0.043800143579670332 0.033691455141004321 0.78763924911797312 -1.2490819301123455
51.472209304997342 -41.937954545454538 0.69999982093305124 3.5997670833579791 -0.39482920970877289 1.1296747461226391 -0.023595015455989229 0.34366764893884849 -0.19741460485438644 0.064512000289573809 0.054284962949204346 0.70562733045861592 -1.4502266765673506
52.675067060540286 -41.937954545454538 0.5757270297374828 3.4229938424783453 -0.34044147265034419 1.0895495654480423 -0.031361032018393152 0.39030719024003102 -0.1702207363251721 0.066739682416963125 0.057503485531309739 0.57596625000665891 -1.6045318854196131
53.7873575685297 -41.937954545454531 0.43986884321582798 3.0946878717083202 -0.2779427862331898 1.0508373953804837 -0.036184826593326544 0.41517973581036161 -0.1389713931165949 0.054727015279749866 0.047486424659250528 0.42392552592931537 -1.7072866058480742
54.769795049981155 -41.937954545454531 0.31212379017794667 2.671892479954737 -0.20951282030460083 1.0161671951629137 -0.037434873954186182 0.41894591774043088 -0.10475641015230042 0.036156306788092459 0.031394378175889505 0.27577151603696165 -1.7630300058429724
55.603061511936311 -41.937954545454538 0.20569965447859589 2.2166523512727507 -0.14049850088181914 0.98754900345753771 -0.03562893418076659 0.40493955808365512 -0.070249250440909572 0.019000228009277718 0.016467848534299723 0.15367481437774511 -1.7829321302484029
56.285639642795289 -41.937954545454538 0.12539668527780254 1.7794257446608106 -0.076983862395852309 0.96535281343016677 -0.03213224728291815 0.37953303766979651 -0.038491931197926155 0.0074692595730233039 0.0064578693367939241 0.067778095235952754 -1.7802279820031215
56.828777220475011 -41.937954545454538 0.06961272710725179 1.3913742730518956 -0.021818750100708995 0.94903735155890157 -0.027966001511354911 0.34693624516075228 -0.010909375050354497 0.001403353982475276 0.0012104267676465803 0.015065464730900752 -1.7659530530385368
57.250915380262498 -41.937954545454545 0.033875249574069746 1.0659033398369124 0.024184364752001697 0.93791662940643106 -0.023724765891535458 0.30913616257932297 0.012092182376000848 -0.00094424988771353406 -0.00081270914642565144 -0.012828746331283745 -1.7476845790383149
57.572966288964565 -41.937954545454545 0.013031922928334048 0.80395907663950483 0.063035294525281116 0.92968372471801097 -0.019927582138519671 0.26880433206940135 0.031517647262640558 -0.0013389181419845057 -0.0011504393664111521 -0.025277333112582245 -1.7298475772923123
57.815147759147379 -41.937954545454545 0.0028439755908988024 0.59929611365061208 0.09851338449175806 0.92384296091138418 -0.016260358770830975 0.21848661243969264 0.04925669224587903 -0.00081032706914759055 -0.00069516242970536399 -0.029500030563659831 -1.7139230226724493
60.30042771388635 -44.830227272727271 -0.0027324406124414773 0.57579293052218583 0.16444649222585206 -0.90750153581985094 0.010095414657217432 -0.1090529819017276 0.082223246112926029 -0.0012996146195572557 -0.0011149118559773664 0.047312588283945432 0.96000770606848729
60.067744111809731 -44.830227272727271 -0.012520837232760467 0.7724294254777665 0.16778933897339054 -0.91034655814918319 0.0098990567147410804 -0.058153364207959551 0.083894669486695272 -0.0034242027358568575 -0.0029421795869191371 0.064645261338366983 0.93901974681896339
59.758323389273521 -44.830227272727271 -0.032546730706478205 1.0241007637435842 0.16279802418847944 -0.9147854892679782 0.0088118250542993156 -0.017083213265619734 0.08139901209423972 -0.0061069765772203766 -0.0052562312009720369 0.082970466165438919 0.91171990437578121
59.352740635484793 -44.830227272727271 -0.066882656552811198 1.3368073843389703 0.14776465734851396 -0.92288559730901976 0.0070339548331333308 0.021634241619832933 0.073882328674256981 -0.009131303994679478 -0.0078759706508139855 0.09802753973472389 0.87858143313743864
58.830903816580829 -44.830227272727271 -0.12047888055548556 1.7096402610116854 0.1244341117076031 -0.93407438215334193 0.004860078446715009 0.055202504786840662 0.062217055853801551 -0.011599577603261404 -0.010028913280027167 0.10525772572293077 0.84110656570689979
58.175095021353428 -44.830227272727271 -0.19763252949891438 2.1297197232158798 0.093510457501057576 -0.94860014572083906 0.0026982985610705564 0.081486349913470896 0.046755228750528788 -0.012149885107024831 -0.010530529820691109 0.098268891174426901 0.80272875421327838
57.37450758701749 -44.830227272727271 -0.2998829255499541 2.5671062535377871 0.056603621904385171 -0.96652695055560389 0.0012135231813714554 0.096023743453316601 0.028301810952192585 -0.009385178738469474 -0.0081491135776307743 0.071582669771954099 0.76937875064092232
56.430599319276595 -44.830227272727271 -0.42261807562516485 2.9733204639824757 0.017838245600878655 -0.98675013082816254 0.0012468510136011187 0.092110689240041121 0.0089191228004393275 -0.0033746082384335818 -0.0029281348352311232 0.026140336083936136 0.74875036590022992
55.36193059842342 -44.830227272727271 -0.55314817847569664 3.2887509376861841 -0.01794368474345065 -1.0067453251913885 0.0030099748021870081 0.066320999694110178 -0.0089718423717253248 0.0033797001631707237 0.0029119787867563341 -0.029166953731766386 0.74720553986664207
54.206246494539442 -44.830227272727271 -0.67254724180482939 3.4585914891023881 -0.047926794704661102 -1.0235043601502611 0.0057741031325084513 0.018228526848894561 -0.023963397352330551 0.0075237522341030944 0.0063310176313551248 -0.082294227122891764 0.76664049458597072
53.017353864785335 -44.830227272727271 -0.75992383627431792 3.4515029852984944 -0.070836024129006026 -1.0334280889106813 0.0079855626083904716 -0.052902173577752121 -0.035418012064503013 0.0067813227609327892 0.0052162530285102286 -0.12194562690718659 0.80304968475466576
51.856447732702065 -44.830227272727271 -0.79830601656837974 3.272424538240573 -0.084576616840414731 -1.0312252385769118 0.0071948646676549058 -0.14525618088336309 -0.042288308420207366 0.0012922502401276437 -0.00029464557751861676 -0.13837895077915949 0.84594791536084124
50.780302841567504 -44.830227272727271 -0.78400949899058536 2.958471585724411 -0.086772997958337372 -1.0145114877358601 0.0018995227378104541 -0.23986627737903832 -0.043386498979168686 -0.0049138226754619433 -0.0063000693573674795 -0.12810881661565543 0.87933856736340665
49.830347622300494 -44.830227272727271 -0.728693401089757 2.561455756427403 -0.079186618500832529 -0.9871552861341597 -0.0067874356975968619 -0.32351969070656073 -0.039593309250416264 -0.0081847894533922817 -0.00927765905686119 -0.1006590420350309 0.89222613830849262
49.02762448477533 -44.830227272727271 -0.64727414284946838 2.1371514280628539 -0.069669798818234208 -0.95035351846727456 -0.019575698549196566 -0.40757181058240116 -0.034834899409117104 -0.0092051873270156317 -0.010042940957850684 -0.07319035060676507 0.88361217690213623
48.374576010615613 -44.830227272727271 -0.55102252023882681 1.7305103704672407 -0.060533816947235142 -0.90188747294921345 -0.037587264149629061 -0.49570152376027948 -0.030266908473617571 -0.0088536765382617715 -0.0094925858920450971 -0.050743218260772119 0.85545094051171999
47.860660067118026 -44.830227272727271 -0.44724766832697094 1.3717480293186062 -0.060784843136185929 -0.83303116489936002 -0.065948370729522809 -0.60207535561648973 -0.030392421568092964 -0.0093538856867153332 -0.0099284990329314947 -0.039396039109192399 0.81128615362364331
47.468841474767459 -44.830227272727271 -0.33871877741973866 1.0759886751528631 -0.083060032839572751 -0.72205834770849076 -0.11483600079543237 -0.7406108750655559 -0.041530016419786375 -0.013290434618787353 -0.01401966577708654 -0.04029437286759658 0.75286807079232443
47.182720724207158 -44.830227272727271 -0.22272509858731895 0.85328379133002463 -0.18522192383328129 -0.48102061586980221 -0.22085976490792153 -0.95134749444476652 -0.092610961916640644 -0.032501885376396811 -0.034144772539216765 -0.063422904942793665 0.67859200094517891
47.012843937512613 -44.830227272727271 -0.08102734489753502 0.74125319717738913 -1.1691098245053455 0.27190668094955633 -0.5799192953881932 -1.3262240354468031 -0.58455491225267275 -0.27398460492047433 -0.28700922634423254 -0.17409710318921337 0.57677362670901766
47.012843937512613 -44.830227272727271 0.081027344897534131 0.74125319717738014 -2.7712832979041773 1.4391121674042802 -0.52280418022604269 -1.1945355820030259 -1.3856416489520886 -0.64945905301944851 -0.68033289827898658 0.41268355133864515 0.42441444211837231
47.182720724207165 -44.830227272727271 0.22272509858731884 0.85328379133002619 -1.7805886156288109 1.5102916420766721 -0.16079276502293324 -0.68829750705522674 -0.89029430781440544 -0.31244944383460704 -0.32824296394464003 0.6097015956539551 0.2712253828570419
47.468841474767459 -44.830227272727271 0.33871877741973933 1.075988675152822 -1.0859027644095862 1.3721697111535907 -0.070489900547142756 -0.44506653673705016 -0.54295138220479311 -0.17375528517573721 -0.18328904170843924 0.52679693700078667 0.13621226900181557
47.860660067118012 -44.830227272727271 0.44724766832697066 1.3717480293185851 -0.82402079456467736 1.318102049863334 -0.033950968923250988 -0.29236127038294013 -0.41201039728233868 -0.1268045769002841 -0.13459423829754524 0.53406661553316792 -0.0064629889568411794
48.374576010615606 -44.830227272727271 0.55102252023882636 1.730510370467303 -0.67840392199043831 1.2831242310865492 -0.015836119049278313 -0.17817223948316813 -0.33920196099521915 -0.099223362915097507 -0.1063836351936624 0.56868045034285986 -0.16472475851505308
49.027624484775338 -44.830227272727271 0.64727414284946816 2.1371514280628849 -0.58958877733434112 1.2578784486489925 -0.0067523317204607912 -0.085352163271248283 -0.29479438866717056 -0.077899968613778778 -0.084989556172372069 0.61938185639802767 -0.34217578344874483
49.830347622300501 -44.830227272727271 0.72869340108975722 2.5614557564273177 -0.53396414448029095 1.2385289570288749 -0.0026411928374503071 0.001786387878805501 -0.26698207224014547 -0.05519094237097618 -0.062560283225437108 0.67875507607227847 -0.5411131686383801
50.780302841567519 -44.830227272727285 0.78400949899058558 2.958471585724483 -0.49878054673210537 1.2211309446735976 -0.0026112898321885743 0.087252185405780475 -0.24939027336605268 -0.028245182467802766 -0.036213477838194529 0.73638328853684243 -0.75907338871741781
51.85644773270208 -44.830227272727285 0.79830601656837974 3.2724245382405215 -0.47276358575933175 1.1997572383139095 -0.0067952284091341211 0.18248282040669064 -0.23638179287966588 0.0072233778087137119 -0.0016470001397504953 0.77350609906055534 -0.98960706743897131
53.017353864785335 -44.830227272727271 0.7599238362743177 3.4515029852985197 -0.44032786573126037 1.1683310340151136 -0.015101093047346831 0.27404820320011425 -0.22016393286563019 0.04215376871968779 0.032425049138487573 0.75803319414866621 -1.2135981753336613
54.206246494539442 -44.830227272727271 0.67254724180482883 3.4585914891023588 -0.39516330202907746 1.1298043270135147 -0.024454687964900301 0.3436676489388491 -0.19758165101453873 0.062034417173065882 0.052200149161389563 0.6785277156172892 -1.4071060664863566
55.36193059842342 -44.830227272727271 0.5531481784756962 3.2887509376861739 -0.34047425913064977 1.0895372961887915 -0.032296077024925811 0.39030719024003058 -0.17023712956532489 0.064128462218959126 0.05525363570528103 0.55343131050860017 -1.5554179969308104
56.430599319276581 -44.830227272727271 0.42261807562516451 2.9733204639824655 -0.27778420226383949 1.0507270226081877 -0.037184851716939069 0.41517973581036161 -0.13889210113191974 0.052550731638098119 0.045598071555062389 0.40706763257184658 -1.6540674087526754
57.37450758701749 -44.830227272727271 0.29988292554995377 2.5671062535378635 -0.20925199079886925 1.0159995223787144 -0.038487391879950032 0.41894591774043177 -0.10462599539943462 0.03469508255753162 0.030125602956040255 0.26462646121448041 -1.7074857190221377
58.175095021353428 -44.830227272727271 0.19763252949891433 2.1297197232158651 -0.14018944444394466 0.98735248427381039 -0.036721526946658416 0.40493955808365445 -0.070094722221972328 0.018214921504285476 0.015787208882454617 0.14732321526401959 -1.7264571458683813
58.830903816580829 -44.830227272727271 0.12047888055548545 1.7096402610117265 -0.076659299820274862 0.96514669664830288 -0.033253978503047135 0.37953303766979563 -0.038329649910137431 0.0071460750197377809 0.0061784462431949405 0.064845430596677606 -1.7237236364772983
59.352740635484807 -44.830227272727271 0.066882656552810948 1.3368073843389701 -0.02150184802466848 0.94883603150499507 -0.029107990935129391 0.34693624516075122 -0.01075092401233424 0.0013287339089317189 0.0011460651485905218 0.014264393796392343 -1.7098999788616955
59.758323389273528 -44.830227272727271 0.032546730706477962 1.0241007637435389 0.024483502320897799 0.93772719731694709 -0.024880395433635492 0.30913616257932608 0.012241751160448899 -0.00091843974119083923 -0.0007904945373242723 -0.012478085106091601 -1.6922677917533162
60.067744111809731 -44.830227272727278 0.012520837232760417 0.77242942547777305 0.063311446433104157 0.92950949913201897 -0.021092075548982701 0.26880433206939774 0.031655723216552079 -0.0012920441156375534 -0.0011101637711519862 -0.024392401957237245 -1.6750733603792061
60.30042771388635 -44.830227272727271 0.0027324406124415016 0.5757929305221946 0.098769553041014202 0.92368297392871357 -0.01743016975878265 0.21848661243969436 0.049384776520507101 -0.00078057216886659518 -0.00066963633097003148 -0.028416800715948955 -1.65973441734552
62.785707668625321 -47.722500000000004 -0.0026209056339841774 0.55228974739378334 0.16458164286157917 -0.90740862452523741 0.011635824593835976 -0.10905298190172971 0.082290821430789585 -0.0012475903876509784 -0.0010702813693103318 0.045418641395439024 0.92400267533830449
62.562521934654896 -47.722499999999997 -0.012009751537186834 0.74089977431602816 0.16784918103449742 -0.91029568218854595 0.011435741588934021 -0.058153364207957595 0.083924590517248709 -0.0032856022417723806 -0.0028230898086878202 0.062028633219973858 0.90385535981892262
62.265731398284551 -47.722499999999997 -0.031218211838886414 0.98229818765019861 0.16277883081893196 -0.9147799811086178 0.01034017255688556 -0.017083213265622899 0.081389415409465982 -0.0058570064472534353 -0.0050410836922450356 0.079574327675544482 0.87766305582459025
61.876704050494581 -47.722500000000004 -0.064152585998370371 1.2822404956260378 0.14767709168437249 -0.92292026260539628 0.0085473257541992601 0.021634241619834849 0.073838545842186243 -0.0087533846666175957 -0.0075500060856297495 0.093970451944228567 0.84588401710813266
61.376167990366369 -47.722500000000004 -0.11556107583316848 1.6398547773625967 0.12427373829936095 -0.93415129488248727 0.0063484986626844405 0.055202504786842493 0.062136869149680474 -0.011111757073905597 -0.0096071470784931702 0.10083110940661583 0.8099675240586669
60.747128530770553 -47.722500000000011 -0.18956540451923279 2.0427870951589551 0.093270155013380207 -0.94872157085957254 0.0041473787076212847 0.081486349913469869 0.046635077506690104 -0.011623993023675236 -0.010074729439255694 0.094015449149836103 0.77322081758860317
59.979220124053825 -47.722500000000004 -0.28764206092196115 2.4623200271209358 0.056300625305884644 -0.96668093688980672 0.0026041584384717386 0.096023743453315769 0.028150312652942322 -0.0089538991367707228 -0.0077746352053061083 0.06829321240858649 0.74134455642843511
59.073841070023484 -47.722499999999997 -0.40536730803450133 2.8519530562565834 0.017531924874072402 -0.9869028108470258 0.0025569505062968826 0.09211068924004126 0.008765962437036201 -0.0031812769373637611 -0.002760381994781169 0.024642756267721489 0.72170820810887282
58.048794136306554 -47.722499999999997 -0.53056932721391004 3.1545080328940003 -0.018156736923352401 -1.0068467951733964 0.004218171640283235 0.066320999694111288 -0.0090783684616762006 0.0032802352857985839 0.0028262789912267858 -0.02830856768087843 0.72037052961949899
56.940283684081543 -47.722499999999997 -0.64509466267660698 3.3174158948467487 -0.047932037338753286 -1.0235001946238003 0.0068636544723214357 0.018228526848892618 -0.023966018669376643 0.0072174310261209516 0.0060732572867490597 -0.07894370915288583 0.73907947764063742
55.799920238546072 -47.722500000000004 -0.72890464840171765 3.3106167353438387 -0.070524089201572604 -1.0332692793164653 0.0089468236349256533 -0.052902173577751788 -0.035262044600786302 0.0064758738033584024 0.0049812990075658627 -0.11645286894053378 0.77392198076176355
54.686400915106802 -47.722500000000004 -0.76572011371110615 3.1388480576708098 -0.083855457673117417 -1.0308693824546533 0.0080259520219687387 -0.14525618088336295 -0.041927728836558709 0.0012289332623311986 -0.00028020869299713645 -0.13159873385065252 0.8147962563943123
53.654182979494394 -47.722499999999997 -0.7520071629902797 2.8377102915620158 -0.085579936223092012 -1.0139217499048196 0.0026058145296346761 -0.23986627737903804 -0.042789968111546006 -0.0046484427758855616 -0.0059598226932516965 -0.12119006778532372 0.84635050195626571
52.743003803312789 -47.722499999999997 -0.69894900246588276 2.4569001765872578 -0.077498701134398384 -0.98630386658959235 -0.0061962577374253952 -0.32351969070656195 -0.038749350567199192 -0.0076833530757472691 -0.0087092686569628132 -0.094492224219778487 0.85806794143744669
51.973046870272874 -47.722499999999997 -0.62085318158503433 2.0499154466462288 -0.067489547872537026 -0.94921565709356959 -0.019089353565344379 -0.40757181058240177 -0.033744773936268513 -0.0085531334058483611 -0.0093315443508094412 -0.068005876526081421 0.84905102683442202
51.346655058719222 -47.722499999999997 -0.5285304358200511 1.6598729937530683 -0.057805484220532444 -0.9003899043951995 -0.037195478562305914 -0.49570152376027343 -0.028902742110266222 -0.0081095226002588228 -0.0086947314478637277 -0.046478236867731303 0.82123449156014083
50.853716553276783 -47.722500000000004 -0.42899155003302036 1.315754905002454 -0.057403882305588905 -0.83102355954385776 -0.065642912396650085 -0.60207535561649661 -0.028701941152794452 -0.0084730286701007618 -0.0089935305791230997 -0.035686107361208204 0.77802889266909447
50.477891530212965 -47.722499999999997 -0.32489267947251288 1.0320680961814668 -0.078979618287795539 -0.71926300109240149 -0.11461188979324696 -0.74061087506555578 -0.039489809143897769 -0.012121678691547127 -0.01278678153026637 -0.03675090055278913 0.72111260324510529
50.203449888653104 -47.722499999999997 -0.2136337247584692 0.81845376104479262 -0.18079811055902817 -0.47646634027171758 -0.22071674599078553 -0.95134749444477074 -0.090399055279514084 -0.030430613206195188 -0.031968802859325393 -0.059381105630536904 0.64892102082410597
50.040507270503014 -47.722500000000004 -0.077719904974980311 0.71099612260379963 -1.1732081165584058 0.27944054658714057 -0.57987145582849819 -1.3262240354468109 -0.58660405827920292 -0.26372212239968534 -0.27625888812899613 -0.16757604891713157 0.55008636722830295
50.040507270503014 -47.722500000000004 0.077719904974979451 0.71099612260378564 -2.7929966559636554 1.4466139131705993 -0.52286669956459231 -1.1945355820030359 -1.3964983279818277 -0.62782979044389653 -0.65767542845506388 0.39893974277823258 0.40254652272474228
50.203449888653104 -47.722499999999997 0.21363372475846909 0.81845376104479761 -1.7942057065446861 1.5147766750429281 -0.16094680199403397 -0.68829750705524928 -0.89710285327234307 -0.30198755783117009 -0.31725225636624249 0.58928668144713381 0.25445419326313978
50.477891530212958 -47.722499999999997 0.32489267947251349 1.0320680961813822 -1.0934920158095571 1.3749205392386115 -0.070719901486496373 -0.44506653673704022 -0.54674600790477856 -0.16782758836735337 -0.17703609886156099 0.50882515260892835 0.12402250740545057
50.853716553276769 -47.722500000000004 0.42899155003302009 1.315754905002454 -0.82931131390606527 1.320099505951295 -0.034256326033080618 -0.29236127038294135 -0.41465565695303264 -0.12240946529988926 -0.12992913304229006 0.51555559302362985 -0.013702196681218666
51.346655058719222 -47.722499999999997 0.52853043582005066 1.6598729937530852 -0.68224785158509671 1.2846164323154239 -0.016221174058694162 -0.1781722394831651 -0.34112392579254835 -0.09571244746086123 -0.10261936095515597 0.54855828432296083 -0.16635155818769226
51.973046870272881 -47.722499999999997 0.62085318158503411 2.0499154466462595 -0.59230424732063724 1.2589547557529583 -0.007223469565555485 -0.085352163271248477 -0.29615212366031862 -0.075064323349030793 -0.081895842056669457 0.59683566980232128 -0.33734990054763114
52.743003803312796 -47.722500000000011 0.69894900246588276 2.4569001765872165 -0.53576763847291908 1.2392554870240469 -0.0032070503672216792 0.0017863878788040854 -0.26788381923645954 -0.053116915157171526 -0.060209322644971711 0.65324805555757548 -0.52883673855277413
53.654182979494408 -47.722500000000011 0.75200716299027981 2.8377102915620496 -0.49988364070802382 1.2215809108234574 -0.0032825541383270243 0.087252185405780391 -0.24994182035401191 -0.027152164408899872 -0.034812106638063368 0.70788709335160727 -0.7384135765505665
54.686400915106816 -47.722500000000011 0.76572011371110615 3.1388480576707569 -0.4733022906489277 1.1999770076035263 -0.0075823563773736577 0.18248282040669084 -0.23665114532446385 0.0069364230338285621 -0.0015815716702928546 0.74277791698201112 -0.9598701448492073
55.799920238546079 -47.722500000000011 0.72890464840171743 3.3106167353438645 -0.44039104358093839 1.1683459537207348 -0.016011193837867237 0.27404820320011458 -0.2201955217904692 0.040438903283218357 0.031105959582980233 0.72719550243511311 -1.1748394323567282
56.94028368408155 -47.722500000000004 0.64509466267660653 3.3174158948467189 -0.39485287763972221 1.1296440666605942 -0.025489357996655103 0.34366764893884849 -0.19742643881986111 0.059455503418086433 0.050030068602581031 0.65031975399401465 -1.3603554365456938
58.048794136306547 -47.722500000000004 0.53056932721390948 3.1545080328939923 -0.33991018914290216 1.0892435699721286 -0.033450435934478162 0.39030719024003163 -0.16995509457145108 0.061408908502439873 0.052910444786084865 0.52996144821573843 -1.5023492490395343
59.07384107002347 -47.722499999999997 0.40536730803450094 2.8519530562565785 -0.27708862480682939 1.0503505341385562 -0.038446940243914318 0.41517973581035983 -0.13854431240341469 0.050279456365195339 0.043627294570865706 0.38947391656753755 -1.596614379889125
59.979220124053825 -47.722499999999997 0.28764206092196087 2.4623200271209731 -0.20852096456653402 1.0155875513784989 -0.039839779871196801 0.41894591774043299 -0.10426048228326701 0.033162610086245631 0.028794963170575831 0.25293798154844688 -1.6474840511234536
60.747128530770553 -47.722500000000004 0.18956540451923273 2.0427870951589577 -0.13947591039269969 0.98693709556274711 -0.038144909147693598 0.40493955808365134 -0.069737955196349843 0.017382484344996837 0.01506572022206624 0.14059042101163916 -1.6653564361931061
61.376167990366376 -47.722500000000004 0.11556107583316835 1.6398547773626175 -0.07599172494084816 0.96474877888614863 -0.034730273475277296 0.3795330376697999 -0.03799586247042408 0.0067946904850942451 0.0058746416438884719 0.061656871647737505 -1.6624734685788487
61.876704050494595 -47.722500000000004 0.064152585998370121 1.2822404956260376 -0.020897721869825414 0.94846995643219822 -0.030621975917454369 0.34693624516075022 -0.010448860934912707 0.0012386877077287695 0.0010683981211533657 0.01329771832796795 -1.6490195391608664
62.265731398284558 -47.722500000000011 0.031218211838886175 0.98229818765013455 0.025019349274277514 0.93739930196813148 -0.02642030244172933 0.30913616257932336 0.012509674637138757 -0.0009002306336045174 -0.00077482208824462503 -0.012230692943081222 -1.6319703791854705
62.562521934654896 -47.722500000000011 0.012009751537186787 0.74089977431603748 0.06377168763630392 0.92922524610509349 -0.022649181560234141 0.26880433206939952 0.03188584381815196 -0.0012483135072096619 -0.0010725890965882462 -0.02356681514816622 -1.6153853219586147
62.785707668625321 -47.722500000000011 0.0026209056339842008 0.5522897473938112 0.099163397690572475 0.92343883476275856 -0.018997919519094884 0.2184866124396922 0.049581698845286237 -0.00075169563029349007 -0.00064486376013998348 -0.027365547706007569 -1.6006134793994804
65.270987623364277 -50.614772727272737 -0.0025093706555268775 0.52878656426540271 0.16473085363946616 -0.90729254042857954 0.01402995301238145 -0.10905298190172777 0.082365426819733079 -0.0011955810048513624 -0.0010256636213774022 0.043525235090006158 0.88106006413877436
65.057299757500047 -50.614772727272737 -0.011498665841613201 0.7093701231542886 0.16782542926228061 -0.91027552214707907 0.013828620642639584 -0.058153364207961605 0.083912714631140306 -0.0031453353571144487 -0.0027025682167739411 0.059380545441504846 0.86175556587888336
64.773139407295574 -50.614772727272737 -0.029889692971294617 0.94049561155680284 0.16256666341769366 -0.91486587699312172 0.012725074476561309 -0.017083213265619873 0.081283331708846829 -0.0056004471100869974 -0.0048202648998584303 0.076088667048777467 0.8366903415281346
64.40066746550437 -50.614772727272737 -0.061422515443929529 1.2276736069130894 0.14728729877428826 -0.92310646345219949 0.010914116914319608 0.021634241619836986 0.073643649387144128 -0.0083587552897712216 -0.0072096286990262189 0.089733976305935659 0.80631650376125086
63.921432164151916 -50.614772727272737 -0.1106432711108514 1.5700692937134746 0.12368606881990363 -0.93444703202762147 0.0086809550237516332 0.055202504786841661 0.061843034409951814 -0.010588576840975146 -0.0091548091257380119 0.096083629511661356 0.77204605569733398
63.31916204018767 -50.614772727272737 -0.18149827953955119 1.955854467102063 0.092458612950318875 -0.94913652196589215 0.0064206306504508964 0.081486349913473505 0.046229306475159437 -0.011032487566703926 -0.0095620607350770277 0.089231322808871583 0.73708191355080999
62.583932661090159 -50.614772727272737 -0.2754011962939682 2.357533800704104 0.055273128152792839 -0.96720392193593663 0.004783924347494176 0.096023743453310828 0.027636564076396419 -0.0084164016740262016 -0.0073079282843563848 0.064193609785017577 0.70691882818532636
61.717082820770372 -50.614772727272737 -0.38811654044383781 2.730585648530691 0.016358103114378242 -0.98748991360061178 0.004603080533975545 0.092110689240043259 0.0081790515571891209 -0.0028419618792451438 -0.0024659595991738995 0.022014359419594686 0.68861838432764133
60.735657674189682 -50.614772727272737 -0.50799047595212332 3.0202651281018698 -0.019351387676808107 -1.0074302923133822 0.0060925204763939301 0.066320999694109178 -0.0096756938384040536 0.0033472853684477712 0.0028840499202731815 -0.028887212697868973 0.68793468133375713
59.674320873623643 -50.614772727272737 -0.61764208354838468 3.1762403005911288 -0.048996081466142538 -1.0240072744012028 0.0085383984728744193 0.018228526848894228 -0.024498040733071269 0.0070636883836879489 0.0059438873461066149 -0.077262083875871551 0.70644658804716109
58.582486612306816 -50.614772727272737 -0.6978854605291176 3.1697304853892532 -0.071312642467043608 -1.0336370991019785 0.010409123778662585 -0.052902173577752135 -0.035656321233521804 0.0062696146845504647 0.0048226426817914872 -0.11274379942193508 0.74030032447508332
57.516354097511545 -50.614772727272737 -0.73313421085383257 3.005271577101055 -0.084241546341192297 -1.0310461215170046 0.0092781227149874961 -0.14525618088336278 -0.042120773170596149 0.0011820523921851317 -0.00026951940029681319 -0.12657855631771023 0.7797408331091078
56.528063117421276 -50.614772727272737 -0.72000482698997392 2.7169489973996508 -0.085476408271938364 -1.0138674271856876 0.0036629687597908508 -0.23986627737903823 -0.042738204135969182 -0.0044452401257849983 -0.0056992942058019334 -0.11589234893039935 0.81002637432462432
55.655659984325084 -50.614772727272737 -0.66920460384200842 2.3523445967471681 -0.076889934429063889 -0.98600036653886447 -0.0053123760614687508 -0.32351969070656306 -0.038444967214531944 -0.0072985953866856529 -0.0082731364046981764 -0.08976035657466673 0.82109778590590921
54.918469255770418 -50.614772727272737 -0.59443222032060028 1.96267946522961 -0.066401607013627739 -0.94865685838082237 -0.018357322224064877 -0.4075718105824026 -0.03320080350681387 -0.0080571369932190395 -0.0087904078686953987 -0.064062214105057205 0.81215498661169094
54.318734106822838 -50.614772727272737 -0.5060383514012754 1.5892356170388973 -0.056211519154990786 -0.89952889820523674 -0.036596171799872318 -0.49570152376027438 -0.028105759577495393 -0.0075503137371986991 -0.0080951683012713844 -0.043273234147224088 0.78511354624348473
53.846773039435547 -50.614772727272737 -0.41073543173906979 1.2597617806863384 -0.055231879754595203 -0.82975362944364672 -0.06516180122561227 -0.60207535561649128 -0.027615939877297602 -0.0078054988745863722 -0.0082849941322184276 -0.032874652227863954 0.74326056817865493
53.486941585658471 -50.614772727272737 -0.3110665815252871 0.98814751721001393 -0.076201093794385777 -0.71738828248215869 -0.11423956270187288 -0.74061087506555623 -0.038100546897192888 -0.011197533579788055 -0.011811929618495472 -0.033949047281237904 0.68821681182230576
53.22417905309905 -50.614772727272737 -0.20454235092961948 0.78362373075952596 -0.17766759975898228 -0.47329380856790698 -0.22045070955638757 -0.95134749444477595 -0.088833799879491138 -0.028631129558921088 -0.030078359916934194 -0.055869663786917739 0.6184791373479418
53.068170603493407 -50.614772727272737 -0.074412465052425603 0.68073904803019514 -1.1760637012244128 0.28479608683769914 -0.5797281241664094 -1.326224035446818 -0.58803185061220642 -0.25311377430090132 -0.26514624265205022 -0.16083522246026122 0.52306156889307609
53.068170603493407 -50.614772727272737 0.07441246505242477 0.68073904803018515 -2.8085239374448534 1.4519717193895438 -0.52286404243021012 -1.1945355820030494 -1.4042619687224267 -0.60445373263453572 -0.63318812461990681 0.38408597407915024 0.3808428645581593
53.22417905309905 -50.614772727272737 0.20454235092961934 0.78362373075952441 -1.8039032904785905 1.5179622301639879 -0.16106054779402093 -0.68829750705523596 -0.90195164523929527 -0.29069897320344223 -0.30539306266287097 0.56725857995421103 0.23826273584900926
53.486941585658464 -50.614772727272737 0.31106658152528766 0.9881475172099885 -1.0987806966571378 1.3768316119323787 -0.070930860122449188 -0.44506653673705343 -0.54939034832856892 -0.16146269213458347 -0.17032196795096413 0.48952785275205157 0.11275669209414868
53.846773039435533 -50.614772727272737 0.41073543173906957 1.2597617806863326 -0.83285393613323455 1.3214325870266013 -0.034565035187177101 -0.29236127038294191 -0.41642696806661728 -0.11770087293909079 -0.12493128976449044 0.49572427425321558 -0.019676390731770507
54.318734106822831 -50.614772727272737 0.50603835140127518 1.5892356170389144 -0.68462913566715122 1.2855376463744261 -0.016635759640220123 -0.17817223948316185 -0.34231456783357561 -0.09195917217005406 -0.098595237426302468 0.52704707748689739 -0.16635236867947378
54.918469255770425 -50.614772727272737 0.59443222032060006 1.9626794652296367 -0.59370843464712797 1.2595091401588248 -0.0077568504190792626 -0.085352163271248893 -0.29685421732356398 -0.072040277443884471 -0.07859658117252849 0.57279151163521314 -0.33050663985346901
55.655659984325091 -50.614772727272737 0.66920460384200853 2.3523445967471379 -0.53632314362303535 1.2394776808545191 -0.0038769968899458329 0.001786387878804141 -0.26816157181151767 -0.050909207438994464 -0.057706831942788001 0.62609699134627439 -0.5141106886216863
56.52806311742129 -50.614772727272744 0.72000482698997414 2.7169489973997027 -0.49975414347475788 1.2215253976985374 -0.0041112521332916097 0.087252185405779767 -0.24987707173737894 -0.025989945255229338 -0.033322011907305167 0.67758674874041003 -0.71482184009370187
57.516354097511567 -50.614772727272744 0.73313421085383257 3.0052715771010341 -0.4726094461666055 1.1996814612788083 -0.0085940611452336342 0.18248282040669095 -0.23630472308330275 0.0066315155724698946 -0.00151204981434569 0.71012729462005741 -0.92666934871073459
58.582486612306823 -50.614772727272737 0.69788546052911737 3.1697304853892354 -0.43923471622750476 1.1678336861555019 -0.017227304802128307 0.27404820320011614 -0.21961735811375238 0.038616328487574653 0.02970401904237778 0.69442091938171691 -1.132050140461448
59.674320873623643 -50.614772727272737 0.61764208354838424 3.1762403005911084 -0.39335461664048177 1.1289474356542857 -0.026923061544689313 0.34366764893884766 -0.19667730832024088 0.056709319461668038 0.047719235057555057 0.6202822036868233 -1.3089987088543262
60.735657674189682 -50.614772727272737 0.50799047595212277 3.0202651281018409 -0.33821568149753634 1.0884134265822758 -0.035102586512924153 0.39030719024003135 -0.16910784074876817 0.058502491964081742 0.050406251249212941 0.50487895195666221 -1.4441210446483905
61.717082820770358 -50.614772727272737 0.38811654044383742 2.7305856485307074 -0.27535091577014237 1.0494533654321678 -0.040303058515190976 0.41517973581035988 -0.13767545788507118 0.047837869743354328 0.041508739071823286 0.3705609375301272 -1.5335049603681739
62.583932661090159 -50.614772727272737 0.27540119629396798 2.3575338007041293 -0.20685738605536219 1.0146863735480498 -0.041872036013276451 0.41894591774043177 -0.1034286930276811 0.031498033646084903 0.027349618031445304 0.24024191800542855 -1.5814119927234374
63.31916204018767 -50.614772727272737 0.18149827953955114 1.955854467102063 -0.13794377575166683 0.98607408655150197 -0.040319051108673579 0.40493955808365278 -0.068971887875833415 0.016459937504169641 0.014266131836436281 0.13312881505355878 -1.5978630896432762
63.921432164151916 -50.614772727272737 0.11064327111085127 1.5700692937134846 -0.07461474172333693 0.96394994226707531 -0.037012482269795949 0.37953303766980173 -0.037307370861668465 0.0063876549214080675 0.0055227215559580751 0.057963320107557434 -1.5945935502054673
64.400667465504384 -50.614772727272737 0.061422515443929279 1.2276736069131411 -0.019685174009888007 0.94775131346191377 -0.032982777852478745 0.346936245160749 -0.0098425870049440034 0.0011171605002911796 0.00096357796407487198 0.011993083944655446 -1.5813429877623377
64.773139407295588 -50.614772727272737 0.029889692971294391 0.94049561155675643 0.026070212427785511 0.93676736420455964 -0.028836191135205493 0.30913616257932408 0.013035106213892755 -0.00089812291635343498 -0.00077300799103336749 -0.012202057122940708 -1.5647645650037367
65.057299757500047 -50.614772727272737 0.011498665841613156 0.70937012315428705 0.064648332723923341 0.92869035125208932 -0.025102386899929073 0.26880433206939547 0.03232416636196167 -0.0012116202388927741 -0.0010410611196116448 -0.022874085744366057 -1.5487161366234268
65.270987623364277 -50.614772727272737 0.0025093706555268996 0.52878656426543358 0.099886670163337521 0.9229928251322379 -0.021474980225801691 0.21848661243969589 0.04994333508166876 -0.00072495590744960775 -0.00062192431826578486 -0.026392085666797203 -1.5344680266228388
67.756267578103234 -53.507045454545462 -0.0023978356770695776 0.50528338113701887 0.1651155047332804 -0.90700658989726646 0.018193083520721489 -0.10905298190173232 0.082557752366640202 -0.0011451081788073731 -0.00098236405294049498 0.041687767272850104 0.82679559622016374
67.552077580345212 -53.507045454545462 -0.010987580146039566 0.67784047199253017 0.16784033358319972 -0.91019430816847036 0.018004833401516849 -0.058153364207959135 0.083920166791599859 -0.0030058003238095095 -0.0025826754538978182 0.056746274228704395 0.80831161372656291
67.280547416306604 -53.507045454545462 -0.028561174103702819 0.89869303546340062 0.16217152418036707 -0.91501409150691515 0.016907157890350022 -0.017083213265613795 0.081085762090183533 -0.0053385142842348752 -0.0045948211840698338 0.072530001252339854 0.78437546003771663
66.924630880514172 -53.507045454545462 -0.05869244488948868 1.1731067182001855 0.14648869562033051 -0.92348013775664395 0.015089703051231397 0.021634241619829409 0.073244347810165256 -0.0079439230432452289 -0.0068518258484636706 0.08528061624331669 0.75544827133725345
66.466696337937464 -53.507045454545462 -0.10572546638853431 1.5002838100643303 0.12242260342527045 -0.93507516186486561 0.012826601396446057 0.055202504786843853 0.061211301712635224 -0.010014586448988911 -0.0086585410665303564 0.09087508439788862 0.72293430009411408
65.891195549604788 -53.507045454545462 -0.1734311545598696 1.8689218390451579 0.090654782921568144 -0.95005002799337201 0.010494577933642614 0.081486349913464873 0.045327391460784072 -0.010336449750357508 -0.0089587919044008448 0.083601733407384374 0.68997679663894029
65.188645198126494 -53.507045454545462 -0.2631603316659753 2.2527475742872021 0.052910143388838371 -0.96839725103343677 0.0087213241687576822 0.096023743453314464 0.026455071694419185 -0.007698497113562585 -0.0066845745940173115 0.058718005482585656 0.6619160733712347
64.360324571517253 -53.507045454545462 -0.37086577285317424 2.6092182408047799 0.013526399486569307 -0.98889837243328083 0.0083204831567884364 0.092110689240046978 0.0067631997432846536 -0.0022455468430321881 -0.0019484525226779966 0.017394418854476793 0.64554194633103701
63.422521212072816 -53.507045454545462 -0.48541162469033655 2.886022223309662 -0.022457023954967292 -1.0089441100865375 0.009504297776590136 0.066320999694108845 -0.011228511977483646 0.0037118244706395957 0.0031981399523102125 -0.032033200393142433 0.6463006278582627
62.40835806316575 -53.507045454545462 -0.59018950442016227 3.0350647063354859 -0.052130604636970279 -1.0255068362215571 0.01157818244552582 0.01822852684889481 -0.02606530231848514 0.0071815394198748153 0.0060430555489869482 -0.078551129505878864 0.66555437552015018
61.36505298606756 -53.507045454545462 -0.66686627265651743 3.0288442354346259 -0.074238997572739107 -1.0350218331806829 0.013044632719510039 -0.052902173577752717 -0.037119498786369554 0.0062367885958700088 0.0047973925660648037 -0.1121535019085788 0.6994344832484265
60.346307279916289 -53.507045454545462 -0.70054830799655887 2.8716950965312886 -0.086745723622740911 -1.0322372766244634 0.011513917006459625 -0.14525618088336273 -0.043372861811370456 0.0011630893335403197 -0.00026519563916107419 -0.12454792163307346 0.73845511655556706
59.401943255348172 -53.507045454545462 -0.68800249098966804 2.5961877032372316 -0.087409807690825181 -1.0148119752642601 0.0055345756294886026 -0.2398662773790374 -0.04370490384541259 -0.0043437390642737878 -0.005569158511129808 -0.11324610348479917 0.76841735968142066
58.568316165337379 -53.507045454545462 -0.63946020521813396 2.2477890169070607 -0.078241331695089622 -0.98669258068174825 -0.0037540175558862382 -0.32351969070656483 -0.039120665847544811 -0.0070967684265075583 -0.008044360608365551 -0.087278226938459977 0.77968320743845254
57.863891641267955 -53.507045454545462 -0.56801125905616612 1.8754434838129681 -0.067241614472919764 -0.94912363742897843 -0.017063251890869983 -0.40757181058239716 -0.033620807236459882 -0.0077964140025638569 -0.0085059567751451914 -0.061989208263961475 0.77154999629066401
57.290813154926447 -53.507045454545462 -0.48354626698249986 1.518598240324637 -0.056572276025178336 -0.89977229959925809 -0.035525824983772235 -0.4957015237602802 -0.028286138012589168 -0.0072610249653129698 -0.0077850035349325379 -0.041615228771857436 0.74592624580039146
56.839829525594311 -53.507045454545462 -0.39247931344511927 1.2037686563701664 -0.055095408340713581 -0.82973976980565067 -0.064285215274231394 -0.60207535561649184 -0.02754770417035679 -0.0074401355872265214 -0.0078971864160762 -0.031335840782013694 0.70599833925360256
56.49599164110397 -53.507045454545462 -0.29724048357806127 0.94422693823859605 -0.075559620768115732 -0.7170527570841837 -0.11353632044739924 -0.74061087506554457 -0.037779810384057866 -0.010609759522496182 -0.011191905061584085 -0.032167014736348185 0.65335337725556109
56.244908217544989 -53.507045454545462 -0.1954509771007697 0.74879370047426397 -0.17657798645346423 -0.47239226110562171 -0.21991244374656818 -0.95134749444479794 -0.088288993226732115 -0.027190763961394328 -0.028565187523046622 -0.053058990826966052 0.58658296456620218
56.0958339364838 -53.507045454545462 -0.07110502512987088 0.65048197345658587 -1.1766955939141095 0.2866168242527618 -0.5793756965670398 -1.3262240354468127 -0.58834779695705475 -0.24199347940060298 -0.25349731355626925 -0.15376909139310738 0.49517401485854673
56.0958339364838 -53.507045454545462 0.071105025129870103 0.65048197345656522 -2.813882778564571 1.4538675849648093 -0.52272035284826968 -1.1945355820030412 -1.4069413892822855 -0.57868941443487554 -0.60619902778391144 0.36771464122449998 0.35895269366827698
56.244908217544989 -53.507045454545462 0.19545097710076959 0.74879370047427685 -1.8072219994691849 1.5190520780657919 -0.16108794298354104 -0.68829750705528148 -0.90361099973459247 -0.2782892012779738 -0.29235600851196264 0.54304263752264714 0.22244294345712282
56.495991641103963 -53.507045454545462 0.29724048357806182 0.94422693823856418 -1.1003106653072976 1.3773783132572168 -0.071101514420636155 -0.44506653673703001 -0.5501553326536488 -0.15450092840955967 -0.16297822010197299 0.4684209505778088 0.102327888800866
56.839829525594297 -53.507045454545462 0.39247931344511899 1.2037686563701948 -0.83350088147967849 1.3216690324753404 -0.034881766805197501 -0.29236127038293569 -0.41675044073983925 -0.11255674033545703 -0.11947115081357548 0.47405857766218468 -0.024345776035074571
57.29081315492644 -53.507045454545462 0.48354626698249953 1.5185982403246803 -0.68452521728271032 1.2854909333943372 -0.01711521315138196 -0.17817223948317229 -0.34226260864135516 -0.087858489021442054 -0.094198635987788548 0.50354476642671786 -0.16454045635107245
57.863891641267962 -53.507045454545462 0.56801125905616612 1.8754434838129994 -0.59281069898083527 1.2591483969365749 -0.0084274372028194065 -0.08535216327124609 -0.29640534949041764 -0.068734185974449524 -0.074989606078024726 0.54650481206140089 -0.32127702655026313
58.568316165337386 -53.507045454545462 0.63946020521813418 2.2477890169070234 -0.53461883453621994 1.2387868266751583 -0.0047792688413452519 0.0017863878788035303 -0.26730941726810997 -0.048491839069644119 -0.054966685763904954 0.59636745637286737 -0.49633421509106856
59.401943255348186 -53.507045454545477 0.68800249098966826 2.5961877032372787 -0.49732366002129114 1.2205255691450356 -0.0052963408494438036 0.087252185405780114 -0.24866183001064557 -0.024713979663049411 -0.031686081541219734 0.64432090810014186 -0.68740410827530507
60.346307279916303 -53.507045454545477 0.70054830799655887 2.8716950965312629 -0.46953997582691254 1.1983895641678937 -0.010121688437106076 0.18248282040669109 -0.23476998791345627 0.0062956064546786285 -0.0014354592803051979 0.67415689985153371 -0.88874450538808858
61.365052986067568 -53.507045454545462 0.66686627265651721 3.0288442354346081 -0.435646000578221 1.1662660842817627 -0.019157336847637721 0.27404820320011497 -0.2178230002891105 0.036598446868581144 0.028151846777861832 0.65813421725477705 -1.083529463553796
62.40835806316575 -53.507045454545462 0.59018950442016183 3.0350647063354761 -0.38941722406526691 1.1271429358114344 -0.029301422977256124 0.34366764893884838 -0.19470861203263345 0.053646320906464637 0.045141811286220988 0.58677935950271187 -1.2508355989175115
63.422521212072809 -53.507045454545462 0.48541162469033611 2.8860222233096398 -0.33414405275602221 1.0864457386413082 -0.03794742403769974 0.39030719024003074 -0.16707202637801111 0.055229226910280531 0.047585977869944729 0.47663053766938546 -1.3780076343340246
64.360324571517239 -53.507045454545462 0.3708657728531739 2.6092182408047919 -0.27137838122526814 1.0474271520580054 -0.043595060836745463 0.41517973581036544 -0.13568919061263407 0.045052112192359196 0.039091547756199108 0.34898194717443354 -1.4615066582066785
65.18864519812648 -53.507045454545462 0.26316033166597508 2.2527475742872256 -0.20315885490128438 1.0127031307846781 -0.045558114632013258 0.41894591774043088 -0.10157942745064219 0.029559886968329861 0.0256667329370577 0.22545927854064499 -1.5055900657033441
65.891195549604788 -53.507045454545462 0.17343115455986957 1.8689218390451636 -0.13459445131451675 0.98420192235148585 -0.044328113575668029 0.40493955808364679 -0.067297225657258375 0.015346446572963621 0.013301048681093983 0.12412284354201833 -1.5199324073034399
66.466696337937464 -53.507045454545462 0.10572546638853419 1.5002838100643514 -0.071633728277120445 0.96222921987442234 -0.041271418852668329 0.37953303766980379 -0.035816864138560223 0.0058598832603043126 0.0050664138866704338 0.05317417634311717 -1.5157578503613454
66.924630880514172 -53.507045454545462 0.058692444889488452 1.1731067182002062 -0.017069227891011396 0.94620492551903612 -0.037426041846397959 0.34693624516074772 -0.008534613945505698 0.00092564571074652631 0.00079839182389934281 0.0099371099399772345 -1.50233771337885
67.280547416306604 -53.507045454545462 0.028561174103702604 0.89869303546337242 0.028336966150541931 0.9354045160527944 -0.033410450209856883 0.30913616257932397 0.014168483075270966 -0.00093282282035096905 -0.00080287395101475627 -0.012673496168787142 -1.4859718948411507
67.552077580345212 -53.507045454545469 0.010987580146039524 0.67784047199254149 0.066543154251807679 0.92753167220057131 -0.029766993024620381 0.26880433206940052 0.03327157712590384 -0.0011917006498217014 -0.0010239456002146706 -0.022498025347073614 -1.4702876914240388
67.756267578103234 -53.507045454545462 0.0023978356770695988 0.50528338113704852 0.10145482867531808 0.92202080906028416 -0.026199220773334107 0.21848661243968942 0.050727414337659038 -0.00070360899349384317 -0.00060361125291575116 -0.025614949325054578 -1.4564551470264067
70.241547532842191 -56.399318181818188 -0.0022863006986122781 0.48178019800862726 0.16671913353194023 -0.90593676707480708 0.025824168301165008 -0.10905298190173264 0.083359566765970117 -0.0011024478021539406 -0.0009457666193662419 0.040134712385448662 0.75210179764261997
70.046855403190364 -56.399318181818188 -0.010476494450465935 0.64631082083081881 0.16870439810034343 -0.90953476072527328 0.025696442620985676 -0.058153364207953459 0.084352199050171717 -0.0028807404376301215 -0.0024752201795922358 0.054385278210459034 0.7343090986280798
69.787955425317634 -56.399318181818188 -0.027232655236111025 0.85689045937003394 0.1622069636234803 -0.91481843810801033 0.0246662826275337 -0.01708321326562412 0.081103481811740152 -0.0050913064304700583 -0.0043820511467765914 0.06917139153651064 0.7113860761695826
69.448594295523947 -56.399318181818188 -0.055962374335047846 1.1185398294872726 0.14567957286304978 -0.92375695192818308 0.022923361246499459 0.021634241619827993 0.072839786431524889 -0.0075325757384547007 -0.00649702884447503 0.080864668171867604 0.68382308838585315
69.01196051172299 -56.399318181818188 -0.10080766166621724 1.43049832641525 0.12058464976735916 -0.93591570572575478 0.020732232724934012 0.055202504786852513 0.060292324883679582 -0.0094054020861641125 -0.0081318445474605292 0.08534717960944864 0.65306860432572322
68.463229059021899 -56.399318181818188 -0.16536402958018803 1.7819892109882469 0.087541503812194499 -0.95156626083413953 0.018442402438955889 0.081486349913463402 0.043770751906097249 -0.0095171871491457147 -0.0082487218768209462 0.07697549565348101 0.62230157958952692
67.793357735162829 -56.399318181818188 -0.2509194670379824 2.1479613478703135 0.048360621148769378 -0.97064011526451477 0.016630880425637269 0.09602374345331588 0.024180310574384689 -0.0067092320736663914 -0.0058255996726927876 0.051172679533963414 0.59683934393434013
67.003566322264135 -56.399318181818188 -0.35361500526251072 2.4878508330789173 0.0076000161214034856 -0.99179544050793333 0.016043970643029003 0.092110689240047589 0.0038000080607017428 -0.0012030075535817402 -0.0010438451149885131 0.0093187177711439185 0.58332109251580733
66.10938474995595 -56.399318181818188 -0.46283277342854989 2.7517793185174391 -0.029446253138860845 -1.0123064912640003 0.01683288101315969 0.066320999694109567 -0.014723126569430423 0.004640654123896415 0.0039984275861861809 -0.040049039140156603 0.58692686984169673
65.142395252707857 -56.399318181818188 -0.56273692529193986 2.8938891120798398 -0.059701115378574254 -1.0290940692290969 0.018282036675166754 0.018228526848894144 -0.029850557689287127 0.0078418975267468046 0.0065987275976576113 -0.085774076027568369 0.60872438198004719
64.147619359828298 -56.399318181818188 -0.63584708478391738 2.8879579854800275 -0.081870224011491244 -1.0386110255517611 0.018939948377955335 -0.052902173577752717 -0.040935112005745622 0.0065579610701675811 0.0050444412541733033 -0.11792900915167639 0.64465713894451282
63.176260462321025 -56.399318181818188 -0.66796240513928551 2.7381186159615649 -0.093933163315540691 -1.035645095340695 0.016523974324692742 -0.14525618088336292 -0.046966581657770345 0.0012008752055040351 -0.00027381118413918778 -0.1285941730124501 0.68530498124043371
62.275823393275047 -56.399318181818188 -0.65600015498936248 2.4754264090748359 -0.093785920504021236 -1.0179174194206175 0.0097065297822859636 -0.23986627737903796 -0.046892960252010618 -0.0044438065063718184 -0.0056974561456334012 -0.11585497287948592 0.71683053210181069
61.480972346349674 -56.399318181818188 -0.60971580659425972 2.1432334370669675 -0.08375999313474658 -0.98949225084660242 -0.00029727832149456165 -0.3235196907065635 -0.04187999656737329 -0.0072439420065695381 -0.0082111854614381804 -0.089088212603487718 0.72991943451665309
60.809314026765492 -56.399318181818188 -0.54159029779173218 1.7882075023963706 -0.072069433837338881 -0.95171066524223369 -0.014193756377639283 -0.40757181058240038 -0.03603471691866944 -0.0079674950472904509 -0.0086926077112053392 -0.063349471906718094 0.72396977640320603
60.262892203030049 -56.399318181818188 -0.46105418256372432 1.4479608636104608 -0.060879148831492369 -0.90225317381448722 -0.033141492345951755 -0.49570152376027682 -0.030439574415746184 -0.0074503518194507122 -0.0079879928147878407 -0.042700320805728706 0.70092748464601995
59.832886011753061 -56.399318181818188 -0.37422319515116875 1.147775532054047 -0.058966528442771393 -0.832219445746891 -0.062310422264439433 -0.60207535561650105 -0.029483264221385697 -0.0075925023566622129 -0.0080589131437334982 -0.031977568445646358 0.66393295148542442
59.505041696549469 -56.399318181818188 -0.28341438563083549 0.90030635926714675 -0.079008782333524152 -0.71970763990074715 -0.11191616119527442 -0.74061087506553269 -0.039504391166762076 -0.010578036733269968 -0.011158441678690668 -0.03207083654999577 0.61458733415262012
59.265637381990921 -56.399318181818188 -0.18635960327191997 0.71396367018903273 -0.17924456674058264 -0.4758032760553963 -0.21861782646701555 -0.95134749444478639 -0.089622283370291322 -0.026317509065789495 -0.027647791826339262 -0.051354955458145446 0.55163889652211195
59.123497269474178 -56.399318181818188 -0.067797585207316186 0.62022489888297949 -1.1729013744688483 0.28186159482472789 -0.57843342195527148 -1.3262240354468109 -0.58645068723442417 -0.22999318273169325 -0.24092654935641555 -0.14614378380302054 0.46519790121772592
59.123497269474178 -56.399318181818188 0.067797585207315436 0.62022489888296917 -2.8002930232357195 1.4493891677899775 -0.52215783711198194 -1.1945355820030363 -1.4001465116178597 -0.54910695734071069 -0.57521028618500702 0.34891716139235712 0.33604574363924611
59.265637381990921 -56.399318181818188 0.18635960327191989 0.71396367018904616 -1.7988361741271559 1.5163169861662342 -0.16082758896534874 -0.68829750705526815 -0.89941808706357795 -0.26411337415308572 -0.27746362958904564 0.51538048421015936 0.20648062599074035
59.505041696549462 -56.399318181818188 0.2834143856308361 0.90030635926711922 -1.0949398669723198 1.3754277929377272 -0.071091710231848848 -0.4450665367370179 -0.54746993348615991 -0.1465952744931803 -0.1546387918713662 0.44445233135610801 0.092486594945957179
59.832886011753054 -56.399318181818188 0.37422319515116853 1.1477755320540486 -0.82875995662454072 1.3198676798969993 -0.035130496266403716 -0.29236127038294468 -0.41437997831227036 -0.10671074065155281 -0.11326602877636667 0.44943680657227253 -0.027683365363499232
60.262892203030049 -56.399318181818188 0.46105418256372399 1.4479608636104679 -0.67966570257519954 1.2835919779932172 -0.01766322972199643 -0.1781722394831686 -0.33983285128759977 -0.083177059814277463 -0.089179380014917306 0.47671401617230447 -0.16056451845535383
60.809314026765499 -56.399318181818188 0.54159029779173207 1.788207502396381 -0.587336147712618 1.2569660719498663 -0.0093514653643219248 -0.085352163271246478 -0.293668073856309 -0.064931797002273722 -0.070841166009426498 0.51627205610214943 -0.30889722777596534
61.480972346349674 -56.399318181818188 0.60971580659425983 2.1432334370669079 -0.52825074397568672 1.2362075811628457 -0.0061942771603663615 0.0017863878788033638 -0.26412537198784336 -0.045685507019217766 -0.051785639737925021 0.56185432717917339 -0.47420080537274495
62.275823393275068 -56.399318181818202 0.65600015498936259 2.4754264090749021 -0.48997852970326683 1.2175022102593771 -0.0073453290405259422 0.087252185405780239 -0.24498926485163341 -0.023216382230683872 -0.029765994408154559 0.60527687914381478 -0.65414813421644136
63.176260462321039 -56.399318181818202 0.6679624051392854 2.7381186159614685 -0.46121462080845244 1.1948834008121376 -0.012973030813659681 0.182482820406691 -0.23060731040422622 0.0058963329136942485 -0.0013444210437329996 0.63140120752538498 -0.84318032857505487
64.147619359828298 -56.399318181818188 0.63584708478391727 2.8879579854800452 -0.42650217641870913 1.1622698632403452 -0.022989644294065466 0.2740482032001138 -0.21325108820935457 0.034163637672507755 0.026278970159153911 0.61435008482488718 -1.0252474692111508
65.142395252707857 -56.399318181818188 0.56273692529193953 2.8938891120798265 -0.37977201264480387 1.1227157359478892 -0.034262749052549835 0.34366764893884827 -0.18988600632240193 0.049884046349923883 0.041975967195356845 0.54562788784057459 -1.1805467828526439
66.10938474995595 -56.399318181818188 0.46283277342854945 2.7517793185174315 -0.32442454818440747 1.0817298594283615 -0.044106197437959641 0.3903071902400318 -0.16221227409220373 0.051128478395043024 0.044052737609071135 0.44124090650833692 -1.2973178301084771
67.003566322264135 -56.399318181818188 0.35361500526251044 2.487850833078884 -0.26204616643753842 1.0426315018879906 -0.050906823518720119 0.41517973581036605 -0.13102308321876921 0.041479322224553021 0.035991451382181357 0.32130645896454285 -1.3725998128397734
67.793357735162814 -56.399318181818188 0.25091946703798218 2.1479613478703801 -0.19454208496411218 1.0080294986269207 -0.053878872210712719 0.41894591774043199 -0.097271042482056091 0.026989479562389122 0.023434858353153093 0.20585425772578692 -1.410823435943598
68.463229059021899 -56.399318181818188 0.165364029580188 1.7819892109882409 -0.12681763572096516 0.979787332434083 -0.053463756150228761 0.40493955808364523 -0.06340881786048258 0.01378714233145824 0.01194957089590826 0.11151111121150327 -1.4214050193059935
69.011960511723004 -56.399318181818188 0.10080766166621716 1.430498326415284 -0.064711559216625192 0.9581558522959579 -0.051025437232480556 0.37953303766980007 -0.032355779608312596 0.005047393969540819 0.0043639413556252555 0.045801427278880043 -1.4150607482523729
69.448594295523975 -56.399318181818188 0.055962374335047624 1.1185398294872828 -0.010972622912202468 0.94251764727313614 -0.047627190602395446 0.3469362451607465 -0.0054863114561012338 0.00056735554279369711 0.00048935788428722021 0.006090747613630234 -1.4005484208196086
69.787955425317648 -56.399318181818188 0.027232655236110816 0.85689045936994723 0.033660837000427324 0.93211836744298415 -0.043924310589082478 0.30913616257932774 0.016830418500213662 -0.0010565368591270118 -0.00090935374218318861 -0.014354297026406709 -1.3837470418600022
70.046855403190364 -56.399318181818195 0.010476494450465893 0.64631082083079827 0.071066823145717106 0.92468240870676199 -0.040495073073944315 0.26880433206940607 0.035533411572858553 -0.001213513539155026 -0.0010426879010300384 -0.022909829215088641 -1.3679848741115002
70.241547532842191 -56.399318181818188 0.0022863006986122984 0.48178019800861627 0.10528598100138553 0.91956697857731085 -0.037070083536986771 0.218486612439689 0.052642990500692766 -0.00069621462092325423 -0.00059726777730197893 -0.025345756519906424 -1.354279056598185
72.726827487581147 -59.291590909090914 -0.0021747657201549786 0.45827701488025763 0.17223771738393734 -0.90237780857934413 0.039799752988473908 -0.10905298190173299 0.086118858691968669 -0.0010833779259139472 -0.00092940697644437894 0.039440471808595397 0.63963689563337145
72.541633226035515 -59.291590909090914 -0.0099654087548923034 0.61478116966908325 0.17317118462739345 -0.90657210934249777 0.039673822177831858 -0.058153364207951336 0.086585592313696724 -0.0028127587336073808 -0.0024168082229153614 0.05310185682399686 0.62210777984851529
72.295363434328664 -59.291590909090914 -0.02590413636851923 0.81508788327666504 0.16553940352301821 -0.91250948765032658 0.038667754649597916 -0.017083213265623926 0.082769701761509107 -0.0049424269343768309 -0.0042539116259097103 0.067148688315507937 0.59966986087074237
71.972557710533749 -59.291590909090914 -0.053232303780607011 1.0639729407743257 0.14788588009240045 -0.92210408206888061 0.037015420152165399 0.021634241619833683 0.073942940046200223 -0.0072736213306564667 -0.006273674401680608 0.07808470777248358 0.57281268238801952
71.55722468550853 -59.291590909090914 -0.095889856943900176 1.3607128427661412 0.12124156039759926 -0.9351382860160784 0.035035825872534704 0.055202504786842244 0.060620780198799629 -0.00899530694336775 -0.0077772791689325396 0.081625864615307686 0.54304010323814222
71.035262568439009 -59.291590909090914 -0.15729690460050649 1.6950565829313731 0.085903363566096957 -0.95202859585566701 0.033138555864280203 0.081486349913467621 0.042951681783048479 -0.0088834958857854467 -0.0076994899551076782 0.071850168356241972 0.51367257345246642
70.398070272199163 -59.291590909090914 -0.2386786024099895 2.0431751214534213 0.043563664663605617 -0.97272598095166196 0.031936530983065731 0.096023743453319932 0.021781832331802808 -0.0057488963716212675 -0.0049917439810007744 0.043848003537336519 0.49026402111161499
69.646808073011016 -59.291590909090914 -0.3363642376718472 2.3664834253530653 -0.0010569989246735911 -0.9957608044516616 0.032140942272713052 0.092110689240041455 -0.00052849946233679557 0.00015915031991540262 0.00013809413207584127 -0.0012328076495142042 0.47972036679513635
68.796248287839063 -59.291590909090914 -0.44025392216676318 2.6175364137253183 -0.042224051918816619 -1.0181778865134103 0.033754530562213413 0.066320999694108679 -0.021112025959408309 0.006329773885756982 0.005453787729795552 -0.054626213316276435 0.48742951043770827
67.87643244224995 -59.291590909090914 -0.53528434616371756 2.7527135178242021 -0.076184392048100236 -1.0366151430412378 0.03579326856566116 0.018228526848895282 -0.038092196024050118 0.009518836206940693 0.008009822490294579 -0.10411630319362347 0.51446855575633332
66.930185733589042 -59.291590909090914 -0.60482789691131733 2.7470717355253931 -0.10085524542014368 -1.0472470068196327 0.036473444561946018 -0.052902173577751982 -0.05042762271007184 0.0076845860102124682 0.0059110510532762927 -0.13818862360249215 0.55646857499809277
66.006213644725761 -59.291590909090914 -0.63537650228201192 2.6045421353917924 -0.11354782957217457 -1.0446733362933425 0.033257960326686729 -0.1452561808833629 -0.056773914786087287 0.0013808194538697429 -0.00031484021654674634 -0.14786327083450274 0.6034719098731478
65.149703531201936 -59.291590909090914 -0.62399781898905671 2.3546651149124256 -0.11225663159877808 -1.0266959847386583 0.024822479662935115 -0.23986627737903873 -0.056128315799389039 -0.0050595120131160208 -0.0064868593562074908 -0.13190709951535823 0.64119979769389079
64.393628527361955 -59.291590909090914 -0.57997140797038549 2.0386778572268804 -0.10043763746617218 -0.9978034457587952 0.012685851298911387 -0.32351969070656134 -0.05021881873308609 -0.0082625471344650557 -0.0093657992904192904 -0.10161532976023353 0.66012614920829682
63.754736412263021 -59.291590909090914 -0.51516933652729824 1.7009715209796901 -0.087275362049624716 -0.95976493372986005 -0.0034428550249860669 -0.4075718105824041 -0.043637681024812358 -0.0091778610998652678 -0.010013127801841772 -0.072973080053233344 0.65967348830350703
63.234971251133658 -59.291590909090914 -0.43856209814494879 1.3773234868962736 -0.075174884241699935 -0.91041734542412756 -0.024395506437104506 -0.4957015237602786 -0.037587442120849968 -0.0087510488342850429 -0.0093825522477514328 -0.050155026455934143 0.64196372881832786
62.825942497911825 -59.291590909090914 -0.35596707685721823 1.0917824077379019 -0.072651414737664899 -0.84089739891195214 -0.05521091739909445 -0.60207535561649461 -0.036325707368832449 -0.0088982085596389076 -0.0094448294578443771 -0.037476850173094149 0.61023173043393519
62.514091751994968 -59.291590909090914 -0.26958828768360976 0.85638578029573942 -0.092055214420173836 -0.72957977830735132 -0.10613243255394747 -0.74061087506554457 -0.046027607210086918 -0.011723498329582296 -0.012366753460916776 -0.035543684353036453 0.56619976546122641
62.286366546436852 -59.291590909090914 -0.17726822944307027 0.6791336399038409 -0.19018013704082226 -0.48923732736968417 -0.21392736936315901 -0.95134749444477396 -0.095090068520411131 -0.026560917124773438 -0.027903503540043492 -0.051829932402052331 0.5089142337431285
62.151160602464572 -59.291590909090914 -0.064490145284761491 0.58996782430937067 -1.1581292320115355 0.26243270404601077 -0.57479397670973897 -1.3262240354468164 -0.57906461600576775 -0.21601784110370656 -0.22628685093354708 -0.13726348012967984 0.42941950807531826
62.151160602464572 -59.291590909090914 0.064490145284760783 0.58996782430937067 -2.7446445062993226 1.4310329658811423 -0.51949388850051403 -1.1945355820030477 -1.3723222531496613 -0.51193956983379341 -0.5362760433771232 0.32530001509339579 0.30944492776835086
62.286366546436852 -59.291590909090914 0.17726822944307019 0.67913363990381204 -1.7654852792236087 1.5054927890358858 -0.15881839681246854 -0.68829750705525283 -0.88274263961180433 -0.24657100849811145 -0.25903454222527472 0.48114899958943524 0.18848317003277784
62.514091751994954 -59.291590909090914 0.26958828768361032 0.85638578029568713 -1.0750009639837219 1.368239902771375 -0.069543585791957574 -0.44506653673703284 -0.53750048199186096 -0.13690448808297229 -0.14441628294030351 0.41507148925472659 0.081975952065656291
62.825942497911811 -59.291590909090914 0.35596707685721807 1.0917824077378904 -0.81246873295445443 1.313711338906949 -0.034002037612999032 -0.2923612703829459 -0.40623436647722722 -0.099509641486254477 -0.10562256289563121 0.41910772261220369 -0.030282223966497674
63.234971251133651 -59.291590909090914 0.4385620981449484 1.377323486896312 -0.66413585909136019 1.2775370390785405 -0.017018400375760249 -0.17817223948316441 -0.3320679295456801 -0.077311530228927727 -0.082890575228493898 0.44309681244025934 -0.1542071727059269
63.754736412263036 -59.291590909090914 0.51516933652729802 1.7009715209797704 -0.57091311228700947 1.2504154202488262 -0.0094550153823174318 -0.085352163271244202 -0.28545655614350474 -0.060037118398691497 -0.06550102827217856 0.47735451641751975 -0.29203859876979249
64.393628527361969 -59.291590909090914 0.57997140797038549 2.0386778572268107 -0.51009057849363448 1.228832417693988 -0.0076339070160022808 0.0017863878787998944 -0.25504528924681724 -0.041962829413125569 -0.047565893609498699 0.51607170029934968 -0.44480757294303819
65.149703531201951 -59.291590909090928 0.62399781898905693 2.3546651149125255 -0.46974494238436293 1.2091366580879077 -0.010979098063339974 0.087252185405781044 -0.23487247119218146 -0.021171846555923662 -0.027144671376103796 0.55197356253657159 -0.6100211818541198
66.00621364472579 -59.291590909090928 0.63537650228201192 2.6045421353917422 -0.43875740448052003 1.1853560461875354 -0.019709604348960699 0.18248282040669125 -0.21937870224026002 0.0053355908423687367 -0.0012165664175048897 0.57135486581985295 -0.78217902450677956
66.930185733589042 -59.291590909090914 0.60482789691131711 2.7470717355253926 -0.40218728363469625 1.1515041792437237 -0.033511059991037311 0.27404820320011491 -0.20109364181734812 0.030644343389671955 0.02357189808660522 0.55106412090296031 -0.94596419481571647
67.87643244224995 -59.291590909090914 0.53528434616371723 2.7527135178241879 -0.35450854336533721 1.1108625957182541 -0.048840391811324387 0.34366764893884982 -0.17725427168266861 0.044293964518680451 0.037272076698550941 0.4844839998519811 -1.0828908261091734
68.796248287839063 -59.291590909090914 0.44025392216676285 2.6175364137252961 -0.29947396699107309 1.0692145153829391 -0.062566639133272692 0.39030719024002969 -0.14973698349553655 0.044893903109269974 0.03868097381344078 0.38743626109069618 -1.1825774235658029
69.646808073011016 -59.291590909090914 0.33636423767184687 2.3664834253530649 -0.2386859396747294 1.0300618492087308 -0.072693283402656822 0.41517973581036005 -0.1193429698373647 0.035938488461823521 0.031183690833239998 0.27838614155010605 -1.2433036605655778
70.398070272199149 -59.291590909090914 0.23867860240998931 2.0431751214534781 -0.17358116935204437 0.99596518870615136 -0.078222952169992144 0.41894591774043555 -0.086790584676022187 0.022906708202246717 0.019889804129633083 0.17471412900031533 -1.2702279116117459
71.035262568439009 -59.291590909090914 0.15729690460050644 1.6950565829313655 -0.1084753707069317 0.96858873850482308 -0.079593848051125363 0.40493955808364962 -0.054237685353465848 0.011217727331976087 0.0097226114608652374 0.090729551489585322 -1.2727555809867759
71.55722468550853 -59.291590909090914 0.095889856943900079 1.3607128427661643 -0.048889927737380434 0.94800442075811642 -0.07830848790253285 0.37953303766980223 -0.024444963868690217 0.0036273032530643868 0.0031361409018130912 0.032915137428589869 -1.2610655791130341
71.972557710533749 -59.291590909090914 0.053232303780606796 1.063972940774305 0.0025651993530562134 0.9334627899452238 -0.075612579828930146 0.34693624516074495 0.0012825996765281067 -0.00012616680321418756 -0.00010882192070277729 -0.0013544419638737892 -1.2432247868852366
72.295363434328664 -59.291590909090914 0.025904136368519032 0.81508788327655968 0.045218110255690558 0.92411357348699197 -0.072324449718892431 0.30913616257932469 0.022609055127845279 -0.0013500544359413538 -0.0011619822279448596 -0.018342078847427046 -1.2244636783323974
72.541633226035515 -59.291590909090921 0.0099654087548922618 0.61478116966907148 0.080769404467434747 0.91771162794887695 -0.06913895082157534 0.26880433206940518 0.040384702233717373 -0.001311909070281271 -0.0011272323469801002 -0.024767430915354872 -1.2076030021741833
72.726827487581147 -59.291590909090914 0.0021747657201549976 0.45827701488025496 0.1134595134162093 0.91349199965208716 -0.06585175274851239 0.21848661243968853 0.056729756708104651 -0.0007136621071565446 -0.00061223560619969009 -0.025980933841185768 -1.1933567414513002
75.212107442320104 -62.18386363636364 -0.0020632307416976786 0.43477383175187712 0.17442961488485254 -0.90018424167899302 0.057846030860414607 -0.10905298190173338 0.087214807442426268 -0.0010408958197808873 -0.00089296247737374477 0.037893906875682511 0.45835469987849009
75.036411048880666 -62.18386363636364 -0.0094543230593186704 0.58325151850734247 0.17557958280136676 -0.90427741429072817 0.057627783521538162 -0.058153364207952113 0.087789791400683381 -0.0027056161836652849 -0.0023247480712108165 0.051079120825063419 0.44132994743034865
74.80277144333968 -62.18386363636364 -0.024575617500927439 0.77328530718324029 0.16887620894857858 -0.90974372865078545 0.05655354150279937 -0.017083213265620317 0.084438104474289288 -0.0047834656984193646 -0.0041170948234184098 0.064989012789842412 0.41948976393059101
74.496521125543524 -62.18386363636364 -0.05050223322616617 1.009406052061379 0.15329305613942701 -0.91827041461830095 0.054939503882376277 0.02163424161982469 0.076646528069713504 -0.0071528938707213358 -0.006169544046174996 0.076788658940605395 0.3929970433826081
74.102488859294056 -62.18386363636364 -0.090972052221583083 1.2909273591170469 0.12908225012669183 -0.9300743088029001 0.053218544168113904 0.05520250478685168 0.064541125063345917 -0.0090858658145025906 -0.0078555757325153939 0.082447620471052571 0.36295824546073913
73.60729607785612 -62.18386363636364 -0.1492297796208249 1.6081239548744635 0.095883009755215687 -0.94592715443096265 0.051949817446323071 0.081486349913466261 0.047941504877607843 -0.0094069907240377833 -0.0081532125999421324 0.076084221340072686 0.33223484003500608
73.002782809235484 -62.18386363636364 -0.22643773778199663 1.938388895036558 0.054548747478533888 -0.96619797505989335 0.051886088741005719 0.096023743453316518 0.027274373739266944 -0.0068293626982447704 -0.0059299086188642431 0.052088940275321863 0.30603924098055563
72.290049823757897 -62.18386363636364 -0.31911347008118368 2.2451160176271934 0.0087835394325904703 -0.9898689029968496 0.053773937692414273 0.092110689240041344 0.0043917697162952352 -0.0012546940748576689 -0.0010886933144732033 0.0097190910713022254 0.29135730790256614
71.483111825722176 -62.18386363636364 -0.41767507090497652 2.4832935089331709 -0.036837431065640081 -1.014465506049373 0.057434250244983012 0.066320999694109928 -0.01841871553282004 0.0052390548685724431 0.0045140148248011529 -0.045213262589092897 0.29444976705342751
70.610469631792029 -62.18386363636364 -0.50783176703549526 2.6115379235685814 -0.079699001866389896 -1.0371090767969253 0.061412421388008287 0.018228526848894394 -0.039849500933194948 0.0094472639918373319 0.0079495965629068233 -0.10333345177293168 0.31824671657817405
69.712752107349772 -62.18386363636364 -0.57380870903871728 2.6061854855707942 -0.11815736930979392 -1.0542117805791273 0.063215908035313989 -0.052902173577751913 -0.059078684654896962 0.0085411848238938094 0.0065699543843232688 -0.15359247371033663 0.3609468115154722
68.836166827130498 -62.18386363636364 -0.60279059942473845 2.4709656548220345 -0.14784044840879562 -1.0598039568392468 0.059637768166250042 -0.14525618088336276 -0.073920224204397811 0.0017056371715566431 -0.0003889018038803556 -0.18264595732373295 0.41489041623766959
68.023583669128826 -62.18386363636364 -0.59199548298875104 2.2339038207500495 -0.16271431270271175 -1.0501247623962919 0.04915755365317645 -0.23986627737903943 -0.081357156351355875 -0.0069575718873314523 -0.0089203840561742492 -0.1813916292615462 0.46634445085890613
67.30628470837425 -62.18386363636364 -0.55022700934651114 1.9341222773867812 -0.16257364854797496 -1.0279922511101782 0.033772621019624319 -0.32351969070655956 -0.081286824273987479 -0.012688285296286895 -0.014382481756613238 -0.15604441021535007 0.5037750972376499
66.700158797760565 -62.18386363636364 -0.4887483752628643 1.6137355395630584 -0.15488621803166036 -0.99427117390117359 0.014009639518120898 -0.407571810582399 -0.07744310901583018 -0.015452470326108254 -0.0168587820785128 -0.12286243405273249 0.52333104378104323
66.207050299237267 -62.18386363636364 -0.41607001372617325 1.3066861101820706 -0.14277159993162858 -0.94707238797201831 -0.010270891604142296 -0.49570152376028004 -0.071385799965814289 -0.015767559807721748 -0.016905396886358566 -0.090368868266796104 0.52442282426608922
65.818998984070575 -62.18386363636364 -0.33771095856326777 1.0357892834218092 -0.13693279357310995 -0.87893057897316018 -0.043807500251490897 -0.60207535561649672 -0.068466396786554973 -0.015911139908863173 -0.016888568290111095 -0.06701342213446608 0.50906713378455415
65.523141807440453 -62.18386363636364 -0.25576218973638398 0.8124652013242939 -0.15151054066175051 -0.77046883622541995 -0.096870247247780691 -0.74061087506554446 -0.075755270330875257 -0.018305727839994842 -0.019310142480987814 -0.055499902324850789 0.4791545659832232
65.307095710882791 -62.18386363636364 -0.16817685561422058 0.64430360961856803 -0.23997925998075065 -0.54066014956435327 -0.2064068978194335 -0.95134749444477951 -0.11998962999037532 -0.03179705820061357 -0.033404318152713566 -0.062047532823509888 0.43473805545742294
65.178823935454943 -62.18386363636364 -0.061182705362206796 0.55971074973575941 -1.1206071662831043 0.19516357164280812 -0.56890083001339731 -1.3262240354467998 -0.56030358314155215 -0.19829936087837324 -0.20772607339298166 -0.1260046866619346 0.36896578576699024
65.178823935454943 -62.18386363636364 0.061182705362206116 0.55971074973575941 -2.5755990686265253 1.3723735555761274 -0.51504818794999663 -1.1945355820030177 -1.2877995343132627 -0.45577046493609685 -0.47743678360989833 0.28960867231065823 0.26422941755683177
65.307095710882791 -62.18386363636364 0.16817685561422047 0.64430360961856192 -1.675214247891561 1.475583562128763 -0.15528664092080408 -0.68829750705525983 -0.83760712394578052 -0.2219645353643401 -0.23318427482032225 0.43313289257079379 0.15571548663004853
65.523141807440453 -62.18386363636364 0.25576218973638454 0.81246520132426503 -1.0281455040928678 1.3511567988094584 -0.066607709769569159 -0.44506653673703389 -0.51407275204643388 -0.12422206201386571 -0.13103798645629411 0.37662049652557078 0.059211828224099983
65.818998984070561 -62.18386363636364 0.33771095856326755 1.0357892834218012 -0.77737481746348314 1.3003473341641756 -0.031567634939511188 -0.29236127038294724 -0.38868740873174157 -0.090328395116575297 -0.095877308489548035 0.38043879365953076 -0.043013568906941919
66.207050299237252 -62.18386363636364 0.41607001372617292 1.3066861101821154 -0.62916147479282736 1.2637984287445947 -0.015154516589921518 -0.17817223948316593 -0.31458073739641368 -0.0694839953272295 -0.074498180605057834 0.39823473618931293 -0.15557966589508887
66.700158797760565 -62.18386363636364 0.48874837526286413 1.6137355395631126 -0.52661623185229889 1.2325817102236802 -0.0085771614934819721 -0.085352163271244147 -0.26330811592614944 -0.052538707441880363 -0.057320195461101855 0.41773472733273231 -0.27880386424100301
67.306284708374264 -62.18386363636364 0.55022700934651136 1.9341222773866895 -0.45046955500687225 1.2043213426685535 -0.0087445650681599336 0.0017863878788043908 -0.22523477750343612 -0.03515751957508615 -0.039851908440648245 0.43237792015396564 -0.41085526950370743
68.02358366912884 -62.183863636363654 0.59199548298875126 2.2339038207501227 -0.39469441501489189 1.1776411673742884 -0.015580502627667393 0.087252185405779434 -0.19734720750744594 -0.016876909722205343 -0.021638082773902331 0.43999978742369911 -0.54713231470581025
68.836166827130512 -62.183863636363654 0.60279059942473845 2.4709656548219745 -0.35310934255267545 1.1484541300168134 -0.029367908615000066 0.18248282040669117 -0.17655467127633773 0.0040738270667066779 -0.00092887204931888206 0.43624051877976289 -0.68209446598660939
69.712752107349772 -62.18386363636364 0.57380870903871717 2.6061854855708 -0.3133546732399064 1.1116742600726135 -0.049321344818470302 0.27404820320011447 -0.1566773366199532 0.022651318281770728 0.017423592970345864 0.40732896892299214 -0.80322496925867914
70.610469631792029 -62.18386363636364 0.50783176703549493 2.6115379235685614 -0.26936072535357458 1.0706050954556623 -0.071119631683457252 0.34366764893884938 -0.13468036267678729 0.031929156223487978 0.026867451866494418 0.34923867138897285 -0.8965619426233522
71.483111825722176 -62.18386363636364 0.41767507090497624 2.4832935089331394 -0.22319032306428555 1.0308223257797557 -0.090862274818738015 0.39030719024002708 -0.11159516153214277 0.031742342363250138 0.027349475734860629 0.27393774191442927 -0.95613200042870095
72.290049823757897 -62.18386363636364 0.3191134700811834 2.2451160176271876 -0.17467258475928316 0.99552561986947774 -0.10595806677745057 0.41517973581036027 -0.087336292379641578 0.024951291995613096 0.02165014191700413 0.19327729692158355 -0.98366954091320791
73.002782809235484 -62.18386363636364 0.22643773778199644 1.9383888950365933 -0.12300520938822901 0.9665573115361652 -0.11513683560369675 0.41894591774043699 -0.061502604694114504 0.015399935425031333 0.013371703018543209 0.1174584440806531 -0.98595286061822118
73.60729607785612 -62.18386363636364 0.1492297796208249 1.6081239548744648 -0.070479673770670326 0.94465094796491911 -0.1189042243937088 0.40493955808364845 -0.035239836885335163 0.0069146936364067142 0.0059930926834051469 0.055926395227201393 -0.97195587576843956
74.102488859294084 -62.18386363636364 0.090972052221583 1.2909273591170956 -0.02153275543975175 0.92914838316451553 -0.11904079477075943 0.37953303766979796 -0.010766377719875875 0.0015156516589233601 0.0013104217730995462 0.013753435863182322 -0.9501392638461712
74.496521125543538 -62.18386363636364 0.050502233226165968 1.0094060520613377 0.021574063594371418 0.91888243328330521 -0.11711640364498557 0.34693624516075805 0.010787031797185709 -0.0010066795661662594 -0.00086828548502155861 -0.010807034924036323 -0.92658030222553966
74.80277144333968 -62.18386363636364 0.024575617500927252 0.77328530718316313 0.058050108564571046 0.91287395210874622 -0.11421852731723929 0.30913616257932125 0.029025054282285523 -0.0016442855085210966 -0.0014152248144250537 -0.022339554348374802 -0.90481660289733423
75.036411048880666 -62.183863636363647 0.0094543230593186339 0.58325151850735968 0.088707447730396405 0.90921210701405086 -0.11122107619239796 0.26880433206940424 0.044353723865198202 -0.0013669488351759028 -0.0011745241942314548 -0.025806522423681137 -0.88648526870815081
75.212107442320104 -62.18386363636364 0.0020632307416976973 0.43477383175190365 0.11757012570301639 0.90720855284890312 -0.10800979640482654 0.21848661243968803 0.058785062851508196 -0.0007015910254469874 -0.00060188008086938763 -0.025541485014994147 -0.87166983569880485