x y z A dCp dVx dVy dVz dP dFx dFy dFz mu 
75.212107442320104 -62.18386363636364 -0.0020632307416976786 0.43477383175187712 0.24100473396147948 -0.85791373093956924 -0.15158923544852695 0 0.12050236698073974 -0.0014381779165969688 -0.0012337823737047743 0.052356997699981832 1.2155059497550367
75.036411048880666 -62.18386363636364 -0.0094543230593186704 0.58325151850734247 0.23359926604483949 -0.86281838909237796 -0.14813899351350507 0 0.11679963302241975 -0.0035996779615216756 -0.0030929532609060037 0.067958044691615524 1.195265402462161
74.80277144333968 -62.18386363636364 -0.024575617500927439 0.77328530718324029 0.22515092700922723 -0.86799462326925592 -0.1464049417418527 0 0.11257546350461362 -0.0063774627759668563 -0.0054890367438305051 0.086645339601997898 1.1681286728258329
74.496521125543538 -62.18386363636364 -0.05050223322616617 1.0094060520613071 0.20995629664540827 -0.87678871885714948 -0.14589463951574849 0 0.10497814832270413 -0.0097968893387340075 -0.0084500541156115414 0.10517281644428648 1.1336296155538894
74.102488859294084 -62.18386363636364 -0.090972052221583083 1.2909273591170987 0.18562478637969138 -0.89042879430699295 -0.14666893293844963 0 0.092812393189845688 -0.013065792541083041 -0.011296592411477464 0.11856255931727817 1.0921317505379518
73.60729607785612 -62.18386363636364 -0.1492297796208249 1.6081239548744635 0.14750793830926989 -0.91131936832985361 -0.14828712215700546 0 0.073753969154634946 -0.014471863273167213 -0.012543031182322743 0.11704916915303429 1.0474742653280811
73.002782809235484 -62.18386363636364 -0.22643773778199663 1.938388895036558 0.099595415094791639 -0.93700388368915632 -0.14976083218467462 0 0.04979770754739582 -0.012469089469602158 -0.010826861067751875 0.095104285036242325 1.0071101040460619
72.290049823757897 -62.18386363636364 -0.31911347008118368 2.2451160176272347 0.052894697575949889 -0.96156880350606033 -0.1499691253157584 0 0.026447348787974945 -0.0075557995895921852 -0.0065561387939299292 0.058528613308455192 0.97808666320726068
71.483111825722176 -62.18386363636364 -0.41767507090497652 2.4832935089331234 0.016578156517110809 -0.98054849983274273 -0.14814345398513903 0 0.0082890782585554046 -0.0023577613612132745 -0.0020314675079476999 0.020347579138066976 0.96403275206860606
70.610469631792029 -62.18386363636364 -0.50783176703549526 2.6115379235685814 -0.0032408786242639209 -0.99121175253513416 -0.14401437518696447 0 -0.0016204393121319605 0.00038416335477139296 0.00032326223627540234 -0.0042019494244573347 0.96444253644169753
69.712752107349772 -62.18386363636364 -0.57380870903871728 2.6061854855707942 0.00067427930588104257 -0.99007474703599319 -0.1381221053116882 0 0.00033713965294052128 -4.8741303298290718e-05 -3.7492238595095476e-05 0.00087649401105423675 0.97446725742212725
68.836166827130512 -62.18386363636364 -0.60279059942473845 2.4709656548219732 0.039973407689953611 -0.97084189216814953 -0.13225964131742315 0 0.019986703844976805 -0.00046117372318329748 0.00010515207796773784 0.04938419352486826 0.98446280268990716
68.02358366912884 -62.18386363636364 -0.59199548298875104 2.2339038207500903 0.1199413170004715 -0.92945997126005586 -0.12713317751391473 0 0.059970658500235752 0.0051286228078575346 0.0065754671121178929 0.13370889471930841 0.97986019485318498
67.306284708374264 -62.18386363636364 -0.55022700934651114 1.9341222773867319 0.23508947590299145 -0.86592534646363795 -0.12281619782763636 0 0.11754473795149573 0.018347883356578949 0.020797774599668657 0.22564787677931494 0.94848167162689334
66.700158797760565 -62.18386363636364 -0.4887483752628643 1.6137355395631621 0.38122499915704189 -0.77681649721124679 -0.12381894242565269 0 0.19061249957852094 0.038033519456462606 0.04149490681189151 0.30240412551498858 0.88565157683669371
66.207050299237267 -62.18386363636364 -0.41607001372617325 1.3066861101819902 0.54896099513366436 -0.65823683747361217 -0.13327892053536861 0 0.27448049756683218 0.060626730575418133 0.065001747562602866 0.34747095274268375 0.79244197157450491
65.818998984070575 -62.18386363636364 -0.33771095856326777 1.0357892834218367 0.72903265382446358 -0.49622137600404737 -0.15726313036495965 0 0.36451632691223179 0.084711194816434215 0.089915041083720504 0.35678066375288231 0.67449654401228609
65.523141807440453 -62.18386363636364 -0.25576218973638398 0.81246520132427591 0.89623673816118465 -0.24803161978479604 -0.20553242426864354 0 0.44811836908059233 0.10828464961794954 0.1142261062167652 0.32830093015729261 0.53623484243747144
65.307095710882791 -62.18386363636364 -0.16817685561422058 0.64430360961853894 0.819212541026487 0.28700774090677006 -0.3137100821349314 0 0.4096062705132435 0.10854500029619218 0.11403167239258735 0.21181045825729602 0.37470530684633563
65.178823935454943 -62.18386363636364 -0.061182705362206796 0.55971074973577306 -1.8655100686412665 1.5649818739291921 -0.6452455369193506 0 -0.93275503432063323 -0.33011519598856898 -0.34580814141967758 -0.20976397326058799 0.16271385837101163
65.178823935454943 -62.18386363636364 0.061182705362206116 0.5597107497357573 -6.561570425536523 2.7128562600235209 -0.44942333938917473 0 -3.2807852127682615 -1.1611162777568766 -1.2163131744990718 0.73780415685033607 -0.11882109842027239
65.307095710882791 -62.18386363636364 0.16817685561422047 0.64430360961856192 -4.1083949391099166 2.2586833390028258 -0.08212498536354057 0 -2.0541974695549583 -0.54435901252659846 -0.57187496808697347 1.0622408363823062 -0.37497892606380268
65.523141807440453 -62.18386363636364 0.25576218973638454 0.81246520132430455 -2.3449718150978005 1.8289263306788281 -0.00054041417266434064 0 -1.1724859075489003 -0.28332296652199879 -0.29886857815741896 0.85898780457136803 -0.59145850682246481
65.818998984070575 -62.18386363636364 0.33771095856326755 1.0357892834218112 -1.6937398387750533 1.6409297808378764 0.033004441131647425 0 -0.84686991938752665 -0.19680699444415162 -0.20889693539744944 0.82889788369938378 -0.80678739985730064
66.207050299237267 -62.18386363636364 0.41607001372617292 1.3066861101820706 -1.2993425044175813 1.5154523605423811 0.052408466339955669 0 -0.64967125220879063 -0.14349815130551416 -0.15385343260854045 0.82243325473267981 -1.0300213352144914
66.700158797760565 -62.18386363636364 0.48874837526286413 1.6137355395631126 -1.0158981891347252 1.4182405648080703 0.067021559722308333 0 -0.50794909456736259 -0.1013527014956411 -0.11057669560423683 0.80585429648328144 -1.261007899518783
67.30628470837425 -62.18386363636364 0.55022700934651136 1.9341222773866402 -0.79233423948566162 1.3363172257759612 0.081181965855109756 0 -0.39616711974283081 -0.061838821791860371 -0.070095817165472557 0.76051272883546839 -1.4947969850971576
68.023583669128826 -62.183863636363654 0.59199548298875126 2.2339038207501711 -0.60934728516829684 1.2649059831976592 0.096747810513002241 0 -0.30467364258414842 -0.026055344920115211 -0.033405861580348584 0.67929179066582113 -1.721744861767015
68.836166827130512 -62.183863636363654 0.60279059942473845 2.4709656548219336 -0.44895178093983534 1.1984628556736243 0.11242137034593147 0 -0.22447589046991767 0.0051795625219573519 -0.0011809904484323594 0.55464677430638276 -1.9332499056934558
69.712752107349772 -62.18386363636364 0.57380870903871717 2.6061854855708408 -0.29545386423231812 1.1310265327952167 0.12740818790622793 0 -0.14772693211615906 0.021357331126131501 0.016428246685054371 0.3840597513282572 -2.1154381026490605
70.610469631792029 -62.18386363636364 0.50783176703549493 2.6115379235685614 -0.15562156351435052 1.065365623524942 0.14358848047688949 0 -0.077810781757175262 0.018446880875713435 0.01552251116647407 0.20177057367916382 -2.2536035679713042
71.483111825722176 -62.18386363636364 0.41767507090497624 2.4832935089331394 -0.038327253636981418 1.0061503159051397 0.16121040735935424 0 -0.019163626818490709 0.0054509388672633972 0.0046965759040841128 0.047041830357816082 -2.3423940056206956
72.290049823757897 -62.18386363636364 0.3191134700811834 2.2451160176271876 0.054922387370289871 0.95539087024788638 0.17973841458268314 0 0.027461193685144936 -0.0078454471047119771 -0.0068074648498854164 -0.060772276233495126 -2.3858685506456054
73.002782809235484 -62.18386363636364 0.22643773778199644 1.9383888950365933 0.12707504578241879 0.91290146922103033 0.1988362686022484 0 0.063537522891209397 -0.015909468460035967 -0.013814128537493404 -0.12134475631817443 -2.3932589954893229
73.60729607785612 -62.18386363636364 0.1492297796208249 1.6081239548744648 0.17966098044827372 0.87913520615637131 0.21785387039968046 0 0.089830490224136861 -0.017626367600090183 -0.015277098343579685 -0.14256296123263246 -2.3753526577769715
74.102488859294084 -62.18386363636364 0.090972052221583 1.2909273591170956 0.20977170989951788 0.85721236261109834 0.23540445086527342 0 0.10488585494975894 -0.014765450756824257 -0.012766104960500077 -0.13398572078178811 -2.3440666544290489
74.496521125543538 -62.18386363636364 0.050502233226165968 1.0094060520612969 0.21647731238509682 0.84895333532778938 0.25060112140755708 0 0.10823865619254841 -0.010101170137160135 -0.0087125036671111752 -0.10843937049566904 -2.3108225451946667
74.80277144333968 -62.18386363636364 0.024575617500927252 0.77328530718320432 0.20551113808038157 0.851525728682195 0.26342512278041225 0 0.10275556904019079 -0.0058211602793023058 -0.0050102311510509508 -0.079087315284458712 -2.2823662312621833
75.036411048880666 -62.183863636363647 0.0094543230593186339 0.58325151850735968 0.18830460578657571 0.85826967052015846 0.27398643557417746 0 0.094152302893287854 -0.0029017040634572995 -0.0024932327672613705 -0.054781048897752878 -2.2606030683216183
75.212107442320104 -62.18386363636364 0.0020632307416976973 0.43477383175190365 0.16892761137125456 0.86635227806177018 0.28373600216737876 0 0.08446380568562728 -0.0010080630209382173 -0.00086479591465295691 -0.036698625851234894 -2.2443617209426825
72.726827487581147 -59.291590909090914 -0.0021747657201549786 0.45827701488025763 0.22477593537155982 -0.8750557244748095 -0.097475862100862995 0 0.11238796768577991 -0.0014138441356336625 -0.0012129069384115112 0.051471124193494616 1.7112478145326591
72.541633226035515 -59.291590909090914 -0.0099654087548923034 0.61478116966908325 0.21790908137971399 -0.87938394623694216 -0.0936738689338113 0 0.10895454068985699 -0.0035394206784573508 -0.0030411783626680643 0.0668204520571479 1.6930370784054072
72.295363434328664 -59.291590909090914 -0.02590413636851923 0.81508788327666504 0.20892787822081471 -0.88471510488720695 -0.091385474576672759 0 0.10446393911040736 -0.0062378548592339992 -0.0053688772052183321 0.084748601701462117 1.6684268123649884
71.972557710533749 -59.291590909090914 -0.053232303780607011 1.0639729407742815 0.19180762004874441 -0.89448656272394989 -0.089923128601872113 0 0.095903810024372205 -0.0094338688433084107 -0.0081369401540917069 0.10127567250290043 1.637708640254655
71.55722468550853 -59.291590909090914 -0.095889856943900176 1.3607128427661825 0.16847640265248232 -0.90750680420756413 -0.089190793608374064 0 0.084238201326241158 -0.01249981400440265 -0.010807251346064223 0.11342671596016765 1.6015020553395012
71.035262568439009 -59.291590909090914 -0.15729690460050649 1.6950565829313731 0.1374977970169986 -0.92446253913080023 -0.088719877856289805 0 0.068748898508499301 -0.014219013824356669 -0.012323881895116297 0.11500410989940241 1.5627655230714077
70.398070272199163 -59.291590909090914 -0.2386786024099895 2.0431751214534213 0.10312389169836189 -0.94296257499070679 -0.087736483110127689 0 0.051561945849180946 -0.013608785472712092 -0.011816454599438836 0.10379697858043856 1.5265295338560991
69.646808073011016 -59.291590909090914 -0.3363642376718472 2.3664834253531128 0.074146147202483248 -0.95840419386297271 -0.085529258054669086 0 0.037073073601241624 -0.011164044515384745 -0.0096869993012116198 0.086478742143902249 1.4969984153692819
68.796248287839063 -59.291590909090914 -0.44025392216676318 2.6175364137252433 0.058827123831447503 -0.966673817666309 -0.08194270197519779 0 0.029413561915723752 -0.0088187271301773205 -0.0075982912949226931 0.076105983892263793 1.4750482587020779
67.87643244224995 -59.291590909090914 -0.53528434616371756 2.7527135178242021 0.06388801710993508 -0.96441072150616047 -0.077614065310560268 0 0.03194400855496754 -0.0079824692972772938 -0.0067170146344987941 0.087311639313964656 1.4571154867395517
66.930185733589042 -59.291590909090914 -0.60482789691131733 2.7470717355253931 0.096021584860077835 -0.94788310773954876 -0.074135208922192886 0 0.048010792430038918 -0.0073162890499179388 -0.005627753796641482 0.13156569688237393 1.4354960854613341
66.006213644725776 -59.291590909090914 -0.63537650228201192 2.6045421353917102 0.16246873460915967 -0.91217291340081785 -0.073971896343844074 0 0.081234367304579835 -0.0019757311983786578 0.00045048585938755779 0.21156862793561801 1.3995785070311675
65.149703531201936 -59.291590909090914 -0.62399781898905671 2.3546651149125175 0.26065090481980324 -0.85635847144428845 -0.077454913115945115 0 0.13032545240990162 0.011747781537564995 0.01506196771231744 0.30627771697017092 1.3377888172785621
64.393628527361969 -59.291590909090914 -0.57997140797038549 2.0386778572268267 0.37869187668109916 -0.78383474831158573 -0.083133691474719607 0 0.18934593834054958 0.031153256482864822 0.035312978275718353 0.38313226891095575 1.2449103865276085
63.754736412263028 -59.291590909090914 -0.51516933652729824 1.7009715209798313 0.51165433544126637 -0.6925220925943949 -0.093588545385714358 0 0.25582716772063319 0.053805476271227462 0.058702251481086064 0.42780679338245353 1.1242650790402622
63.234971251133658 -59.291590909090914 -0.43856209814494879 1.377323486896223 0.65672399821145699 -0.57534527645067435 -0.1106969496166908 0 0.3283619991057285 0.076448721364409042 0.081965503342315768 0.4381517821649038 0.98192243746137686
62.825942497911818 -59.291590909090914 -0.35596707685721823 1.0917824077379628 0.8097706896374991 -0.41290861649976285 -0.14048410864846139 0 0.40488534481874955 0.099179190218047303 0.10527181185946267 0.41771595115788335 0.82335529593330203
62.514091751994954 -59.291590909090914 -0.26958828768360976 0.85638578029570001 0.93797290064389593 -0.15712812187750058 -0.19323005116014785 0 0.46898645032194797 0.11945356711354646 0.12600784961880354 0.36216321826176295 0.6503476700658205
62.286366546436852 -59.291590909090914 -0.17726822944307027 0.67913363990380904 0.7397825862784152 0.40878130655915945 -0.30514792663456075 0 0.3698912931392076 0.10331943319755257 0.10854196624461553 0.20161349148041474 0.45651234146692138
62.151160602464564 -59.291590909090914 -0.064490145284761491 0.58996782430936512 -2.4491835171753156 1.7432712457430006 -0.64045989799593417 0 -1.2245917585876578 -0.45682927364509607 -0.47854592574036436 -0.29028146751795864 0.20836100255610726
62.151160602464564 -59.291590909090914 0.064490145284760783 0.58996782430935035 -7.5190699767063141 2.884073540481439 -0.44854184843910677 0 -3.759534988353157 -1.4024801538379066 -1.4691509547881059 0.89117318155308345 -0.11497976651668769
62.286366546436852 -59.291590909090914 0.17726822944307019 0.67913363990382092 -4.587795564334507 2.3623473185451669 -0.08432503125980495 0 -2.2938977821672535 -0.64074019330175458 -0.67312797099795629 1.2503152940879578 -0.40674015843815448
62.514091751994968 -59.291590909090914 0.26958828768361032 0.85638578029574841 -2.6036619538572743 1.8983239172699669 -0.0053159174262155644 0 -1.3018309769286371 -0.33158389515578984 -0.34977752951564872 1.0053068610270213 -0.65357152425960097
62.825942497911818 -59.291590909090914 0.35596707685721807 1.0917824077379223 -1.8884644035657794 1.699356147573833 0.025555572167349664 0 -0.94423220178288969 -0.23129556638449411 -0.24550415560789282 0.9741544299613768 -0.90022890718959192
63.234971251133658 -59.291590909090914 0.4385620981449484 1.377323486896284 -1.4703009219909 1.5711620165259932 0.041843037854277794 0 -0.73515046099545001 -0.17115656777159841 -0.18350776804847255 0.98095238036606058 -1.1586108618893154
63.754736412263036 -59.291590909090914 0.51516933652729802 1.7009715209797607 -1.1859772076052808 1.477576270006413 0.052398224389921186 0 -0.5929886038026404 -0.12471714609236784 -0.1360675117345351 0.99162475731335153 -1.4316167838260998
64.393628527361969 -59.291590909090914 0.57997140797038549 2.0386778572267819 -0.97513030520034594 1.4040802481321213 0.060736825777996523 0 -0.48756515260017297 -0.080219530369548389 -0.090930799956219804 0.98656430021563157 -1.7185997485374898
65.149703531201951 -59.291590909090928 0.62399781898905693 2.3546651149125672 -0.80578751414221594 1.3420747158856252 0.067992434305108249 0 -0.40289375707110797 -0.036317601461559372 -0.046563220370899265 0.94684022050554528 -2.0132535686232154
66.006213644725776 -59.291590909090928 0.63537650228201192 2.6045421353917009 -0.64886704610882595 1.2820044920313496 0.073017316578105576 0 -0.32443352305441298 0.0078906681318168248 -0.0017991487999071678 0.84496202292783529 -2.3061400490471007
66.930185733589042 -59.291590909090914 0.60482789691131711 2.7470717355254206 -0.48617152111491047 1.2167085343885855 0.076104293314442656 0 -0.24308576055745523 0.037043456234326165 0.028494151890539204 0.66613663035300752 -2.5772879085229241
67.87643244224995 -59.291590909090914 0.53528434616371723 2.7527135178241879 -0.32945168944043246 1.1502163334804139 0.080337261811102734 0 -0.16472584472021623 0.041163243357030699 0.034637666333012893 0.45024041097256101 -2.8043228772485942
68.796248287839063 -59.291590909090914 0.44025392216676285 2.6175364137252961 -0.19168784743091405 1.0881841330743731 0.086851251897074197 0 -0.095843923715457024 0.028735772048074218 0.024758988840759701 0.24799091437343848 -2.9755262212254645
69.646808073011016 -59.291590909090914 0.33636423767184687 2.3664834253530649 -0.076762876558196691 1.033244534437167 0.095752851727343852 0 -0.038381438279098345 0.011558040482998813 0.010028868115663066 0.089530707374071428 -3.0901368373277469
70.398070272199149 -59.291590909090914 0.23867860240998931 2.0431751214534781 0.015469660400687202 0.98645046006603776 0.10698518324896747 0 0.0077348302003436009 -0.0020414599009164888 -0.0017725915574262484 -0.015570630460238351 -3.155286047673421
71.035262568439009 -59.291590909090914 0.15729690460050644 1.6950565829313655 0.085805024445258615 0.94859855072892096 0.11981554619385659 0 0.042902512222629308 -0.0088733263750805213 -0.0076906758523571823 -0.071767916834357931 -3.182478511130177
71.55722468550853 -59.291590909090914 0.095889856943900079 1.3607128427661643 0.13357663614793946 0.92131237900657237 0.13269085929825955 0 0.066788318073969732 -0.0099104864592049809 -0.0085685369469233712 -0.089930452744288542 -3.1850407563987706
71.972557710533749 -59.291590909090914 0.053232303780606796 1.0639729407742635 0.15866688249774719 0.90577823789047185 0.14456452284805085 0 0.079333441248873593 -0.0078038743136480109 -0.0067310304303465759 -0.083777147252096076 -3.175594251887647
72.295363434328664 -59.291590909090914 0.025904136368519032 0.81508788327662951 0.16522705864358567 0.90039097936447021 0.15514195317677468 0 0.082613529321792833 -0.0049331014099876251 -0.0042458852135532597 -0.067021990088317995 -3.1628832307296064
72.541633226035515 -59.291590909090921 0.0099654087548922618 0.61478116966907148 0.16509891390767817 0.89885143168381298 0.16421689880241169 0 0.082549456953839084 -0.0026816436753151758 -0.0023041501597681432 -0.050626545674943131 -3.1511595111530775
72.726827487581147 -59.291590909090914 0.0021747657201549976 0.45827701488025496 0.16073822923666647 0.89962382310476607 0.17302817015069566 0 0.080369114618333237 -0.0010110459662985188 -0.00086735492029808077 -0.036807220248051623 -3.1408848349228058
70.241547532842191 -56.399318181818188 -0.0022863006986122781 0.48178019800862726 0.21794724497966877 -0.88246620003581877 -0.057499224470191394 0 0.10897362248983439 -0.0014411990760935074 -0.0012363741624479916 0.052466983285899327 2.0006348877206279
70.046855403190364 -56.399318181818188 -0.010476494450465935 0.64631082083081881 0.21363515206931083 -0.8851610490345494 -0.053430002833100579 0 0.10681757603465541 -0.0036479631141523344 -0.003134441338972642 0.06886961639205505 1.9827750905200663
69.787955425317634 -56.399318181818188 -0.027232655236111025 0.85689045937003394 0.20749576887396715 -0.88877851146522457 -0.050764049126251376 0 0.10374788443698357 -0.0065128186778439581 -0.0056055366035705672 0.088484308875089887 1.9581193845404548
69.448594295523961 -56.399318181818188 -0.055962374335047846 1.118539829487234 0.19325710323533685 -0.8968666845496962 -0.048713929316972202 0 0.096628551617668423 -0.009992641648414801 -0.0086188952194421516 0.10727428161580728 1.926929661155508
69.011960511723004 -56.399318181818188 -0.10080766166621724 1.4304983264153022 0.17466772312933654 -0.90725481586633894 -0.047127231597016643 0 0.087333861564668269 -0.013623791839803943 -0.011779034683824971 0.1236259968964039 1.8894238104301995
68.463229059021899 -56.399318181818188 -0.16536402958018803 1.7819892109882469 0.15148287885571976 -0.92002083282939795 -0.045593730974567065 0 0.07574143942785988 -0.016468655953799437 -0.014273688277753025 0.13319933031937414 1.8475025871887385
67.793357735162829 -56.399318181818188 -0.2509194670379824 2.1479613478703135 0.12713293562805372 -0.93325688860429457 -0.043573435078928899 0 0.063566467814026861 -0.017637580929971326 -0.01531464175997478 0.13452542210103402 1.8045322313265517
67.003566322264135 -56.399318181818188 -0.35361500526251072 2.4878508330789253 0.10804652835015338 -0.9435560933176218 -0.040686243535549095 0 0.054023264175076691 -0.017102699213684437 -0.01483994757486728 0.13248065369380407 1.7634220865990189
66.10938474995595 -56.399318181818188 -0.46283277342854989 2.7517793185174186 0.100676227414499 -0.94759857653210511 -0.037157910864701833 0 0.050338113707249499 -0.015866315749111494 -0.01367055438493253 0.1369269683715871 1.7247175922353388
65.142395252707857 -56.399318181818188 -0.56273692529193986 2.8938891120798398 0.11074185225934796 -0.94238924008255875 -0.034068576683939436 0 0.055370926129673981 -0.014546231704937372 -0.012240228881581957 0.15910557105832587 1.6855105780470565
64.147619359828298 -56.399318181818188 -0.63584708478391738 2.8879579854800275 0.14433634423679476 -0.92441733535983694 -0.033410265629355042 0 0.072168172118397378 -0.011561616423357405 -0.0088932968992786864 0.20790760335566402 1.6397079480509884
63.176260462321039 -56.399318181818188 -0.66796240513928551 2.7381186159615032 0.20861913796464437 -0.88879361903274556 -0.037772540317410473 0 0.10430956898232219 -0.0026670617844924533 0.00060811593247748184 0.28559887237071963 1.5788272614938683
62.275823393275061 -56.399318181818188 -0.65600015498936248 2.4754264090748901 0.30191114388437745 -0.83418920612502834 -0.047087413393788566 0 0.15095557194218873 0.014305289091682216 0.01834097797318639 0.37295478040587282 1.4931576885844398
61.480972346349674 -56.399318181818188 -0.60971580659425972 2.1432334370669341 0.41411505885634381 -0.76315157045253179 -0.059030684050674645 0 0.2070575294281719 0.035814538159961183 0.040596655078201246 0.44045813550090657 1.3784488545596103
60.809314026765485 -56.399318181818188 -0.54159029779173218 1.7882075023964226 0.54160444422753229 -0.67285770872341577 -0.075220074341512649 0 0.27080222211376614 0.059876018128750541 0.065325266449867761 0.47607360981335639 1.2380835894171704
60.262892203030049 -56.399318181818188 -0.46105418256372432 1.4479608636103758 0.68173496949912382 -0.55575590052730717 -0.096955709114822153 0 0.34086748474956191 0.083430295394726947 0.089450889877283279 0.47816538931365427 1.0777516792518738
59.832886011753061 -56.399318181818188 -0.37422319515116875 1.1477755320541068 0.82931880617136966 -0.39204893503037347 -0.13030282564158113 0 0.41465940308568483 0.10678269785529841 0.11334240634305202 0.44973987087176537 0.90237629662701058
59.505041696549455 -56.399318181818188 -0.28341438563083549 0.90030635926711233 0.9478386197553339 -0.13274312619142348 -0.18585113046089866 0 0.47391930987766695 0.12690072471512859 0.13386362435892332 0.38474175341197697 0.71311401933006457
59.265637381990921 -56.399318181818188 -0.18635960327191997 0.71396367018902129 0.71282843930059614 0.44393115592538179 -0.30016110590507594 0 0.35641421965029807 0.10466073954027587 0.10995107219177302 0.20423086409398339 0.50251141312604142
59.123497269474178 -56.399318181818188 -0.067797585207316186 0.62022489888297372 -2.641781946340878 1.79855784011529 -0.63794329066203126 0 -1.320890973170439 -0.51802466187509522 -0.54265040721962465 -0.32916664437843074 0.23397008867307834
59.123497269474178 -56.399318181818188 0.067797585207315436 0.62022489888297605 -7.8422478435791785 2.9395526550548312 -0.44864020299040491 0 -3.9211239217895892 -1.5377793739327084 -1.6108820002081881 0.97714590359377418 -0.11482934550856094
59.265637381990921 -56.399318181818188 0.18635960327191989 0.71396367018903462 -4.757804907391729 2.3979819714430537 -0.086529602020436636 0 -2.3789024536958645 -0.69856272946203957 -0.7338732884455238 1.3631479243176756 -0.42930053456038714
59.505041696549469 -56.399318181818188 0.2834143856308361 0.90030635926716251 -2.6991411402991927 1.9232926273058135 -0.0093064520787418028 0 -1.3495705701495964 -0.36137266373552307 -0.38120077423094961 1.0956214205465129 -0.69575299903227616
59.832886011753061 -56.399318181818188 0.37422319515116853 1.1477755320540335 -1.9622062570929137 1.7209934625547958 0.019691595582088592 0 -0.98110312854645687 -0.25265275105510154 -0.26817332160480101 1.0641051211207173 -0.96266668459990845
60.262892203030049 -56.399318181818188 0.46105418256372399 1.4479608636104708 -1.5352660533524238 1.5918934104960512 0.033784951852481135 0 -0.76763302667621192 -0.18788489086132368 -0.20144325993964918 1.0768276866312247 -1.2433837830805083
60.809314026765492 -56.399318181818188 0.54159029779173207 1.7882075023963808 -1.2485437456327055 1.4989398193567789 0.041511005521095004 0 -0.62427187281635277 -0.13803030744082298 -0.15059228875808126 1.0974775674911652 -1.541858647122321
61.480972346349667 -56.399318181818188 0.60971580659425983 2.1432334370668902 -1.038847599164928 1.4271442486106849 0.045900902195614886 0 -0.51942379958246399 -0.089844226108144021 -0.10184062800948822 1.1049317497929918 -1.8584785308459835
62.275823393275061 -56.399318181818202 0.65600015498936259 2.4754264090749478 -0.87235018183000168 1.3675079750617782 0.047666759617542867 0 -0.43617509091500084 -0.04133408717446687 -0.05299491520583554 1.0776255765704263 -2.1875141807924279
63.176260462321039 -56.399318181818202 0.6679624051392854 2.7381186159614277 -0.71839194970355447 1.3100776051452132 0.045701402610175614 0 -0.35919597485177723 0.0091841800039753254 -0.0020940820417548909 0.98347607394631054 -2.5195779099478748
64.147619359828298 -56.399318181818188 0.63584708478391727 2.8879579854800896 -0.55703506041658479 1.2471423975729856 0.040876650945130967 0 -0.2785175302082924 0.044619570607473465 0.034321765607871382 0.80237465489838156 -2.8332250780875641
65.142395252707857 -56.399318181818188 0.56273692529193953 2.8938891120798265 -0.39927093235070821 1.1823291019569704 0.036997662309016903 0 -0.1996354661753541 0.052445280411404123 0.044131170808755969 0.57364247032708393 -3.1032979299307093
66.10938474995595 -56.399318181818188 0.46283277342854945 2.7517793185174315 -0.25806688716432213 1.1210640644251848 0.035808527180090567 0 -0.12903344358216107 0.040670680867703861 0.035042209134487579 0.35098967655013907 -3.3151046610043631
67.003566322264135 -56.399318181818188 0.35361500526251044 2.487850833078884 -0.13789595760719897 1.0660485075267765 0.037901678157192406 0 -0.068947978803599486 0.021827569305104464 0.018939699525052377 0.16908036643556412 -3.465333161377727
67.793357735162814 -56.399318181818188 0.25091946703798218 2.1479613478703801 -0.039951943670573975 1.0188537324830953 0.04346280566000478 0 -0.019975971835286987 0.0055426678878947562 0.004812676604271867 0.04227505688820811 -3.5598020704200044
68.463229059021899 -56.399318181818188 0.165364029580188 1.7819892109882409 0.036016409783348302 0.98046223154665069 0.051743624991042104 0 0.018008204891674151 -0.0039155703000466639 -0.003393697096428797 -0.031669332533740602 -3.6101483891891504
69.011960511723004 -56.399318181818188 0.10080766166621716 1.430498326415284 0.090428698787186734 0.95175450379152371 0.061111911485108465 0 0.045214349393593367 -0.0070532880749164077 -0.0060982233027604025 -0.064003456593594354 -3.630285696756506
69.448594295523961 -56.399318181818188 0.055962374335047624 1.1185398294872415 0.12364510243413995 0.93348400126239039 0.070445134345940283 0 0.061822551217069976 -0.0063932511639758285 -0.0055143338300964271 -0.068633645630004764 -3.6333229553770088
69.787955425317634 -56.399318181818188 0.027232655236110816 0.85689045937000941 0.13888538793164618 0.92456982292997725 0.079279597599788518 0 0.069442693965823088 -0.004359295389537457 -0.0037520144626409396 -0.059226159794345236 -3.6289098771398556
70.046855403190364 -56.399318181818195 0.010476494450465893 0.64631082083079827 0.14770010242052023 0.91907412228242591 0.087193206904369353 0 0.073850051210260115 -0.0025220780399086563 -0.0021670464917082082 -0.047614118258347181 -3.6224429037965571
70.241547532842191 -56.399318181818188 0.0022863006986122984 0.48178019800861627 0.15130682790518568 0.91630646914696423 0.095266083651202052 0 0.075653413952592841 -0.0010005323104860717 -0.00085833547765826516 -0.036424469653122689 -3.6152370475183142
67.756267578103234 -53.507045454545462 -0.002397835677069578 0.50528338113702143 0.21576867169546654 -0.88473879315967785 -0.038322267454969243 0 0.10788433584773327 -0.0014963977555470739 -0.0012837279404303036 0.054476496225733632 2.1914846263418442
67.552077580345198 -53.507045454545462 -0.01098758014603957 0.67784047199257569 0.21303506321073973 -0.88645284332933982 -0.034151037211030716 0 0.10651753160536986 -0.0038151786779202267 -0.0032781180591566657 0.072026466220613428 2.1731177841128027
67.280547416306604 -53.507045454545462 -0.028561174103702822 0.89869303546343771 0.20864272803345685 -0.88902869763440207 -0.031388640445581942 0 0.10432136401672842 -0.0068682969438552703 -0.0059114942127819654 0.093313899601314115 2.1474331109293145
66.924630880514172 -53.507045454545462 -0.058692444889488687 1.1731067182001809 0.19609134609455248 -0.89613223766465067 -0.029251778127040988 0 0.098045673047276238 -0.010633820966355489 -0.0091719278961499805 0.11415755163980019 2.1146289365166431
66.466696337937449 -53.507045454545462 -0.10572546638853433 1.5002838100643792 0.1799106507471574 -0.90516626553662149 -0.027629350106888155 0 0.089955325373578698 -0.014717304767179603 -0.012724478276198277 0.13354883096165795 2.0746738527578548
65.891195549604774 -53.507045454545462 -0.17343115455986965 1.8689218390451521 0.16027597827294271 -0.91598930792385391 -0.026222309132426312 0 0.080137989136471355 -0.018274651840940653 -0.015838978268404171 0.14780631727699306 2.0289555371427501
65.188645198126494 -53.507045454545462 -0.26316033166597536 2.2527475742871905 0.13997499582080464 -0.92704718527005281 -0.024668207516310589 0 0.069987497910402319 -0.020366550386720705 -0.017684195145439879 0.15533982797265894 1.9801609110543517
64.360324571517253 -53.507045454545462 -0.37086577285317429 2.6092182408048226 0.12414578320462222 -0.93559442685870875 -0.022743905256177088 0 0.062072891602311109 -0.020609710058297408 -0.017882967651891474 0.15964660471712891 1.9309263278400555
63.422521212072809 -53.507045454545462 -0.48541162469033661 2.8860222233096398 0.1185406926135768 -0.9386315810897482 -0.020737945109934104 0 0.059270346306788402 -0.019593078962375957 -0.01688156568663015 0.16908909073825246 1.8821318658174169
62.408358063165743 -53.507045454545462 -0.59018950442016227 3.0350647063354859 0.12889800630238202 -0.93312114726457707 -0.019670237041213998 0 0.064449003151191009 -0.017757056912156743 -0.014942044460511552 0.19422533186824836 1.8315553718091671
61.365052986067553 -53.507045454545462 -0.66686627265651754 3.0288442354346512 0.16163800138539897 -0.91537242197651103 -0.021338409018884827 0 0.080819000692699483 -0.013579144070634206 -0.01044519688564116 0.24418794016061907 1.7738305829562906
60.346307279916289 -53.507045454545462 -0.70054830799655909 2.8716950965312718 0.22424517019482182 -0.88032253149513418 -0.02805477405321093 0 0.11212258509741091 -0.0030066861472714305 0.00068555357837842283 0.32196710935843642 1.7009746344168111
59.401943255348165 -53.507045454545462 -0.68800249098966826 2.5961877032372795 0.31538707836948021 -0.82647032155835531 -0.039493407218783132 0 0.15769353918474011 0.015672831331769575 0.020094319827523823 0.40860812600264068 1.6034434732260314
58.568316165337379 -53.507045454545462 -0.63946020521813407 2.2477890169070602 0.42540394154525585 -0.75615195218797937 -0.053200410309056936 0 0.21270197077262792 0.038585657931224572 0.043737787124408428 0.47453821332430579 1.4769997038506177
57.863891641267941 -53.507045454545462 -0.56801125905616634 1.875443483813058 0.55090493766556592 -0.66639469605658297 -0.070803752740151424 0 0.27545246883278296 0.06387536949796635 0.069688594239282087 0.50787241178378362 1.3250422396647754
57.29081315492644 -53.507045454545462 -0.48354626698249997 1.5185982403246019 0.6892365069793096 -0.5495348941001269 -0.093674399848906104 0 0.3446182534896548 0.088463180833568175 0.094846964277173651 0.5070104463022399 1.153257683101246
56.839829525594297 -53.507045454545462 -0.39247931344511933 1.2037686563702508 0.83491472189257387 -0.38563109812565305 -0.12796067468495556 0 0.41745736094628694 0.1127476666701108 0.11967380583764309 0.47486270779580675 0.96648184638607171
56.495991641103956 -53.507045454545462 -0.29724048357806132 0.94422693823855985 0.95030327467217512 -0.12538872852229055 -0.18432143686339941 0 0.47515163733608756 0.13343753072364536 0.14075909754077853 0.40456025493020276 0.76563196787383114
56.244908217544975 -53.507045454545462 -0.19545097710076975 0.74879370047426363 0.70378398325944724 0.4545120241877284 -0.29939077575858364 0 0.35189199162972362 0.10837378176616781 0.11385179920386376 0.21147634913013516 0.54260748093024047
56.095833936483785 -53.507045454545462 -0.071105025129870894 0.65048197345658365 -2.7033797962045414 1.8155715796990053 -0.63802792665666275 0 -1.3516898981022707 -0.55596390978972232 -0.58239320296984609 -0.35327425130411227 0.25854254473461724
56.095833936483785 -53.507045454545462 0.071105025129870117 0.65048197345657677 -7.9463857767408932 2.9570507841169422 -0.44970705675391831 0 -3.9731928883704466 -1.6342149598576008 -1.7119019203470975 1.0384236391028281 -0.11016436842759179
56.244908217544975 -53.507045454545462 0.19545097710076964 0.74879370047429594 -4.8146933000935768 2.409745228458509 -0.088437740897337885 0 -2.4073466500467884 -0.74140152857533459 -0.77887747926821527 1.4467418774857304 -0.44262220737748975
56.495991641103963 -53.507045454545462 0.29724048357806188 0.94422693823859871 -2.7323483654564287 1.9318916729495765 -0.011955310306087373 0 -1.3661741827282143 -0.38366469808185455 -0.40471594736043298 1.1632071368674997 -0.72455538617251747
56.839829525594297 -53.507045454545462 0.3924793134451191 1.2037686563701493 -1.9885881328552011 1.7286769841999434 0.016248604635154582 0 -0.99429406642760054 -0.26854080550772674 -0.28503738628885916 1.1310213135511618 -1.0072940304293925
57.29081315492644 -53.507045454545462 0.48354626698249958 1.5185982403246854 -1.5590023629161767 1.5994178389148059 0.029409853404400298 0 -0.77950118145808833 -0.20009721852234114 -0.21453686786207812 1.1468203959082388 -1.3051368391335996
57.863891641267955 -53.507045454545462 0.56801125905616612 1.8754434838129814 -1.2718446262385421 1.5068344863568379 0.035978562565318783 0 -0.63592231311927105 -0.14746563316211606 -0.16088631274376722 1.1724977461249575 -1.6225798340928321
58.568316165337372 -53.507045454545462 0.63946020521813418 2.2477890169070363 -1.0631387646369408 1.4358364907423162 0.038888770740811131 0 -0.5315693823184704 -0.096430485708938779 -0.10930631437614539 1.1859315831772745 -1.9604831783423746
59.401943255348172 -53.507045454545469 0.68800249098966837 2.5961877032373222 -0.89846307703148209 1.3773016778251077 0.038770675666350202 0 -0.44923153851574105 -0.044648183866431178 -0.057243957223704629 1.1640277594325563 -2.3132697698236342
60.346307279916289 -53.507045454545469 0.70054830799655909 2.8716950965312256 -0.74659264761926081 1.3211377080131879 0.034464533725577659 0 -0.3732963238096304 0.01001033720949906 -0.0022824538906303284 1.0719440530799085 -2.6713951223215537
61.365052986067553 -53.507045454545462 0.66686627265651732 3.0288442354346792 -0.58691877246891533 1.2594427758037021 0.026882465377659086 0 -0.29345938623445766 0.049306812140743977 0.037927232963611598 0.88666331470571491 -3.0122964801407952
62.408358063165743 -53.507045454545462 0.59018950442016194 3.0350647063354805 -0.43003482113043745 1.1956736239736063 0.019985146090546236 0 -0.21501741056521873 0.0592418223685224 0.04985026224397434 0.64798252699908798 -3.3090279887894338
63.422521212072809 -53.507045454545462 0.48541162469033616 2.8860222233096477 -0.28869547905989945 1.13509808145111 0.01574244408941812 0 -0.14434773952994973 0.047717228511061326 0.041113575310969819 0.41180167736671208 -3.5452257214673373
64.360324571517239 -53.507045454545462 0.37086577285317396 2.6092182408047897 -0.1674139628975746 1.0803654476821241 0.014982067687012622 0 -0.083706981448787299 0.027792754179516297 0.024115667932415472 0.21528778560915077 -3.7162568831113383
65.18864519812648 -53.507045454545462 0.26316033166597508 2.2527475742872447 -0.067900188870343658 1.0332349899982858 0.018045617572860613 0 -0.033950094435171829 0.0098795689171949138 0.0085783906143679471 0.075353484360403122 -3.8273341361421025
65.891195549604774 -53.507045454545462 0.1734311545598696 1.8689218390451419 0.0098302101068005188 0.99477769033378138 0.02423090397378648 0 0.0049151050534002594 -0.0011208396240087177 -0.00097145240311875759 -0.0090654081141898664 -3.8903313870945655
66.466696337937449 -53.507045454545462 0.10572546638853424 1.5002838100643792 0.066761412126642106 0.9655154040740408 0.031915393920483585 0 0.033380706063321053 -0.005461311183493662 -0.0047218112700156568 -0.04955742478744482 -3.9197090920471394
66.924630880514172 -53.507045454545462 0.058692444889488465 1.1731067182001707 0.10350252297140883 0.94599091876045849 0.039983229626117417 0 0.051751261485704414 -0.0056128295346258988 -0.0048412012904721306 -0.060255563778224004 -3.9290500321711321
67.280547416306604 -53.507045454545462 0.028561174103702607 0.89869303546338941 0.1227360089634616 0.93539669153259819 0.047927241798457101 0 0.061368004481730798 -0.0040403390197693559 -0.0034774909891471554 -0.054892762023535699 -3.9286493714427557
67.552077580345198 -53.507045454545462 0.010987580146039524 0.67784047199255271 0.13581154661861961 0.92797447474493999 0.055243348950195781 0 0.067905773309309803 -0.0024322067413011985 -0.002089826326720925 -0.045917444891305573 -3.9246037099409934
67.756267578103234 -53.507045454545462 0.0023978356770695992 0.50528338113705129 0.1432465619379103 0.92346764374075418 0.062936070944961134 0 0.07162328096895515 -0.00099344280191090528 -0.00085225353840907609 -0.036166375449417525 -3.9186875747984713
65.270987623364277 -50.614772727272729 -0.0025093706555268779 0.52878656426541037 0.21442022791785165 -0.88585792281405751 -0.028905236025877981 0 0.10721011395892582 -0.0015562157658428424 -0.0013350445445036345 0.056654176324509781 2.3346136962530446
65.057299757500047 -50.614772727272722 -0.011498665841613203 0.70937012315427461 0.21245103623239481 -0.88709489307968781 -0.024730839847092224 0 0.1062255181161974 -0.0039816954966521755 -0.0034211943962618218 0.075170124495118049 2.3155808607846931
64.773139407295574 -50.614772727272722 -0.02988969297129462 0.94049561155679851 0.20888406626306766 -0.8891750603891555 -0.021991946682229771 0 0.10444203313153383 -0.0071960889191682075 -0.0061936224289756651 0.09776733947505864 2.2887938599030129
64.40066746550437 -50.614772727272729 -0.061422515443929536 1.227673606913086 0.19706537237218802 -0.89584483984539554 -0.019916087722983859 0 0.09853268618609401 -0.011183728926083446 -0.0096462368178538149 0.12006099373351564 2.2544311232268326
63.921432164151902 -50.614772727272729 -0.11064327111085143 1.5700692937134875 0.18190293686372638 -0.90429956945866519 -0.018421504095657633 0 0.090951468431863192 -0.015572434656203478 -0.013463817568843402 0.14130851242549161 2.2123549205629907
63.319162040187656 -50.614772727272729 -0.18149827953955122 1.9558544671020421 0.1638125626643181 -0.91426984879188689 -0.017265020293709257 0 0.081906281332159048 -0.019546692332871991 -0.016941479256307575 0.1580946457319497 2.1637389616505533
62.583932661090152 -50.614772727272722 -0.27540119629396825 2.357533800704088 0.14524004707008142 -0.92439114046103987 -0.016154639180638232 0 0.072620023535040712 -0.022115603298535482 -0.019202890870779817 0.16868021077079617 2.1109943651420768
61.717082820770358 -50.614772727272722 -0.38811654044383781 2.7305856485307189 0.13065497126718639 -0.93226758047225422 -0.014905942882711591 0 0.065327485633593196 -0.022699236279348094 -0.019696041669581714 0.17583245913791357 2.0567467746328609
60.735657674189667 -50.614772727272722 -0.50799047595212332 3.020265128101808 0.1255343211737675 -0.93502709834839859 -0.01378420039054208 0 0.062767160586883752 -0.021714163527743517 -0.018709110427602576 0.18739413923142925 2.0021562910330597
59.674320873623635 -50.614772727272722 -0.61764208354838468 3.1762403005911031 0.13571634089371409 -0.92956711742501275 -0.013734384166697771 0 0.067858170446857047 -0.019566012463874502 -0.016464227692483329 0.21401154948895901 1.9453376734812033
58.582486612306809 -50.614772727272729 -0.6978854605291176 3.1697304853892478 0.16782323104570829 -0.91208878559586448 -0.016456492474181572 0 0.083911615522854144 -0.014754564651830584 -0.011349340720493071 0.2653250257568639 1.8811395558301673
57.516354097511538 -50.614772727272729 -0.73313421085383257 3.0052715771010199 0.22950014571823929 -0.87744828041963718 -0.024173735135108454 0 0.11475007285911965 -0.0032202779748883728 0.0007342545849228332 0.3448393148205281 1.8015756426196943
56.528063117421269 -50.614772727272722 -0.72000482698997392 2.7169489973996415 0.31956083856318096 -0.82407959953924781 -0.036496233505006581 0 0.15978041928159048 0.016618909134450518 0.021307297211530653 0.43327342545128233 1.6968842550767387
55.655659984325084 -50.614772727272722 -0.66920460384200842 2.3523445967471357 0.4285121720100552 -0.75424954804136413 -0.050945532378637276 0 0.2142560860050276 0.040675505643155196 0.04610668062649069 0.50023979915982386 1.5626735173348703
54.918469255770404 -50.614772727272722 -0.59443222032060028 1.9626794652296629 0.55305426492912646 -0.66495305855819209 -0.069160429329054404 0 0.27652713246456323 0.067107321307802642 0.07321468230807622 0.53356962767986005 1.4023984556552394
54.318734106822824 -50.614772727272722 -0.50603835140127562 1.5892356170387538 0.69056177343143355 -0.54852091625067767 -0.092536646816726145 0 0.34528088671571677 0.092756042225920043 0.099449612150454156 0.53161419161120049 1.2218706442137235
53.846773039435533 -50.614772727272729 -0.4107354317390699 1.2597617806863957 0.83558939357445605 -0.38498950847834046 -0.12725440969628432 0 0.41779469678722803 0.11808745420472651 0.12534161888872478 0.49735245009052825 1.0260058157737484
53.48694158565845 -50.614772727272722 -0.3110665815252871 0.98814751720999006 0.95050865158155495 -0.12504045962470933 -0.18400063009480844 0 0.47525432579077748 0.13967453764748497 0.14733832200030073 0.42346981581180954 0.81562933695613271
53.224179053099036 -50.614772727272722 -0.20454235092961948 0.78362373075950842 0.70359874974121883 0.45468249969533581 -0.2994412709189937 0 0.35179937487060942 0.11338492211671153 0.11911623988014669 0.22125489195701997 0.58216332614871213
53.068170603493392 -50.614772727272729 -0.074412465052425603 0.68073904803018226 -2.7053489804067632 1.8159449366076224 -0.63850839275290794 0 -1.3526744902033816 -0.58224830042703113 -0.60992709533556055 -0.36997605201431771 0.28486039346493408
53.068170603493392 -50.614772727272729 0.074412465052424798 0.68073904803016627 -7.951891702368016 2.9578316003057585 -0.45069271860181015 0 -3.975945851184008 -1.7114152231063853 -1.7927721131633505 1.0874787391182124 -0.1010798518868217
53.224179053099036 -50.614772727272722 0.20454235092961939 0.7836237307595455 -4.820522343273824 2.4109018065858878 -0.089860014882740744 0 -2.410261171636912 -0.77682706323031725 -0.81609368407807381 1.5158698770141097 -0.44922245144518941
53.486941585658457 -50.614772727272722 0.31106658152528771 0.98814751721000738 -2.7376331442084565 1.933246957050283 -0.01376035116840103 0 -1.3688165721042282 -0.40228738899903893 -0.42436044432518005 1.2196680181809147 -0.74462575433810185
53.846773039435533 -50.614772727272729 0.41073543173906962 1.2597617806863128 -1.9940946153494847 1.7302882739640564 0.014039385028249239 0 -0.99704730767474237 -0.28181013112511499 -0.2991218524639162 1.1869081277034552 -1.0410709300731138
54.318734106822824 -50.614772727272722 0.50603835140127518 1.5892356170388771 -1.5650861755105501 1.6013654173286131 0.026739029423428387 0 -0.78254308775527504 -0.21022188740842376 -0.22539216493717601 1.20484807298501 -1.3536212249547699
54.918469255770411 -50.614772727272722 0.59443222032060017 1.9626794652296273 -1.2789370605436177 1.5092594218265332 0.032757566629048454 0 -0.63946853027180883 -0.15518556802985023 -0.16930883010499115 1.2338788695674721 -1.6871444161719522
55.655659984325084 -50.614772727272729 0.66920460384200853 2.3523445967471397 -1.0716294396375123 1.4388901011330901 0.034995949747329259 0 -0.53581471981875617 -0.10172189302087012 -0.11530425399947154 1.2510069273958579 -2.0427946379828383
56.528063117421283 -50.614772727272737 0.72000482698997414 2.7169489973997103 -0.90853347942254503 1.3810770840544664 0.034052420209986292 0 -0.45426673971127252 -0.04724870358964342 -0.06057811388817963 1.2318261979049108 -2.4149840250325481
57.516354097511552 -50.614772727272737 0.73313421085383257 3.0052715771009781 -0.75822832582176725 1.3256704646963606 0.02874273566490454 0 -0.37911416291088362 0.010639234977123683 -0.0024258486760888724 1.1392887596459196 -2.7938908480892239
58.582486612306809 -50.614772727272729 0.69788546052911737 3.1697304853892545 -0.59988322422582385 1.2647069526454788 0.019988700708409027 0 -0.29994161211291193 0.05274011089071335 0.040568156516975283 0.94840285773950883 -3.155899891571551
59.674320873623635 -50.614772727272729 0.61764208354838424 3.1762403005910933 -0.44393455081351085 1.2015802983854111 0.011804124090217184 0 -0.22196727540675543 0.064001349411300312 0.053855265158364876 0.70004187016572117 -3.4725810420674872
60.735657674189667 -50.614772727272729 0.50799047595212288 3.0202651281018333 -0.30301971745629963 1.1414818111874516 0.0062443722274347496 0 -0.15150985872814982 0.052414508123788575 0.045160791906329406 0.45233939684329644 -3.7263710961937258
61.717082820770344 -50.614772727272722 0.38811654044383748 2.7305856485306776 -0.18164317266245567 1.0870258599693083 0.0042370296719977801 0 -0.090821586331227833 0.031557630412422197 0.027382436833869466 0.24445120935764222 -3.911846118900796
62.583932661090145 -50.614772727272722 0.27540119629396803 2.3575338007041178 -0.081767426029044854 1.0400620130260594 0.0061996039571786191 0 -0.040883713014522427 0.012450670412741782 0.010810867873532529 0.094963799138055624 -4.0339880423226262
63.319162040187656 -50.614772727272729 0.18149827953955117 1.9558544671020421 -0.0035321681212774347 1.0016989778940388 0.011459747262274562 0 -0.0017660840606387174 0.00042147074932261818 0.00036529648265765785 0.0034088769427491387 -4.1050260542618782
63.921432164151902 -50.614772727272729 0.11064327111085132 1.5700692937134875 0.054414709292385566 0.97223794214911829 0.018403112597116918 0 0.027207354646192783 -0.0046583607686707966 -0.0040275859840744757 -0.042271234080915536 -4.1399806235001639
64.40066746550437 -50.614772727272729 0.061422515443929293 1.2276736069130936 0.092819308570802672 0.95210767761824555 0.025916435896710173 0 0.046409654285401336 -0.0052676224831718051 -0.0045434518554198439 -0.05654965299343083 -4.1529103289235305
64.773139407295574 -50.614772727272729 0.029889692971294391 0.94049561155680028 0.11399159242866386 0.94068481782298752 0.03347358792643737 0 0.056995796214331929 -0.0039270282785532481 -0.0033799652420193455 -0.053353302210424218 -4.1546525853504983
65.057299757500047 -50.614772727272729 0.011498665841613156 0.70937012315427328 0.12912564636196788 0.93232571831522659 0.040535276069479341 0 0.064562823180983941 -0.0024200352878454515 -0.0020793682421204936 -0.045687660953200163 -4.1518173034129173
65.270987623364277 -50.614772727272729 0.0025093706555269 0.52878656426545068 0.13840202468165341 0.92697733598934062 0.048072797718165285 0 0.069201012340826706 -0.0010044920431513339 -0.00086173244844373715 -0.036568624080505104 -4.1464666162396648
62.785707668625314 -47.722500000000004 -0.0026209056339841774 0.55228974739381353 0.2129089044218887 -0.88685644989820345 -0.024015262898136453 0 0.10645445221094435 -0.00161392909916117 -0.0013845555907755532 0.058755235466734536 2.4536420185504815
62.562521934654882 -47.722499999999997 -0.012009751537186834 0.74089977431601772 0.21129384846288968 -0.88786926767217911 -0.019857367911652414 0 0.10564692423144484 -0.0041360198358054079 -0.0035537945824794187 0.078083601880949621 2.4339612413658709
62.265731398284544 -47.722499999999997 -0.031218211838886414 0.98229818765020904 0.20809341738937204 -0.88972596420046712 -0.017154918775005454 0 0.10404670869468602 -0.0074874876613182572 -0.0064444272488478173 0.10172633443279427 2.4061695569601036
61.876704050494581 -47.722500000000004 -0.064152585998370371 1.2822404956259961 0.19655127797712146 -0.89622509859983901 -0.015142478746472916 0 0.098275638988560732 -0.011650344161206775 -0.010048703749104257 0.12507026114247163 2.3704565140863987
61.376167990366369 -47.722500000000004 -0.11556107583316848 1.6398547773626104 0.18179449560172867 -0.90444255772298121 -0.013753696876952524 0 0.090897247800864334 -0.016254892627704621 -0.014053865935046341 0.14750132189137558 2.3266540180996778
60.747128530770539 -47.722500000000011 -0.18956540451923279 2.0427870951589653 0.16442720696785029 -0.91400750609353643 -0.012769958372045869 0 0.082213603483925146 -0.020492093171953205 -0.017760875624318995 0.16574109599494002 2.2758537869513553
59.979220124053825 -47.722500000000004 -0.28764206092196115 2.4623200271209318 0.14669542703856864 -0.92366785592767009 -0.011927484538336371 0 0.073347713519284319 -0.023330043856396764 -0.020257384803721832 0.17794299625773644 2.2203484969281462
59.073841070023477 -47.722499999999997 -0.40536730803450133 2.8519530562566011 0.13265709476018561 -0.93124686503679677 -0.011053578558658647 0 0.066328547380092806 -0.024071455882312853 -0.020886711441339537 0.18646192456561447 2.162829657878933
58.04879413630654 -47.722499999999997 -0.53056932721391004 3.1545080328939634 0.12765301178184629 -0.93393731525413359 -0.010396123991890169 0 0.063826505890923146 -0.023062068660956232 -0.019870477106590137 0.19902661689428208 2.1046668205955501
56.940283684081535 -47.722499999999997 -0.64509466267660698 3.3174158948467491 0.13759955615535191 -0.92859164629413182 -0.010862701201913839 0 0.068799778077675955 -0.020719238340682351 -0.01743463356601966 0.22662544602317164 2.0441322513368281
55.799920238546072 -47.722500000000004 -0.72890464840171765 3.3106167353438467 0.16923485529665638 -0.91135395220854587 -0.014110935376762218 0 0.084617427648328192 -0.015539988937656941 -0.011953495979583574 0.27944897477091146 1.9760741987141999
54.686400915106809 -47.722500000000004 -0.76572011371110615 3.1388480576707787 0.23029809729372486 -0.87704239065749601 -0.022328181655908736 0 0.11514904864686243 -0.0033751052092412075 0.00076955669473481602 0.36141878958206614 1.8923130231887462
53.654182979494394 -47.722499999999997 -0.7520071629902797 2.8377102915620398 0.3196871368092653 -0.82406365936409831 -0.035099124008813279 0 0.15984356840463265 0.017364436423166901 0.022263146442757141 0.45271015018070626 1.7827284949549687
52.743003803312789 -47.722499999999997 -0.69894900246588276 2.4569001765872098 0.42799069451603056 -0.75466268610436738 -0.049935315015632802 0 0.21399534725801528 0.042431725576899879 0.048097398880995443 0.5218383286198881 1.642712550891344
51.973046870272874 -47.722499999999997 -0.62085318158503433 2.0499154466462626 0.55196819812240372 -0.66583960388473251 -0.068479367522041007 0 0.27598409906120186 0.069952426459322162 0.076318717244087439 0.55619102973886059 1.4757894024164857
51.346655058719222 -47.722499999999997 -0.5285304358200511 1.6598729937530141 0.68904602551220229 -0.54996812460705746 -0.092135966940136108 0 0.34452301275610114 0.09666616224840853 0.10364189882382306 0.55402432517204581 1.2879397424389818
50.853716553276783 -47.722500000000004 -0.42899155003302036 1.3157549050025386 0.83397453425425949 -0.38713183204622081 -0.12710000142516598 0 0.41698726712712975 0.1230977741410066 0.13065972500078482 0.51845456388261812 1.0842321242501238
50.477891530212958 -47.722499999999997 -0.32489267947251288 1.0320680961814037 0.94969921244875 -0.12813339349917907 -0.18407232551808153 0 0.474849606224375 0.14575847486334981 0.15375607798960647 0.44191529496360255 0.86546937975646598
50.203449888653097 -47.722499999999997 -0.2136337247584692 0.81845376104471834 0.70797526400652377 0.44964786352252273 -0.29973577501377274 0 0.35398763200326189 0.11916120888609102 0.12518450316941973 0.23252651150935988 0.62268174760762218
50.040507270503007 -47.722500000000004 -0.077719904974980311 0.71099612260379497 -2.6768546281965531 1.8078854417450285 -0.63906561300302811 0 -1.3384273140982765 -0.60172255368833261 -0.63032711147435094 -0.38235051035500423 0.31345639066290171
50.040507270502999 -47.722500000000004 0.077719904974979451 0.71099612260378731 -7.9069737604021437 2.9500958542775528 -0.45156196803599269 0 -3.9534868802010719 -1.7773861878563153 -1.8618791914955692 1.1293984442816034 -0.088160700322783503
50.203449888653097 -47.722499999999997 0.21363372475846909 0.8184537610447935 -4.8002182642175049 2.4066444428400375 -0.090998845952406981 0 -2.4001091321087524 -0.80793756556446628 -0.84877674272154713 1.57657769163506 -0.45064788290383478
50.477891530212958 -47.722499999999997 0.32489267947251349 1.0320680961814119 -2.7287046461067317 1.9309261054030604 -0.0151334589470017 0 -1.3643523230533658 -0.41879768073464113 -0.44177663714765592 1.2697244588037346 -0.7583607246855536
50.853716553276783 -47.722500000000004 0.42899155003302009 1.315754905002456 -1.9890950279721178 1.7288553172876806 0.012422554416509983 0 -0.9945475139860589 -0.29359789830663585 -0.31163374741131428 1.2365550180383476 -1.0673078200202011
51.346655058719222 -47.722499999999997 0.52853043582005066 1.6598729937530474 -1.5624486180772337 1.6005721146192267 0.024850029790143405 0 -0.78122430903861684 -0.21919567928365954 -0.23501353406952191 1.2562797102019196 -1.3932215702400754
51.973046870272881 -47.722499999999997 0.62085318158503411 2.0499154466462675 -1.2782130726122483 1.5090657650114019 0.030554696575166934 0 -0.63910653630612413 -0.16199140868153003 -0.1767340625750313 1.2879920392156827 -1.7412722268788663
52.743003803312789 -47.722500000000011 0.69894900246588276 2.4569001765871916 -1.0726767076601793 1.4393141986707769 0.032424453193209371 0 -0.53633835383008965 -0.10634699369723073 -0.12054691875258196 1.3078878289815288 -2.1128404889755723
53.654182979494394 -47.722500000000011 0.75200716299027981 2.8377102915620598 -0.91119166841490795 1.3821099548123501 0.031044181798067907 0 -0.45559583420745398 -0.049493169958070848 -0.063455770394179392 1.29034192982759 -2.5022628813299823
54.686400915106809 -47.722500000000011 0.76572011371110615 3.1388480576707258 -0.76233547470481322 1.3272902293026196 0.025221457186540668 0 -0.38116773735240661 0.011172313024297971 -0.0025473956367277795 1.1963727349943072 -2.8994004513075331
55.799920238546065 -47.722500000000011 0.72890464840171743 3.3106167353438818 -0.60524966794751656 1.2668848640343675 0.01588739211257504 0 -0.30262483397375828 0.055577044858386875 0.042750351041886084 0.99941822795242796 -3.2796338472794151
56.940283684081535 -47.722500000000004 0.64509466267660653 3.3174158948467194 -0.45029391219733883 1.2042606629177421 0.007082933450134974 0 -0.22514695609866942 0.067803611805560979 0.057054757846068151 0.74163072574177591 -3.6131890259652848
58.04879413630654 -47.722500000000004 0.53056932721390948 3.1545080328940105 -0.31002644416068015 1.144563511278154 0.00090156048222442969 0 -0.15501322208034007 0.056010046626745927 0.048258738866735026 0.48336904447279244 -3.8814995120841003
59.073841070023462 -47.722499999999997 0.40536730803450094 2.8519530562565496 -0.18894867695743778 1.0903879278033468 -0.0016863742648436375 0 -0.094474338478718889 0.034285913992196132 0.029749758201529267 0.26558499576144701 -4.0785674937560801
59.979220124053811 -47.722499999999997 0.28764206092196087 2.4623200271209624 -0.08919317327085774 1.0436441538627432 -0.00023103890703865537 0 -0.04459658663542887 0.014185040979860808 0.012316814977045816 0.10819219670275929 -4.2093038755160812
60.747128530770539 -47.722500000000004 0.18956540451923273 2.0427870951589688 -0.010979536922152811 1.005464223225887 0.0046078991868739178 0 -0.0054897684610764053 0.0013683483271576221 0.001185972767421057 0.011067271144186798 -4.2863478820104399
61.376167990366369 -47.722500000000004 0.11556107583316835 1.63985477736259 0.047325024934732451 0.97598622113093347 0.011219234725599887 0 0.023662512467366226 -0.0042314988491335076 -0.0036585241682044311 -0.038397772789050717 -4.3252853003625269
61.876704050494581 -47.722500000000004 0.064152585998370121 1.2822404956260096 0.086563686361085801 0.95555978137951503 0.018488316549856526 0 0.0432818431805429 -0.0051309599629608986 -0.0044255771248364979 -0.055082536069271118 -4.3406409206766732
62.265731398284544 -47.722500000000011 0.031218211838886175 0.98229818765018062 0.10874286361984609 0.94370942619267228 0.025877698801304527 0 0.054371431809923043 -0.0039127179505467399 -0.003367648444728118 -0.053158879557796371 -4.3437396094992788
62.562521934654882 -47.722500000000011 0.012009751537186787 0.7408997743160276 0.12491017955232731 0.9348860352950098 0.032831714211268709 0 0.062455089776163653 -0.0024450829216316073 -0.002100889934178785 -0.046160533314130177 -4.3416209153768417
62.785707668625314 -47.722500000000011 0.0026209056339842008 0.55228974739383063 0.13509686514640074 0.92912782131971139 0.040306655818683465 0 0.067548432573200368 -0.0010240847486264856 -0.00087854061549278958 -0.037281898303162989 -4.3365585609990029
60.300427713886357 -44.830227272727278 -0.0027324406124414769 0.57579293052220359 0.21113791337329579 -0.88792479539070635 -0.021251925961579574 0 0.1055689566866479 -0.0016686152148862939 -0.0014314696511914533 0.060746088477477277 2.5594764485887915
60.067744111809731 -44.830227272727271 -0.012520837232760465 0.77242942547777271 0.20967752967892206 -0.88883613860561927 -0.017111079151541253 0 0.10483876483946103 -0.0042790464231350295 -0.0036766873952271371 0.080783789874914733 2.5391951285290859
59.758323389273521 -44.830227272727271 -0.032546730706478205 1.0241007637435686 0.20662171540808172 -0.89060081125386736 -0.014438822177432479 0 0.10331085770404086 -0.0077509170190010537 -0.0066711590189137094 0.10530533237592025 2.5104995944695676
59.3527406354848 -44.830227272727278 -0.066882656552811198 1.3368073843389461 0.19514052771134249 -0.89705287929021271 -0.012474135072084468 0 0.097570263855671246 -0.012058955857162448 -0.010401141224277747 0.12945684155691398 2.4736097671205752
58.830903816580836 -44.830227272727278 -0.12047888055548556 1.7096402610116828 0.18051503904748667 -0.90518530714804468 -0.011158883269097373 0 0.090257519523743335 -0.016827364902216885 -0.014548821440554548 0.15269609119380648 2.4283673544869235
58.175095021353428 -44.830227272727285 -0.19763252949891436 2.1297197232158798 0.1635132507031174 -0.91453866119986704 -0.010285254864966663 0 0.081756625351558698 -0.021245401451453219 -0.018413781823148862 0.17183389182690825 2.3758410617021384
57.37450758701749 -44.830227272727278 -0.29988292554995405 2.5671062535377804 0.1462357769925452 -0.92394372900947619 -0.0096025325575322396 0 0.073117888496272598 -0.024246662295786019 -0.021053280969163621 0.18493423178793961 2.3182753304365837
56.430599319276595 -44.830227272727271 -0.42261807562516485 2.9733204639824922 0.13244565710673761 -0.93138303200745243 -0.0089437454048775511 0 0.066222828553368807 -0.025055838764498808 -0.021740856753884683 0.19408713542195932 2.2584614616290355
55.36193059842342 -44.830227272727271 -0.55314817847569664 3.288750937686145 0.12740806631109514 -0.93408718622062148 -0.0085476445496313284 0 0.063704033155547568 -0.023997359999207608 -0.020676332183944102 0.20709822025299726 2.1979404680911467
54.206246494539442 -44.830227272727271 -0.67254724180482928 3.4585914891023588 0.1370992605839868 -0.92887791866233305 -0.0093033132563268839 0 0.068549630291993402 -0.021522425492233474 -0.018110492081761163 0.23541064572344048 2.1350555565058436
53.017353864785335 -44.830227272727278 -0.7599238362743177 3.4515029852984509 0.1683314766691324 -0.91186811079995955 -0.012848028525045498 0 0.084165738334566198 -0.016114824175322111 -0.012395664293211015 0.2897859909986677 2.0645549773784015
51.85644773270208 -44.830227272727278 -0.79830601656837963 3.2724245382405264 0.22891132574720507 -0.87785692312118402 -0.021351739531068219 0 0.11445566287360254 -0.0034975472738867962 0.00079747467201957188 0.37453034020187531 1.9779776131042539
50.780302841567504 -44.830227272727271 -0.78400949899058525 2.9584715857244581 0.31779637000045247 -0.82524010131492265 -0.034386119020380398 0 0.15889818500022623 0.017996324269417073 0.023073297219530872 0.46918416838677202 1.8647760385247019
49.830347622300501 -44.830227272727271 -0.728693401089757 2.5614557564273013 0.42562149577765929 -0.75626219614904078 -0.04945700049710286 0 0.21281074788882964 0.043992563336207872 0.049866646661454121 0.54103398838837879 1.7200928078049811
49.027624484775345 -44.830227272727271 -0.64727414284946827 2.137151428062916 0.54919871342099547 -0.66794383025704729 -0.068207962882271544 0 0.27459935671049773 0.072563393644723889 0.079167305583938266 0.576950803215868 1.5475225958229308
48.374576010615613 -44.830227272727271 -0.5510225202388267 1.7305103704672236 0.68601931920143788 -0.55272785696119808 -0.092046710629133971 0 0.34300965960071894 0.10033719097050109 0.10757784061094829 0.57506415093050667 1.3532293301356977
47.860660067118026 -44.830227272727278 -0.44724766832697094 1.3717480293186521 0.8311103864738183 -0.39078887366995235 -0.12717574352820457 0 0.41555519323690915 0.1278955599293127 0.13575224089790203 0.53866154126978061 1.1424707354556631
47.468841474767459 -44.830227272727271 -0.3387187774197386 1.0759886751528565 0.9483072483786128 -0.13313452680101157 -0.18430395924900228 0 0.4741536241893064 0.1517386287029435 0.16006435612583492 0.46004612029248626 0.91606521995770218
47.182720724207165 -44.830227272727271 -0.22272509858731893 0.85328379133000176 0.71484404953968039 0.44168002698404218 -0.30012448121353813 0 0.3574220247698402 0.12543752315762913 0.13177806907196729 0.24477386512669802 0.66470089583833158
47.012843937512621 -44.830227272727278 -0.081027344897535006 0.74125319717739147 -2.631256446811824 1.7950247816020037 -0.63964246282317949 0 -1.315628223405912 -0.6166433152071209 -0.64595717295615296 -0.39183155896556104 0.34444053867227853
47.012843937512613 -44.830227272727278 0.081027344897534104 0.74125319717738836 -7.8335221227475458 2.9374970635320219 -0.45236392925198526 0 -3.9167610613737729 -1.8358108185814759 -1.9230811997935924 1.1665230081493212 -0.071796875452730766
47.182720724207165 -44.830227272727271 0.22272509858731879 0.85328379133002252 -4.7651024090269161 2.3992997722481215 -0.091994629827114829 0 -2.382551204513458 -0.83615810212827546 -0.87842375521780514 1.6316461403479248 -0.44772267026606816
47.468841474767466 -44.830227272727271 0.33871877741973927 1.0759886751528653 -2.7117637534230106 1.9265249016525998 -0.01629591161767532 0 -1.3558818767115053 -0.43390927783615285 -0.45771739053894933 1.31554029144569 -0.76696919875581893
47.860660067118026 -44.830227272727278 0.4472476683269706 1.3717480293185926 -1.9782353185597192 1.725720818903774 0.011089353534230115 0 -0.98911765927985962 -0.30442107072271984 -0.32312179210903264 1.282139295852986 -1.087625554290967
48.374576010615613 -44.830227272727271 0.55102252023882625 1.7305103704672427 -1.5550303865396824 1.5982759720629471 0.023330316455715212 0 -0.7775151932698412 -0.22743875644899675 -0.24385145780307652 1.3035233904892587 -1.4260379589132683
49.027624484775345 -44.830227272727271 0.64727414284946805 2.1371514280628747 -1.2733022086455708 1.5074717976588738 0.028826860888655104 0 -0.63665110432278538 -0.16823624516362937 -0.18354723452397098 1.3376446704299614 -1.7876493435399108
49.830347622300501 -44.830227272727285 0.728693401089757 2.5614557564272564 -1.0698252266542703 1.4383661973030759 0.03046160058433026 0 -0.53491261332713513 -0.11057795367282622 -0.12534281538014078 1.3599214677766576 -2.1740407967750328
50.780302841567519 -44.830227272727285 0.78400949899058547 2.9584715857245096 -0.91004529852029137 1.3817434950328693 0.028813407550001995 0 -0.45502264926014568 -0.051534478798503758 -0.066072956264307536 1.3435611192787826 -2.5794453606643089
51.85644773270208 -44.830227272727285 0.79830601656837963 3.2724245382404749 -0.76265728371159858 1.3274571679586911 0.022688123472204415 0 -0.38132864185579929 0.011652677711985924 -0.0026569234405757146 1.2478119682089435 -2.9933977949627089
53.017353864785328 -44.830227272727285 0.75992383627431748 3.4515029852985233 -0.6068721911019781 1.2675577007835617 0.01302560118647 0 -0.30343609555098905 0.058097504103308426 0.044689110430437717 1.0447425685791061 -3.3903153422746151
54.206246494539442 -44.830227272727278 0.67254724180482883 3.4585914891023668 -0.45300180084927777 1.2053989870163531 0.0038836772815957557 0 -0.22650090042463888 0.071114150908593909 0.059840479754292193 0.77784114952597949 -3.7391607439583465
55.36193059842342 -44.830227272727278 0.55314817847569608 3.288750937686177 -0.31353631765370138 1.1460931163806631 -0.0026241643548316207 0 -0.15676815882685069 0.059054690220242199 0.050882030025551146 0.50964444599773384 -4.0204603689368579
56.430599319276588 -44.830227272727271 0.4226180756251644 2.9733204639824655 -0.19297405504618603 1.0922196303158236 -0.0055076491311170095 0 -0.096487027523093016 0.03650649567974986 0.031676548552998562 0.2827860299299168 -4.2277386049848404
57.37450758701749 -44.830227272727271 0.29988292554995377 2.5671062535378386 -0.093580772607086971 1.0457352666739665 -0.0043040261866204715 0 -0.046790386303543485 0.015516185145981491 0.013472642191444376 0.11834510437959467 -4.3658979322895215
58.175095021353428 -44.830227272727278 0.1976325294989143 2.129719723215874 -0.015649284217243986 1.0077942126263082 0.00033047566239632203 0 -0.0078246421086219931 0.0020333234413332014 0.0017623189804230677 0.016445623824315359 -4.4480025831220154
58.830903816580829 -44.830227272727278 0.12047888055548545 1.709640261011677 0.04268246130729747 0.97840252487701973 0.0067851313159955004 0 0.021341230653648735 -0.00397880063141839 -0.003440043064998578 -0.036104720352084868 -4.4902015487639666
59.352740635484793 -44.830227272727278 0.066882656552810948 1.3368073843389565 0.082349387615699432 0.95783934653750291 0.01394269016044003 0 0.041174693807849716 -0.0050888846195548901 -0.0043892861230275726 -0.054630843474217629 -4.5074725301989558
59.758323389273521 -44.830227272727285 0.032546730706477955 1.0241007637435544 0.10509061629538929 0.94575763966339044 0.02125725106741802 0 0.052545308147694647 -0.0039422218752395129 -0.0033930422623660683 -0.053559725107883135 -4.5115911683198586
60.067744111809731 -44.830227272727285 0.012520837232760417 0.77242942547777949 0.1218008302626038 0.93669948460471641 0.028164610394160065 0 0.060900415131301899 -0.0024856807873888755 -0.0021357728605466337 -0.046926977314124443 -4.5099858342056516
60.300427713886357 -44.830227272727285 0.0027324406124415012 0.57579293052221248 0.13245185940090032 0.93074152345608197 0.035614001653160365 0 0.066225929700450159 -0.0010467622053532809 -0.00089799512530488665 -0.03810747317535642 -4.5051071204364259
57.815147759147393 -41.937954545454545 -0.0028439755908987768 0.59929611365060964 0.20914951088119804 -0.88908288593903595 -0.019547660962814968 0 0.10457475544059902 -0.0017203703947476236 -0.0014758693238077067 0.062630240501847914 2.6574294698152117
57.572966288964572 -41.937954545454545 -0.013031922928334098 0.8039590766395015 0.20774311590992733 -0.8899545191523377 -0.015421995020231803 0 0.10387155795496367 -0.0044126235763463813 -0.0037914609655364524 0.083305582725483052 2.6365961937371214
57.250915380262498 -41.937954545454545 -0.033875249574069996 1.0659033398369822 0.20471996747636345 -0.89169325301945157 -0.012773998717112257 0 0.10235998373818173 -0.0079930487438698867 -0.0068795600682558973 0.10859497690489153 2.6070817399195909
56.828777220475004 -41.937954545454545 -0.069612727107252054 1.3913742730518928 0.19319422338090209 -0.89815819798929952 -0.010845644458130316 0 0.096597111690451043 -0.012426004309201903 -0.010717729395843785 0.13339722693208522 2.5691492005360628
56.285639642795289 -41.937954545454545 -0.12539668527780265 1.7794257446608088 0.17857578022637399 -0.90627389975756911 -0.0095832349357388626 0 0.089287890113186996 -0.017326083862971058 -0.014980010349287072 0.15722160284425843 2.5226721475131719
55.603061511936318 -41.937954545454545 -0.20569965447859595 2.2166523512727969 0.16177727297574696 -0.91550291153923846 -0.0087832788541852141 0 0.080888636487873478 -0.021877849613811243 -0.018961936326264549 0.17694916485976067 2.4687218660171024
54.769795049981155 -41.937954545454545 -0.31212379017794695 2.6718924799546793 0.14476828029333844 -0.9247510180479992 -0.0082020927726182014 0 0.072384140146669218 -0.024983131570949398 -0.021692754327847962 0.19055143295056942 2.4095306891302433
53.7873575685297 -41.937954545454545 -0.43986884321582836 3.094687871708353 0.13107940386505501 -0.93212749403217277 -0.0076766531930712277 0 0.065539701932527505 -0.025809572665666556 -0.02239486881589756 0.19992569684961911 2.3480108619016855
52.675067060540286 -41.937954545454545 -0.57572702973748324 3.4229938424783404 0.12593367829807378 -0.93488552899213073 -0.0074410606119078865 0 0.062966839149036891 -0.02468786669785605 -0.021271278706268382 0.21305732193616478 2.285856207908159
51.472209304997335 -41.937954545454545 -0.69999982093305158 3.5997670833580249 0.13535558106292822 -0.92982486608597492 -0.008374804192973262 0 0.06767779053146411 -0.02211604174667782 -0.018610002812073579 0.24190357496234616 2.2214371890495528
50.234787491024591 -41.937954545454545 -0.79094302414691775 3.5923892352530906 0.16620967573873568 -0.91304096305683735 -0.012104711541678926 0 0.083104837869367842 -0.016561195097612228 -0.012739016727141622 0.29781288838591347 2.1493520476154013
49.026494550297336 -41.937954545454545 -0.83089191942565321 3.4060010188102927 0.22635782450697672 -0.87932353947103459 -0.020791546963974367 0 0.11317891225348836 -0.0035997053786278113 0.00082076770988087199 0.38546980912876533 2.0608124602737563
47.906422703640622 -41.937954545454545 -0.81601183499089114 3.0792328798868618 0.31480554046426434 -0.82706618875058713 -0.033999690606148977 0 0.15740277023213217 0.0185546333947001 0.02378911186007512 0.48373990758812724 1.944805819514152
46.917691441288206 -41.937954545454545 -0.75843779971363134 2.6660113362674567 0.42221608376963016 -0.75852500474914797 -0.04923142696159602 0 0.21110804188481508 0.045421933849522464 0.05148687310270552 0.5586128237882021 1.7962050344550935
46.082202099277794 -41.937954545454545 -0.67369510411390232 2.2243874094795371 0.54545514858561805 -0.67074817652982133 -0.068130280318677794 0 0.27272757429280903 0.075010533248608138 0.081837156580375561 0.59640798526216454 1.6186727556201712
45.402496962512004 -41.937954545454545 -0.57351460465760229 1.801147747181417 0.68208781129301532 -0.55626339838556271 -0.092104399045482191 0 0.34104390564650766 0.10383434175378001 0.11132735687622414 0.59510742727111754 1.4185581065517041
44.867603580959262 -41.937954545454545 -0.46550378662092146 1.4277411536347893 0.82746404561272602 -0.39536725562092012 -0.12736046313537033 0 0.41373202280636301 0.13253208275957448 0.1406735873819403 0.55818932265062593 1.2013275524609164
44.459791419321959 -41.937954545454545 -0.35254487536696444 1.1199092541242861 0.94650612339558027 -0.13932719398654758 -0.18461259334144745 0 0.47325306169779013 0.15763245731345135 0.16628157246501618 0.47791522197813019 0.96783880456304938
44.161991559761219 -41.937954545454545 -0.23181647241616868 0.88811382161524488 0.72317544981561777 0.43184214424823608 -0.30056099653060087 0 0.36158772490780888 0.13207936460064254 0.13875563860945381 0.25773449413658689 0.70847054935057707
43.985180604522228 -41.937954545454545 -0.084334784820089714 0.77151027175100617 -2.5749782214444794 1.7790665458092882 -0.64023468121204363 0 -1.2874891107222397 -0.62808662288827266 -0.65794447014513058 -0.39910294094254029 0.37786721799133216
43.985180604522228 -41.937954545454545 0.084334784820088785 0.7715102717509783 -7.7419759972322932 2.9217523201803468 -0.45314388085138385 0 -3.8709879986161466 -1.8884165769199326 -1.9781877193966078 1.1999501057793038 -0.052161903630850916
44.161991559761219 -41.937954545454545 0.23181647241616854 0.88811382161526575 -4.7205659410523459 2.3899642028351851 -0.0929357316575527 0 -2.360282970526173 -0.86215502781324771 -0.90573475899350964 1.6823755219646306 -0.44081912612931567
44.459791419321959 -41.937954545454545 0.3525448753669651 1.119909254124303 -2.6897592740032064 1.9207960358909757 -0.017374190879571334 0 -1.3448796370016032 -0.44795628201716503 -0.47253513799686492 1.3581284565718075 -0.77100069963805429
44.867603580959269 -41.937954545454545 0.46550378662092112 1.4277411536347504 -1.9637182780070019 1.7215170083123428 0.009872593292689788 0 -0.98185913900350097 -0.31452203236769422 -0.33384326030767053 1.3246818170397763 -1.1027643298037519
45.402496962512004 -41.937954545454545 0.57351460465760185 1.801147747181455 -1.5446898705057479 1.5950571733721457 0.021965522525276622 0 -0.77234493525287395 -0.2351483977021184 -0.2521174511986839 1.3477097809823664 -1.4530332915929542
46.082202099277801 -41.937954545454545 0.6736951041139021 2.2243874094795313 -1.2659011820170654 1.5050434447252865 0.027302225303233264 0 -0.63295059100853268 -0.17408566579556226 -0.18992900427587256 1.3841533542501334 -1.8275116955370936
46.917691441288198 -41.937954545454545 0.75843779971363134 2.6660113362673634 -1.0647151103406798 1.4366237413801666 0.028763449784966859 0 -0.53235755517033989 -0.11454186889021452 -0.1298360102419816 1.408670908524339 -2.2279722651134235
47.906422703640622 -41.937954545454559 0.81601183499089125 3.0792328798869026 -0.90674787783299515 1.3805878820008854 0.026925413744349959 0 -0.45337393891649758 -0.053443705056148712 -0.068520797514692158 1.3933367690473071 -2.6485325558009554
49.026494550297336 -41.937954545454559 0.83089191942565321 3.4060010188102683 -0.76089290041758506 1.3268265686360781 0.020595076571740374 0 -0.38044645020879253 0.012100267672030939 -0.0027589782889123685 1.295741561972632 -3.078404642533294
50.234787491024591 -41.937954545454545 0.79094302414691753 3.592389235253127 -0.60648435663872746 1.2674263016764173 0.010720375812747205 0 -0.30324217831936373 0.060430331202451094 0.046483541524471289 1.0866928005765908 -3.4910772051677359
51.472209304997335 -41.937954545454545 0.69999982093305113 3.5997670833580067 -0.45379657616833113 1.2057340903094289 0.0013709974562274158 0 -0.22689828808416557 0.074146806095659865 0.062392370468091769 0.81101210026763371 -3.8543022030113945
52.675067060540286 -41.937954545454545 0.5757270297374828 3.4229938424783573 -0.31525443825129984 1.1468330534212601 -0.0053278355613881577 0 -0.15762721912564992 0.061802050512921487 0.053249179330403351 0.53335428020559672 -4.1477511949028605
53.7873575685297 -41.937954545454545 0.43986884321582798 3.0946878717083393 -0.195349056922832 1.0932881131984147 -0.008376064820811574 0 -0.097674528461415999 0.03846428600644114 0.033375315832226304 0.29795143388369372 -4.3645149660246512
54.769795049981155 -41.937954545454545 0.31212379017794667 2.6718924799547135 -0.096457263778032321 1.0470930588572487 -0.0073068372776894167 0 -0.04822863188901616 0.016645942792560958 0.014453606287464898 0.12696199605433264 -4.509507272966129
55.603061511936318 -41.937954545454545 0.20569965447859589 2.216652351272792 -0.018952208609479548 1.0094278052018706 -0.0027775339446660177 0 -0.0094761043047397742 0.0025629902283612793 0.002221390967252314 0.020729595845011679 -4.5962129939144978
56.285639642795289 -41.937954545454545 0.12539668527780251 1.7794257446607644 0.039217907917369565 0.98018831325937505 0.0036003655886139643 0 0.019608953958684783 -0.0038050667377471097 -0.0032898339614411622 -0.034528211693382667 -4.6413392960503401
56.828777220475004 -41.937954545454545 0.069612727107251776 1.3913742730519023 0.079090923297105542 0.9595803434606871 0.01070706060336693 0 0.039545461648552771 -0.0050870266020890667 -0.0043876835380037994 -0.054610897048048911 -4.6603045031332098
57.250915380262498 -41.937954545454545 0.033875249574069746 1.0659033398369455 0.10216708882882997 0.94736967202010902 0.017989322046179985 0 0.051083544414414983 -0.0039889930185847732 -0.0034332978519934433 -0.054195166150988162 -4.6653055483262387
57.572966288964572 -41.937954545454552 0.013031922928334048 0.80395907663953969 0.11917613198298693 0.93819239567656243 0.0248776347687144 0 0.059588065991493466 -0.0025313927126899916 -0.002175049943089489 -0.047789969252780673 -4.6641367339419233
57.815147759147393 -41.937954545454545 0.0028439755908988024 0.59929611365063562 0.1300702357022282 0.93214018512055064 0.032317790475175558 0 0.065035117851114099 -0.0010698996225100908 -0.00091784422542782172 -0.03894979294878801 -4.6594093292239291
55.32986780440843 -39.045681818181812 -0.0029555105693560768 0.62279929677899626 0.20698662259811207 -0.89032275641474423 -0.01840561903169477 0 0.10349331129905603 -0.0017693511693482587 -0.0015178888929133583 0.064413390050671759 2.7502658837670313
55.078188466119414 -39.045681818181805 -0.013543008623907733 0.83548872780124017 0.20558215737474428 -0.8911865865834302 -0.014293723063989579 0 0.10279107868737214 -0.0045379772171605286 -0.0038991686427972952 0.085672124514988457 2.7289269116498169
54.743507371251468 -39.045681818181805 -0.035203768441661801 1.1077059159303548 0.20253392166208894 -0.89293335485474301 -0.011666281574031892 0 0.10126696083104447 -0.0082178210845991508 -0.0070730200194310151 0.11164877376420496 2.6986664308277035
54.304813805465216 -39.045681818181812 -0.072342797661692895 1.4459411617648015 0.19091344080550665 -0.8994393569068313 -0.0097674173412993746 0 0.095456720402753326 -0.012760876934274221 -0.011006565138073767 0.13699219426418272 2.6597998701377685
53.740375469009749 -39.045681818181812 -0.13031449000011974 1.8492112283099114 0.17625217917628511 -0.90756531133630347 -0.0085455533907041539 0 0.088126089588142553 -0.017771292020384882 -0.015364934193497423 0.16126154289427486 2.6122443449441684
53.031028002519193 -39.045681818181819 -0.21376677945827754 2.3035849793296759 0.1595868727861649 -0.91670732337526462 -0.0077981077187433464 0 0.079793436393082451 -0.022428020221249817 -0.01943877935293227 0.18139897282695711 2.5570823860950314
52.165082512944821 -39.045681818181812 -0.3243646548059399 2.7766787063715266 0.14275251352649598 -0.92584793763687512 -0.0072857976261303786 0 0.071376256763247992 -0.025601409466026456 -0.022229602578683033 0.1952671643845571 2.4965556880605835
51.144115817782819 -39.045681818181805 -0.45711961080649194 3.2160552794342219 0.12908731592862577 -0.93320189610476156 -0.006848735492921202 0 0.064543657964312884 -0.026414146316802271 -0.022919455091777521 0.20460883554648779 2.4337132323825688
49.988203522657159 -39.045681818181805 -0.59830588099927007 3.5572367472704967 0.12379351346070389 -0.93603490644574217 -0.0067186646297315872 0 0.061896756730351943 -0.025220065867387884 -0.021729826097215726 0.21765022302335915 2.3703927499009416
48.738172115455235 -39.045681818181805 -0.7274524000612741 3.7409426776136465 0.13293534982418642 -0.93113064387422395 -0.0077700845675371995 0 0.066467674912093211 -0.02257243278101146 -0.018994042529923556 0.24689554522767029 2.3049694327077739
47.452221117263846 -39.045681818181812 -0.82196221201951802 3.7332754852076877 0.16341654437185293 -0.9145754885850842 -0.011624599240474319 0 0.081708272185926467 -0.016921468347231114 -0.013016142075051883 0.30429152814861177 2.2318660917509181
46.196541367892593 -39.045681818181812 -0.8634778222829268 3.5395774993800044 0.22314727424915126 -0.88115549015666805 -0.020438393224781765 0 0.11157363712457563 -0.0036878197349958755 0.0008408586370198481 0.39490542136869256 2.1419433042979126
45.032542565713733 -39.045681818181805 -0.8480141709911968 3.1999941740491997 0.311174275195649 -0.82926785538837799 -0.03377201243502085 0 0.1555871375978245 0.019059888229180252 0.024436904975660239 0.49691246248267035 2.0237020918242772
44.005035260275911 -39.045681818181805 -0.78818219833750569 2.770566916107521 0.4181795962334498 -0.76118793261515938 -0.049125706179247997 0 0.2090897981167249 0.046752015518441679 0.052994553210090695 0.57497057463618573 1.8717334058774833
43.136779713780257 -39.045681818181805 -0.70011606537833637 2.311623390896151 0.54108708854371601 -0.67399517471160519 -0.068142614579694241 0 0.27054354427185801 0.077328044989806485 0.084365582429752367 0.614834497493563 1.6897645816720328
42.430417914408395 -39.045681818181805 -0.59600668907637799 1.8717851238956076 0.67754349433678684 -0.56031253371776202 -0.092229985481918672 0 0.33877174716839342 0.1071876024850706 0.11492259952741406 0.61432602425033089 1.4843261813412203
41.874547094800505 -39.045681818181812 -0.48375990491487203 1.4837342779509068 0.82325196220863806 -0.40058348911787922 -0.12759665370811238 0 0.41162598110431903 0.13702863056233447 0.14544636011045894 0.57712756703664458 1.261103845921109
41.450741363876453 -39.045681818181805 -0.36637097331419022 1.1638298330957122 0.94436335166484719 -0.14637719253854764 -0.18496044398650693 0 0.4721816758324236 0.16344362835967996 0.17241159591258998 0.49553371976623944 1.0210109401847542
41.14126239531528 -39.045681818181805 -0.24090784624501843 0.92294385190045169 0.73246252197352679 0.42061882908979842 -0.30102703971836181 0 0.3662312609867634 0.13902194386885111 0.14604914749988307 0.27128197114864327 0.75414081657929688
40.957517271531842 -39.045681818181812 -0.087642224742644423 0.80176734632460289 -2.5110157833708495 1.7607755910188492 -0.64084717479526421 0 -1.2555078916854248 -0.63650537918300198 -0.66676343547214889 -0.40445244254609986 0.41381074829212694
40.957517271531827 -39.045681818181812 0.087642224742643465 0.80176734632458535 -7.637119654565641 2.9036292803497732 -0.4539346394153001 0 -3.8185598272828205 -1.9358969281625251 -2.0279251813997807 1.2301203834565226 -0.02926657243990852
41.14126239531528 -39.045681818181805 0.24090784624501829 0.92294385190049111 -4.66906826820499 2.3791290259618338 -0.093879422829955442 0 -2.334534134102495 -0.88619270915502812 -0.93098748363640826 1.7292817109788974 -0.43002231165350413
41.45074136387646 -39.045681818181805 0.36637097331419094 1.1638298330957193 -2.6640433919665236 1.9140802225527047 -0.018447048520344247 0 -1.3320216959832618 -0.46107350240033246 -0.48637208546857685 1.3978976728740822 -0.77060833422747999
41.874547094800505 -39.045681818181812 0.4837599049148717 1.483734277950886 -1.9465637083404266 1.7165338687127745 0.0086709804741034579 0 -0.97328185417021329 -0.32400160764952834 -0.34390517010329202 1.3646072267625071 -1.1129532495956131
42.430417914408395 -39.045681818181805 0.59600668907637733 1.8717851238955996 -1.53229759076673 1.5911857331868955 0.020628942513167013 0 -0.766148795383365 -0.24240998020164606 -0.259903052501266 1.389328205158995 -1.4745296212079548
43.136779713780257 -39.045681818181805 0.70011606537833615 2.3116233908961643 -1.2568124466285737 1.5020471222013358 0.025824200186242721 0 -0.62840622331428686 -0.17961406116382048 -0.19596053261991037 1.4281095694711032 -1.8613010261250713
44.005035260275903 -39.045681818181819 0.7881821983375058 2.7705669161074598 -1.0581275471044918 1.4343608729391564 0.027137304319202644 0 -0.52906377355224588 -0.11829748736737436 -0.1340930956535431 1.4548586523035358 -2.2752313061759248
45.032542565713726 -39.045681818181819 0.84801417099119702 3.1999941740492575 -0.90209164304623002 1.3789341676261753 0.025143675135849371 0 -0.45104582152311501 -0.055254457901856777 -0.070842384855232171 1.4405451075584803 -2.7103187019492294
46.196541367892593 -39.045681818181819 0.8634778222829268 3.5395774993800013 -0.75785828856526893 1.3257112638441007 0.018652975155355602 0 -0.37892914428263447 0.012524664539620776 -0.0028557448874123982 1.3411875533351343 -3.1554625561731533
47.452221117263846 -39.045681818181819 0.82196221201951769 3.7332754852076899 -0.60491763970948376 1.2668241075654856 0.008620916447495559 0 -0.30245881985474188 0.062638056216227339 0.048181742995660949 1.1263933752778275 -3.5832542557043987
48.738172115455235 -39.045681818181812 0.72745240006127354 3.7409426776136128 -0.45350977024373273 1.2056156133449734 -0.00087355741451850336 0 -0.22675488512186637 0.07700599440176982 0.064798293870951235 0.84228568351823729 -3.9602726395100585
49.988203522657159 -39.045681818181812 0.5983058809992694 3.5572367472705091 -0.31599495182399928 1.1471424051671137 -0.0076976679201505131 0 -0.15799747591199964 0.064376664624621369 0.055467489037001841 0.55557330764815216 -4.2653650397745864
51.144115817782811 -39.045681818181805 0.45711961080649149 3.2160552794342148 -0.19685222551039416 1.0939536449814451 -0.010846572832212784 0 -0.098426112755197082 0.040280359460682535 0.03495111591596315 0.31201907287844138 -4.4912080429684345
52.165082512944821 -39.045681818181805 0.32436465480593957 2.7766787063715777 -0.098553118802563677 1.0480725274240499 -0.009853733380193859 0 -0.049276559401281839 0.017674636237841653 0.015346816737234483 0.13480805048143321 -4.6427257086405866
53.031028002519193 -39.045681818181812 0.21376677945827746 2.3035849793296754 -0.021562784594345574 1.0107095708465188 -0.0053803339665225852 0 -0.010781392297172787 0.0030303906609940516 0.0026264955547185302 0.024509954411753587 -4.7338086787949196
53.740375469009749 -39.045681818181812 0.1303144900001196 1.8492112283098707 0.036323623644778369 0.98166972744857428 0.00096050313040265539 0 0.018161811822389184 -0.0036624666205362284 -0.003166542902219517 -0.033234219399971759 -4.7817153711017921
54.304813805465209 -39.045681818181812 0.072342797661692604 1.4459411617648392 0.076264377109036885 0.96107797363664726 0.0080468305213319824 0 0.038132188554518442 -0.0050975998685653069 -0.0043968032361869505 -0.054724404527399829 -4.8022948712339959
54.743507371251468 -39.045681818181819 0.035203768441661537 1.10770591593034 0.099550532185938678 0.94879650631946089 0.015318531589109102 0 0.049775266092969339 -0.0040392663888945734 -0.0034765677834004247 -0.054878189070361585 -4.8081389060960635
55.078188466119414 -39.045681818181819 0.013543008623907679 0.83548872780125094 0.11673437745978854 0.93955984196420583 0.022201934789743735 0 0.05836718872989427 -0.002576770047248295 -0.0022140395350456511 -0.048646644478415234 -4.8073919486232244
55.32986780440843 -39.045681818181819 0.0029555105693561032 0.62279929677901458 0.12776083281564188 0.93346696397369699 0.029641092322766814 0 0.063880416407820939 -0.0010921178195084356 -0.00093690474604610522 -0.039758648428847347 -4.8028184849025521
52.844587849669466 -36.153409090909086 -0.0030670455478133763 0.64630247990733924 0.20467612237233168 -0.89163608748385681 -0.017577403794315015 0 0.10233806118616584 -0.0018156270675071823 -0.0015575880058095852 0.066098068326917933 2.8395088279790741
52.583410643274263 -36.153409090909086 -0.014054094319481365 0.86701837896297196 0.20324782056649304 -0.89250798815868226 -0.013478520187632497 0 0.10162391028324652 -0.0046557590712894194 -0.0040003704096491042 0.087895719123260968 2.8177089366678731
52.236099362240445 -36.153409090909086 -0.036532287309253592 1.1495084920237355 0.20014649212548563 -0.89427924134734904 -0.010869515615893503 0 0.10007324606274282 -0.0084274192785080901 -0.0072534196906203349 0.11449641197538063 2.7867682543328987
51.780850390455427 -36.153409090909086 -0.075072868216133723 1.5005080504777557 0.18841316638186278 -0.90083622519879758 -0.0089960540082047041 0 0.094206583190931392 -0.013069018490563217 -0.011272344686651061 0.14030019481598249 2.7470613163350204
51.195111295224216 -36.153409090909086 -0.13523229472243681 1.9189967119590072 0.17370166324873504 -0.90897601098077097 -0.0078069336330152429 0 0.086850831624367519 -0.018175074253192477 -0.01571404147441299 0.16492557282418349 2.6985532955201226
50.458994493102082 -36.153409090909093 -0.22183390443795911 2.3905176073866254 0.15714872796716328 -0.91804187499418888 -0.00709843574252806 0 0.078574363983581641 -0.022918825252692128 -0.019864169138450554 0.18536862898401754 2.6423370079541244
49.560369975908486 -36.153409090909093 -0.3366055194339328 2.8814649327884401 0.14044357101973415 -0.92709892345862055 -0.0066343878491275723 0 0.070221785509867074 -0.026137839347193475 -0.022695382522771545 0.19935862434599738 2.5806780745127131
48.50087406703593 -36.153409090909086 -0.47437037839715546 3.3374226871600698 0.12676213642594392 -0.93445101952374354 -0.0062574503667519651 0 0.063381068212971958 -0.026917223922270268 -0.023355973631801932 0.20850576720612574 2.5167747437080328
47.301339984774032 -36.153409090909086 -0.62088473226105667 3.6914796520626934 0.12130014759703533 -0.93736942228739706 -0.0061982710134478106 0 0.060650073798517667 -0.025644684801630725 -0.022095681430314311 0.22131470218149857 2.4526047652232097
46.004134925913135 -36.153409090909086 -0.75490497918949639 3.8821182718692104 0.1301541990723073 -0.93262644420276541 -0.0073291542075954765 0 0.065077099536153649 -0.022934209662077102 -0.019298467202796495 0.25085263311305483 2.3865374127791639
44.669654743503109 -36.153409090909086 -0.85298139989211808 3.8741617351623199 0.16025742176213542 -0.91630539002349487 -0.011269891381710723 0 0.080128710881067711 -0.017220584319114 -0.01324622470777927 0.30967040274212781 2.3128092171577186
43.366588185487856 -36.153409090909086 -0.89606372514020038 3.6731539799497801 0.2195628691968724 -0.88319311674145817 -0.020175463901398447 0 0.1097814345984362 -0.0037655177923112543 0.00085857454703406678 0.40322561765500187 2.2219200105206576
42.158662427786851 -36.153409090909086 -0.88001650699150247 3.3207554682116145 0.30715412454317115 -0.83169498960094623 -0.033605352691362292 0 0.15357706227158557 0.019523636951868945 0.025031482621271913 0.50900290692775874 2.1018751882359537
41.092379079263623 -36.153409090909086 -0.81792659696137981 2.875122495947636 0.41372717109819346 -0.76411126931173645 -0.049059117527871517 0 0.20686358554909673 0.047999780562333325 0.05440892540942649 0.59031597047295192 1.9469776992280905
40.19135732828272 -36.153409090909086 -0.72653702664277031 2.3988593723128049 0.5362707948038119 -0.67755499346757253 -0.068179439887299603 0 0.26813539740190595 0.079531965311233327 0.086770079033416089 0.63235784550422869 1.7610165763211669
39.458338866304786 -36.153409090909086 -0.61849877349515348 1.9424225006097984 0.67252248371299683 -0.56475214201792467 -0.092371718470368208 0 0.33626124185649842 0.11040834358898484 0.11837575951499929 0.63278510936497068 1.5506966138238822
38.881490608641748 -36.153409090909086 -0.50201602320882255 1.5397274022670446 0.81856295520642042 -0.40631588899937249 -0.12784538763768194 0 0.40928147760321021 0.14138988399828525 0.15007552727921111 0.5954959881059595 1.32192681074357
38.441691308430961 -36.153409090909086 -0.38019707126141594 1.2077504120671558 0.94189218696106103 -0.15415558777816563 -0.18532098584808809 0 0.47094609348053051 0.16916782796314916 0.17844987589242764 0.5128885346994414 1.0756881768681064
38.120533230869349 -36.153409090909086 -0.2499992200738681 0.95777388218567694 0.74248458038095411 0.40817617260441497 -0.3015089248049827 0 0.37124229019047705 0.14624232951876573 0.15363450517395846 0.28537154864303715 0.80180856729496019
37.929853938541456 -36.153409090909086 -0.090949664665199118 0.83202442089821493 -2.4404577967329533 1.7403903325741048 -0.64148210186687993 0 -1.2202288983664766 -0.64196543658027605 -0.6724830519076872 -0.40792190819868812 0.45236659936169749
37.929853938541449 -36.153409090909086 0.090949664665198132 0.83202442089818551 -7.5205679026632577 2.8833596992716322 -0.45475789963392693 0 -3.7602839513316288 -1.9782946721831802 -2.0723384202883017 1.2570610373589921 -0.0030095941210632007
38.120533230869341 -36.153409090909086 0.24999922007386802 0.95777388218569692 -4.6114219477951055 2.3669437383556495 -0.094864573229885521 0 -2.3057109738975528 -0.90828160726721308 -0.95419291904263226 1.7723851207975398 -0.41522550780028705
38.441691308430961 -36.153409090909086 0.38019707126141672 1.2077504120671834 -2.6350788657142439 1.9064878571919182 -0.019568241975519263 0 -1.3175394328571219 -0.47327133019620593 -0.49923919431864255 1.434879444763413 -0.76568425212522129
38.881490608641748 -36.153409090909086 0.50201602320882222 1.5397274022670016 -1.9271431541554764 1.7108735091218716 0.0074155202440273965 0 -0.96357157707773822 -0.33287427103932282 -0.35332288514018068 1.401976487582459 -1.118089304030393
39.458338866304786 -36.153409090909086 0.61849877349515292 1.9424225006097906 -1.5181951375339571 1.5867656258888132 0.019235020968010892 0 -0.75909756876697854 -0.2492428349079617 -0.26722898765456293 1.428489454862256 -1.4904389105402636
40.19135732828272 -36.153409090909086 0.72653702664277009 2.3988593723127845 -1.2463725827471972 1.4985935562885602 0.024288593981598851 0 -0.6231862913735986 -0.18484404143654212 -0.20166648744991295 1.469693089309269 -1.8889604201425285
41.092379079263608 -36.153409090909093 0.81792659696138004 2.8751224959475703 -1.0504087753131355 1.4316985339909483 0.025457475941364396 0 -0.52520438765656774 -0.12186627864432258 -0.13813840786360865 1.4987487380786428 -2.3158126481887762
42.158662427786851 -36.153409090909093 0.8800165069915028 3.3207554682116918 -0.89644440284634985 1.3769170975532754 0.023317575170107425 0 -0.44822220142317493 -0.056980693633001706 -0.073055611817549604 1.4855499909908865 -2.7648760606082319
43.366588185487856 -36.153409090909093 0.89606372514020038 3.6731539799497366 -0.75394531394240327 1.3242609298230175 0.016682436473145164 0 -0.37697265697120164 0.012930212218781132 -0.0029482136882892618 1.3846151036581855 -3.2247516044826692
44.669654743503102 -36.153409090909093 0.85298139989211774 3.8741617351623594 -0.60258064624510421 1.2659139750041331 0.0065156837200239758 0 -0.30129032312255211 0.064750766071426727 0.049806857972348871 1.1643853330194032 -3.6671633936275008
46.004134925913142 -36.153409090909086 0.75490497918949584 3.8821182718692313 -0.4525564371099704 1.2052165174613676 -0.0030956660452124453 0 -0.2262782185549852 0.079744059635268844 0.067102295747901608 0.87223443185440663 -4.0575471290645817
47.301339984774032 -36.153409090909086 0.62088473226105612 3.6914796520626481 -0.31616902535123059 1.1472003990631885 -0.010013477941836643 0 -0.1580845126756153 0.066842911239534092 0.057592428374459888 0.57685711906200177 -4.3739447001103695
48.50087406703593 -36.153409090909086 0.47437037839715501 3.3374226871600832 -0.19788126873332534 1.0943976486353788 -0.01323085011173792 0 -0.098940634366662672 0.042018970101767313 0.03645970180901098 0.32548667067526094 -4.6086245308974183
49.560369975908486 -36.153409090909086 0.33660551943393247 2.8814649327884423 -0.10024561909566065 1.0488540032198861 -0.01228409643725601 0 -0.050122809547830327 0.018656631045177088 0.016199478944382339 0.14229792488554457 -4.7665085346064648
50.458994493102082 -36.153409090909086 0.22183390443795906 2.3905176073866077 -0.023831381445654332 1.011815157803764 -0.0078401456745768108 0 -0.011915690722827166 0.0034756073049304519 0.0030123730428051978 0.028110889362713345 -4.8618708867536586
51.195111295224208 -36.153409090909086 0.1352322947224367 1.9189967119589932 0.033682022713475979 0.98301357200234718 -0.0015147757953714591 0 0.016841011356737989 -0.0035242798046126534 -0.0030470675522765189 -0.031980274604178828 -4.9125116905124333
51.780850390455427 -36.153409090909086 0.075072868216133432 1.5005080504777761 0.073591315750279995 0.96248515761769726 0.0055682686138954704 0 0.036795657875139998 -0.0051045597542586137 -0.004402806306009751 -0.054799121180327488 -4.9347031780659014
52.236099362240438 -36.153409090909093 0.036532287309253314 1.1495084920237058 0.097012456000641678 0.95016978707926514 0.012842107346624734 0 0.048506228000320839 -0.0040848312317291972 -0.003515785118778474 -0.055497241100926013 -4.9414065835623324
52.583410643274263 -36.153409090909093 0.014054094319481307 0.86701837896299261 0.11431017899722629 0.94090413279670793 0.019729011350008298 0 0.057155089498613143 -0.0026184814741122176 -0.0022498792671313789 -0.049434111313302394 -4.9411027713661229
52.844587849669466 -36.153409090909093 0.0030670455478134036 0.64630247990738454 0.12541759640219308 0.93479627886103467 0.027172055965083527 0 0.062708798201096538 -0.0011125459097534045 -0.00095442957199555012 -0.040502334909932741 -4.9367061656272684
50.35930789493051 -33.261136363636361 -0.0031785805262706758 0.66980566303570721 0.20223284524718665 -0.89301768298409667 -0.016928456235840411 0 0.10111642262359333 -0.0018591916183291317 -0.0015949611112523842 0.067684039757058709 2.926028645048167
50.088632820429112 -33.261136363636361 -0.014565180015054996 0.89854803012470985 0.20077121760301975 -0.89390371969892635 -0.012842207964503961 0 0.10038560880150987 -0.0047662744523614391 -0.0040953286008875555 0.089982130542918634 2.9038121964614172
49.728691353229422 -33.261136363636361 -0.037860806176845382 1.1913110681170971 0.19760788137907681 -0.89570477815784411 -0.010250317367305178 0 0.098803940689538405 -0.0086231089483619228 -0.0074218483943148334 0.11715508651362662 2.8722531643702816
49.256886975445646 -33.261136363636361 -0.077802938770574565 1.5550749391907013 0.18576615578346878 -0.90230997680122349 -0.0083994036399464359 0 0.092883077891734389 -0.013353998125497788 -0.011518146517597944 0.14335954455435773 2.8317899165393783
48.649847121438675 -33.261136363636361 -0.1401500994447539 1.9887821956081146 0.17102611859628125 -0.91045126566886447 -0.0072370052978761607 0 0.085513059298140626 -0.018545888702868715 -0.016034645041713452 0.1682904441128725 2.7824340674445041
47.886960983684965 -33.261136363636368 -0.22990102941764068 2.4774502354434769 0.15459587239697692 -0.91943522667851985 -0.0065567938538539407 0 0.077297936198488459 -0.02336643031603735 -0.020252116713750993 0.18898888159311719 2.725281386655273
46.955657438872159 -33.261136363636368 -0.34884638406192564 2.9862511592053069 0.13800491880530663 -0.92841669890209499 -0.0061248995444811074 0 0.069002459402653316 -0.026617997461913897 -0.023112301914624798 0.20302088808355184 2.662632122368954
45.857632316289049 -33.261136363636361 -0.49162114598781892 3.458790094885952 0.12429211240906002 -0.93577476470189824 -0.0057859604256278452 0 0.062146056204530009 -0.02735251589947104 -0.023733674837951371 0.21187761892185297 2.5978435712244718
44.614476446890905 -33.261136363636361 -0.64346358352284339 3.8257225568548519 0.11865582956500176 -0.93878158971162329 -0.0057703772420556101 0 0.059327914782500879 -0.025997890421885314 -0.022400006436642552 0.22436288145373984 2.5330325055485234
43.270097736371042 -33.261136363636361 -0.7823575583177188 4.0232938661248285 0.1272173356961025 -0.93420252394037917 -0.0069504364843304637 0 0.063608667848051248 -0.023231908210369485 -0.019548971831261679 0.25410883709014448 2.4665597893387319
41.887088369742372 -33.261136363636361 -0.88400058776471813 4.0150479851169081 0.15693009635640043 -0.91812312067981494 -0.01094709627058444 0 0.078465048178200214 -0.01747627887369935 -0.013442907204948423 0.31426844855927949 2.3924759597034133
40.53663500308312 -33.261136363636361 -0.92864962799747386 3.8067304605195149 0.21578428891499435 -0.88533553254614217 -0.019917477155615763 0 0.10789214445749717 -0.003835293639287969 0.00087448411631936595 0.41069747426182246 2.3009229171003924
39.284782289859962 -33.261136363636361 -0.91201884299180813 3.4415167623740173 0.30289744925140316 -0.83425743165598532 -0.033422873535288777 0 0.15144872462570158 0.019953219517396609 0.025582255438340647 0.52020260169560184 2.1794123729608965
38.179722898251327 -33.261136363636361 -0.84767099558525416 2.9796780757877257 0.40897826409130444 -0.76721855066618061 -0.048963572402152683 0 0.20448913204565222 0.04917432738025504 0.055740302958605069 0.6047609061906678 2.0219593994415708
37.245934942785183 -33.261136363636361 -0.75295798790720425 2.4860953537294175 0.53108972250536568 -0.68136739382146094 -0.068181758055835179 0 0.26554486125268284 0.081627868896421971 0.089056728420509171 0.64902235354609483 1.832412441645459
36.486259818201177 -33.261136363636361 -0.64099085791392896 2.0130598773239785 0.66707217794952856 -0.56953952669213836 -0.092479995597785677 0 0.33353608897476428 0.11349609166973454 0.12168632928145091 0.65048196943418723 1.6176402696033596
35.888434122482991 -33.261136363636361 -0.52027214150277301 1.5957205265831864 0.81340878288828433 -0.41254106945566554 -0.12806671356793442 0 0.40670439144414217 0.14560896066958104 0.15455378370160047 0.61326559905845635 1.383773668100585
35.432641252985462 -33.261136363636361 -0.39402316920864172 1.2516709910385806 0.93906943209556226 -0.16266329642648292 -0.18566426662152277 0 0.46953471604778113 0.174794303685193 0.18438506999168192 0.52994706718370166 1.1318699033599917
35.099804066423417 -33.261136363636361 -0.25909059390271788 0.99260391247093427 0.75319542093777592 0.39447191110374646 -0.30198756665197668 0 0.37659771046888796 0.15374688353441418 0.16151839519772471 0.30001564114599816 0.85150943717581951
34.90219060555107 -33.261136363636361 -0.094257104587753812 0.8622814954718041 -2.3631651350175238 1.7177976458051498 -0.64213424070345992 0 -1.1815825675087619 -0.6442395873777057 -0.67486531079828882 -0.40936696408480372 0.49362716495642772
34.902190605551063 -33.261136363636361 0.094257104587752785 0.86228149547178956 -7.3918605503913994 2.8608155627377845 -0.45562579644780143 0 -3.6959302751956997 -2.015148717443453 -2.1109444252529865 1.2804790776626525 0.026779920408917395
35.09980406642341 -33.261136363636361 0.25909059390271771 0.99260391247096802 -4.5473590961500596 2.3533292888472261 -0.095918477906336896 0 -2.2736795480750298 -0.92823491740628206 -0.9751548179667423 1.8113212279676085 -0.39618865866702663
35.432641252985462 -33.261136363636361 0.3940231692086425 1.2516709910385888 -2.6027521760215815 1.8979779908541237 -0.020777927108480903 0 -1.3013760880107907 -0.4844649806751532 -0.51104702777493238 1.4688167191329564 -0.75593282485243252
35.888434122482991 -33.261136363636361 0.52027214150277268 1.5957205265831103 -1.9054176512090599 1.7045178228860771 0.0060533191529491288 0 -0.95270882560452996 -0.3410903467858511 -0.36204367806367532 1.436580378657786 -1.117827254665029
36.486259818201177 -33.261136363636361 0.64099085791392851 2.0130598773239967 -1.502399144159237 1.5817981002111474 0.017717627596316843 0 -0.75119957207961852 -0.25561916180369521 -0.27406545050385878 1.4650341994069653 -1.5003735868815657
37.245934942785183 -33.261136363636361 0.75295798790720414 2.4860953537293859 -1.2346413432553214 1.4947006053130232 0.022615121759639596 0 -0.61732067162766069 -0.18976292974739237 -0.20703303819235783 1.5088031201296201 -1.9100713883852678
38.17972289825132 -33.261136363636368 0.84767099558525438 2.9796780757876835 -1.0416550868923933 1.4286695894640791 0.023628183022255892 0 -0.52082754344619664 -0.12524550265272646 -0.14196884093769868 1.5403074676519155 -2.349280843646437
39.284782289859962 -33.261136363636368 0.91201884299180858 3.4415167623740959 -0.889937774663631 1.3745845278078237 0.021334258247554697 0 -0.4449688873318155 -0.058624210334464584 -0.075162783747239698 1.5283982974151145 -2.811770609432704
40.53663500308312 -33.261136363636368 0.92864962799747386 3.8067304605194714 -0.74931699324363277 1.3225374239301746 0.014551822833249919 0 -0.37465849662181638 0.013318164693306324 -0.0030366706120001528 1.4261584941795786 -3.2858615706148173
41.887088369742372 -33.261136363636368 0.8840005877647179 4.015047985116956 -0.59966052214239118 1.2647697160385611 0.0042529441718172252 0 -0.29983026107119559 0.066780271967131488 0.051367971732607758 1.2008810695428647 -3.7424413754128563
43.270097736371042 -33.261136363636361 0.78235755831771814 4.0232938661248134 -0.45113963144182101 1.2046201632274385 -0.0054675211678150842 0 -0.2255698157209105 0.082385269667594643 0.069324796803555064 0.90112378539986338 -4.1458292712629072
44.614476446890905 -33.261136363636361 0.64346358352284272 3.8257225568548363 -0.31598779771726182 1.147097366859158 -0.01246710319393543 0 -0.15799389885863091 0.069233986815674109 0.059652599697089928 0.59749220126793678 -4.4732739162303279
45.857632316289049 -33.261136363636361 0.49162114598781848 3.4587900948859387 -0.19864885807216748 1.0947151050482595 -0.015738387825492955 0 -0.099324429036083739 0.043715936140406655 0.037932152837652611 0.33863168172212821 -4.7166334726836885
46.955657438872159 -33.261136363636361 0.34884638406192536 2.9862511592053265 -0.10174375222342058 1.049535160994769 -0.014822215053927997 0 -0.05087187611171029 0.019624046460758895 0.01703948192333592 0.14967659929928204 -4.8808076163050202
47.886960983684965 -33.261136363636361 0.22990102941764062 2.4774502354434764 -0.025956720312926063 1.0128418957771941 -0.010393001076961592 0 -0.012978360156463031 0.0039232347346727942 0.003400340003475106 0.031731322872376823 -4.9804252373746252
48.649847121438675 -33.261136363636361 0.14015009944475373 1.9887821956081146 0.031109454786113933 0.98431396223469803 -0.0040704991973311046 0 0.015554727393056966 -0.0033734758807929892 -0.0029166835395129979 -0.030611838735713895 -5.0338145340838336
49.256886975445646 -33.261136363636361 0.077802938770574259 1.5550749391907017 0.07090503001795867 0.96389099510698595 0.0030198565703996628 0 0.035452515008979335 -0.0050970836638933644 -0.0043963579971665057 -0.054718862901140961 -5.057664620378147
49.728691353229422 -33.261136363636368 0.037860806176845098 1.191311068117066 0.094410562231359685 0.95156884057034152 0.010304340068933895 0 0.047205281115679842 -0.0041198385323274701 -0.0035459156528225813 -0.055972856491471462 -5.0652812432751366
50.088632820429105 -33.261136363636368 0.014565180015054937 0.89854803012473372 0.1117974308757248 0.94228801794065664 0.017200592133525348 0 0.055898715437862401 -0.0026540519352540458 -0.0022804424938857016 -0.050105643326393591 -5.0654669497189184
50.35930789493051 -33.261136363636368 0.003178580526270704 0.66980566303572497 0.12297000534467872 0.9361743036561333 0.024650919440768911 0 0.061485002672339362 -0.001130502826893782 -0.00096983443087858589 -0.041156058109660415 -5.0612845794209305
47.874027940191553 -30.368863636363638 -0.0032901155047279753 0.69330884616411148 0.19966762843580577 -0.8944630344636243 -0.016378386438212413 0 0.099833814217902883 -0.0019000194504422902 -0.0016299864436792528 0.069170380694000375 3.0103222235157658
47.593854997583954 -30.368863636363635 -0.015076265710628627 0.93007768128647206 0.19817540020711433 -0.89536205152208959 -0.012304327980048962 0 0.099087700103557164 -0.0048697342752045585 -0.0041842244409754483 0.091935340618852571 2.9877333361280534
47.221283344218392 -30.368863636363635 -0.039189325044437173 1.2331136442105071 0.1949563287818521 -0.89718951932920432 -0.0097281870859495002 0 0.097478164390926048 -0.0088059228411855855 -0.0075791950085158889 0.11963882846306882 2.9556146076001464
46.732923560435857 -30.368863636363638 -0.080533009325015406 1.6096418279036451 0.18303062199688458 -0.90382908698479347 -0.0078968046290953438 0 0.09151531099844229 -0.013619036976980718 -0.011746748940299142 0.14620482344991534 2.9144706356846943
46.104582947653135 -30.368863636363638 -0.14506790416707097 2.0585676792572292 0.16830881591934388 -0.91194602866398966 -0.0067546195032677434 0 0.08415440795967194 -0.018891654775373877 -0.016333591958138636 0.17142801960646842 2.8643514422065337
45.314927474267847 -30.368863636363642 -0.23796815439732227 2.5643828635003505 0.15203636596086023 -0.92082926187671266 -0.0060913472014328951 0 0.076018182980430116 -0.023785916110655593 -0.020615692799505893 0.19238170412085354 2.8063431736655078
44.350944901835831 -30.368863636363638 -0.36108724868991859 3.0910373856221676 0.13556870230131668 -0.92973065761971507 -0.0056746789068155088 0 0.06778435115065834 -0.027065632384729872 -0.023500981547585811 0.20643509081226302 2.742788356704752
43.214390565542175 -30.368863636363635 -0.50887191357848249 3.5801575026118519 0.12182968147618967 -0.93709214553453091 -0.005350635597745056 0 0.060914840738094833 -0.02775139028580664 -0.024079776637919888 0.21496737328069751 2.677210301804005
41.927612909007777 -30.368863636363635 -0.66604243478462999 3.9599654616470374 0.11602496520520755 -0.94018424253196653 -0.0053502233023371027 0 0.058012482602603777 -0.026313486921747776 -0.022671927100726453 0.22708649244435444 2.6118660577491046
40.536060546828942 -30.368863636363635 -0.80981013744594099 4.1644694603804613 0.12429143684618738 -0.93577010323869469 -0.0065480560821772824 0 0.062145718423093688 -0.023494040998197442 -0.019769548911667403 0.25697602549649562 2.5451131235672797
39.104521995981635 -30.368863636363638 -0.91501977563731818 4.1559342350715127 0.15359259163769368 -0.91994330708418781 -0.010569773569668393 0 0.076796295818846838 -0.017704795705290717 -0.013618684358886668 0.31837776900746512 2.4708279526884516
37.706681820678384 -30.368863636363638 -0.96123553085474733 3.9403069410892888 0.21194870232617535 -0.8875066017030635 -0.019578805053028985 0 0.10597435116308768 -0.0038993075237462437 0.00088907990231319592 0.41755231854163932 2.3788116871072336
36.41090215193308 -30.368863636363635 -0.94402117899211391 3.5622780565363881 0.29850999740988204 -0.83689403471764645 -0.033141774909271234 0 0.14925499870494102 0.020354206281113989 0.0260963652444232 0.53065677213909157 2.2560973766267143
35.267066717239032 -30.368863636363635 -0.87741539420912851 3.0842336556278371 0.40400041223865446 -0.77046864125873471 -0.048761261245632015 0 0.20200020611932723 0.050280308738286004 0.056993959881789832 0.61836260292849587 2.0964192983299412
34.300512557287647 -30.368863636363635 -0.7793789491716383 2.5733313351460358 0.52556972286351344 -0.68541634468259582 -0.068078716045732651 0 0.26278486143175672 0.083613966471225848 0.091223578477079431 0.66481379511865957 1.9036835756941231
33.514180770097582 -30.368863636363635 -0.66348294233270455 2.0836972540381904 0.66117821918680397 -0.57468853987911195 -0.092492502100496615 0 0.33058910959340199 0.11644062927147229 0.12484335404693211 0.66735804498950779 1.6849087889324499
32.895377636324241 -30.368863636363638 -0.53852825979672359 1.6517136508993135 0.80774194111812025 -0.41930987239246054 -0.1282079942753111 0 0.40387097055906013 0.14966829274801546 0.15886248234994102 0.63036240894852635 1.4464390413206598
32.423591197539963 -30.368863636363635 -0.4078492671558675 1.2955915700099916 0.93583783806008136 -0.17200412678878452 -0.18594822480342849 0 0.46791891903004068 0.18030513638066314 0.19019827586191873 0.546654989370714 1.1894126455276144
32.079074901977478 -30.368863636363635 -0.26818196773156755 1.0274339427561747 0.76467104758095894 0.3792932847869831 -0.30243273059399778 0 0.38233552379047947 0.16156646531159055 0.16973323683049349 0.31527446647267782 0.90318066330800817
31.87452727256068 -30.368863636363638 -0.097564544510308507 0.89253857004540005 -2.2780486982569648 1.6925931221795225 -0.64278862856116314 0 -1.1390243491284824 -0.64282723370894301 -0.67338581696354116 -0.40846951700932294 0.53764418686855686
31.874527272560677 -30.368863636363638 0.097564544510307438 0.89253857004538761 -7.2488957607857731 2.8355713385993901 -0.45654237974084694 0 -3.6244478803928866 -2.0455171186269121 -2.1427564729828394 1.2997759672672906 0.060304879882092342
32.079074901977478 -30.368863636363635 0.26818196773156744 1.0274339427562103 -4.4757620670019298 2.3380207759261635 -0.09706141529747972 0 -2.2378810335009649 -0.94567861439092082 -0.99348024921129341 1.8453601744132275 -0.37257674286735076
32.423591197539977 -30.368863636363635 0.40784926715586828 1.2955915700100245 -2.5665070085500048 1.8883903647221949 -0.022109703172596307 0 -1.2832535042750024 -0.49448139130363544 -0.52161302755787997 1.4991847993527456 -0.7409110045399584
32.895377636324241 -30.368863636363638 0.53852825979672314 1.6517136508992603 -1.8810436348580231 1.6973576642065362 0.0045381292791800767 0 -0.94052181742901153 -0.34854274005385055 -0.3699538751552906 1.4679678454791967 -1.1116237849573867
33.514180770097568 -30.368863636363635 0.663482942332704 2.0836972540382179 -1.4846950866224735 1.5762101727089188 0.016018054544591279 0 -0.74234754331123676 -0.26147084877540228 -0.28033941374977489 1.498572066745558 -1.5036971061580522
34.300512557287647 -30.368863636363635 0.77937894917163808 2.5733313351460048 -1.2214897674590612 1.490322089525004 0.020732509083253445 0 -0.61074488372953062 -0.19432931544230206 -0.21201500545663629 1.5451104062437484 -1.9239141625293139
35.267066717239032 -30.368863636363642 0.87741539420912862 3.0842336556277599 -1.0317989116926882 1.4252486995024516 0.021565163093717397 0 -0.51589945584634411 -0.12841365073926975 -0.14556001429114493 1.5792703210316625 -2.3748442846961431
36.41090215193308 -30.368863636363645 0.94402117899211424 3.5622780565364751 -0.88255358524011518 1.3719289098526524 0.019095851660186243 0 -0.44127679262005759 -0.060177809399959356 -0.077154671227232838 1.5689023511673166 -2.8501542878276376
37.706681820678384 -30.368863636363645 0.96123553085474733 3.9403069410892493 -0.74399509370894568 1.320548181697768 0.012148807499679667 0 -0.37199754685447284 0.013687583998816968 -0.0031209017935767435 1.4657172841930894 -3.3379071540814373
39.104521995981635 -30.368863636363642 0.91501977563731784 4.155934235071574 -0.59621104586427842 1.2634113099499849 0.0017052139870472362 0 -0.29810552293213921 0.068725936919956557 0.052864594303223419 1.235869130248433 -3.808187109977998
40.536060546828949 -30.368863636363638 0.80981013744594044 4.1644694603804391 -0.44933802086014585 1.2038570905673893 -0.0081318110385391329 0 -0.22466901043007292 0.084935584880247203 0.071470812524757371 0.92901893835209193 -4.2242234635777525
41.927612909007777 -30.368863636363638 0.66604243478462943 3.9599654616470419 -0.31554832505139641 1.1468726223358705 -0.015215557427845312 0 -0.1577741625256982 0.071563707946250055 0.061659907500670033 0.61759779204309162 -4.5624808186928547
43.214390565542168 -30.368863636363635 0.50887191357848205 3.5801575026118266 -0.19926519199758541 1.0949527419963936 -0.018538737609785555 0 -0.099632595998792706 0.045390302646255778 0.039384994336965948 0.35160163263142286 -4.8143999081801887
44.350944901835831 -30.368863636363635 0.36108724868991821 3.0910373856221929 -0.10316613493876603 1.0501688865778036 -0.017647793139724057 0 -0.051583067469383015 0.020596617326910458 0.017883961359628168 0.15709459538455497 -4.9848322565947907
45.314927474267847 -30.368863636363638 0.23796815439732216 2.5643828635003447 -0.028058729501251101 1.0138460407098129 -0.013226308566172428 0 -0.01402936475062555 0.0043897562393733526 0.0038046828078694092 0.035504572625120377 -5.0887258624147673
46.104582947653135 -30.368863636363638 0.14506790416707083 2.0585676792572292 0.028489775464244471 0.98562803268315535 -0.0068996902023451129 0 0.014244887732122236 -0.0031978063642034474 -0.0027648009099829796 -0.029017765707583878 -5.1449177580873293
46.732923560435857 -30.368863636363638 0.080533009325015101 1.6096418279036451 0.068093281696974928 0.96535313559254288 0.00020470630328250222 0 0.034046640848487464 -0.0050667200449706932 -0.0043701686411197847 -0.054392899505094988 -5.1705077335754694
47.221283344218392 -30.368863636363642 0.039189325044436889 1.2331136442104889 0.091642974066889038 0.95304810249779426 0.007506014819112776 0 0.045821487033444519 -0.004139393491928085 -0.0035627464671358117 -0.056238533638485563 -5.179120600370716
47.593854997583954 -30.368863636363642 0.015076265710628567 0.93007768128647605 0.10911711832637616 0.94375582531899593 0.014416096908826569 0 0.054558559163188081 -0.0026813185217244716 -0.0023038707778708133 -0.050620407125197504 -5.1798627954977983
47.874027940191553 -30.368863636363642 0.0032901155047280043 0.69330884616411992 0.12036352551554541 0.937634205788758 0.021876256977362715 0 0.060181762757772705 -0.0011453686378454237 -0.00098258749523265332 -0.041697249307787163 -5.1759441629171956
45.388747985452596 -27.476590909090916 -0.0034016504831852752 0.71681202929249077 0.19699915949704194 -0.89596258055567179 -0.015871192361615605 0 0.098499579748520971 -0.0019381764119963565 -0.0016627204928231414 0.070559488345612348 3.0926467915575979
45.099077174738802 -27.476590909090913 -0.01558735140620226 0.96160733244819319 0.19549056494823647 -0.89686677110576007 -0.011808045481438142 0 0.097745282474118234 -0.0049666077858790949 -0.0042674611204615194 0.093764208211515168 3.0697276493350429
44.713875335207376 -27.476590909090913 -0.040517843912028971 1.2749162203038895 0.19223728588925881 -0.89870865293673563 -0.009245066110054264 0 0.096118642944629407 -0.0089774647243823415 -0.0077268398843936981 0.12196942689189511 3.0371022581288432
44.208960145426069 -27.476590909090916 -0.083263079879456248 1.6642087166165627 0.18027380702930484 -0.90535684356599677 -0.0074282419797958542 0 0.090136903514652422 -0.013868638151614012 -0.011962035993163235 0.14888437382721639 2.9953405792824999
43.559318773867602 -27.476590909090916 -0.14998570888938803 2.1283531629063175 0.1656435779729597 -0.91340942358562582 -0.0062965809782001194 0 0.08282178898647985 -0.019222783837461052 -0.016619883818217662 0.17443277488188955 2.9445151962920559
42.742893964850737 -27.476590909090916 -0.24603527937700381 2.6513154915572912 0.14958896685868595 -0.92216012033449912 -0.0056343239147366476 0 0.074794483429342973 -0.024196386248816815 -0.020971454849297626 0.19570160755878804 2.8856845427299467
41.746232364799504 -27.476590909090913 -0.37332811331791149 3.1958236120390375 0.1332773982535479 -0.93096480021236094 -0.0052098475995876973 0 0.066638699126773948 -0.027510202638714322 -0.023887000140722071 0.20982591868759734 2.8212376262989434
40.571148814795293 -27.476590909090913 -0.52612268116914596 3.701524910337719 0.11953704289917566 -0.93831723836933445 -0.0048700389905992156 0 0.05976852144958783 -0.028152222606669886 -0.02442757733029053 0.21807229416050147 2.7548677526355818
39.240749371124657 -27.476590909090913 -0.6886212860464167 4.0942083664392008 0.11358071141858528 -0.94148594624829363 -0.0048478447138686313 0 0.056790355709292639 -0.026632386407837796 -0.02294669364620926 0.2298386083442284 2.6889764452974814
37.802023357286842 -27.476590909090913 -0.8372627165741634 4.3056450546360967 0.12154918155623573 -0.93723771554753721 -0.0060235370836424704 0 0.060774590778117865 -0.023754565765450784 -0.019988772889752451 0.25982562549665422 2.6219324960631822
36.321955622220898 -27.476590909090916 -0.94603896350991823 4.2968204850261129 0.15040290599010553 -0.9216813134149211 -0.010032472857699868 0 0.075201452995052764 -0.017924845546855448 -0.013787948629730467 0.3223348311952477 2.5474658603785021
34.876728638273647 -27.476590909090916 -0.99382143371202081 4.0738834216590591 0.20818373350668506 -0.88963664322250624 -0.01905018449007935 0 0.10409186675334253 -0.0039598803341767616 0.00090289109008250413 0.42403867984600874 2.455073655402864
33.537022014006197 -27.476590909090913 -0.97602351499241957 3.6830393506987664 0.29407616892751987 -0.83955798466387543 -0.032653046712550177 0 0.14703808446375993 0.020731640354442863 0.026580277871486459 0.54049689777611143 2.3313422402162218
32.354410536226752 -27.476590909090913 -0.90715979283300274 3.1887892354679326 0.39882681203880865 -0.7738447610367265 -0.048347427824062546 0 0.19941340601940433 0.051319098402153263 0.058171453376037088 0.63113795567717468 2.1697400896311994
31.355090171790117 -27.476590909090913 -0.80579991043607224 2.6605673165626706 0.51968929590643909 -0.68972276022933721 -0.067773284671654735 0 0.25984464795321954 0.085481237873925447 0.093260788126747513 0.67966045100804906 1.9742286995087244
30.542101721993973 -27.476590909090913 -0.68597502675148014 2.154334630752389 0.6547678773678236 -0.58026600689440189 -0.092322715920852214 0 0.3273839386839118 0.11922076759739629 0.12782411596392299 0.68329189634017917 1.7519561778441595
29.902321150165484 -27.476590909090916 -0.55678437809067405 1.7077067752154389 0.80145274623093621 -0.42674728889243108 -0.1281951839657938 0 0.4007263731154681 0.15353720687596845 0.16296906558865121 0.64665722988175034 1.5094619776007168
29.414541142094468 -27.476590909090913 -0.42167536510309322 1.3395121489814414 0.93209663255164354 -0.18238812314843889 -0.18611270774115982 0 0.46604831627582177 0.18567224146117095 0.19585986794505922 0.56292715348999556 1.2479646874887851
29.058345737531539 -27.476590909090913 -0.27727334156041727 1.0622639730414014 0.77708768287788477 0.36224931804401084 -0.30279984923834469 0 0.38854384143894238 0.16975600473310071 0.17833673652012974 0.3312552126429632 0.95660499136400079
28.846863939570294 -27.476590909090916 -0.10087198443286322 0.92279564461902153 -2.1831209748329372 1.6640705627083712 -0.64342065335236354 0 -1.0915604874164686 -0.63692399334601701 -0.66720194962552259 -0.40471844111615185 0.58438475716128391
28.846863939570291 -27.476590909090916 0.10087198443286211 0.92279564461899777 -7.0879893496016759 2.8068980046065133 -0.45750731287887686 0 -3.543994674800838 -2.0679158568790368 -2.1662199976531253 1.3140087211328346 0.097770088104852118
29.058345737531539 -27.476590909090913 0.27727334156041716 1.0622639730414538 -4.3947138830107306 2.320570713048494 -0.09831301415547529 0 -2.1973569415053653 -0.96003203649060354 -1.0085592000806811 1.8733688795972736 -0.34398009076921282
29.414541142094478 -27.476590909090913 0.42167536510309411 1.339512148981453 -2.5253883526555736 1.8774534472010758 -0.023598861166822558 0 -1.2626941763277868 -0.50305354576153305 -0.53065552646302627 1.5251741366402203 -0.72004269595339987
29.902321150165484 -27.476590909090916 0.5567843780906736 1.7077067752153845 -1.8534184343811466 1.6892040961948542 0.0028205991690264344 0 -0.92670921719057331 -0.35506608583672195 -0.37687795296273108 1.4954424153202532 -1.0987486696750377
30.542101721993969 -27.476590909090913 0.68597502675147948 2.1543346307524311 -1.4646846273901688 1.5698683217558138 0.014074080351956097 0 -0.7323423136950844 -0.26669119179691814 -0.28593647326550653 1.5284915023825192 -1.499534953014628
31.35509017179012 -27.476590909090913 0.80579991043607202 2.6605673165626551 -1.206648720806621 1.4853632549895379 0.018566678041747414 0 -0.6033243604033105 -0.19847594927587034 -0.21653901972000061 1.5780802495869666 -1.9294817931670269
32.354410536226744 -27.476590909090916 0.90715979283300285 3.1887892354678669 -1.0206577593030595 1.4213689745014988 0.01918326425864763 0 -0.51032887965152973 -0.13133328653816201 -0.14886949288757989 1.6151768943505296 -2.3913757563256524
33.537022014006197 -27.47659090909092 0.9760235149924199 3.6830393506988335 -0.8741719461013564 1.3689044826717314 0.016506466084412637 0 -0.4370859730506782 -0.06162695352231555 -0.07901263580647061 1.6066831484980015 -2.8787949348004136
34.876728638273647 -27.47659090909092 0.99382143371202092 4.0738834216590227 -0.73790561229730356 1.318263207561426 0.0093663166273792158 0 -0.36895280614865178 0.014035764818873774 -0.0032002903946552227 1.5030017783760174 -3.3795690562166825
36.321955622220898 -27.476590909090916 0.94603896350991801 4.2968204850261635 -0.59219398815846835 1.2618210783247159 -0.0012467774138223819 0 -0.29609699407923418 0.070576999171912499 0.054288447645428263 1.2691559910448822 -3.8630140190670104
37.802023357286849 -27.476590909090916 0.83726271657416274 4.3056450546360718 -0.44714292230029851 1.2029202027926309 -0.01122087401382379 0 -0.22357146115014925 0.087385910940290287 0.073532690296115172 0.95582041759223979 -4.2912974871972569
39.240749371124657 -27.476590909090916 0.68862128604641593 4.0942083664392008 -0.31486705925671443 1.1465288224011974 -0.018404310909077942 0 -0.15743352962835722 0.073829975921881383 0.063612543519112982 0.63715577943775081 -4.6401094355245851
40.571148814795286 -27.476590909090913 0.52612268116914551 3.7015249103377084 -0.19976864457905164 1.0951227631379215 -0.021789406513613063 0 -0.099884322289525818 0.047047603116347335 0.040823027701447072 0.3644393868888981 -4.9004642069053617
41.746232364799496 -27.476590909090913 0.3733281133179111 3.1958236120390611 -0.10456932787139372 1.0507765377750464 -0.02092834281256355 0 -0.052284663935696862 0.021584480468800051 0.018741719018458464 0.16462922877154712 -5.0771354015806835
42.742893964850737 -27.476590909090916 0.24603527937700376 2.6513154915572881 -0.030204913717049253 1.0148557340071087 -0.016515231452866097 0 -0.015102456858524627 0.0048857196774433837 0.0042345434796834279 0.039515950238396776 -5.1853476582856217
43.559318773867602 -27.476590909090916 0.14998570888938789 2.1283531629063179 0.025750134919696022 0.98698843495017718 -0.010183042517041094 0 0.012875067459848011 -0.0029882793127517385 -0.0025836452937441422 -0.027116460188748501 -5.2444203049818476
44.208960145426076 -27.476590909090916 0.083263079879455928 1.6642087166165833 0.065077351377253456 0.9669091348279234 -0.0030616350310108606 0 0.032538675688626728 -0.0050064635178523617 -0.0043181959284184519 -0.053746025946859941 -5.2718561246438327
44.713875335207376 -27.476590909090916 0.040517843912028673 1.2749162203038746 0.088631920375699558 0.95464649390018874 0.0042604352333228922 0 0.044315960187849779 -0.0041391030618559864 -0.0035624964960433367 -0.056234587804051252 -5.2815721926759149
45.099077174738802 -27.476590909090916 0.015587351406202198 0.96160733244822383 0.10620727685395381 0.94533991973820841 0.011187461526366935 0 0.053103638426976907 -0.0026982882180505057 -0.0023184516593133318 -0.050940776723159789 -5.2829557935135449
45.388747985452596 -27.476590909090916 0.0034016504831853051 0.71681202929249166 0.11755571291725886 0.93919972741360758 0.018659022186235299 0 0.058777856458629429 -0.0011565719897148601 -0.00099219861351183629 -0.042105108350322877 -5.2793608985913894
42.90346803071364 -24.58431818181819 -0.0035131854616425751 0.74031521242089982 0.19427435994362974 -0.89749086202264872 -0.015355541091515192 0 0.097137179971814869 -0.0019740393525484743 -0.001693486549937359 0.071865081954258045 3.1730721237305439
42.604299351893644 -24.58431818181819 -0.016098437101775893 0.99313698360991698 0.19277669326251234 -0.89838500762866413 -0.011299770153978612 0 0.096388346631256172 -0.0050582463696667848 -0.0043461997908594511 0.095494246020197807 3.1498576119035047
42.206467326196353 -24.58431818181819 -0.041846362779620769 1.3167187963973073 0.18952891049419629 -0.90021921217232359 -0.0087441146861559627 0 0.094764455247098145 -0.0091411942095168692 -0.0078677606849569537 0.12419388469599182 3.1167650843971915
41.684996730416287 -24.58431818181819 -0.085993150433897075 1.7187756053295069 0.17760089011027425 -0.90683573852279553 -0.0069320435328837256 0 0.088800445055137123 -0.014110997456356191 -0.012171076758010494 0.15148618035885178 3.074423952783937
41.014054600082062 -24.58431818181819 -0.1549035136117051 2.1981386465554142 0.16316755145682371 -0.9147671166832726 -0.0057940295260070634 0 0.081583775728411856 -0.019556307820358033 -0.01690824630999865 0.17745926232087289 3.0229031608028096
40.170860455433626 -24.58431818181819 -0.25410240435668541 2.7382481196141799 0.14741957430700736 -0.92333869431351112 -0.0051069831028869254 0 0.073709787153503681 -0.024627338930259004 -0.021344969497646849 0.19918717485271059 2.9632085251440947
39.141519827763176 -24.58431818181819 -0.38556897794590439 3.3006098384559124 0.13132280486297032 -0.93201699281662975 -0.0046389910622876614 0 0.065661402431485161 -0.027995538264014321 -0.02430841514453301 0.21352767235287637 2.8977753444566758
37.927907064048412 -24.58431818181819 -0.54337344875980942 3.8228923180636114 0.11762561794712745 -0.93933829028252425 -0.0042377425566783051 0 0.058812808973563724 -0.028610370807604767 -0.024825110795531496 0.22162119438906433 2.8304683390500496
36.553885833241537 -24.58431818181819 -0.71120013730820331 4.2284512712313642 0.11154212016374121 -0.94257134178613977 -0.0041407100520171845 0 0.055771060081870605 -0.027011940391325776 -0.023273720629368774 0.23311417509294133 2.7638434346552914
35.067986167744749 -24.58431818181819 -0.86471529570238559 4.4468206488917428 0.11920101425127461 -0.93849429208938251 -0.0052392236423165726 0 0.059600507125637303 -0.024059488852081642 -0.02024535675609989 0.2631608509221372 2.6963105859836487
33.539389248460154 -24.58431818181819 -0.97705815138251828 4.4377067349807255 0.14754277198884946 -0.9232404012989851 -0.0091863714512075388 0 0.073771385994424732 -0.018160530128571113 -0.0139692392800192 0.3265730462283456 2.6215048472273565
32.046775455868911 -24.58431818181819 -1.0264073365692945 4.207459902228802 0.20462216045472625 -0.89165431075305135 -0.018177724301315201 0 0.10231108022736313 -0.0040197525891746879 0.00091654254442414531 0.43045002307514174 2.5286841978034547
30.663141876079308 -24.58431818181819 -1.0080258509927253 3.8038006448611963 0.28966531897284309 -0.84221327191535988 -0.031803861979026481 0 0.14483265948642154 0.021090249819865722 0.027040055249220124 0.54984624497008061 2.4040417317836567
29.441754355214456 -24.58431818181819 -0.93690419145687698 3.2933448153080036 0.39345497534434826 -0.77735549311710739 -0.04757585497193452 0 0.19672748767217413 0.052287888087301879 0.059269600182108771 0.64305242729501777 2.2408025504846343
28.409667786292584 -24.58431818181819 -0.83222087170050629 2.7478032979792739 0.51337046560055422 -0.69435080194066057 -0.067130456901524221 0 0.25668523280027711 0.087210605057469817 0.095147543051093825 0.69341063185662288 2.0429781130665265
27.570022673890364 -24.58431818181819 -0.70846711117025574 2.2249720074665977 0.64769330209231968 -0.586404460938728 -0.091850455082379434 0 0.32384665104615984 0.12179945454537851 0.13058888913319636 0.69807116617934351 1.8178164335973288
26.909264664006727 -24.58431818181819 -0.57504049638462451 1.7636998995315616 0.79434650834669585 -0.43507291217387084 -0.12792596587812563 0 0.39717325417334792 0.1571654549161946 0.16682019851512903 0.66193843028102128 1.5720207125167882
26.405491086648972 -24.58431818181819 -0.435501463050319 1.3834327279528813 0.92767685658865218 -0.19416216564194033 -0.18607578253114929 0 0.46383842829432609 0.19085087355533981 0.20132264574166417 0.57862789906618906 1.3068804362347741
26.037616573085607 -24.58431818181819 -0.286364715389267 1.0970940033266499 0.79071519043158145 0.34272087175847621 -0.30303005400377148 0 0.39535759521579072 0.1783966073476477 0.18741409949334692 0.34811614584496853 1.0113468860488926
25.819200606579912 -24.58431818181819 -0.10417942435541791 0.95305271919260948 -2.0753744767756417 1.6311461184770402 -0.64400063427991083 0 -1.0376872383878208 -0.62534209928267004 -0.6550694779646169 -0.39735899766692123 0.63369450995810861
25.819200606579905 -24.58431818181819 0.10417942435541677 0.95305271919259904 -6.9036331606582495 2.7736956186511432 -0.45852565438991699 0 -3.4518165803291248 -2.0801703507844431 -2.1790570430632163 1.3217955524060871 0.13937563475185386
26.037616573085607 -24.58431818181819 0.28636471538926689 1.0970940033266765 -4.3014118937971508 2.3003196773475203 -0.099705946688004393 0 -2.1507059468985754 -0.97045977862067945 -1.0195140379002599 1.8937171667881134 -0.30989950138668504
26.405491086648979 -24.58431818181819 0.43550146305031989 1.383432727952872 -2.4780279966299426 1.8647755814546976 -0.025298763610837126 0 -1.2390139983149713 -0.50980446961943338 -0.53777686589917351 1.545641807633209 -0.69259026277343216
26.909264664006731 -24.58431818181819 0.57504049638462429 1.7636998995315221 -1.8216946398139515 1.6797898531275621 0.00083014675479777238 0 -0.91084731990697576 -0.36043145375014851 -0.38257291780663888 1.5180398952587435 -1.0782477704050528
27.570022673890364 -24.58431818181819 0.70846711117025518 2.2249720074666239 -1.4418174458759259 1.5625870142131186 0.011801224023668551 0 -0.72090872293796293 -0.27113539370315681 -0.29070138286371022 1.5539626280045755 -1.4867344976914452
28.409667786292584 -24.58431818181819 0.83222087170050607 2.7478032979792721 -1.1897523469465137 1.4796944354986272 0.016022624657414015 0 -0.59487617347325683 -0.20211334503704034 -0.22050745073308303 1.6070011462073295 -1.9254429055673603
29.441754355214456 -24.58431818181819 0.9369041914568772 3.293344815307981 -1.0079837393638651 1.4169387533794231 0.016380126233689226 0 -0.50399186968193255 -0.13395520265451108 -0.15184149894121121 1.6474220200279601 -2.397384581252592
30.663141876079315 -24.584318181818194 1.0080258509927256 3.8038006448612465 -0.86462010234503928 1.365444602988396 0.013458770928319017 0 -0.43231005117251964 -0.062952147748983431 -0.080711682778939378 1.64123243433448 -2.8960625253393264
32.046775455868918 -24.584318181818194 1.0264073365692945 4.2074599022287797 -0.73092105901870785 1.3156306248180245 0.0060924592442015268 0 -0.36546052950935393 0.014358766484254014 -0.003273937904463637 1.5375899952455077 -3.4090954073674191
33.539389248460161 -24.58431818181819 0.97705815138251795 4.437706734980754 -0.58751087743868546 1.2599557871317573 -0.0047214311261973806 0 -0.29375543871934273 0.072314684391281719 0.05562509037837033 1.3004040411545281 -3.9050636059399637
35.067986167744749 -24.58431818181819 0.86471529570238503 4.4468206488917019 -0.44447849778180148 1.201772691665381 -0.014862548541437389 0 -0.22223924889090074 0.089713376430074557 0.075491184488069657 0.98127805730143214 -4.3451023078385607
36.553885833241537 -24.58431818181819 0.71120013730820264 4.2284512712313784 -0.31389020115884314 1.1460360146070843 -0.022173280820711731 0 -0.15694510057942157 0.076014185409755977 0.065494477237326265 0.65600559865175812 -4.7041393273345768
37.927907064048405 -24.58431818181819 0.54337344875980897 3.8228923180636007 -0.20012944392708687 1.0952040206863185 -0.025643654178158587 0 -0.10006472196354343 0.048677981040214029 0.042237700474154323 0.37706859415163047 -4.9727571214851407
39.141519827763176 -24.58431818181819 0.385568977945904 3.3006098384559404 -0.10594777242920927 1.0513473523757291 -0.024829762015650177 0 -0.052973886214604637 0.022586061271870982 0.019611387668235326 0.17226848955432683 -5.155622342753504
40.170860455433626 -24.58431818181819 0.2541024043566853 2.7382481196141768 -0.032408535114103465 1.0158695253802119 -0.020436303919408986 0 -0.016204267557051732 0.005414043435141621 0.0046924514381878326 0.04378905976929201 -5.2681888224109095
41.014054600082062 -24.58431818181819 0.15490351361170496 2.1981386465554142 0.022863531911383683 0.98840149075623362 -0.01410535924644896 0 0.011431765955691842 -0.0027402891318002907 -0.0023692347260385578 -0.02486612975936893 -5.330223697892909
41.684996730416287 -24.58431818181819 0.085993150433896756 1.7187756053295451 0.06181517030318362 0.96857433850391828 -0.0069699704815391061 0 0.03090758515159181 -0.0049114264594668292 -0.0042362241658946932 -0.052725771991610673 -5.3596222096403139
42.206467326196353 -24.58431818181819 0.041846362779620457 1.3167187963972204 0.085328092079745343 0.95638473895096265 0.00037285647867495164 0 0.042664046039872672 -0.0041154706118164894 -0.0035421562147794072 -0.05591351314924943 -5.3705644487250384
42.604299351893644 -24.58431818181819 0.016098437101775828 0.99313698360994995 0.10302997861061158 0.94705674522841132 0.0073172882105569 0 0.051514989305305792 -0.0027033922330242151 -0.0023228371848868562 -0.051037135031151891 -5.372687605088414
42.90346803071364 -24.58431818181819 0.0035131854616426059 0.7403152124209037 0.11452615626172324 0.94087980624610046 0.014799795153217407 0 0.057263078130861622 -0.0011637106379985469 -0.00099832270867617834 -0.042364991489577279 -5.3694834120899788
40.418188075974676 -21.692045454545465 -0.0036247204400998746 0.76381839554930586 0.19160569395473181 -0.89898630004329549 -0.014762736187241861 0 0.095802846977365907 -0.0020087327955652682 -0.0017232493198862456 0.073128099898891297 3.2514639445126221
40.109521529048493 -21.692045454545465 -0.016609522797349525 1.0246666347716207 0.19016227091001492 -0.89984615983611482 -0.010705966475866309 0 0.095081135455007459 -0.0051480558176774469 -0.0044233668119246566 0.097189751714559694 3.2279691329779774
39.699059317185331 -21.692045454545465 -0.04317488164721256 1.3585213724906944 0.18698272107177027 -0.90163791898692924 -0.0081450582041747224 0 0.093491360535885137 -0.0093047002153126557 -0.0080084891384466905 0.12641530627018427 3.1944176138574387
39.161033315406499 -21.692045454545465 -0.088723220988337917 1.7733424940424869 0.17519790697083681 -0.90816417600954313 -0.0063184208526120278 0 0.087598953485418407 -0.014362000217370141 -0.012387572713042907 0.15418077722510082 3.1514843795024778
38.468790426296522 -21.692045454545465 -0.15982131833402219 2.2679241302045137 0.16110569971799915 -0.91589728684991922 -0.0051439501317229568 0 0.080552849858999576 -0.019922205406769915 -0.017224598791873824 0.18077951665344347 3.0991945108216612
37.598826946016516 -21.692045454545465 -0.26216952933636695 2.8251807476711033 0.14578573157958763 -0.92422670572188426 -0.0043891742829275191 0 0.072892865789793815 -0.025127587563737935 -0.021778544227465814 0.20323321134527592 3.0384677635990225
36.536807290726848 -21.692045454545465 -0.39780984257389729 3.4053960648728125 0.12998843005962668 -0.93273627993141395 -0.0038212615822970312 0 0.06499421502981334 -0.028590833110519978 -0.024825307305197965 0.21806810739432042 2.9717807360601491
35.284665313301531 -21.692045454545465 -0.56062421635047299 3.9442597257895002 0.11639364220067561 -0.93999762465584269 -0.003289899800589165 0 0.058196821100337803 -0.029209509684298883 -0.025344981338135317 0.22626223432352674 2.9031708661685318
33.86702229535841 -21.692045454545465 -0.73377898856998991 4.3626941760235383 0.1102038242239225 -0.9432851753205953 -0.003042005337153441 0 0.055101912111961249 -0.027535121225176762 -0.023724497744573709 0.23762924756610468 2.8353705944568195
32.333948978202656 -21.692045454545465 -0.892167874830608 4.5879962431473693 0.11751233161707109 -0.93939967501490729 -0.0039898577437620601 0 0.058756165808535543 -0.024471654307715068 -0.020592181941919162 0.26766908518646548 2.7668867142104761
30.756822874699424 -21.692045454545465 -1.0080773392551183 4.5785929849353799 0.14521960634207687 -0.92451031964426389 -0.0078142516714126229 0 0.072609803171038434 -0.018442053539034591 -0.014185789559986178 0.331635561314017 2.6913509519721517
29.216822273464174 -21.692045454545465 -1.058993239426568 4.3410363827985625 0.20139352680829847 -0.89349106445584225 -0.0167389046615188 0 0.10069676340414924 -0.0040819304919339616 0.00093071970879878159 0.43710826362198152 2.5978851784521093
27.789261738152426 -21.692045454545465 -1.040028186993031 3.9245619390235804 0.28531826375263725 -0.84484263571314 -0.030375271663598727 0 0.14265913187631862 0.021433260157696782 0.027479832803550947 0.55878890557644145 2.4723616091498282
26.529098174202165 -21.692045454545465 -0.96664859008075132 3.3979003951480973 0.3878292109220296 -0.78104587844038087 -0.046239862124191553 0 0.1939146054610148 0.053176532669311591 0.06027690055331076 0.65398124994147389 2.3077889791706854
25.464245400795051 -21.692045454545465 -0.85864183296494023 2.8350392793959052 0.50645733217286604 -0.69942229798612221 -0.065962996497627879 0 0.25322866608643302 0.088767649977874882 0.096846292859091548 0.70579068014748481 2.1082158844031684
24.597943625786762 -21.692045454545465 -0.73095919558903122 2.2956093841807994 0.63970135418595842 -0.59332405181153769 -0.090913229818224611 0 0.31985067709297921 0.12411567898800055 0.13307225967105468 0.71134618045449016 1.8809467325637377
23.916208177847974 -21.692045454545465 -0.59329661467857508 1.8196930238476989 0.78609983506984238 -0.44463858908747833 -0.12726621713736219 0 0.39304991753492119 0.16047162415020824 0.17032946719148592 0.67586312177364594 1.6328025663129939
23.396441031203473 -21.692045454545465 -0.44932756099754478 1.4273533069243185 0.9222920390064544 -0.20787206096275623 -0.1857341305862811 0 0.4611460195032272 0.19576692983363164 0.20650844048351324 0.59353255872537136 1.3651242483153441
23.016887408639668 -21.692045454545465 -0.29545608921811672 1.1319240336118808 0.80591484644429312 0.31975498741053154 -0.30305428817589392 0 0.40295742322214656 0.18759838925254788 0.19708100793449432 0.3660721423140969 1.0666967020766374
22.791537273589526 -21.692045454545465 -0.1074868642779726 0.98330979376622452 -1.9504541219058451 1.5921898889978381 -0.64450405683664802 0 -0.97522706095292255 -0.60635976389822677 -0.63518476438927884 -0.38529711702528496 0.68529198303460059
22.791537273589519 -21.692045454545465 0.10748686427797144 0.98330979376620586 -6.687845143939132 2.7343350694600796 -0.45962688330848694 0 -3.343922571969566 -2.0791261670406831 -2.1779632211364528 1.321132050290541 0.18536868498609457
23.016887408639668 -21.692045454545465 0.29545608921811661 1.1319240336119329 -4.1918786602562363 2.2763160095027608 -0.1013118213125383 0 -2.0959393301281182 -0.975772673844855 -1.0250954863871191 1.9040845422456305 -0.26965202689206197
23.396441031203484 -21.692045454545465 0.44932756099754567 1.4273533069242998 -2.4225448436745474 1.8498105110019289 -0.027311482225057363 0 -1.2112724218372737 -0.51421257733217063 -0.54242684151055121 1.5590064522751776 -0.65753217091619676
23.916208177847974 -21.692045454545465 0.59329661467857475 1.8196930238476652 -1.7847632506954807 1.6687602634145209 -0.0015601103100647742 0 -0.89238162534774035 -0.36433522153997605 -0.38671649578313033 1.5344815103983969 -1.0488033076502037
24.597943625786758 -21.692045454545465 0.73095919558903066 2.2956093841808132 -1.4154250952208227 1.5541374240582244 0.0090533067157498905 0 -0.70771254761041136 -0.27462259631065061 -0.29444023306131356 1.5739488882058594 -1.4637205111003284
25.464245400795051 -21.692045454545465 0.85864183296494001 2.8350392793958878 -1.1704013113198939 1.4731713447971841 0.012942186382124823 0 -0.58520065565994694 -0.20513825615111991 -0.22380765556783869 1.6310521836418339 -1.910006172889267
26.529098174202165 -21.692045454545465 0.96664859008075144 3.3979003951480871 -0.99354268187357442 1.4118689079650593 0.01299494498355214 0 -0.49677134093678721 -0.13622788947588427 -0.15441764504634797 1.6753722171085037 -2.3909031997708721
27.789261738152433 -21.692045454545472 1.0400281869930312 3.9245619390236315 -0.85375665503650167 1.3614920637488981 0.0097987440658524987 0 -0.42687832751825083 -0.064134655307684946 -0.082227789510391752 1.6720617202061141 -2.8998496320450382
29.216822273464182 -21.692045454545472 1.058993239426568 4.3410363827985359 -0.72293620351694377 1.3126048241590196 0.0021861178863684647 0 -0.36146810175847188 0.014652781445492541 -0.0033409761648282104 1.5690742082765685 -3.4242613537693427
30.756822874699424 -21.692045454545465 1.0080773392551179 4.5785929849353968 -0.58206051272662829 1.2577687523025718 -0.0088475113936126171 0 -0.29103025636331414 0.073918332441810258 0.056858630543782061 1.3292417581832425 -3.9319988661836156
32.333948978202656 -21.692045454545465 0.89216787483060733 4.5879962431473604 -0.44123769786039335 1.2003623562832035 -0.019181018706753365 0 -0.22061884893019668 0.091886666369259573 0.077319944459810719 1.0050493366171627 -4.3831880948342041
33.86702229535841 -21.692045454545465 0.73377898856998924 4.3626941760235489 -0.31250721256971814 1.1453370373614331 -0.026651142899571968 0 -0.15625360628485907 0.078081899992553438 0.067276037941375447 0.67385006196366537 -4.7520097969238888
35.284665313301524 -21.692045454545465 0.56062421635047244 3.9442597257894949 -0.2002442771274815 1.0951391431186668 -0.030241268769577209 0 -0.10012213856374075 0.050252204857514825 0.043603648540478192 0.38926282137685692 -5.0286180185702509
36.536807290726841 -21.692045454545465 0.39780984257389684 3.4053960648728205 -0.10721609675891663 1.0518295704440712 -0.029506804272187662 0 -0.053608048379458317 0.023582079788096483 0.020476226606344728 0.17986532564243271 -5.2175545805215426
37.598826946016516 -21.692045454545465 0.26216952933636684 2.8251807476710824 -0.034604161704635539 1.0168437223565958 -0.025159610661095198 0 -0.017302080852317769 0.0059643635483509795 0.0051694240442684098 0.048240076946795933 -5.3344577049890463
38.468790426296522 -21.692045454545465 0.15982131833402202 2.2679241302045079 0.019876337489315943 0.98983247476059466 -0.01885031617774071 0 0.0099381687446579714 -0.0024578924202530439 -0.0021250765137709013 -0.022303585102506459 -5.3995028812145067
39.161033315406499 -21.692045454545465 0.088723220988337584 1.7733424940424927 0.058329635365876875 0.97032629862850939 -0.01171489752494239 0 0.029164817682938438 -0.0047816223965694857 -0.0041242650207023359 -0.05133228285349703 -5.4309647230980804
39.699059317185331 -21.692045454545465 0.04317488164721224 1.3585213724906144 0.081738919177001934 0.95824948599944049 -0.0043592894841035304 0 0.040869459588500967 -0.0040675209693505814 -0.0035008862993608785 -0.055262060808216343 -5.4432540032832879
40.109521529048486 -21.692045454545468 0.016609522797349459 1.0246666347716742 0.0996002532376139 0.94889040520436574 0.0025972434388587505 0 0.04980012661880695 -0.0026963690571652518 -0.0023168026576577115 -0.050904545031712017 -5.4462157635576558
40.418188075974676 -21.692045454545465 0.0036247204400999067 0.76381839554929998 0.11130648644611996 0.94265146786613552 0.010085815966001225 0 0.055653243223059978 -0.0011669015939384524 -0.0010010601621918292 -0.042481158530442376 -5.4434667585360001
37.932908121235712 -18.799772727272732 -0.0037362554185571741 0.78732157867769059 0.18923508569216518 -0.90031647797532433 -0.013969745664907746 0 0.094617542846082592 -0.0020449253630823844 -0.0017542981569921583 0.07444569360713954 3.3273680973575397
37.614743706203328 -18.799772727272732 -0.017120608492923156 1.0561962859333736 0.18790764963406692 -0.9011073429412243 -0.0098947897067054626 0 0.09395382481703346 -0.005243549756881391 -0.0045054181214625811 0.098992574483034543 3.3035629394022679
37.191651308174301 -18.799772727272732 -0.04450340051480435 1.4003239485840617 0.18488638550658165 -0.90280688035534884 -0.0073041958120819463 0 0.092443192753290826 -0.0094834832823851561 -0.0081623664496611129 0.12884428470655454 3.2694942586605351
36.63706990039671 -18.799772727272732 -0.091453291542778758 1.8279093827553932 0.17339308216031823 -0.9091630532680155 -0.0054277446569888955 0 0.086696541080159117 -0.014651423539997039 -0.012637207332150815 0.15728783140657071 3.2258567226237491
35.923526252510982 -18.799772727272732 -0.16473912305633928 2.3377096138536473 0.15982775503156832 -0.91659963398597977 -0.0041660467111646875 0 0.07991387751578416 -0.020372332157295323 -0.017613775217123189 0.18486408935668136 3.1725732965128146
35.026793436599391 -18.799772727272732 -0.2702366543160486 2.9121133757280306 0.14508585645649286 -0.92460987067575173 -0.0032757583056198056 0 0.072542928228246428 -0.025776437438872785 -0.022340914397971343 0.20848114226861542 3.1104352078315909
33.932094753690507 -18.799772727272732 -0.41005070720189019 3.5101822912896599 0.1296882248434873 -0.9329016055239624 -0.0025238001755111643 0 0.064844112421743649 -0.029402529791368464 -0.025530100322693376 0.22425908330211061 3.0419527742247205
32.641423562554635 -18.799772727272732 -0.57787498394113657 4.0656271335153935 0.11625225873028178 -0.94007692510834218 -0.0017652616130816173 0 0.058126129365140888 -0.030071732490087467 -0.026093128813331347 0.23294117076001461 2.9713437836978103
31.180158757475276 -18.799772727272732 -0.75635783983177673 4.4969370808157247 0.10994246757688098 -0.94342775457476136 -0.001266617994045276 0 0.054971233788440488 -0.028315083628250571 -0.024396520072757867 0.2443603557190927 2.901562689228729
29.599911788660549 -18.799772727272732 -0.91962045395883041 4.7291718374030083 0.11679455130196092 -0.93978804269618887 -0.0019706606266247685 0 0.058397275650980462 -0.025070587385710576 -0.021096166623871336 0.27422016943516792 2.8313196775078864
27.974256500938679 -18.799772727272732 -1.0390965271277184 4.7194792348900236 0.14366430270785036 -0.925367154261589 -0.0055970622614222223 0 0.071832151353925178 -0.018805935129448503 -0.014465690475328332 0.33817908832598037 2.7543756950316136
26.386869091059431 -18.799772727272732 -1.0915791422838415 4.4746128633683275 0.19862331194174232 -0.89508043926411984 -0.014411637832252092 0 0.09931165597087116 -0.0041496585059108779 0.00094616235231521776 0.44436083067242399 2.6598510775398396
24.915381600225537 -18.799772727272732 -1.0720305229933369 4.045323233186001 0.28102772035891865 -0.84745808550449719 -0.028054820515086398 0 0.14051386017945933 0.021760549823458101 0.027899454700886058 0.56732171079560234 2.5334111406290201
23.616441993189866 -18.799772727272732 -0.99639298870462567 3.5024559749882105 0.38179626854833659 -0.78502449439353672 -0.044048548827803756 0 0.1908981342741683 0.053960158924246472 0.061165160081877876 0.66361852510712005 2.3678833724908723
22.518823015297507 -18.799772727272732 -0.88506279422937428 2.922275260812536 0.49864744817579376 -0.70516320526325427 -0.064010981612999091 0 0.24932372408789688 0.090088115353751774 0.098286932287242848 0.71628968689131711 2.1673264426479029
21.625864577683149 -18.799772727272732 -0.75345128000780681 2.366246760895002 0.63035172350371771 -0.60139476255258417 -0.0892895070576782 0 0.31517586175185885 0.12606495207976581 0.13516219848581329 0.72251808057053479 1.9390333273235278
20.923151691689213 -18.799772727272732 -0.61155273297252566 1.8756861481638283 0.77618009302744706 -0.45599790189046235 -0.12603896399149422 0 0.38809004651372353 0.16332214838199921 0.17335510039105295 0.68786875963137983 1.6898692803939424
20.387390975757974 -18.799772727272732 -0.46315365894477056 1.4712738858957521 0.91545912257822271 -0.22434476895409861 -0.18496027158476336 0 0.45772956128911135 0.20029581161189036 0.21128581689717624 0.6072633701157325 1.4211880880775236
19.99615824419373 -18.799772727272732 -0.30454746304696645 1.1667540638971317 0.82310000970419894 0.29191156931100859 -0.30279964662823705 0 0.41155000485209947 0.19749431406812359 0.20747714643476742 0.38538266204643828 1.1216412972001204
19.763873940599133 -18.799772727272732 -0.1107943042005273 1.0135668683398353 -1.802112313193196 1.5447275897887165 -0.64492556666543988 0 -0.90105615659659799 -0.57748210503067421 -0.60493432556402205 -0.36694748472683725 0.73881752000827228
19.763873940599126 -18.799772727272732 0.11079430420052611 1.0135668683398127 -6.4289278675080395 2.6863565904313118 -0.46088625120988075 0 -3.2144639337540197 -2.0601328623300059 -2.1580670167774008 1.3090631994473851 0.236196193159907
19.99615824419373 -18.799772727272732 0.30454746304696634 1.1667540638971849 -4.0603739452935006 2.2471555861031129 -0.10327495891587585 0 -2.0301869726467503 -0.9742446333757494 -1.0234902073811749 1.9011027839783936 -0.22213951628976933
20.387390975757981 -18.799772727272732 0.46315365894477151 1.4712738858957382 -2.3562886730656043 1.8317746860815953 -0.029835758684456752 0 -1.1781443365328021 -0.51553885970833746 -0.54382589550488947 1.563027518412293 -0.61327874952580541
20.923151691689213 -18.799772727272732 0.61155273297252521 1.8756861481638043 -1.7410909684189617 1.6556176634489088 -0.0045957474840972873 0 -0.87054548420948086 -0.36635662270280178 -0.38886207251588606 1.54299510591723 -1.0084049219730087
21.625864577683146 -18.799772727272732 0.75345128000780615 2.3662467608950326 -1.3846305810657142 1.544214948303033 0.0055474771901677551 0 -0.69231529053285712 -0.27691427078203074 -0.29689728202421301 1.5870831988372875 -1.4281279070732995
22.518823015297507 -18.799772727272732 0.88506279422937406 2.9222752608125382 -1.1481639511114201 1.4656338534853055 0.009019901841715262 0 -0.57408197555571006 -0.20743298065827193 -0.22631122034291115 1.6492975148076177 -1.8805343894609834
23.616441993189866 -18.799772727272732 0.99639298870462578 3.5024559749881954 -0.97720739595285266 1.4061050292322965 0.0087202477312915382 0 -0.48860369797642633 -0.13811100508670637 -0.15655220265486647 1.6985313483856053 -2.3691207856754248
24.915381600225544 -18.799772727272739 1.0720305229933371 4.0453232331860178 -0.84163328133113025 1.357057778721654 0.0052408531920558124 0 -0.42081664066556512 -0.065169382323196121 -0.083554425083997907 1.6990382031262925 -2.8872702003767241
26.386869091059438 -18.799772727272739 1.0915791422838417 4.4746128633683 -0.714060580215651 1.3092187926125043 -0.0025948575890577942 0 -0.3570302901078255 0.014918226523665937 -0.0034015002149921994 1.5974990522166117 -3.4221729350683794
27.974256500938679 -18.799772727272732 1.0390965271277182 4.7194792348900334 -0.57590769292908295 1.2552756186314373 -0.013813551264793505 0 -0.28795384646454147 0.075387431043319866 0.057988674091252489 1.3556599300156833 -3.9409276901107266
29.599911788660553 -18.799772727272732 0.91962045395882974 4.729171837402987 -0.43739499454753994 1.1986674617109867 -0.024316882671923733 0 -0.21869749727376997 0.093889220949405855 0.079005035616480146 1.0269531256198803 -4.402617291279542
31.180158757475276 -18.799772727272732 0.75635783983177607 4.4969370808157327 -0.31061542480480675 1.1443752008218839 -0.031950345047894485 0 -0.15530771240240338 0.079997310624508142 0.068926372248826723 0.69038013581114777 -4.7806844372465598
32.641423562554635 -18.799772727272732 0.57787498394113601 4.065627133515374 -0.1999600586582595 1.0948453931085147 -0.035687866948325958 0 -0.099980029329129749 0.051724976859370636 0.044881567249344077 0.40067118418029413 -5.06488221569938
33.932094753690507 -18.799772727272732 0.41005070720188974 3.5101822912896878 -0.10819764734205028 1.0521252686995484 -0.035072301121446631 0 -0.054098823671025142 0.024530249783046187 0.021299518862684594 0.1870972113131823 -5.2596327153002695
35.026793436599391 -18.799772727272732 0.27023665431604849 2.9121133757280067 -0.036612391700216795 1.017675247446735 -0.03081367284897317 0 -0.018306195850108398 0.0065046796924077745 0.0056377260255193592 0.05261018151094575 -5.3807358825313001
35.923526252510982 -18.799772727272732 0.16473912305633909 2.3377096138536233 0.016958090994640518 0.99118034748290462 -0.024564766822176329 0 0.0084790454973202589 -0.0021615511175028311 -0.0018688619059444532 -0.019614503427972999 -5.4487440665411908
36.63706990039671 -18.799772727272732 0.091453291542778412 1.8279093827554345 0.05476592414436543 0.97207469184856166 -0.017460507528659942 0 0.027382962072182715 -0.0046276283932513368 -0.0039914414665591525 -0.049679106780509956 -5.4823020772607451
37.191651308174301 -18.799772727272732 0.044503400514804031 1.4003239485839927 0.07798863840217507 0.96016095798701118 -0.010114166069919019 0 0.038994319201087535 -0.0040003159046919888 -0.0034430433793405965 -0.054349000888484433 -5.4960184899013402
37.614743706203328 -18.799772727272735 0.01712060849292309 1.056196285933394 0.096046887545091053 0.95075923140776486 -0.0031617001478883404 0 0.048023443772545527 -0.0026801816467665737 -0.0023028939401798162 -0.050598944149890031 -5.4998904389423915
37.932908121235712 -18.799772727272732 0.0037362554185572071 0.78732157867770058 0.10804153689062812 0.94442564777708826 0.0043195983840049962 0 0.05402076844531406 -0.0011675259809560577 -0.001001595810589571 -0.042503889396538465 -5.497636895290908
35.447628166496749 -15.907499999999999 -0.0038477903970144741 0.81082476180607732 0.18761943301639072 -0.90123158741184839 -0.012735495072009566 0 0.093809716508195362 -0.0020879902580163297 -0.0017912426182314686 0.076013475019290094 3.3997119716212039
35.119965883358169 -15.907499999999999 -0.017631694188496791 1.0877259370951311 0.18648521500835991 -0.90190942403207353 -0.0086125393336370544 0 0.093242607504179953 -0.0053592027447245741 -0.004604790701372985 0.10117597838765732 3.3754777583997515
34.684243299163271 -15.907499999999999 -0.045831919382396148 1.4421265246774273 0.18373692113526141 -0.90345318598575541 -0.005951436543112372 0 0.091868460567630705 -0.0097058647235189876 -0.0083537685706000595 0.13186559838020262 3.3407094193026428
34.113106485386915 -15.907499999999999 -0.0941833620972196 1.8824762714683456 0.17271935897115376 -0.90954103139214448 -0.0039690355201691153 0 0.086359679485576879 -0.015030171031760456 -0.012963886208567203 0.16135380980570288 3.2960790666713353
33.378262078725442 -15.907499999999999 -0.16965692777865637 2.4074950975027347 0.15989426826256881 -0.9165692871956681 -0.0025443087580060957 0 0.079947134131284403 -0.020989219702732095 -0.018147131853745481 0.19046189492170582 3.2413294236882018
32.454759927182273 -15.907500000000001 -0.27830377929573014 2.9990460037849012 0.14588546758600562 -0.92418207434067579 -0.001423334591729419 0 0.072942733793002812 -0.026692220007546289 -0.023134640063995054 0.21588803844810134 3.1770755240640125
31.327382216654172 -15.907500000000001 -0.42229157182988308 3.6149685177065161 0.1309735205889917 -0.93221582184340812 -0.0003753875697105561 0 0.065486760294495849 -0.030580353616099606 -0.026552800091087871 0.23324258550752763 3.1058579746020918
29.998181811807751 -15.907499999999999 -0.59512575153180003 4.1869945412412388 0.11770674822451033 -0.93930437925226284 0.00073136380200283096 0 0.058853374112255163 -0.031356910044933677 -0.02720827252836874 0.24289639247392986 3.0320986459174959
28.493295219592149 -15.907499999999999 -0.77893669109356334 4.6311799856078899 0.11119636219762008 -0.94276246254463625 0.0016053096752000218 0 0.05559818109881004 -0.02949292161078133 -0.025411355429083574 0.25452514676012994 2.9590721627108385
26.865874599118449 -15.907499999999999 -0.94707303308705271 4.8703474316586188 0.11741308312633603 -0.93946012299526227 0.0012626065858761751 0 0.058706541563168013 -0.025955731176660963 -0.021840989256571894 0.28390180459570935 2.885822715353382
25.191690127177935 -15.907499999999999 -1.0701157150003184 4.8603654848446141 0.14312408229790186 -0.9256735896042898 -0.0020792333219254965 0 0.071562041148950928 -0.019294504409897686 -0.014841502256985748 0.34696482074019236 2.8064240352893006
23.556915908654688 -15.907499999999999 -1.1241650451411149 4.6081893439380766 0.19639395228389511 -0.89637628971922056 -0.010751508978224102 0 0.098196976141947556 -0.0042255680244382803 0.00096347045815366758 0.45248950358870726 2.7102170413656101
22.041501462298644 -15.907499999999999 -1.1040328589936423 4.1660845273483691 0.27669024534369036 -0.85012529569285677 -0.024428186167672991 0 0.13834512267184518 0.022064261752095218 0.028288847306490016 0.5752398182120676 2.5828080538850635
20.703785812177571 -15.907499999999999 -1.0261373873284998 3.6070115548282851 0.37505397668938922 -0.78949050785643626 -0.04062956208473243 0 0.18752698834469461 0.054589631633108072 0.061878682795158672 0.67135997285260296 2.4168798304507613
19.57340062979997 -15.907499999999999 -0.91148375549380833 3.0095112422291561 0.48943143609085649 -0.71193652202380431 -0.060950410316853047 0 0.24471571804542824 0.091062718206128684 0.099350232636932406 0.72403874423623715 2.2164478737822444
18.653785529579537 -15.907499999999999 -0.7759433644265824 2.4368841376091939 0.61892321493887925 -0.61119456246770321 -0.086706354271376934 0 0.30946160746943963 0.12747441857017791 0.13667337654437231 0.73059617845961167 1.9886959245852798
17.930095205530449 -15.907499999999999 -0.62980885126647612 1.9316792724799543 0.76369752245320122 -0.47002148829196772 -0.12402531229794336 0 0.38184876122660061 0.16549268963608904 0.1756589789570247 0.69701049291721473 1.740434972444588
17.378340920312468 -15.907499999999999 -0.4769797568919964 1.5151944648671898 0.90632778481767895 -0.24487743945983131 -0.18359535622100492 0 0.45316389240883947 0.20421754627652514 0.21542273271984419 0.61915341309757088 1.4729721815122494
16.975429079747784 -15.907499999999999 -0.31363883687581628 1.2015840941823526 0.8426360303947894 0.25700823632103753 -0.30217666367269386 0 0.4213180151973947 0.20821732543003343 0.21874217859052475 0.40630712604078567 1.1748612301379597
16.73621060760874 -15.907499999999999 -0.11410174412308202 1.0438239429134242 -1.621910777148651 1.4851066234473429 -0.64526668451228975 0 -0.81095538857432548 -0.53525222950365636 -0.56069693526561304 -0.3401134989288756 0.79394481995252231
16.736210607608733 -15.907499999999999 0.11410174412308077 1.0438239429134053 -6.1101911793787025 2.6260907059146348 -0.46242705769394354 0 -3.0550955896893512 -2.0164447376110144 -2.112302055349486 1.2813026033381327 0.29273549961668094
16.975429079747787 -15.907499999999999 0.31363883687581606 1.2015840941824063 -3.8981015510629673 2.2106339545309561 -0.10582565916541277 0 -1.9490507755314836 -0.96322997111426623 -1.0119187821189424 1.8796092038523025 -0.1654718871773434
17.378340920312478 -15.907499999999999 0.47697975689199729 1.5151944648671689 -2.274986773000566 1.8093879799299324 -0.033195046100956555 0 -1.137493386500283 -0.51260948232672943 -0.54073578649016607 1.5541461365861813 -0.5571494862020353
17.930095205530453 -15.907499999999999 0.62980885126647568 1.9316792724799354 -1.6881816091495496 1.6395444899911877 -0.0086876054863088397 0 -0.84409080457477481 -0.36582770911039375 -0.3883006675269226 1.5407674647775202 -0.95369056239599237
18.653785529579537 -15.907499999999999 0.77594336442658185 2.4368841376092094 -1.3480629055723412 1.532338825174528 0.00079399942595701975 0 -0.6740314527861706 -0.27764919934507537 -0.29768524536114666 1.5912953066909608 -1.3760353933928733
19.57340062979997 -15.907499999999999 0.911483755493808 3.0095112422291543 -1.1224767031725245 1.4568675247363336 0.0037038549044282765 0 -0.56123835158626223 -0.20884596324738219 -0.22785279687066495 1.6605321249708109 -1.8327142602621544
20.703785812177571 -15.907500000000001 1.0261373873285002 3.6070115548282811 -0.95900541611790224 1.3996415893427303 0.0029727933090304189 0 -0.47950270805895112 -0.13958458156381159 -0.15822253763741509 1.716653842237819 -2.3275455275863601
22.041501462298655 -15.907500000000004 1.104032858993643 4.1660845273484064 -0.82867151803702832 1.3522835890112455 -0.00078289711541556714 0 -0.41433575901851416 -0.06608120664956528 -0.084723485686560518 1.7228104763904095 -2.8538883257496743
23.556915908654698 -15.907500000000004 1.1241650451411154 4.6081893439380535 -0.70489820205905018 1.3056881924022952 -0.0087490731096068336 0 -0.35244910102952509 0.015166430882756052 -0.0034580932141307992 1.6240776959832375 -3.3986455299486695
25.191690127177939 -15.907500000000001 1.0701157150003184 4.8603654848446203 -0.56963045339832274 1.2526892210495733 -0.020004221167945448 0 -0.28481522669916137 0.076791669987651329 0.05906882702075452 1.3809117583729036 -3.9279996857804917
26.865874599118449 -15.907499999999999 0.94707303308705204 4.8703474316585975 -0.43334039195520613 1.1968327761800697 -0.030523725465829453 0 -0.21667019597760306 0.095795684961920674 0.080609269368631775 1.0478058833351549 -4.3998208855472507
28.493295219592149 -15.907499999999999 0.77893669109356267 4.6311799856078846 -0.30835526973444405 1.1431951708378574 -0.03821087682121628 0 -0.15417763486722202 0.081785929133065552 0.070467461370067833 0.70581598833184256 -4.7867147113728183
29.998181811807747 -15.907499999999999 0.59512575153179958 4.1869945412412166 -0.19921583390755071 1.0942794650745167 -0.042050995514736157 0 -0.099607916953775355 0.053070814355100332 0.046049345366200534 0.41109628895306871 -5.0780614258036572
31.327382216654172 -15.907499999999999 0.42229157182988269 3.6149685177065578 -0.10869623434902054 1.0521258651611125 -0.041561980318568593 0 -0.054348117174510269 0.025378941240820949 0.022036434298660455 0.19357035391953015 -5.2782399014316121
32.45475992718228 -15.907499999999999 0.27830377929573002 2.999046003784902 -0.038149861667210239 1.0182087093316357 -0.037428410444673273 0 -0.019074930833605119 0.0069801640816505974 0.0060498371274835617 0.0564559235315533 -5.4032368264129067
33.378262078725442 -15.907499999999999 0.16965692777865618 2.4074950975027187 0.0144363589664116 0.99226239190592469 -0.031288762243360774 0 0.0072181794832057999 -0.0018950517322856065 -0.001638448410303657 -0.017196215439051907 -5.4739906203325459
34.113106485386915 -15.907499999999999 0.094183362097219253 1.8824762714683885 0.051455870289814132 0.97363001217474432 -0.024263740494677548 0 0.025727935144907066 -0.0044777292809033481 -0.0038621498549641785 -0.048069890703545379 -5.5095332106304831
34.684243299163271 -15.907500000000001 0.045831919382395815 1.4421265246773869 0.074398910265891849 0.96193203765732882 -0.016965985457010772 0 0.037199455132945924 -0.00393010699295637 -0.0033826150695567491 -0.053395130169968677 -5.5246505822226339
35.119965883358169 -15.907500000000002 0.017631694188496722 1.087725937095132 0.092700231736637995 0.95246983814550223 -0.010048665903629494 0 0.046350115868318997 -0.0026640146047895389 -0.0022890027238719715 -0.050293727801941135 -5.5294251559799488
35.447628166496749 -15.907500000000001 0.0038477903970145083 0.81082476180608176 0.10508065599077621 0.9459981939251334 -0.0026002114547726274 0 0.052540327995388103 -0.0011694278278494689 -0.001003227364757868 -0.04257312630545964 -5.5276426977849455
32.962348211757785 -13.01522727272727 -0.003959325375471774 0.83432794493446349 0.18747031930229019 -0.90134170126246083 -0.010621594183675219 0 0.093735159651145095 -0.0021468067633614932 -0.0018417000524197796 0.078154695239361249 3.4662027943367808
32.625188060513011 -13.015227272727268 -0.018142779884070426 1.1192555882568793 0.1866084139688774 -0.90185946828725594 -0.0064097965451804031 0 0.093304206984438698 -0.0055181917835766883 -0.0047413989400605702 0.10417752028203751 3.441276260209813
32.176835290152241 -13.015227272727268 -0.047160438249987946 1.483929100770812 0.18425537351425236 -0.90317855263857882 -0.0036233326413131293 0 0.092127686757126181 -0.010015387302871158 -0.0086201724479401248 0.13607082700239462 3.4054297793931845
31.589143070377123 -13.01522727272727 -0.096913432651660442 1.9370431601812952 0.17390849880165959 -0.90889458386989408 -0.0014617148533426962 0 0.086954249400829797 -0.015572326404413174 -0.013431508336324843 0.16717402533746983 3.359252307672814
30.832997904939894 -13.01522727272727 -0.17457473250097344 2.4772805811518293 0.16202588508623128 -0.91540923425871723 0.00022078867192610978 0 0.08101294254311564 -0.021885556140687875 -0.018922098039019248 0.19859549583104369 3.3022119274215957
29.882726417765156 -13.01522727272727 -0.28637090427541179 3.0859786318418259 0.14886604593736452 -0.92256767261496164 0.0016862705739140223 0 0.074433022968682261 -0.028027096197143875 -0.024291601911589831 0.22668458523446053 3.2347034076664603
28.722669679617837 -13.015227272727268 -0.43453243645787604 3.7197547441234127 0.13446105631697303 -0.93033808898519887 0.0031597256835299813 0 0.067230528158486513 -0.032304669862072997 -0.028050017067318106 0.246394296717032 3.1593055244407577
27.354940061060866 -13.015227272727268 -0.61237651912246371 4.3083619489671303 0.12131462849727725 -0.93737008531681754 0.0047638908325950465 0 0.060657314248638627 -0.033254839615269066 -0.028855098855176398 0.25759810399918726 3.0807070240814962
25.806431681709014 -13.015227272727268 -0.80151554235535016 4.7654228904000817 0.11447715238721801 -0.94100196224009836 0.0061769469049395131 0 0.057238576193609003 -0.031243222506663001 -0.02691942976502305 0.26963031668116705 3.0025887656495085
24.131837409576342 -13.015227272727268 -0.97452561221527523 5.0115230259142693 0.11976082532026411 -0.93818925474456483 0.0063322161660748864 0 0.059880412660132054 -0.027242147648876423 -0.022923471123790493 0.29797252968674481 2.9245184211574471
22.409123753417187 -13.01522727272727 -1.1011349028729187 5.0012517347992311 0.14377479350295719 -0.92531839268361049 0.0033284618763629497 0 0.071887396751478594 -0.019944054503579486 -0.015341141894086727 0.3586454022689145 2.8412105544563944
20.726962726249944 -13.01522727272727 -1.1567509479983888 4.7417658245078531 0.1946182752422716 -0.89741517229707335 -0.0052662404751921488 0 0.097309137621135799 -0.0043087410442335904 0.00098243471266914908 0.46139597917293151 2.7425608156189201
19.167621324371751 -13.015227272727268 -1.1360351949939482 4.2868458215107772 0.27195998887348627 -0.85303851518406837 -0.01911289457600987 0 0.13597999443674313 0.022315691768268978 0.028611208662411347 0.58179487808317376 2.6142828745841622
17.791129631165273 -13.015227272727268 -1.0558817859523741 3.7115671346684067 0.36701240299686122 -0.79480422476976498 -0.035690913287162389 0 0.18350620149843061 0.054967617982470844 0.062307139568238266 0.67600856449272528 2.4489054526269709
16.627978244302426 -13.015227272727268 -0.93790471675824238 3.0967472236457856 0.47798461477077492 -0.72028915592945308 -0.05655896993104749 0 0.23899230738538746 0.091510821488791458 0.099839117289784174 0.7276016088690801 2.2502895631210946
15.681706481475924 -13.015227272727268 -0.79843544884535811 2.5075215143234013 0.60435112997350204 -0.62350679448774682 -0.082994862817602336 0 0.30217556498675102 0.12808120132487671 0.1373239466653719 0.73407384218783656 2.025356982899543
14.93703871937169 -13.01522727272727 -0.64806496956042681 1.9876723967960921 0.74734801518461658 -0.48783965889001196 -0.12109687043627572 0 0.37367400759230829 0.16664416247111544 0.17688118727898877 0.70186018537243766 1.7807392186762316
14.369290864866965 -13.015227272727268 -0.49080585483922218 1.5591150438386299 0.89351131931299166 -0.27116839257568637 -0.18153893123770107 0 0.44675565965649583 0.20716558236504118 0.21853252422368 0.62809136499944729 1.5176425126276298
13.954699915301841 -13.015227272727268 -0.32273021070466601 1.2364141244675872 0.86436007870542597 0.21206998151403977 -0.30110835962358939 0 0.43218003935271299 0.21977653684384996 0.23088567857173251 0.42886331803463645 1.2245950461306954
13.708547274618347 -13.01522727272727 -0.11740918404563674 1.0740810174870357 -1.3991211333893032 1.4079993497342818 -0.6454912582964567 0 -0.69956056669465161 -0.47511268834556186 -0.49769849349005463 -0.30189923537275193 0.85032696158548982
13.708547274618343 -13.01522727272727 0.11740918404563545 1.0740810174870186 -5.7081247512179054 2.5480486428615912 -0.46429824986651447 0 -2.8540623756089527 -1.9383614693841869 -2.0305068814538001 1.2316864184806569 0.35646609985127747
13.954699915301845 -13.015227272727268 0.32273021070466579 1.236414124467649 -3.6921454330917891 2.1633847881409318 -0.10914069604049909 0 -1.8460727165458946 -0.93878345009188413 -0.9862365519954378 1.831905221113185 -0.096624706804714536
14.369290864866974 -13.015227272727268 0.49080585483922307 1.5591150438386081 -2.1718678766459645 1.780574865050137 -0.037696506438274019 0 -1.0859339383229822 -0.50355967939077784 -0.53118943107367922 1.52670864907437 -0.48485471423173043
14.937038719371689 -13.01522727272727 0.64806496956042625 1.9876723967960641 -1.6217693870975847 1.619124786538727 -0.014293799827412315 0 -0.81088469354879233 -0.36162322738946279 -0.38383790262917217 1.5230593238124217 -0.87922986175857887
15.681706481475921 -13.015227272727268 0.79843544884535733 2.5075215143234151 -1.3031074595854091 1.5175880167766631 -0.0058370301766561133 0 -0.65155372979270454 -0.27616986318272491 -0.29609915561372596 1.5828167636311683 -1.3010158489153079
16.627978244302426 -13.015227272727268 0.93790471675824216 3.0967472236457874 -1.0920277036311621 1.4463793351552365 -0.003810835480316993 0 -0.54601385181558104 -0.2090702277012223 -0.22809747137742434 1.662315249357315 -1.759351817163578
17.791129631165276 -13.01522727272727 1.0558817859523746 3.7115671346684032 -0.93874128625192199 1.3923771869303783 -0.0052014966854120534 0 -0.469370643125961 -0.14059571825290695 -0.15936868580832741 1.7290891102517942 -2.2585783786668254
19.167621324371762 -13.015227272727271 1.1360351949939487 4.2868458215108109 -0.81559110392025236 1.3474065706484915 -0.0093079156380052822 0 -0.40779555196012618 -0.0669233726601354 -0.085803236550079764 1.7447666799682986 -2.7921860280604101
20.726962726249955 -13.015227272727271 1.1567509479983888 4.7417658245078282 -0.6967854546806358 1.3024924634417969 -0.017286912909920387 0 -0.3483927273403179 0.015426444838595978 -0.0035173789157715994 1.65192095519094 -3.3467498646511813
22.409123753417195 -13.01522727272727 1.1011349028729183 5.0012517347992453 -0.56478941502908397 1.2505956296251395 -0.028284027145806794 0 -0.28239470751454199 0.078346075845020596 0.060264489658691245 1.4088639741024216 -3.8872349271669
24.131837409576349 -13.01522727272727 0.97452561221527445 5.0115230259142445 -0.4304759454392626 1.1954076440672434 -0.038425381518799463 0 -0.2152379727196313 0.097920912231404089 0.082397586008399595 1.0710514568416696 -4.3698427485715134
25.806431681709014 -13.01522727272727 0.80151554235534928 4.7654228904000799 -0.30671069428193398 1.1421970158267341 -0.045789423652601829 0 -0.15335534714096699 0.083707799039326042 0.072123361043926942 0.72240180598667825 -4.7659589156096818
27.354940061060859 -13.015227272727268 0.61237651912246305 4.3083619489671161 -0.19850320632892693 1.0936438505192754 -0.049460434190370016 0 -0.099251603164463464 0.054413819432611019 0.04721466580445588 0.42149945329337185 -5.0644616431095857
28.722669679617837 -13.015227272727268 0.43453243645787559 3.71975474412345 -0.10880935428152294 1.0518614986180075 -0.048956531807332539 0 -0.05440467714076147 0.026141771931968857 0.022698797170577541 0.19938861897105492 -5.2697986137874322
29.882726417765156 -13.01522727272727 0.28637090427541168 3.0859786318418276 -0.039037577589577488 1.0183423164067047 -0.044905503059250798 0 -0.019518788794788744 0.0073496272136287415 0.0063700576476506459 0.0594441602094729 -5.3983105035513743
30.832997904939894 -13.01522727272727 0.17457473250097327 2.4772805811518168 0.012682194157190074 0.99287737480304439 -0.038888615905234639 0 0.0063410970785950371 -0.001713040308754189 -0.0014810826125993004 -0.015544594220437583 -5.4714201412024943
31.589143070377119 -13.01522727272727 0.096913432651660095 1.9370431601813147 0.048875229510898621 0.97473172950399012 -0.031981650790127061 0 0.024437614755449311 -0.0043764452702357536 -0.0037747899449360458 -0.046982573669089311 -5.5086393839442511
32.176835290152241 -13.01522727272727 0.047160438249987606 1.4839291007707851 0.071493996113028979 0.96327160758914032 -0.024775267901766096 0 0.03574699805651449 -0.0038861285141654767 -0.0033447631064013237 -0.052797630762465485 -5.5249597695132797
32.625188060513011 -13.01522727272727 0.018142779884070349 1.1192555882568986 0.090125513935817136 0.95370484324595706 -0.017932039298064407 0 0.045062756967908568 -0.0026650988554791856 -0.0022899343451842219 -0.050314197287715648 -5.5304892579056109
32.962348211757785 -13.01522727272727 0.0039593253754718087 0.83432794493447004 0.10302832954938645 0.9470271127560993 -0.010550741938838357 0 0.051514164774693227 -0.0011798236409776108 -0.0010121457126547519 -0.042951586826760535 -5.5290371220391021
30.477068257018821 -10.122954545454537 -0.0040708603539290743 0.857831128062846 0.18959036607801794 -0.90020055742180205 -0.0069706771162442137 0 0.094795183039008968 -0.0022322442463405048 -0.0019149950594816566 0.081265054568481709 3.5224244588667859
30.130410237667853 -10.122954545454537 -0.018653865579644061 1.1507852394186222 0.18907139186327426 -0.90051191115379525 -0.0026279282457808053 0 0.094535695931637131 -0.0057485246919566323 -0.0049393080107282498 0.10852595762808899 3.4963639937543949
29.669427281141214 -10.122954545454537 -0.048488957117579751 1.5257316768641922 0.18722886078261292 -0.90153814227380091 0.00034240749246895394 0 0.093614430391306458 -0.010463702714694543 -0.0090060343266793342 0.14216171964588226 3.4588217342361709
29.065179655367331 -10.122954545454537 -0.099643503206101297 1.9916100488942097 0.17773366824596448 -0.90678481442617154 0.0027626219663983483 0 0.088866834122982241 -0.01636316869316852 -0.014113628946841006 0.17566397638170411 3.4102249332631112
28.287733731154354 -10.122954545454537 -0.17949253722329053 2.5470660648009269 0.16695133921074345 -0.91270233699979275 0.0048067477958849119 0 0.083475669605371727 -0.023186121270651037 -0.020046557510695246 0.21039717796264087 3.3496616301787765
27.310692908348035 -10.122954545454537 -0.29443802925509333 3.1729112598987257 0.15468917874619348 -0.9193830848509148 0.0067501513925294736 0 0.077344589373096739 -0.029943833284160958 -0.025952873345472662 0.24218725267163249 3.2772723564929951
26.117957142581503 -10.122954545454537 -0.44677330108586899 3.8245409705402755 0.14080101664832168 -0.92688783944066899 0.0088270294372997105 0 0.070400508324160838 -0.034780801865453216 -0.030200032692064983 0.26528025983494408 3.1956913553194841
24.711698310313977 -10.122954545454537 -0.62962728671312718 4.4297293566929783 0.12775967207738248 -0.93387150772852112 0.011150559424364794 0 0.06387983603869124 -0.036008123110428357 -0.031244112555085125 0.27892554434563233 3.1098614173822399
23.119568143825887 -10.122954545454537 -0.82409439361713677 4.8996657951922558 0.12035171337764095 -0.93780150077270075 0.013290288590891441 0 0.060175856688820473 -0.033771806536538621 -0.029098079556435487 0.29145210259281334 3.0240025798371475
21.397800220034238 -10.122954545454537 -1.0019781913434975 5.1526986201698648 0.12403193562979364 -0.93582833565954582 0.013906492975974922 0 0.062015967814896822 -0.029008488135273885 -0.024409795023675188 0.31729262697876898 2.9386666604103979
19.626557379656443 -10.122954545454537 -1.1321540907455188 5.142137984753826 0.14522887503555659 -0.92447258454250703 0.011025669763810479 0 0.072614437517778296 -0.02071327086549234 -0.015932829875747612 0.37247789111919005 2.8498503861204827
17.897009543845201 -10.122954545454537 -1.1893368508556621 4.8753423050775879 0.19243802489539918 -0.89864155538004475 0.0023086898307837353 0 0.096219012447699592 -0.0043804898311228845 0.00099879413137369264 0.46907910550645143 2.7485334493660769
16.293741186444862 -10.122954545454537 -1.1680375309942539 4.4076071156731542 0.26581826093821903 -0.85676189002952263 -0.011866037873742442 0 0.13290913046910952 0.022426172746878321 0.028752857613519103 0.58467523994459991 2.6203343064719631
14.878473450152976 -10.122954545454537 -1.0856261845762485 3.8161227145084791 0.35660773377615751 -0.80159441712311619 -0.02895956941831309 0 0.17830386688807875 0.054913856545797973 0.062246199664689229 0.67534738991459198 2.4573572073526435
13.682555858804884 -10.122954545454537 -0.96432567802267644 3.1839832050623968 0.46317061004912619 -0.73094267825093751 -0.050519214782301015 0 0.23158530502456309 0.091172642302425819 0.099470160800231952 0.72491274960541974 2.263154125625527
12.709627433372312 -10.122954545454537 -0.8209275332641337 2.5781588910375888 0.58537214624496547 -0.63919846803651725 -0.077802135027285307 0 0.29268607312248274 0.12755371701083221 0.13675839741177823 0.73105066288361709 2.0442352239931556
11.943982233212928 -10.122954545454537 -0.66632108785437727 2.043665521112227 0.72571823659312806 -0.5105107403788629 -0.11687834429310293 0 0.36285911829656403 0.16637967340864365 0.17660045053610757 0.70074622890577964 1.8069273519306324
11.360240809421462 -10.122954545454537 -0.5046319527864479 1.603035622810054 0.87538873343769408 -0.30460208889713714 -0.17840637320960948 0 0.43769436671884704 0.20868128899470639 0.22013139596666836 0.63268673376243534 1.552260782853911
10.933970750855899 -10.122954545454537 -0.33182158453351573 1.271244154752813 0.88654101986169243 0.15467827302700343 -0.29922167700835339 0 0.44327050993084621 0.23176639822119469 0.24348159677048015 0.4522598634844151 1.2688794273092772
10.680883941627954 -10.122954545454537 -0.12071662396819144 1.1043380920606363 -1.1286951814774566 1.3085501385367495 -0.64528421367092981 0 -0.56434759073872831 -0.39407872974777197 -0.41281235993699283 -0.25040810339501396 0.90733489757427033
10.68088394162795 -10.122954545454537 0.12071662396819013 1.1043380920606167 -5.2025248397822725 2.4464400432404125 -0.46632172865106858 0 -2.6012624198911363 -1.816437612198273 -1.9027870340777375 1.1542127576817984 0.4286752292974389
10.933970750855901 -10.122954545454537 0.33182158453351551 1.2712441547528814 -3.4266291782183584 2.1009082053288859 -0.11319845847059135 0 -1.7133145891091792 -0.89581585610020331 -0.9410970560427252 1.7480599426686623 -0.012229312730863003
11.36024080942147 -10.122954545454537 0.5046319527864489 1.6030356228100393 -2.0370480822184596 1.7421695341032253 -0.043513178015522097 0 -1.0185240411092298 -0.48560576953301154 -0.51225041043081643 1.47227539997526 -0.39114991425679158
11.943982233212928 -10.122954545454537 0.66632108785437683 2.0436655211121972 -1.5343631032773475 1.5918184478670621 -0.021843358428708312 0 -0.76718155163867374 -0.35177127863286967 -0.37338074429108725 1.4815655776286651 -0.77784722648097959
12.70962743337231 -10.122954545454537 0.82092753326413292 2.5781588910375994 -1.2441630885486092 1.4979770037398028 -0.015099166047574431 0 -0.62208154427430462 -0.27110553095165602 -0.29066936512143449 1.5537914751382242 -1.1939233494905037
13.682555858804884 -10.122954545454537 0.9643256780226761 3.1839832050623995 -1.0530895199890029 1.4327857102597226 -0.014650203566687472 0 -0.52654475999450145 -0.20729500541540816 -0.22616068813009452 1.6482004750580146 -1.6494884588331133
14.878473450152978 -10.122954545454537 1.0856261845762489 3.8161227145084835 -0.91460180251019962 1.3835831047773604 -0.017308803680189156 0 -0.45730090125509981 -0.14083909972378536 -0.15964456465902044 1.7320822899599781 -2.1498948536084876
16.293741186444873 -10.12295454545454 1.1680375309942543 4.4076071156731942 -0.80247176629199735 1.3423788845028184 -0.022151675624346279 0 -0.40123588314599867 -0.067701783887374856 -0.086801246662379844 1.7650607255104713 -2.689283784670419
17.897009543845215 -10.12295454545454 1.1893368508556623 4.8753423050775559 -0.69145182967860452 1.3002085322401502 -0.030159614860255157 0 -0.34572591483930226 0.01573960089366452 -0.0035887815310188449 1.68545486757483 -3.2541240844557309
19.626557379656447 -10.122954545454537 1.1321540907455185 5.1421379847538438 -0.5642421653395151 1.2500410533767461 -0.040491112756630226 0 -0.28212108266975755 0.08047504879141909 0.061902114347969349 1.447148384057461 -3.8078434821721161
21.397800220034242 -10.122954545454537 1.0019781913434966 5.1526986201698461 -0.43203157731197339 1.1956492785501349 -0.049541699753997775 0 -0.2160157886559867 0.10104319360075875 0.085024894535365145 1.105202731917768 -4.3041480597425297
23.119568143825887 -10.122954545454537 0.82409439361713599 4.8996657951922327 -0.30856405167512757 1.1425659121511886 -0.055742156984187774 0 -0.15428202583756379 0.086585933551311361 0.074603186543142103 0.74724022717553262 -4.7121522799755837
24.71169831031397 -10.122954545454537 0.62962728671312651 4.4297293566929685 -0.19992090835732634 1.0938478023254328 -0.058462754854241739 0 -0.099960454178663172 0.056346236362590695 0.048891416683097197 0.4364683102494612 -5.0195775755719065
26.117957142581499 -10.122954545454537 0.44677330108586849 3.8245409705403079 -0.10976260200168819 1.0518885715691502 -0.057384971934305855 0 -0.054881301000844096 0.027113662978674326 0.023542686322333455 0.20680142993495021 -5.2308423273738507
27.310692908348035 -10.122954545454537 0.29443802925509321 3.1729112598987164 -0.039814379835745317 1.0183293120327888 -0.053101714572812292 0 -0.019907189917872659 0.007707036534662275 0.0066798309072480157 0.062334905048949667 -5.3629314807278536
28.287733731154347 -10.122954545454537 0.17949253722329034 2.547066064800906 0.011629784803479315 0.99305322755957715 -0.047069123956446836 0 0.0058148924017396575 -0.0016151388906480487 -0.001396437734504589 -0.014656210094104923 -5.4381061155787105
29.065179655367331 -10.122954545454537 0.099643503206100908 1.9916100488942456 0.04727235831203036 0.97524783150767225 -0.040240636520221369 0 0.02363617915601518 -0.0043521611927413969 -0.0037538443404813997 -0.046721876141892174 -5.476616987348053
29.669427281141214 -10.122954545454537 0.04848895711757939 1.5257316768641562 0.069713761812788655 0.96394431972288896 -0.033129845474861454 0 0.034856880906394327 -0.0038961091558368695 -0.0033533533735319626 -0.052933229529160235 -5.4938065369406779
30.130410237667853 -10.122954545454538 0.018653865579643981 1.1507852394186453 0.088895947126850783 0.95415307758474976 -0.026381004694660787 0 0.044447973563425391 -0.0027027914801786 -0.0023223209996911941 -0.051025793464165012 -5.49980169276796
30.477068257018821 -10.122954545454537 0.004070860353929109 0.85783112806284822 0.10255951903267413 0.9471409272951189 -0.019093056587883628 0 0.051279759516337065 -0.0012075397131409511 -0.0010359227439308096 -0.04396059295163663 -5.4984061554842594
27.991788302279865 -7.2306818181818118 -0.0041823953323863738 0.88133431119122962 0.19454726016640544 -0.89746960903016881 -0.0010201474552943759 0 0.097273630083202722 -0.0023533658258068886 -0.0020189026971225606 0.085674496671824418 3.5610706219740798
27.635632414822698 -7.2306818181818109 -0.019164951275217688 1.1823148905803427 0.19448478545587011 -0.89749814951833029 0.0035051612377553993 0 0.097242392727935056 -0.0060751231849734307 -0.0052199314122606307 0.11469178557767291 3.5332722313994687
27.162019272130191 -7.2306818181818109 -0.049817475985171535 1.5675342529575778 0.19331109936660762 -0.89813329382918627 0.0067444161295759164 0 0.09665554968330381 -0.011099623936398928 -0.0095533671884674293 0.15080145807325851 3.4931816784985017
26.541216240357546 -7.2306818181818118 -0.10237357376054214 2.0461769376071528 0.18487285994753178 -0.90279333216640745 0.009557167380708987 0 0.092436429973765888 -0.017486775705119771 -0.015082767183212647 0.18772626574086287 3.4409662258805414
25.742469557368818 -7.2306818181818118 -0.18441034194560763 2.6168515484500272 0.17538952506142047 -0.90799925158089623 0.012158703348292948 0 0.087694762530710235 -0.025025382520086983 -0.021636769861593321 0.22708713536863456 3.3752070819870212
24.73865939893092 -7.2306818181818127 -0.30250515423477486 3.2598438879556313 0.16421978562223383 -0.91408952798158638 0.014850899372318408 0 0.082109892811116914 -0.032659672070711021 -0.028306740981094872 0.2641530954604237 3.2957008790217466
23.513244605545172 -7.2306818181818118 -0.45901416571386178 3.9293271969571482 0.15101634419575394 -0.92123007031242454 0.017855345317616331 0 0.075508172097876969 -0.03832627654512899 -0.033278554333092736 0.29232231734417014 3.2050213295986913
22.068456559567096 -7.2306818181818109 -0.64687805430379064 4.5510967644188511 0.13785017889560047 -0.92828332373203415 0.020973602108532143 0 0.068925089447800236 -0.039916541628403024 -0.034635432555671787 0.3092008730350333 3.1084213468195445
20.432704605942764 -7.2306818181818109 -0.84667324487892359 5.0339086999844262 0.12854443380533354 -0.93322449180428824 0.023401155768345994 0 0.064272216902666768 -0.03705904022312137 -0.031930388430090009 0.31982106676509958 3.0113553305193013
18.663763030492145 -7.2306818181818109 -1.0294307704717198 5.293874214425486 0.12867238288330707 -0.93314216503738523 0.023944037797209557 0 0.064336191441653534 -0.030918313311283904 -0.026016857096681768 0.33818214884356235 2.917070067505434
16.84399100589571 -7.2306818181818118 -1.1631732786181188 5.2830242347084448 0.14597053285263117 -0.92390130561489192 0.020876892260748292 0 0.072985266426315587 -0.021389458060797544 -0.016452959005372674 0.38463747625398831 2.8228500806834949
15.067056361440468 -7.2306818181818118 -1.2219227537129358 5.0089187856473387 0.18915133796329098 -0.90039064876619768 0.012055772521687214 0 0.094575668981645489 -0.0044236430903572561 0.0010086334926630383 0.47370011663116868 2.7195718597689558
13.41986104851798 -7.2306818181818109 -1.2000398669945598 4.528368409835549 0.25803841417602535 -0.86136922473881539 -0.0021551094697865279 0 0.12901920708801268 0.022366271453281801 0.028676057466428189 0.58311354666764759 2.5927119945397381
11.965817269140686 -7.2306818181818109 -1.1153705832001228 3.9206782943485794 0.34372896817245302 -0.80987468921072303 -0.019339586432541966 0 0.17186448408622651 0.054380875883345621 0.061642053046344264 0.6687926308445945 2.4341206817802616
10.737133473307349 -7.2306818181818109 -0.99074663928711038 3.2712191864790192 0.44475680315281663 -0.74400845454868703 -0.041165718835672611 0 0.22237840157640831 0.089946656408691456 0.098132599324454381 0.71516494826105581 2.2471300329551358
9.7375483852687079 -7.2306818181818109 -0.84341961768290918 2.6487962677517802 0.56147843998752911 -0.65860813689240283 -0.068970153193891326 0 0.28073921999376455 0.12569934839523061 0.13477021168090825 0.72042269031304562 2.0378260546719824
8.9509257470541748 -7.2306818181818118 -0.68457720614832773 2.0996586454283515 0.69789654247045507 -0.53874411927792065 -0.10889550712955312 0 0.34894827123522754 0.16438498794840206 0.17448323066339344 0.6923451527076987 1.8121148453133245
8.3511907539759669 -7.2306818181818109 -0.51845805073367368 1.6469562017814887 0.85041872725449652 -0.34658820725821787 -0.17163300188203337 0 0.42520936362724826 0.20828320397168421 0.21971146846740205 0.63147980661439373 1.5707823666348766
7.9132415864099652 -7.2306818181818109 -0.34091295836236546 1.3060741850380526 0.90686136518486116 0.081539536607911578 -0.29409171832084269 0 0.45343068259243058 0.24357427206557539 0.25588632843201442 0.47530128559688506 1.3028325765754143
7.6532206086375689 -7.2306818181818118 -0.12402406389074613 1.1345951666342393 -0.80367384442929635 1.1792594346098155 -0.64266712247713009 0 -0.40183692221464817 -0.28828698395635705 -0.30199150880919795 -0.18318521512740438 0.96198319664395271
7.6532206086375645 -7.2306818181818118 0.12402406389074477 1.1345951666342162 -4.5668428300418151 2.3126654777696602 -0.46735555840734794 0 -2.2834214150209076 -1.6381786651404189 -1.7160540514020803 1.0409422828339907 0.50935093802574882
7.9132415864099652 -7.2306818181818109 0.34091295836236524 1.3060741850381175 -3.0819664991860378 2.0169561364618618 -0.11770489698766741 0 -1.5409832495930189 -0.82778666661659617 -0.86962916505594867 1.6153104492781369 0.090557967607758832
8.351190753975974 -7.2306818181818109 0.51845805073367468 1.646956201781467 -1.8559898898167262 1.6891965915633904 -0.051036897117190554 0 -0.9279949449083631 -0.45456609597261494 -0.47950762498936206 1.3781683059632124 -0.27030099770673988
8.950925747054173 -7.2306818181818118 0.6845772061483274 2.0996586454283341 -1.4135293623370675 1.5532185166679169 -0.032273856555790258 0 -0.70676468116853375 -0.33294764059148158 -0.35340076181646718 1.4022855003118093 -0.64054088390071706
9.7375483852687061 -7.2306818181818109 0.84341961768290852 2.648796267751794 -1.1607375101705664 1.469671202073376 -0.028356092233663859 0 -0.58036875508528318 -0.2598567252013867 -0.27860880990396047 1.4893210144327591 -1.0420805405439051
10.737133473307349 -7.2306818181818109 0.99074663928711004 3.2712191864790312 -0.99748948795980263 1.4129935781341814 -0.030637168788345649 0 -0.49874474397990132 -0.2017301221898905 -0.22008935121040116 1.6039541452558976 -1.4866333868446635
11.965817269140686 -7.2306818181818127 1.1153705832001231 3.9206782943485807 -0.88122744028862554 1.3711115075122347 -0.035786509415601894 0 -0.44061372014431277 -0.13941775204495116 -0.15803343229690242 1.7146021218304464 -1.9815306450498622
13.419861048517989 -7.2306818181818135 1.20003986699456 4.5283684098355828 -0.78733452141393756 1.3362384236035461 -0.042442863940215118 0 -0.39366726070696878 -0.068244635926460115 -0.087497243592449189 1.7792134813011709 -2.522842367859357
15.067056361440478 -7.2306818181818135 1.2219227537129358 5.0089187856473139 -0.69048021000440252 1.2991803850272317 -0.051093416062117064 0 -0.34524010500220126 0.016148117390569854 -0.0036819272511116039 1.7292003299182317 -3.0980471732686383
16.843991005895713 -7.2306818181818127 1.1631732786181184 5.2830242347084475 -0.57233509799592208 1.2524636267599349 -0.060580208313213826 0 -0.28616754899796104 0.083865814120617402 0.064510320820502079 1.5081230667766417 -3.6690903271696351
18.663763030492149 -7.2306818181818118 1.0294307704717189 5.2938742144254665 -0.44388673165938219 1.1997223778239128 -0.067475534884273949 0 -0.2219433658296911 0.10666025402368695 0.089751486728653435 1.1666417096810424 -4.1856824808099109
20.43270460594276 -7.2306818181818118 0.84667324487892259 5.0339086999844023 -0.32028298635220431 1.1468479187708507 -0.070871980099137713 0 -0.16014149317610216 0.092336787542139656 0.07955817190235058 0.79687033759079207 -4.6128140304147536
22.068456559567089 -7.2306818181818109 0.64687805430379008 4.551096764418852 -0.20919139387977781 1.0973434445754973 -0.070913740043522577 0 -0.1045956969398889 0.060574437037399544 0.052560210454549172 0.46922073034108475 -4.9354320650553616
23.513244605545168 -7.2306818181818109 0.45901416571386139 3.9293271969571686 -0.11581290801627953 1.0541469635160128 -0.067728039438991375 0 -0.057906454008139763 0.029392034112373174 0.025520986966135115 0.22417903062070094 -5.1567891790803131
24.73865939893092 -7.2306818181818118 0.30250515423477475 3.2598438879556251 -0.043166305988867837 1.0194653855695213 -0.062101800412348557 0 -0.021583152994433918 0.0085848205973392926 0.0074406225663233225 0.069434467371557992 -5.2945585116942215
25.742469557368814 -7.2306818181818118 0.1844103419456074 2.6168515484500081 0.0098143256388080191 0.99353598668402499 -0.055424881822092743 0 0.0049071628194040096 -0.0014003530324964259 -0.0012107353909491499 -0.012707184731307981 -5.372500831740183
26.541216240357542 -7.2306818181818118 0.10237357376054175 2.046176937607183 0.045970052016691354 0.97554559620551928 -0.048381170999951428 0 0.022985026008345677 -0.0043482206582227409 -0.0037504455341076919 -0.046679573212942201 -5.4123155749666454
27.162019272130188 -7.2306818181818127 0.049817475985171174 1.5675342529575409 0.068851429161388311 0.9640781996947223 -0.04125282671520606 0 0.034425714580694156 -0.0039533424292708839 -0.0034026136439380713 -0.053710810925936471 -5.4301557972991361
27.635632414822695 -7.2306818181818127 0.019164951275217612 1.1823148905803686 0.089113274282614063 0.95377762899998431 -0.034568195448333033 0 0.044556637141307032 -0.0027836322384510669 -0.0023917818485742551 -0.052551979951487082 -5.4363228696354771
27.991788302279865 -7.2306818181818127 0.0041823953323864103 0.88133431119122863 0.10399901444866588 0.94617724493201005 -0.027378946732941153 0 0.051999507224332941 -0.0012580373854236965 -0.0010792436274296988 -0.045798965298375502 -5.4346504162928442
25.506508347540908 -4.3384090909090869 -0.0042939303108436733 0.90483749431962912 0.20309258485905235 -0.89265676725455778 0.0084445849862440497 0 0.10154629242952617 -0.0025222509902697783 -0.0021637857026880866 0.091822776425881547 3.571909038997251
25.140854591977543 -4.3384090909090869 -0.019676036970791323 1.2138445417420696 0.20390388013404015 -0.8921411645751357 0.013426181008780708 0 0.10195194006702007 -0.0065392035631498579 -0.0056186834490668447 0.12345312351338095 3.5415083663956533
24.654611263119168 -4.3384090909090869 -0.051145994852763332 1.6093368290509593 0.2039245991641383 -0.89206159930373008 0.017363867182542694 0 0.10196229958206915 -0.012021288001135213 -0.010346636878079792 0.16332334941051316 3.4975619387266481
24.017252825347757 -4.3384090909090869 -0.10510364431498297 2.1007438263200902 0.19709811390963494 -0.89579863474652999 0.021135091119228119 0 0.098549056954817471 -0.019140309617400982 -0.016508980194064195 0.20547749397543902 3.4397743684825937
23.197205383583281 -4.3384090909090869 -0.18932814666792466 2.6866370320991231 0.18937070088618824 -0.90000862960275163 0.024774296244066567 0 0.094685350443094118 -0.027740850347473159 -0.023984544262266608 0.25172802985293818 3.3660063811787717
22.16662588951381 -4.3384090909090869 -0.31057227921445646 3.34677651601254 0.17948285641347372 -0.90539283974774876 0.027945470474364853 0 0.089741428206736862 -0.036647066981035599 -0.031762689793793299 0.29640334910978378 3.2755621622453903
20.90853206850884 -4.3384090909090869 -0.47125503034185473 4.0341134233740261 0.16566799720203074 -0.91291013575076652 0.030448100786196097 0 0.082833998601015368 -0.043165940598521239 -0.037480815488441004 0.32923542080177109 3.171125519448474
19.425214808820211 -4.3384090909090869 -0.66412882189445432 4.6724641721447258 0.14880855917776148 -0.92203523479031568 0.032287251778464476 0 0.07440427958888074 -0.044238805813155813 -0.0383858448797764 0.3426819263751516 3.0605985115300269
17.745841068059637 -4.3384090909090869 -0.8692520961407102 5.1681516047765843 0.13491836437196303 -0.9294985743795936 0.03337717564953737 0 0.067459182185981514 -0.039933913221235504 -0.034407403780846078 0.34463134095286418 2.9529381348369825
15.929725840950047 -4.3384090909090869 -1.0568833495999421 5.4350498086811081 0.13169418675681455 -0.93123256655580944 0.033342468850781917 0 0.065847093378407273 -0.032488298390516805 -0.02733795365971509 0.35535452569354808 2.851318051479053
14.061424632134971 -4.3384090909090869 -1.1941924664907191 5.4239104846630628 0.14636348188972681 -0.92340640291016929 0.030937568986190808 0 0.073181740944863405 -0.02201898170971861 -0.016937194125270102 0.3959579307916834 2.7524124383525392
12.237103179035731 -4.3384090909090869 -1.2545086565702093 5.1424952662170886 0.18684265921485643 -0.90143274137675233 0.024007364685377015 0 0.093421329607428216 -0.0044861791477416079 0.0010228923197630139 0.48039670970424786 2.6466594837920407
10.545980910591096 -4.3384090909090869 -1.2320422029948652 4.6491297039979349 0.25218165407571014 -0.86467388026367709 0.012546980275991351 0 0.12609082703785507 0.0224415384842091 0.028772558204546592 0.58507584178880012 2.5195721235717627
9.0531610881283964 -4.3384090909090869 -1.1451149818239972 4.02523387418867 0.33294252897676768 -0.81673423280696211 -0.0016321716990910368 0 0.16647126448838384 0.05407907423094159 0.061299953490852155 0.66508098189032838 2.3635954994400636
7.7917110878098166 -4.3384090909090869 -1.0171676005515444 3.3584551678956425 0.42769385086413214 -0.75621891674896369 -0.02095469128600606 0 0.21384692543206607 0.088802530339881516 0.096884347643179713 0.70606801355025761 2.1827697116005806
6.7654693371651033 -4.3384090909090869 -0.86591170210168478 2.7194336444659912 0.53689588464415161 -0.67886872348817417 -0.047343126485111742 0 0.26844794232207581 0.123401354676049 0.13230638745326204 0.70725216207538177 1.9834488732984465
5.9578692608954196 -4.3384090909090869 -0.7028333244422782 2.1556517697444852 0.66607573970963685 -0.57125978828167856 -0.08710060035806258 0 0.33303786985481842 0.16107369952629044 0.17096852832494333 0.67839890057799868 1.7718505470331951
5.3421406985304696 -4.3384090909090869 -0.53228414868089935 1.6908767807529248 0.81804509958769045 -0.3989921775914273 -0.1508646500448679 0 0.40902254979384522 0.20569730052431273 0.21698367941430977 0.62363978025734268 1.5488605268748616
4.8925124219640299 -4.3384090909090869 -0.35000433219121513 1.3409042153232873 0.923743126913803 -0.016387824446424615 -0.27565977634778371 0 0.4618715634569015 0.25472504269282881 0.26760074198972894 0.49706046225205158 1.3042087506632865
4.6255572756471839 -4.3384090909090869 -0.12733150381330083 1.1648522412078433 -0.38761044095294506 0.99609221897038691 -0.62881693064006772 0 -0.19380522047647253 -0.14274817928416841 -0.1495341116348077 -0.090705988776706339 0.99707496797839779
4.6255572756471786 -4.3384090909090869 0.12733150381329944 1.1648522412078197 -3.6979355977019619 2.1178405904025928 -0.46117982538827446 0 -1.8489677988509809 -1.3618662396819816 -1.4266063450860886 0.86536602057846657 0.59021761185430577
4.8925124219640317 -4.3384090909090869 0.35000433219121496 1.3409042153233548 -2.5911305438596779 1.8912657731881213 -0.11934956651289436 0 -1.2955652719298389 -0.71451231319305419 -0.75062908283356577 1.3942713167343161 0.21264629624713688
5.3421406985304767 -4.3384090909090869 0.53228414868090046 1.6908767807528915 -1.5940793328605909 1.6095130627900858 -0.059556977497758977 0 -0.79703966643029545 -0.40083097589152861 -0.42282411947303294 1.2152524174510544 -0.11379262696305111
5.9578692608954178 -4.3384090909090869 0.70283332444227786 2.1556517697444697 -1.2390595950027041 1.4956026530043576 -0.04724721503994915 0 -0.61952979750135206 -0.2996354633598205 -0.31804220276339706 1.2619836107030138 -0.45233047693490269
6.7654693371650989 -4.3384090909090869 0.865911702101684 2.7194336444659917 -1.0395386854468369 1.427274208506671 -0.049264786394472425 0 -0.51976934272341846 -0.23892990371368056 -0.25617184266655696 1.369382787000814 -0.82503064461430309
7.7917110878098139 -4.3384090909090869 1.017167600551544 3.3584551678956491 -0.91398182322756782 1.3822970756804382 -0.056891280464378788 0 -0.45699091161378391 -0.1897710206103729 -0.20704186539557679 1.5088674504986965 -1.244777505125618
9.0531610881283981 -4.3384090909090869 1.1451149818239974 4.0252338741886851 -0.82880433589136904 1.350690040571972 -0.06663895400629942 0 -0.41440216794568452 -0.13462074473136254 -0.15259590716541588 1.6556070598840769 -1.7211511549211409
10.545980910591105 -4.3384090909090887 1.2320422029948659 4.6491297039979695 -0.76359330685750781 1.3257767634958633 -0.076871842907150281 0 -0.38179665342875391 -0.067951844653151322 -0.087121852486398643 1.7715800875024268 -2.2544682383239545
12.237103179035742 -4.3384090909090887 1.2545086565702095 5.1424952662170673 -0.69257277714851284 1.2980397623339117 -0.087553141283650548 0 -0.34628638857425642 0.016628994492979023 -0.0037915718904818064 1.7806944344026052 -2.8360001248088063
14.061424632134976 -4.3384090909090869 1.1941924664907186 5.4239104846630593 -0.59450950413074644 1.2590286530601473 -0.09672825287524621 0 -0.29725475206537322 0.089438251459277446 0.068796688564480526 1.6083298241630766 -3.4284402229624003
15.929725840950049 -4.3384090909090869 1.0568833495999415 5.4350498086810921 -0.47707677081058564 1.211176473518623 -0.10063955885027578 0 -0.23853838540529282 0.11769245755622965 0.099034763596894212 1.2873111090610254 -3.9772319656741719
17.745841068059633 -4.3384090909090869 0.86925209614070931 5.1681516047765745 -0.35520384428562157 1.1599288531297915 -0.098837745637119778 0 -0.17760192214281079 0.10513527613220081 0.090585459968590298 0.90732182929727589 -4.4395488916451784
19.425214808820208 -4.3384090909090869 0.66412882189445355 4.6724641721447311 -0.23970857642136578 1.1095627722107406 -0.092623058389269222 0 -0.11985428821068289 0.071262172167026877 0.061833917898975917 0.55200989237852149 -4.7929771771613847
20.90853206850884 -4.3384090909090869 0.47125503034185423 4.0341134233740403 -0.13900906876470609 1.0639729191916116 -0.083490694041829294 0 -0.069504534382353045 0.036219772715882642 0.031449485389964407 0.27625558359469027 -5.0373164633416012
22.16662588951381 -4.3384090909090869 0.31057227921445635 3.346776516012532 -0.058175772820513227 1.0260731774721192 -0.073141009651098335 0 -0.029087886410256614 0.011878412712105737 0.010295239682141778 0.09607320858169463 -5.1895100738202506
23.197205383583277 -4.3384090909090869 0.18932814666792447 2.6866370320991084 0.0015628547860769837 0.9972156980820327 -0.063229713843154192 0 0.00078142739303849185 -0.0002289420725197096 -0.00019794170701563178 -0.0020774827066930165 -5.2748016161068083
24.017252825347757 -4.3384090909090869 0.10510364431498256 2.1007438263201257 0.041951273399725819 0.97728789076071187 -0.054379271535697007 0 0.02097563669986291 -0.0040739119506903567 -0.0035138476362557959 -0.04373477937595284 -5.3177949910025788
24.654611263119168 -4.3384090909090869 0.051145994852762958 1.6093368290509387 0.067584994854192337 0.96449040088785998 -0.046618362701651983 0 0.033792497427096169 -0.0039841132017797787 -0.0034290978284595179 -0.054128868094987521 -5.3368156639457229
25.140854591977543 -4.3384090909090878 0.01967603697079124 1.213844541742092 0.090444869709247921 0.95287078106104384 -0.039904948200296435 0 0.045222434854623961 -0.0029005696894170855 -0.0024922580784352425 -0.054759633137082285 -5.3430921155454989
25.506508347540908 -4.3384090909090869 0.0042939303108437106 0.90483749431963068 0.10763446633548412 0.94407796076684281 -0.032898900571834006 0 0.053817233167742062 -0.001336735851238714 -0.0011467573744005344 -0.04866399009545979 -5.3408249738352147
23.021228392801952 -1.4461363636363624 -0.0044054652893009728 0.92834067744801985 0.22295612558537536 -0.88127214404981258 0.020081895738975397 0 0.11147806279268768 -0.0028408639455756888 -0.0024371170087483167 0.10342191000707773 3.5383699817200234
22.646076769132392 -1.4461363636363624 -0.020187122666364955 1.2453741929038198 0.22619620315849709 -0.8792838772398236 0.025761600641375806 0 0.11309810157924854 -0.0074425450084943537 -0.0063948620125260907 0.14050723751211419 3.5026284328831383
22.147203254108145 -1.4461363636363624 -0.052474513720355123 1.6511394051443422 0.22850010709764834 -0.87781151374557598 0.03077075296531076 0 0.11425005354882417 -0.013819889948520521 -0.011894680751252584 0.18775947424800751 3.4506228217899224
21.493289410337972 -1.4461363636363624 -0.10783371486942381 2.155310715033032 0.22170421465616585 -0.88147704783779546 0.035972204255493884 0 0.11085210732808293 -0.022089059837130616 -0.019052348611182233 0.23713329357435231 3.381627241188204
20.651941209797744 -1.4461363636363624 -0.19424595139024176 2.7564225157482247 0.20861336810263909 -0.88865443400197863 0.040986934820548528 0 0.10430668405131954 -0.031353491454164557 -0.027108008375363458 0.284510118972855 3.2943425362674983
19.594592380096696 -1.4461363636363624 -0.31863940419413805 3.4337091440694385 0.18853813295491362 -0.89972821628137489 0.044170169483734839 0 0.094269066477456809 -0.03949592081731463 -0.034231844029694862 0.31944502441314104 3.1926259727834498
18.303819531472513 -1.4461363636363624 -0.48349589496984768 4.1388996497908881 0.16612424040898122 -0.91208168821655256 0.044528121575720447 0 0.083062120204490608 -0.044409142459289758 -0.038560282746938505 0.3387175746039669 3.082426190019159
16.78197305807333 -1.4461363636363624 -0.68137958948511779 4.7938315798706048 0.14631741003488297 -0.92294473401407884 0.043076767761733109 0 0.073158705017441483 -0.044628087976511924 -0.038723623544059602 0.3456973776105623 2.9705002293689926
15.058977530176513 -1.4461363636363624 -0.8918309474024968 5.3023945095687521 0.13459185095398152 -0.9293364876161927 0.04173537865189008 0 0.067295925476990759 -0.040872044274336418 -0.035215705580987029 0.35272745116947468 2.8615245712534132
13.195688651407949 -1.4461363636363624 -1.0843359287281644 5.57622540293674 0.13649889141371585 -0.92834067040604684 0.041045197725626273 0 0.068249445706857925 -0.034548267760310974 -0.029071357683986929 0.37788631327895511 2.7549086379312429
11.278858258374234 -1.4461363636363624 -1.2252116543633191 5.5647967346176674 0.1574081572040128 -0.91704573440256243 0.040236349362884241 0 0.0787040786020064 -0.024295650130327268 -0.018688427470529741 0.43689828529159536 2.6446533334491886
9.407149996630995 -1.4461363636363624 -1.287094559427483 5.2760717467868474 0.20297791455425163 -0.89199183254876058 0.037049373976522679 0 0.10148895727712581 -0.0050001858978523939 0.0011400908398575987 0.53543845979648075 2.5209713664790225
7.6721007726642112 -1.4461363636363624 -1.2640445389951711 4.769890998160327 0.27013174450621869 -0.85376833075246272 0.030787869330870105 0 0.13506587225310934 0.024663320870054656 0.031621131311936661 0.64300017708269142 2.3720562656016004
6.1405049071161049 -1.4461363636363624 -1.1748593804478715 4.1297894540287654 0.34720623871467859 -0.8076497665496295 0.022262431979691508 0 0.1736031193573393 0.057860780352694999 0.065586609885700711 0.71158955949532976 2.1949868478388348
4.8462887023122825 -1.4461363636363624 -1.0435885618159784 3.4456911493122693 0.4313028114182379 -0.75408023195588059 0.0077583732268702021 0 0.21565140570911895 0.091877975192325614 0.1002396852343633 0.73052084422340868 1.9998781434857242
3.7933902890614979 -1.4461363636363624 -0.88840378652046037 2.7900710211801893 0.52401939324418012 -0.6897358272091092 -0.015655523625408958 0 0.26200969662209006 0.1235702724655422 0.13248749488569753 0.70822028330991682 1.7976578836626589
2.9648127747366644 -1.4461363636363624 -0.72108944273622877 2.2116448940606168 0.63415213722344332 -0.60239948472599192 -0.054430906463296347 0 0.31707606861172166 0.15733714685176067 0.16700243756244287 0.66266155032275531 1.5956082404135787
2.3330906430849736 -1.4461363636363624 -0.54611024662812513 1.7347973597243576 0.77082614678569117 -0.4636901649689571 -0.11901799916554695 0 0.38541307339284558 0.19885869024069608 0.2097698422971607 0.60290625870081604 1.3940201553874223
1.8717832575180948 -1.4461363636363624 -0.35909570602006491 1.3757342456085226 0.91360917251164009 -0.15995758946784489 -0.24658547617407695 0 0.45680458625582004 0.25847447799446432 0.27153970165444502 0.5043769633094789 1.1839927084329258
1.5978939426567993 -1.4461363636363624 -0.13063894373585552 1.1951093157814434 0.15135824554809751 0.69401991549707509 -0.6057871832131605 0 0.075679122774048757 0.057189722302431002 0.05990839506338843 0.036339870219854381 0.93573835772807989
1.5978939426567937 -1.4461363636363624 0.13063894373585411 1.1951093157814201 -2.3682714263556157 1.7795688995341834 -0.44878275163636927 0 -1.1841357131778079 -0.89483585594957893 -0.93737437107355825 0.56860249646457817 0.6191762149548824
1.8717832575180959 -1.4461363636363624 0.35909570602006469 1.3757342456085921 -1.7755834824763235 1.6618224550224954 -0.11802377073848264 0 -0.88779174123816174 -0.50234063708771048 -0.52773267125670387 0.98024782580926206 0.32918998767657481
2.3330906430849807 -1.4461363636363624 0.54611024662812624 1.7347973597243198 -1.1415986577273323 1.4618369970116527 -0.06805330186908902 0 -0.57079932886366613 -0.29451104480931273 -0.31067053368220593 0.89290818498869817 0.078176896816686103
2.964812774736663 -1.4461363636363624 0.72108944273622833 2.2116448940606048 -0.93687530118179718 1.3901996250437429 -0.064963864648230979 0 -0.46843765059089859 -0.2324446740638979 -0.24672385348167436 0.97899416102018866 -0.19037971794918096
3.7933902890614948 -1.4461363636363624 0.88840378652045959 2.7900710211801862 -0.833595505334084 1.352004638497744 -0.075358893401299754 0 -0.416797752667042 -0.19657215944331455 -0.21075742934999911 1.1266171683048385 -0.49976410667008253
4.8462887023122798 -1.4461363636363624 1.0435885618159779 3.4456911493122804 -0.77639125457359315 1.3297533492420897 -0.090262310811536919 0 -0.38819562728679657 -0.16539019579466474 -0.18044216943835828 1.3150157609076767 -0.86516169078249783
6.1405049071161084 -1.4461363636363624 1.1748593804478715 4.1297894540287858 -0.74378727335052286 1.3162699682838315 -0.10592754101084463 0 -0.37189363667526143 -0.12394970842626488 -0.14050002648505827 1.5243713942498291 -1.2994983929033634
7.6721007726642227 -1.4461363636363629 1.2640445389951713 4.7698909981603572 -0.72280477821115263 1.3069923145879447 -0.12073055876288995 0 -0.36140238910557632 -0.065992859165872775 -0.084610214347407203 1.7205071593327317 -1.8072631718421641
9.4071499966310057 -1.4461363636363629 1.287094559427483 5.2760717467868226 -0.69272230352356479 1.2940980687332426 -0.13428511467938778 0 -0.34636115176178239 0.017064616615128123 -0.0038908979558019072 1.8273424676761556 -2.3848476643682059
11.278858258374239 -1.4461363636363624 1.2252116543633187 5.5647967346176728 -0.63137292329277517 1.2691499221963762 -0.14363634039374273 0 -0.31568646164638758 0.097451211668795057 0.074960327935994359 1.752423460549372 -2.9995204358780283
13.195688651407954 -1.4461363636363624 1.0843359287281635 5.5762254029367213 -0.54124556725615935 1.2330474956873525 -0.14435872206177139 0 -0.27062278362807968 0.1369908325846545 0.11527378220886572 1.4983952607285009 -3.5947761353239405
15.058977530176511 -1.4461363636363624 0.89183094740249591 5.3023945095687459 -0.43412611728733408 1.1897976270404214 -0.13604309602591558 0 -0.21706305864366704 0.13183280979232831 0.11358828504880959 1.1377226611529243 -4.1194051201146955
16.781973058073326 -1.4461363636363624 0.68137958948511712 4.7938315798706057 -0.3201775047028188 1.1425838074703543 -0.12116000829220541 0 -0.1600887523514094 0.097656935320075161 0.084736554292701674 0.75646858237355419 -4.5387089038136521
18.303819531472513 -1.4461363636363624 0.48349589496984718 4.1388996497909236 -0.21075694770588105 1.0954799715018697 -0.10334689034578584 0 -0.10537847385294052 0.05634057553499288 0.048920298894447885 0.42972104481636098 -4.8405576801161816
19.594592380096699 -1.4461363636363624 0.31863940419413794 3.4337091440694287 -0.1159827440575576 1.052915358829775 -0.085743753113119631 0 -0.057991372028778798 0.024296651312271295 0.021058356431607316 0.19651255651200017 -5.0356828920162595
20.651941209797741 -1.4461363636363624 0.19424595139024153 2.7564225157482092 -0.040032120922411485 1.0173792653715676 -0.070509228576270996 0 -0.020016060461205742 0.0060166171163842886 0.0052019248771937561 0.054596422031627512 -5.1490562946141232
21.493289410337969 -1.4461363636363624 0.10783371486942341 2.1553107150330622 0.01832834796413374 0.98906472145272151 -0.058503237632771862 0 0.00916417398206687 -0.0018261086083698637 -0.001575062862116947 -0.019603874131361693 -5.2074437262352129
22.147203254108142 -1.4461363636363624 0.052474513720354735 1.6511394051443209 0.060069962360959295 0.96823062681278405 -0.049593254992630266 0 0.030034981180479647 -0.003633084813765348 -0.0031269701975151446 -0.049359734199911215 -5.232088126986489
22.646076769132385 -1.4461363636363627 0.020187122666364871 1.2453741929038353 0.094173021395608791 0.95078707889902392 -0.042789124822231267 0 0.047086510697804396 -0.0030985796425220787 -0.0026623942785882811 -0.05849784788471734 -5.23884503064897
23.021228392801952 -1.4461363636363624 0.004405465289301011 0.92834067744802073 0.11902431789455736 0.93791035175046522 -0.036053490604395069 0 0.059512158947278682 -0.0015165848996775439 -0.0013010460638114103 -0.055211411041635815 -5.2349698845740464