# ComponentNum
1
# Component0
# SurfNodeNumPts
1325
# SurfFaceNumPts
1248
# nXsecs
52
# nYsecs
24
# Nodes,x,y,z
0,9.873,0.0,0.0
1,9.764508974794015,0.0,-0.0025768453878087694
2,9.628427232996174,0.0,-0.008710794095796072
3,9.458846001676207,0.0,-0.01916786987285843
4,9.249228660326363,0.0,-0.03536654696607436
5,8.992697819562936,0.0,-0.05904305958738293
6,8.682517490479611,0.0,-0.09187727240960164
7,8.312849606565928,0.0,-0.13528893557502333
8,7.879755808038939,0.0,-0.1900823807550862
9,7.382286225642862,0.0,-0.2554365742338622
10,6.823588151198073,0.0,-0.3283362141223836
11,6.211777928961343,0.0,-0.40370564643723233
12,5.560131602188182,0.0,-0.47458175269440894
13,4.886496130943522,0.0,-0.5339816742531784
14,4.211494737646703,0.0,-0.5748627829916135
15,3.5562568278178146,0.0,-0.5919695273932974
16,2.9398958660509527,0.0,-0.5848044686480286
17,2.377110811925281,0.0,-0.5582906083941749
18,1.8769827061187292,0.0,-0.5183290679446648
19,1.4432550879706159,0.0,-0.46897379909195713
20,1.0751467687881868,0.0,-0.41399391278835396
21,0.7687202651494393,0.0,-0.35586165287986626
22,0.5182695667792216,0.0,-0.2956422208260894
23,0.3174813580616851,0.0,-0.23344810103884736
24,0.16026129842870857,0.0,-0.16926705085656107
25,0.04690764294370263,0.0,-0.09470877548244146
26,0.0,0.0,0.0
27,0.0469076429437051,0.0,0.09470877548244377
28,0.1602612984287126,0.0,0.16926705085656302
29,0.31748135806169,0.0,0.2334481010388491
30,0.5182695667792215,0.0,0.29564222082608926
31,0.7687202651494413,0.0,0.3558616528798666
32,1.0751467687881904,0.0,0.4139939127883545
33,1.4432550879706167,0.0,0.46897379909195724
34,1.876982706118733,0.0,0.5183290679446652
35,2.377110811925285,0.0,0.5582906083941752
36,2.9398958660509575,0.0,0.5848044686480288
37,3.556256827817818,0.0,0.5919695273932973
38,4.2114947376467065,0.0,0.5748627829916133
39,4.8864961309435255,0.0,0.5339816742531783
40,5.5601316021881875,0.0,0.47458175269440867
41,6.211777928961346,0.0,0.403705646437232
42,6.823588151198075,0.0,0.32833621412238356
43,7.382286225642864,0.0,0.2554365742338623
44,7.879755808038938,0.0,0.19008238075508624
45,8.31284960656593,0.0,0.13528893557502286
46,8.68251749047961,0.0,0.09187727240960167
47,8.992697819562942,0.0,0.05904305958738257
48,9.24922866032636,0.0,0.035366546966074205
49,9.45884600167621,0.0,0.019167869872858137
50,9.62842723299617,0.0,0.008710794095796143
51,9.764508974794014,0.0,0.0025768453878087134
52,9.873,0.0,0.0
53,7.5985487790934645,2.651250000000005,0.0
54,7.484532290113442,2.651250000000005,-0.0027080845001187575
55,7.341519885312054,2.651250000000004,-0.00915443611252548
56,7.163301857089891,2.651250000000005,-0.020144092287632965
57,6.943008673901151,2.651250000000005,-0.03716777037329011
58,6.673412679915415,2.651250000000005,-0.062050131243670016
59,6.34743482132663,2.6512500000000045,-0.09655659532495611
60,5.958939698043496,2.651250000000005,-0.14217922084174142
61,5.503788369043567,2.651250000000005,-0.19976330419507568
62,4.980982588091008,2.651250000000005,-0.26844599630185173
63,4.393829939038703,2.6512500000000045,-0.34505842550709
64,3.7508601327429543,2.651250000000005,-0.42426643402798714
65,3.066025363283095,2.651250000000005,-0.4987522707382159
66,2.3580815390092114,2.651250000000005,-0.5611774389856449
67,1.6487022260733672,2.6512500000000054,-0.6041406285685355
68,0.960092953707699,2.651250000000006,-0.6221186219634312
69,0.3123406380522762,2.6512500000000045,-0.6145886457288062
70,-0.27910714115353263,2.651250000000005,-0.586724430696164
71,-0.8047068445025127,2.651250000000005,-0.5447276431495849
72,-1.260524273649527,2.651250000000006,-0.49285870323896475
73,-1.647380403341652,2.651250000000005,-0.4350786832884125
74,-1.969413253607195,2.651250000000005,-0.37398573888443354
75,-2.232619442658782,2.651250000000005,-0.31069932235268233
76,-2.4436338241995195,2.651250000000005,-0.24533764695252108
77,-2.6088611244535955,2.651250000000005,-0.1778878465018267
78,-2.727987898183618,2.6512500000000045,-0.09953230726323295
79,-2.777284554239869,2.651250000000005,0.0
80,-2.727987898183615,2.6512500000000045,0.09953230726323539
81,-2.6088611244535915,2.651250000000004,0.17788784650182876
82,-2.443633824199514,2.6512500000000045,0.24533764695252291
83,-2.232619442658782,2.651250000000005,0.3106993223526822
84,-1.9694132536071933,2.651250000000005,0.3739857388844339
85,-1.6473804033416481,2.651250000000005,0.43507868328841304
86,-1.2605242736495257,2.651250000000005,0.49285870323896486
87,-0.8047068445025087,2.651250000000005,0.5447276431495853
88,-0.2791071411535291,2.651250000000005,0.5867244306961643
89,0.31234063805228107,2.6512500000000045,0.6145886457288064
90,0.960092953707703,2.651250000000005,0.622118621963431
91,1.6487022260733717,2.651250000000005,0.6041406285685352
92,2.358081539009214,2.651250000000005,0.5611774389856446
93,3.0660253632831003,2.651250000000005,0.4987522707382156
94,3.750860132742957,2.651250000000005,0.4242664340279868
95,4.393829939038705,2.651250000000005,0.34505842550708987
96,4.98098258809101,2.651250000000005,0.26844599630185184
97,5.503788369043567,2.651250000000005,0.1997633041950757
98,5.958939698043497,2.651250000000005,0.14217922084174092
99,6.347434821326628,2.651250000000005,0.09655659532495614
100,6.673412679915419,2.651250000000005,0.06205013124366964
101,6.943008673901148,2.651250000000004,0.03716777037328994
102,7.163301857089896,2.651250000000005,0.02014409228763266
103,7.34151988531205,2.651250000000005,0.009154436112525557
104,7.484532290113441,2.651250000000005,0.0027080845001186985
105,7.5985487790934645,2.651250000000005,0.0
106,5.324097558186942,5.302499999999996,0.0
107,5.204555605432882,5.302499999999996,-0.0028393236124287444
108,5.054612537627948,5.302499999999994,-0.009598078129254891
109,4.867757712503586,5.302499999999996,-0.021120314702407494
110,4.636788687475951,5.302499999999996,-0.03896899378050585
111,4.354127540267903,5.302499999999996,-0.06505720289995709
112,4.01235215217366,5.302499999999995,-0.10123591824031059
113,3.6050297895210743,5.302499999999996,-0.14906950610845948
114,3.127820930048208,5.302499999999996,-0.2094442276350651
115,2.579678950539166,5.302499999999996,-0.28145541836984117
116,1.9640717268793466,5.302499999999995,-0.3617806368917962
117,1.289942336524578,5.302499999999996,-0.4448272216187418
118,0.5719191243780202,5.302499999999996,-0.5229227887820227
119,-0.17033305292508683,5.302499999999996,-0.588373203718111
120,-0.9140902854999542,5.302499999999997,-0.6334184741454573
121,-1.6360709204024029,5.3024999999999975,-0.6522677165335647
122,-2.3152145899463865,5.302499999999995,-0.6443728228095837
123,-2.9353250942323323,5.302499999999996,-0.615158252998153
124,-3.48639639512374,5.302499999999996,-0.5711262183545048
125,-3.9643036352696557,5.3024999999999975,-0.5167436073859722
126,-4.369907575471476,5.302499999999996,-0.45616345378847084
127,-4.707546772363815,5.302499999999996,-0.39210982488900076
128,-4.983508452096772,5.302499999999996,-0.32575642387927517
129,-5.204749006460709,5.302499999999996,-0.2572271928661947
130,-5.3779835473358855,5.302499999999996,-0.18650864214709229
131,-5.502883439310923,5.302499999999995,-0.10435583904402441
132,-5.554569108479723,5.302499999999996,0.0
133,-5.502883439310921,5.302499999999995,0.10435583904402698
134,-5.377983547335882,5.302499999999994,0.18650864214709445
135,-5.204749006460704,5.302499999999995,0.25722719286619666
136,-4.983508452096772,5.302499999999996,0.3257564238792751
137,-4.707546772363814,5.302499999999996,0.39210982488900115
138,-4.369907575471473,5.302499999999996,0.45616345378847145
139,-3.964303635269654,5.302499999999996,0.5167436073859724
140,-3.4863963951237364,5.302499999999996,0.5711262183545053
141,-2.935325094232329,5.302499999999996,0.6151582529981533
142,-2.315214589946381,5.302499999999995,0.644372822809584
143,-1.636070920402398,5.302499999999996,0.6522677165335646
144,-0.9140902854999502,5.302499999999996,0.6334184741454569
145,-0.17033305292508327,5.302499999999996,0.5883732037181109
146,0.5719191243780255,5.302499999999996,0.5229227887820224
147,1.2899423365245806,5.302499999999996,0.4448272216187414
148,1.9640717268793484,5.302499999999996,0.3617806368917961
149,2.579678950539167,5.302499999999996,0.2814554183698413
150,3.127820930048207,5.302499999999996,0.20944422763506515
151,3.605029789521077,5.302499999999996,0.14906950610845895
152,4.0123521521736585,5.302499999999996,0.10123591824031061
153,4.354127540267909,5.302499999999996,0.0650572028999567
154,4.636788687475948,5.302499999999994,0.03896899378050568
155,4.8677577125035905,5.302499999999996,0.021120314702407172
156,5.0546125376279445,5.302499999999996,0.009598078129254967
157,5.204555605432882,5.302499999999996,0.0028393236124286832
158,5.324097558186942,5.302499999999996,0.0
159,3.0496463372804072,7.95375,0.0
160,2.9245789207523085,7.953750000000001,-0.002970562724738733
161,2.767705189943828,7.953749999999998,-0.0100417201459843
162,2.57221356791727,7.953750000000001,-0.022096537117182034
163,2.3305687010507397,7.95375,-0.0407702171877216
164,2.0348424006203825,7.95375,-0.06806427455624418
165,1.6772694830206785,7.953749999999999,-0.10591524115566506
166,1.2511198809986412,7.95375,-0.15595979137517757
167,0.7518534910528372,7.95375,-0.21912515107505456
168,0.1783753129873098,7.95375,-0.2944648404378307
169,-0.4656864852800231,7.953749999999999,-0.37850284827650255
170,-1.1709754596938104,7.95375,-0.46538800920949663
171,-1.9221871145270661,7.95375,-0.5470933068258297
172,-2.698747644859398,7.95375,-0.6155689684505774
173,-3.47688279707329,7.953750000000002,-0.6626963197223792
174,-4.232234794512518,7.953750000000003,-0.6824168111036985
175,-4.942769817945064,7.953749999999999,-0.6741569998903614
176,-5.591543047311145,7.95375,-0.643592075300142
177,-6.168085945744982,7.953750000000001,-0.597524793559425
178,-6.668082996889798,7.953750000000003,-0.5406285115329799
179,-7.092434747601315,7.953750000000001,-0.47724822428852937
180,-7.445680291120449,7.953750000000001,-0.4102339108935681
181,-7.734397461534775,7.95375,-0.3408135254058681
182,-7.9658641887219135,7.95375,-0.2691167387798684
183,-8.14710597021819,7.95375,-0.19512943779235792
184,-8.277778980438244,7.953749999999999,-0.10917937082481591
185,-8.331853662719592,7.95375,0.0
186,-8.27777898043824,7.953749999999999,0.10917937082481857
187,-8.147105970218186,7.9537499999999985,0.1951294377923602
188,-7.965864188721907,7.953749999999999,0.2691167387798704
189,-7.734397461534775,7.95375,0.340813525405868
190,-7.445680291120447,7.95375,0.4102339108935685
191,-7.0924347476013105,7.95375,0.47724822428853
192,-6.6680829968897966,7.95375,0.54062851153298
193,-6.168085945744979,7.95375,0.5975247935594253
194,-5.591543047311143,7.95375,0.6435920753001423
195,-4.942769817945058,7.953749999999999,0.6741569998903616
196,-4.232234794512514,7.953750000000001,0.6824168111036983
197,-3.476882797073285,7.95375,0.6626963197223789
198,-2.6987476448593943,7.95375,0.6155689684505772
199,-1.9221871145270617,7.953750000000001,0.5470933068258292
200,-1.1709754596938087,7.953750000000001,0.4653880092094962
201,-0.4656864852800213,7.95375,0.37850284827650243
202,0.17837531298731157,7.95375,0.29446484043783083
203,0.7518534910528363,7.95375,0.2191251510750546
204,1.251119880998644,7.95375,0.15595979137517701
205,1.6772694830206776,7.95375,0.10591524115566509
206,2.034842400620387,7.953750000000001,0.06806427455624378
207,2.330568701050737,7.953749999999998,0.04077021718772142
208,2.5722135679172755,7.95375,0.022096537117181698
209,2.7677051899438245,7.95375,0.010041720145984381
210,2.9245789207523085,7.953750000000001,0.0029705627247386683
211,3.0496463372804072,7.95375,0.0
212,0.7751951163738742,10.605000000000006,0.0
213,0.6446022360717354,10.605000000000006,-0.0031018018370487207
214,0.4807978422597081,10.605000000000002,-0.01048536216271371
215,0.27666942333095346,10.605000000000006,-0.02307275953195657
216,0.024348714625528345,10.605000000000006,-0.042571440594937345
217,-0.28444273902714023,10.605000000000006,-0.07107134621253126
218,-0.6578131861323033,10.605000000000004,-0.11059456407101953
219,-1.1027900275237918,10.605000000000006,-0.16285007664189566
220,-1.6241139479425355,10.605000000000006,-0.22880607451504403
221,-2.2229283245645455,10.605000000000006,-0.3074742625058202
222,-2.895444697439392,10.605000000000004,-0.39522505966120886
223,-3.6318932559121997,10.605000000000006,-0.4859487968002514
224,-4.416293353432154,10.605000000000006,-0.5712638248696366
225,-5.227162236793709,10.605000000000006,-0.6427647331830437
226,-6.039675308646625,10.605000000000008,-0.6919741652993011
227,-6.828398668622634,10.60500000000001,-0.7125659056738323
228,-7.570325045943741,10.605000000000004,-0.703941176971139
229,-8.247761000389959,10.605000000000006,-0.672025897602131
230,-8.849775496366224,10.605000000000006,-0.623923368764345
231,-9.371862358509942,10.60500000000001,-0.5645134156799875
232,-9.814961919731154,10.605000000000006,-0.49833299478858784
233,-10.183813809877083,10.605000000000006,-0.42835799689813536
234,-10.48528647097278,10.605000000000006,-0.3558706269324611
235,-10.726979370983118,10.605000000000006,-0.28100628469354216
236,-10.916228393100493,10.605000000000006,-0.20375023343762355
237,-11.052674521565564,10.605000000000004,-0.1140029026056074
238,-11.10913821695946,10.605000000000006,0.0
239,-11.05267452156556,10.605000000000004,0.11400290260561019
240,-10.91622839310049,10.605000000000002,0.20375023343762594
241,-10.726979370983113,10.605000000000004,0.2810062846935442
242,-10.48528647097278,10.605000000000006,0.35587062693246097
243,-10.183813809877082,10.605000000000006,0.4283579968981358
244,-9.81496191973115,10.605000000000006,0.49833299478858856
245,-9.371862358509938,10.605000000000006,0.5645134156799876
246,-8.84977549636622,10.605000000000006,0.6239233687643455
247,-8.247761000389957,10.605000000000006,0.6720258976021314
248,-7.570325045943735,10.605000000000004,0.7039411769711392
249,-6.828398668622629,10.605000000000006,0.712565905673832
250,-6.03967530864662,10.605000000000006,0.6919741652993008
251,-5.227162236793705,10.605000000000006,0.6427647331830435
252,-4.41629335343215,10.605000000000006,0.5712638248696361
253,-3.631893255912197,10.605000000000006,0.48594879680025094
254,-2.895444697439392,10.605000000000006,0.39522505966120874
255,-2.2229283245645437,10.605000000000006,0.30747426250582033
256,-1.6241139479425364,10.605000000000006,0.2288060745150441
257,-1.1027900275237883,10.605000000000006,0.16285007664189508
258,-0.6578131861323042,10.605000000000006,0.11059456407101956
259,-0.2844427390271358,10.605000000000006,0.07107134621253085
260,0.02434871462552657,10.605000000000002,0.042571440594937164
261,0.2766694233309597,10.605000000000006,0.02307275953195622
262,0.48079784225970634,10.605000000000006,0.010485362162713795
263,0.6446022360717354,10.605000000000006,0.0031018018370486534
264,0.7751951163738742,10.605000000000006,0.0
265,-1.4992561045326491,13.256249999999996,0.0
266,-1.6353744486088262,13.256249999999998,-0.0032330409493587084
267,-1.8061095054243994,13.25624999999999,-0.01092900417944312
268,-2.01887472125535,13.256249999999998,-0.0240489819467311
269,-2.2818712717996705,13.256249999999996,-0.04437266400215309
270,-2.6037278786746505,13.256249999999996,-0.07407841786881834
271,-2.9928958552852727,13.256249999999994,-0.115273886986374
272,-3.4566999360462134,13.256249999999996,-0.1697403619086137
273,-4.000081386937893,13.256249999999996,-0.23848699795503345
274,-4.6242319621163865,13.256249999999996,-0.3204836845738097
275,-5.325202909598748,13.256249999999994,-0.4119472710459151
276,-6.0928110521305765,13.256249999999996,-0.5065095843910061
277,-6.910399592337227,13.256249999999996,-0.5954343429134433
278,-7.755576828728008,13.256249999999996,-0.6699604979155099
279,-8.602467820219946,13.25625,-0.7212520108762228
280,-9.424562542732737,13.25625,-0.7427150002439658
281,-10.197880273942404,13.256249999999994,-0.7337253540519164
282,-10.903978953468759,13.256249999999996,-0.70045971990412
283,-11.531465046987451,13.256249999999998,-0.6503219439692649
284,-12.075641720130069,13.25625,-0.588398319826995
285,-12.537489091860978,13.256249999999998,-0.5194177652886462
286,-12.921947328633703,13.256249999999998,-0.4464820829027026
287,-13.236175480410768,13.256249999999996,-0.3709277284590539
288,-13.488094553244308,13.256249999999996,-0.2928958306072158
289,-13.685350815982783,13.256249999999996,-0.21237102908288913
290,-13.82757006269287,13.256249999999994,-0.11882643438639888
291,-13.886422771199316,13.256249999999996,0.0
292,-13.827570062692867,13.256249999999994,0.11882643438640178
293,-13.68535081598278,13.256249999999993,0.2123710290828916
294,-13.4880945532443,13.256249999999994,0.29289583060721797
295,-13.236175480410768,13.256249999999996,0.37092772845905386
296,-12.921947328633701,13.256249999999996,0.4464820829027031
297,-12.537489091860973,13.256249999999996,0.5194177652886469
298,-12.075641720130067,13.256249999999996,0.5883983198269951
299,-11.531465046987448,13.256249999999996,0.6503219439692655
300,-10.903978953468757,13.256249999999996,0.7004597199041205
301,-10.197880273942395,13.256249999999994,0.7337253540519169
302,-9.42456254273273,13.256249999999998,0.7427150002439656
303,-8.60246782021994,13.256249999999996,0.7212520108762226
304,-7.755576828728003,13.256249999999996,0.6699604979155097
305,-6.910399592337223,13.256249999999998,0.595434342913443
306,-6.092811052130574,13.256249999999998,0.5065095843910057
307,-5.325202909598748,13.256249999999996,0.411947271045915
308,-4.624231962116386,13.256249999999996,0.3204836845738098
309,-4.000081386937894,13.256249999999996,0.2384869979550335
310,-3.456699936046208,13.256249999999996,0.16974036190861308
311,-2.9928958552852727,13.256249999999996,0.115273886986374
312,-2.603727878674646,13.256249999999998,0.0740784178688179
313,-2.2818712717996714,13.25624999999999,0.044372664002152895
314,-2.0188747212553437,13.256249999999996,0.024048981946730733
315,-1.806109505424402,13.256249999999996,0.010929004179443206
316,-1.6353744486088244,13.256249999999998,0.003233040949358638
317,-1.4992561045326491,13.256249999999996,0.0
318,-3.773707325439183,15.9075,0.0
319,-3.9153511332893993,15.907500000000002,-0.003364280061668696
320,-4.093016853108518,15.907499999999995,-0.011372646196172528
321,-4.314418865841667,15.907500000000002,-0.025025204361505637
322,-4.588091258224883,15.9075,-0.046173887409368834
323,-4.923013018322171,15.9075,-0.07708548952510544
324,-5.3279785244382545,15.907499999999999,-0.11995320990172847
325,-5.810609844568646,15.9075,-0.17663064717533178
326,-6.376048825933266,15.9075,-0.24816792139502292
327,-7.025535599668242,15.9075,-0.3334931066417992
328,-7.754961121758119,15.907499999999999,-0.4286694824306214
329,-8.553728848348964,15.9075,-0.5270703719817609
330,-9.404505831242314,15.9075,-0.6196048609572502
331,-10.283991420662318,15.9075,-0.6971562626479763
332,-11.165260331793283,15.907500000000004,-0.7505298564531449
333,-12.020726416842852,15.907500000000006,-0.7728640948140995
334,-12.82543550194108,15.907499999999999,-0.7635095311326942
335,-13.56019690654757,15.9075,-0.728893542206109
336,-14.213154597608694,15.907500000000002,-0.676720519174185
337,-14.779421081750213,15.907500000000006,-0.6122832239740026
338,-15.260016263990817,15.907500000000002,-0.5405025357887048
339,-15.660080847390336,15.907500000000002,-0.4646061689072699
340,-15.987064489848771,15.9075,-0.38598482998564687
341,-16.249209735505513,15.9075,-0.30478537652088955
342,-16.454473238865088,15.9075,-0.2209918247281548
343,-16.60246560382019,15.907499999999999,-0.12364996616719037
344,-16.663707325439184,15.9075,0.0
345,-16.60246560382019,15.907499999999999,0.1236499661671934
346,-16.454473238865084,15.907499999999997,0.22099182472815737
347,-16.249209735505506,15.907499999999999,0.30478537652089177
348,-15.987064489848771,15.9075,0.38598482998564676
349,-15.660080847390336,15.9075,0.46460616890727036
350,-15.260016263990812,15.9075,0.5405025357887054
351,-14.77942108175021,15.9075,0.6122832239740028
352,-14.213154597608689,15.9075,0.6767205191741856
353,-13.56019690654757,15.9075,0.7288935422061095
354,-12.825435501941072,15.907499999999999,0.7635095311326944
355,-12.020726416842844,15.907500000000002,0.7728640948140995
356,-11.165260331793277,15.9075,0.7505298564531444
357,-10.283991420662314,15.9075,0.697156262647976
358,-9.40450583124231,15.907500000000002,0.6196048609572498
359,-8.553728848348964,15.907500000000002,0.5270703719817604
360,-7.754961121758118,15.9075,0.4286694824306213
361,-7.025535599668241,15.9075,0.3334931066417993
362,-6.376048825933266,15.9075,0.24816792139502297
363,-5.810609844568641,15.9075,0.17663064717533117
364,-5.3279785244382545,15.9075,0.1199532099017285
365,-4.923013018322168,15.907500000000002,0.07708548952510497
366,-4.588091258224884,15.907499999999995,0.04617388740936863
367,-4.3144188658416605,15.9075,0.025025204361505255
368,-4.09301685310852,15.9075,0.01137264619617262
369,-3.9153511332893967,15.907500000000002,0.003364280061668623
370,-3.773707325439183,15.9075,0.0
371,-6.048158546345718,18.558750000000007,0.0
372,-6.1953278179699725,18.558750000000007,-0.003495519173978684
373,-6.379924200792636,18.55875,-0.011816288212901939
374,-6.609963010427983,18.558750000000007,-0.026001426776280173
375,-6.894311244650095,18.558750000000007,-0.04797511081658458
376,-7.242298157969693,18.558750000000007,-0.08009256118139252
377,-7.663061193591236,18.558750000000003,-0.12463253281708295
378,-8.164519753091078,18.558750000000007,-0.18352093244204987
379,-8.752016264928638,18.558750000000007,-0.25784884483501236
380,-9.426839237220097,18.558750000000007,-0.34650252870978876
381,-10.184719333917489,18.558750000000003,-0.4453916938153277
382,-11.014646644567353,18.558750000000007,-0.5476311595725156
383,-11.898612070147404,18.558750000000007,-0.6437753790010572
384,-12.81240601259663,18.558750000000007,-0.7243520273804426
385,-13.728052843366616,18.55875000000001,-0.7798077020300667
386,-14.616890290952966,18.55875000000001,-0.8030131893842333
387,-15.452990729939756,18.558750000000003,-0.7932937082134718
388,-16.216414859626383,18.558750000000007,-0.7573273645080981
389,-16.894844148229936,18.558750000000007,-0.7031190943791051
390,-17.483200443370354,18.55875000000001,-0.6361681281210102
391,-17.982543436120658,18.558750000000007,-0.5615873062887633
392,-18.39821436614697,18.558750000000007,-0.4827302549118372
393,-18.737953499286775,18.558750000000007,-0.40104193151223977
394,-19.010324917766717,18.558750000000007,-0.31667492243456324
395,-19.223595661747392,18.558750000000007,-0.2296126203734204
396,-19.37736114494751,18.558750000000003,-0.12847349794798185
397,-19.440991879679054,18.558750000000007,0.0
398,-19.377361144947507,18.558750000000003,0.12847349794798502
399,-19.22359566174739,18.55875,0.22961262037342312
400,-19.01032491776671,18.558750000000003,0.31667492243456563
401,-18.737953499286775,18.558750000000007,0.4010419315122397
402,-18.39821436614697,18.558750000000007,0.48273025491183774
403,-17.982543436120647,18.558750000000007,0.561587306288764
404,-17.48320044337035,18.558750000000007,0.6361681281210103
405,-16.894844148229932,18.558750000000007,0.7031190943791057
406,-16.216414859626386,18.558750000000007,0.7573273645080985
407,-15.45299072993975,18.558750000000003,0.793293708213472
408,-14.616890290952961,18.558750000000007,0.8030131893842332
409,-13.72805284336661,18.558750000000007,0.7798077020300664
410,-12.812406012596625,18.558750000000007,0.7243520273804425
411,-11.898612070147399,18.558750000000007,0.6437753790010567
412,-11.014646644567351,18.558750000000007,0.5476311595725152
413,-10.184719333917489,18.558750000000007,0.4453916938153276
414,-9.426839237220097,18.558750000000007,0.3465025287097888
415,-8.752016264928638,18.558750000000007,0.25784884483501247
416,-8.164519753091074,18.558750000000007,0.1835209324420492
417,-7.663061193591235,18.558750000000007,0.12463253281708297
418,-7.24229815796969,18.558750000000007,0.08009256118139205
419,-6.894311244650096,18.55875,0.04797511081658438
420,-6.609963010427977,18.558750000000007,0.026001426776279778
421,-6.3799242007926384,18.558750000000007,0.011816288212902034
422,-6.19532781796997,18.558750000000007,0.0034955191739786083
423,-6.048158546345718,18.558750000000007,0.0
424,-8.322609767252242,21.209999999999997,0.0
425,-8.475304502650534,21.209999999999997,-0.0036267582862886715
426,-8.666831548476743,21.20999999999999,-0.012259930229631347
427,-8.905507155014288,21.209999999999997,-0.026977649191054706
428,-9.200531231075296,21.209999999999997,-0.049776334223800324
429,-9.561583297617204,21.209999999999997,-0.0830996328376796
430,-9.998143862744206,21.209999999999994,-0.12931185573243742
431,-10.5184296616135,21.209999999999997,-0.1904112177087679
432,-11.127983703923999,21.209999999999997,-0.2675297682750018
433,-11.828142874771942,21.209999999999997,-0.3595119507777782
434,-12.614477546076845,21.209999999999994,-0.46211390520003404
435,-13.47556444078573,21.209999999999997,-0.5681919471632703
436,-14.392718309052476,21.209999999999997,-0.667945897044864
437,-15.340820604530927,21.209999999999997,-0.7515477921129088
438,-16.29084535493994,21.21,-0.8090855476069885
439,-17.213054165063067,21.210000000000004,-0.8331622839543669
440,-18.08054595793842,21.209999999999994,-0.8230778852942493
441,-18.872632812705184,21.209999999999997,-0.7857611868100871
442,-19.57653369885116,21.209999999999997,-0.7295176695840251
443,-20.186979804990482,21.210000000000004,-0.6600530322680177
444,-20.70507060825048,21.209999999999997,-0.5826720767888217
445,-21.136347884903593,21.209999999999997,-0.5008543409164044
446,-21.488842508724765,21.209999999999997,-0.41609903303883267
447,-21.771440100027906,21.209999999999997,-0.32856446834823694
448,-21.992718084629683,21.209999999999997,-0.238233416018686
449,-22.152256686074814,21.209999999999994,-0.13329702972877333
450,-22.218276433918906,21.209999999999997,0.0
451,-22.152256686074814,21.209999999999994,0.1332970297287766
452,-21.99271808462968,21.20999999999999,0.2382334160186888
453,-21.7714401000279,21.209999999999994,0.3285644683482393
454,-21.488842508724765,21.209999999999997,0.4160990330388326
455,-21.13634788490359,21.209999999999997,0.500854340916405
456,-20.705070608250473,21.209999999999997,0.5826720767888225
457,-20.18697980499048,21.209999999999997,0.6600530322680178
458,-19.57653369885116,21.209999999999997,0.7295176695840256
459,-18.872632812705184,21.209999999999997,0.7857611868100876
460,-18.080545957938412,21.209999999999994,0.8230778852942495
461,-17.21305416506306,21.209999999999997,0.8331622839543666
462,-16.290845354939933,21.209999999999997,0.8090855476069881
463,-15.340820604530922,21.209999999999997,0.7515477921129086
464,-14.392718309052473,21.209999999999997,0.6679458970448635
465,-13.475564440785728,21.209999999999997,0.5681919471632698
466,-12.614477546076847,21.209999999999997,0.4621139052000338
467,-11.828142874771938,21.209999999999997,0.3595119507777783
468,-11.127983703923999,21.209999999999997,0.26752976827500186
469,-10.518429661613494,21.209999999999997,0.19041121770876723
470,-9.998143862744204,21.209999999999997,0.12931185573243742
471,-9.5615832976172,21.209999999999997,0.0830996328376791
472,-9.200531231075292,21.20999999999999,0.04977633422380011
473,-8.90550715501428,21.209999999999997,0.026977649191054293
474,-8.666831548476747,21.209999999999997,0.012259930229631445
475,-8.47530450265053,21.209999999999997,0.0036267582862885926
476,-8.322609767252242,21.209999999999997,0.0
477,-10.597060988158775,23.861250000000002,0.0
478,-10.755281187331105,23.861250000000005,-0.003757997398598659
479,-10.953738896160862,23.86124999999999,-0.012703572246360758
480,-11.201051299600605,23.861250000000005,-0.027953871605829243
481,-11.506751217500506,23.861250000000002,-0.05157755763101607
482,-11.880868437264727,23.861250000000002,-0.08610670449396668
483,-12.333226531897187,23.86125,-0.1339911786477919
484,-12.872339570135933,23.861250000000002,-0.197301502975486
485,-13.503951142919368,23.861250000000002,-0.27721069171499124
486,-14.229446512323797,23.861250000000002,-0.37252137284576775
487,-15.044235758236216,23.86125,-0.47883611658474035
488,-15.93648223700412,23.861250000000002,-0.5887527347540251
489,-16.886824547957563,23.861250000000002,-0.6921164150886709
490,-17.86923519646524,23.861250000000002,-0.7787435568453751
491,-18.853637866513274,23.861250000000005,-0.8383633931839104
492,-19.809218039173185,23.86125000000001,-0.8633113785245006
493,-20.708101185937096,23.86125,-0.8528620623750269
494,-21.528850765783996,23.861250000000002,-0.8141950091120762
495,-22.258223249472405,23.861250000000005,-0.7559162447889451
496,-22.890759166610625,23.86125000000001,-0.6839379364150253
497,-23.42759778038032,23.861250000000005,-0.6037568472888801
498,-23.874481403660226,23.861250000000005,-0.5189784269209716
499,-24.23973151816277,23.861250000000002,-0.43115613456542556
500,-24.53255528228911,23.861250000000002,-0.3404540142619106
501,-24.761840507511987,23.861250000000002,-0.2468542116639516
502,-24.927152227202132,23.86125,-0.1381205615095648
503,-24.995560988158775,23.861250000000002,0.0
504,-24.927152227202132,23.86125,0.13812056150956822
505,-24.761840507511984,23.861249999999995,0.24685421166395452
506,-24.532555282289103,23.86125,0.34045401426191313
507,-24.23973151816277,23.861250000000002,0.43115613456542556
508,-23.874481403660223,23.861250000000002,0.5189784269209723
509,-23.42759778038031,23.861250000000002,0.603756847288881
510,-22.89075916661062,23.861250000000002,0.6839379364150255
511,-22.2582232494724,23.861250000000002,0.7559162447889457
512,-21.528850765783996,23.861250000000002,0.8141950091120767
513,-20.70810118593709,23.86125,0.8528620623750272
514,-19.809218039173178,23.861250000000005,0.8633113785245004
515,-18.853637866513267,23.861250000000002,0.8383633931839101
516,-17.869235196465233,23.861250000000002,0.7787435568453749
517,-16.88682454795756,23.861250000000005,0.6921164150886704
518,-15.936482237004117,23.861250000000005,0.5887527347540246
519,-15.044235758236214,23.861250000000002,0.4788361165847402
520,-14.229446512323795,23.861250000000002,0.3725213728457678
521,-13.50395114291937,23.861250000000002,0.27721069171499135
522,-12.872339570135928,23.861250000000002,0.1973015029754853
523,-12.333226531897186,23.861250000000002,0.13399117864779192
524,-11.880868437264724,23.861250000000005,0.08610670449396618
525,-11.506751217500504,23.86124999999999,0.051577557631015854
526,-11.201051299600596,23.861250000000002,0.027953871605828816
527,-10.953738896160864,23.861250000000002,0.012703572246360859
528,-10.755281187331104,23.861250000000005,0.003757997398598578
529,-10.597060988158775,23.861250000000002,0.0
530,-12.871512209065312,26.512500000000006,0.0
531,-13.03525787201168,26.51250000000001,-0.0038892365109086473
532,-13.240646243844981,26.512499999999996,-0.013147214263090165
533,-13.49659544418692,26.51250000000001,-0.02893009402060378
534,-13.812971203925716,26.512500000000006,-0.05337878103823182
535,-14.20015357691225,26.512500000000006,-0.08911377615025377
536,-14.66830920105017,26.512500000000003,-0.13867050156314636
537,-15.226249478658367,26.512500000000006,-0.20419178824220408
538,-15.879918581914739,26.512500000000006,-0.28689161515498074
539,-16.63075014987565,26.512500000000006,-0.3855307949137573
540,-17.473993970395586,26.512500000000003,-0.49555832796944665
541,-18.397400033222507,26.512500000000006,-0.6093135223447799
542,-19.380930786862653,26.512500000000006,-0.7162869331324778
543,-20.397649788399548,26.512500000000006,-0.8059393215778414
544,-21.416430378086613,26.51250000000001,-0.8676412387608323
545,-22.4053819132833,26.512500000000014,-0.8934604730946343
546,-23.335656413935773,26.512500000000003,-0.8826462394558046
547,-24.185068718862812,26.512500000000006,-0.8426288314140651
548,-24.939912800093648,26.51250000000001,-0.7823148199938652
549,-25.59453852823077,26.512500000000014,-0.7078228405620329
550,-26.150124952510158,26.51250000000001,-0.6248416177889387
551,-26.61261492241686,26.51250000000001,-0.537102512925539
552,-26.990620527600772,26.512500000000006,-0.44621323609201846
553,-27.293670464550317,26.512500000000006,-0.3523435601755843
554,-27.53096293039429,26.512500000000006,-0.25547500730921724
555,-27.702047768329457,26.512500000000003,-0.14294409329035632
556,-27.772845542398645,26.512500000000006,0.0
557,-27.702047768329454,26.512500000000003,0.1429440932903598
558,-27.53096293039429,26.5125,0.2554750073092203
559,-27.293670464550306,26.512500000000003,0.35234356017558693
560,-26.990620527600772,26.512500000000006,0.44621323609201846
561,-26.612614922416856,26.512500000000006,0.5371025129255396
562,-26.150124952510147,26.512500000000006,0.6248416177889395
563,-25.594538528230764,26.512500000000006,0.707822840562033
564,-24.93991280009364,26.512500000000006,0.7823148199938659
565,-24.18506871886281,26.512500000000006,0.8426288314140657
566,-23.335656413935766,26.512500000000003,0.8826462394558048
567,-22.405381913283293,26.51250000000001,0.8934604730946341
568,-21.416430378086602,26.512500000000006,0.867641238760832
569,-20.397649788399544,26.512500000000006,0.8059393215778412
570,-19.38093078686265,26.51250000000001,0.7162869331324773
571,-18.397400033222507,26.51250000000001,0.6093135223447794
572,-17.473993970395583,26.512500000000006,0.4955583279694465
573,-16.630750149875645,26.512500000000006,0.3855307949137573
574,-15.879918581914739,26.512500000000006,0.2868916151549808
575,-15.22624947865836,26.512500000000006,0.20419178824220335
576,-14.668309201050167,26.512500000000006,0.1386705015631464
577,-14.200153576912246,26.51250000000001,0.08911377615025326
578,-13.812971203925716,26.512499999999996,0.0533787810382316
579,-13.49659544418691,26.512500000000006,0.028930094020603335
580,-13.240646243844983,26.512500000000006,0.013147214263090273
581,-13.035257872011675,26.51250000000001,0.003889236510908563
582,-12.871512209065312,26.512500000000006,0.0
583,-15.14596342997183,29.163749999999997,0.0
584,-15.315234556692241,29.16375,-0.0040204756232186355
585,-15.527553591529092,29.163749999999986,-0.013590856279819576
586,-15.792139588773225,29.16375,-0.029906316435378312
587,-16.119191190350918,29.163749999999997,-0.05518000444544756
588,-16.51943871655976,29.163749999999997,-0.09212084780654084
589,-17.00339187020314,29.163749999999993,-0.14334982447850084
590,-17.580159387180785,29.163749999999997,-0.21108207350892216
591,-18.2558860209101,29.163749999999997,-0.2965725385949701
592,-19.03205378742749,29.163749999999997,-0.3985402169817467
593,-19.90375218255494,29.163749999999993,-0.5122805393541529
594,-20.858317829440885,29.163749999999997,-0.6298743099355346
595,-21.875037025767725,29.163749999999997,-0.7404574511762847
596,-22.926064380333845,29.163749999999997,-0.8331350863103077
597,-23.979222889659933,29.163750000000004,-0.8969190843377541
598,-25.0015457873934,29.163750000000007,-0.9236095676647678
599,-25.963211641934436,29.163749999999993,-0.912430416536582
600,-26.84128667194161,29.163749999999997,-0.8710626537160542
601,-27.621602350714877,29.16375,-0.8087133951987852
602,-28.2983178898509,29.163750000000007,-0.7317077447090404
603,-28.87265212463998,29.16375,-0.6459263882889971
604,-29.35074844117348,29.16375,-0.5552265989301062
605,-29.741509537038763,29.163749999999997,-0.46127033761861136
606,-30.054785646811503,29.163749999999997,-0.36423310608925796
607,-30.30008535327658,29.163749999999997,-0.2640958029544828
608,-30.47694330945676,29.163749999999993,-0.1477676250711478
609,-30.550130096638497,29.163749999999997,0.0
610,-30.47694330945676,29.163749999999993,0.1477676250711514
611,-30.300085353276575,29.16374999999999,0.264095802954486
612,-30.054785646811496,29.163749999999993,0.3642331060892606
613,-29.741509537038763,29.163749999999997,0.46127033761861136
614,-29.35074844117348,29.163749999999997,0.5552265989301068
615,-28.872652124639973,29.163749999999997,0.645926388288998
616,-28.298317889850892,29.163749999999997,0.7317077447090405
617,-27.62160235071487,29.163749999999997,0.8087133951987857
618,-26.841286671941614,29.163749999999997,0.8710626537160546
619,-25.963211641934425,29.163749999999993,0.9124304165365824
620,-25.001545787393393,29.16375,0.9236095676647677
621,-23.979222889659923,29.163749999999997,0.8969190843377537
622,-22.92606438033384,29.163749999999997,0.8331350863103075
623,-21.875037025767725,29.16375,0.740457451176284
624,-20.85831782944088,29.16375,0.6298743099355341
625,-19.903752182554943,29.163749999999997,0.5122805393541527
626,-19.03205378742749,29.163749999999997,0.3985402169817468
627,-18.2558860209101,29.163749999999997,0.29657253859497024
628,-17.580159387180778,29.163749999999997,0.2110820735089214
629,-17.003391870203135,29.163749999999997,0.14334982447850086
630,-16.519438716559755,29.16375,0.09212084780654031
631,-16.119191190350918,29.163749999999986,0.05518000444544732
632,-15.792139588773217,29.163749999999997,0.02990631643537785
633,-15.527553591529092,29.163749999999997,0.013590856279819683
634,-15.315234556692236,29.16375,0.004020475623218548
635,-15.14596342997183,29.163749999999997,0.0
636,-17.420414650878367,31.815,0.0
637,-17.595211241372816,31.815000000000005,-0.004151714735528623
638,-17.81446093921321,31.81499999999999,-0.014034498296548986
639,-18.08768373335954,31.815000000000005,-0.030882538850152845
640,-18.42541117677613,31.815,-0.05698122785266331
641,-18.83872385620728,31.815,-0.09512791946282793
642,-19.33847453935612,31.814999999999998,-0.1480291473938553
643,-19.93406929570322,31.815,-0.21797235877564025
644,-20.63185345990547,31.815,-0.3062534620349596
645,-21.433357424979345,31.815,-0.4115496390497363
646,-22.33351039471431,31.814999999999998,-0.5290027507388593
647,-23.319235625659275,31.815,-0.6504350975262894
648,-24.369143264672815,31.815,-0.7646279692200916
649,-25.45447897226816,31.815,-0.8603308510427741
650,-26.542015401233268,31.81500000000001,-0.9261969299146761
651,-27.59770966150352,31.815000000000012,-0.9537586622349016
652,-28.590766869933113,31.814999999999998,-0.9422145936173596
653,-29.497504625020426,31.815,-0.8994964760180433
654,-30.303291901336117,31.815000000000005,-0.8351119704037052
655,-31.002097251471042,31.815000000000012,-0.755592648856048
656,-31.59517929676982,31.815000000000005,-0.6670111587890556
657,-32.08888195993011,31.815000000000005,-0.5733506849346734
658,-32.492398546476764,31.815,-0.4763274391452043
659,-32.81590082907271,31.815,-0.3761226520029317
660,-33.06920777615888,31.815,-0.2727165985997485
661,-33.25183885058408,31.814999999999998,-0.15259115685193927
662,-33.32741465087837,31.815,0.0
663,-33.25183885058408,31.814999999999998,0.15259115685194302
664,-33.06920777615888,31.814999999999994,0.2727165985997517
665,-32.8159008290727,31.814999999999998,0.3761226520029345
666,-32.492398546476764,31.815,0.4763274391452043
667,-32.08888195993011,31.815,0.5733506849346741
668,-31.595179296769814,31.815,0.6670111587890565
669,-31.002097251471035,31.815,0.7555926488560483
670,-30.303291901336113,31.815,0.835111970403706
671,-29.497504625020426,31.815,0.8994964760180437
672,-28.590766869933102,31.814999999999998,0.94221459361736
673,-27.597709661503508,31.815000000000005,0.9537586622349015
674,-26.542015401233257,31.815,0.9261969299146756
675,-25.454478972268152,31.815,0.8603308510427738
676,-24.36914326467281,31.815000000000005,0.764627969220091
677,-23.31923562565927,31.815000000000005,0.6504350975262888
678,-22.333510394714313,31.815,0.529002750738859
679,-21.433357424979345,31.815,0.4115496390497363
680,-20.63185345990547,31.815,0.3062534620349597
681,-19.93406929570321,31.815,0.21797235877563945
682,-19.338474539356117,31.815,0.1480291473938553
683,-18.838723856207277,31.815000000000005,0.09512791946282738
684,-18.425411176776127,31.81499999999999,0.05698122785266307
685,-18.087683733359533,31.815,0.030882538850152373
686,-17.814460939213212,31.815,0.014034498296549097
687,-17.59521124137281,31.815000000000005,0.004151714735528533
688,-17.420414650878367,31.815,0.0
689,-19.69486587178489,34.466249999999995,0.0
690,-19.875187926053375,34.466249999999995,-0.00428295384783861
691,-20.101368286897316,34.46624999999998,-0.014478140313278393
692,-20.383227877945846,34.466249999999995,-0.03185876126492738
693,-20.731631163201328,34.466249999999995,-0.05878245125987905
694,-21.15800899585479,34.466249999999995,-0.098134991119115
695,-21.673557208509088,34.46624999999999,-0.15270847030920975
696,-22.287979204225643,34.466249999999995,-0.22486264404235828
697,-23.007820898900828,34.466249999999995,-0.315934385474949
698,-23.83466106253119,34.466249999999995,-0.4245590611177257
699,-24.76326860687367,34.46624999999999,-0.5457249621235655
700,-25.78015342187765,34.466249999999995,-0.670995885117044
701,-26.863249503577887,34.466249999999995,-0.7887984872638983
702,-27.982893564202456,34.466249999999995,-0.8875266157752403
703,-29.10480791280659,34.46625,-0.9554747754915979
704,-30.19387353561362,34.46625,-0.9839077568050352
705,-31.218322097931775,34.46624999999999,-0.971998770698137
706,-32.15372257809923,34.466249999999995,-0.9279302983200322
707,-32.984981451957346,34.466249999999995,-0.8615105456086252
708,-33.70587661309117,34.46625,-0.7794775530030555
709,-34.317706468899644,34.466249999999995,-0.688095929289114
710,-34.82701547868673,34.466249999999995,-0.5914747709392407
711,-35.243287555914755,34.466249999999995,-0.49138454067179715
712,-35.577016011333896,34.466249999999995,-0.38801219791660535
713,-35.838330199041174,34.466249999999995,-0.281337394245014
714,-36.02673439171139,34.46624999999999,-0.15741468863273075
715,-36.10469920511822,34.466249999999995,0.0
716,-36.026734391711386,34.46624999999999,0.1574146886327346
717,-35.838330199041174,34.46624999999998,0.28133739424501736
718,-35.57701601133389,34.46624999999999,0.3880121979166082
719,-35.243287555914755,34.466249999999995,0.4913845406717972
720,-34.82701547868673,34.466249999999995,0.5914747709392414
721,-34.31770646889964,34.466249999999995,0.6880959292891149
722,-33.705876613091164,34.466249999999995,0.7794775530030557
723,-32.98498145195734,34.466249999999995,0.8615105456086258
724,-32.15372257809923,34.466249999999995,0.9279302983200327
725,-31.218322097931768,34.46624999999999,0.9719987706981374
726,-30.19387353561361,34.466249999999995,0.983907756805035
727,-29.10480791280658,34.466249999999995,0.9554747754915973
728,-27.98289356420245,34.466249999999995,0.88752661577524
729,-26.863249503577883,34.466249999999995,0.7887984872638978
730,-25.78015342187765,34.466249999999995,0.6709958851170434
731,-24.76326860687367,34.466249999999995,0.5457249621235652
732,-23.83466106253119,34.466249999999995,0.4245590611177258
733,-23.007820898900828,34.466249999999995,0.3159343854749491
734,-22.287979204225632,34.466249999999995,0.22486264404235748
735,-21.673557208509088,34.466249999999995,0.15270847030920978
736,-21.158008995854786,34.466249999999995,0.09813499111911445
737,-20.731631163201325,34.46624999999998,0.0587824512598788
738,-20.383227877945835,34.466249999999995,0.03185876126492689
739,-20.101368286897316,34.466249999999995,0.014478140313278508
740,-19.875187926053368,34.466249999999995,0.004282953847838517
741,-19.69486587178489,34.466249999999995,0.0
742,-21.969317092691433,37.117500000000014,0.0
743,-22.15516461073396,37.117500000000014,-0.004414192960148599
744,-22.388275634581447,37.1175,-0.014921782330007806
745,-22.678772022532172,37.117500000000014,-0.03283498367970192
746,-23.037851149626555,37.117500000000014,-0.06058367466709481
747,-23.477294135502323,37.117500000000014,-0.10114206277540211
748,-24.008639877662084,37.11750000000001,-0.15738779322456428
749,-24.641889112748085,37.117500000000014,-0.2317529293090764
750,-25.383788337896213,37.117500000000014,-0.32561530891493856
751,-26.23596470008306,37.117500000000014,-0.4375684831857153
752,-27.19302681903305,37.11750000000001,-0.5624471735082719
753,-28.24107121809605,37.117500000000014,-0.6915566727077989
754,-29.357355742482987,37.117500000000014,-0.8129690053077054
755,-30.511308156136785,37.117500000000014,-0.9147223805077067
756,-31.667600424379934,37.11750000000002,-0.9847526210685199
757,-32.79003740972375,37.11750000000002,-1.014056851375169
758,-33.845877325930466,37.11750000000001,-1.0017829477789149
759,-34.80994053117805,37.117500000000014,-0.9563641206220214
760,-35.666671002578596,37.117500000000014,-0.8879091208135454
761,-36.40965597471133,37.11750000000002,-0.8033624571500633
762,-37.0402336410295,37.117500000000014,-0.7091806997891725
763,-37.56514899744338,37.117500000000014,-0.6095988569438081
764,-37.994176565352774,37.117500000000014,-0.5064416421983902
765,-38.338131193595125,37.117500000000014,-0.3999017438302791
766,-38.60745262192349,37.117500000000014,-0.28995818989027977
767,-38.80162993283872,37.11750000000001,-0.16223822041352226
768,-38.88198375935811,37.117500000000014,0.0
769,-38.80162993283872,37.11750000000001,0.16223822041352626
770,-38.60745262192349,37.1175,0.2899581898902832
771,-38.3381311935951,37.11750000000001,0.3999017438302821
772,-37.994176565352774,37.117500000000014,0.5064416421983902
773,-37.56514899744338,37.117500000000014,0.6095988569438089
774,-37.04023364102949,37.117500000000014,0.7091806997891735
775,-36.40965597471132,37.117500000000014,0.8033624571500635
776,-35.666671002578596,37.117500000000014,0.8879091208135461
777,-34.80994053117806,37.117500000000014,0.9563641206220219
778,-33.84587732593046,37.11750000000001,1.0017829477789153
779,-32.79003740972374,37.117500000000014,1.0140568513751689
780,-31.667600424379927,37.117500000000014,0.9847526210685195
781,-30.511308156136774,37.117500000000014,0.9147223805077065
782,-29.357355742482987,37.117500000000014,0.8129690053077048
783,-28.24107121809605,37.117500000000014,0.6915566727077983
784,-27.193026819033054,37.117500000000014,0.5624471735082717
785,-26.235964700083056,37.117500000000014,0.4375684831857154
786,-25.383788337896213,37.117500000000014,0.3256153089149386
787,-24.64188911274808,37.117500000000014,0.23175292930907557
788,-24.00863987766208,37.117500000000014,0.15738779322456428
789,-23.47729413550232,37.117500000000014,0.10114206277540153
790,-23.03785114962655,37.1175,0.06058367466709455
791,-22.678772022532165,37.117500000000014,0.03283498367970142
792,-22.388275634581447,37.117500000000014,0.014921782330007924
793,-22.155164610733955,37.117500000000014,0.004414192960148503
794,-21.969317092691433,37.117500000000014,0.0
795,-24.243768313597958,39.768750000000004,0.0
796,-24.435141295414525,39.768750000000004,-0.004545432072458586
797,-24.675182982265554,39.76874999999999,-0.015365424346737214
798,-24.974316167118474,39.768750000000004,-0.03381120609447645
799,-25.34407113605175,39.768750000000004,-0.06238489807431055
800,-25.79657927514983,39.768750000000004,-0.10414913443168919
801,-26.34372254681505,39.76875,-0.1620671161399187
802,-26.995799021270507,39.768750000000004,-0.23864321457579446
803,-27.759755776891573,39.768750000000004,-0.335296232354928
804,-28.637268337634897,39.768750000000004,-0.4505779052537048
805,-29.622785031192404,39.76875,-0.5791693848929782
806,-30.701989014314428,39.768750000000004,-0.7121174602985536
807,-31.851461981388063,39.768750000000004,-0.8371395233515123
808,-33.03972274807108,39.768750000000004,-0.941918145240173
809,-34.23039293595326,39.76875000000001,-1.0140304666454416
810,-35.38620128383385,39.76875000000001,-1.0442059459453026
811,-36.47343255392913,39.76875,-1.0315671248596923
812,-37.46615848425685,39.768750000000004,-0.9847979429240103
813,-38.34836055319983,39.768750000000004,-0.9143076960184654
814,-39.113435336331456,39.76875000000001,-0.8272473612970708
815,-39.762760813159325,39.768750000000004,-0.7302654702892311
816,-40.30328251620001,39.768750000000004,-0.6277229429483753
817,-40.745065574790765,39.768750000000004,-0.5214987437249831
818,-41.09924637585631,39.768750000000004,-0.41179128974395274
819,-41.376575044805776,39.768750000000004,-0.29857898553554535
820,-41.57652547396603,39.76875,-0.16706175219431374
821,-41.65926831359796,39.768750000000004,0.0
822,-41.57652547396603,39.76875,0.16706175219431782
823,-41.376575044805776,39.76874999999999,0.29857898553554885
824,-41.0992463758563,39.76875,0.4117912897439558
825,-40.745065574790765,39.768750000000004,0.5214987437249831
826,-40.30328251620001,39.768750000000004,0.627722942948376
827,-39.76276081315931,39.768750000000004,0.7302654702892319
828,-39.11343533633145,39.768750000000004,0.827247361297071
829,-38.348360553199825,39.768750000000004,0.9143076960184662
830,-37.46615848425685,39.768750000000004,0.9847979429240108
831,-36.473432553929115,39.76875,1.0315671248596927
832,-35.38620128383384,39.768750000000004,1.0442059459453024
833,-34.230392935953255,39.768750000000004,1.0140304666454412
834,-33.03972274807108,39.768750000000004,0.9419181452401726
835,-31.851461981388063,39.768750000000004,0.8371395233515115
836,-30.701989014314425,39.768750000000004,0.7121174602985529
837,-29.62278503119241,39.768750000000004,0.579169384892978
838,-28.637268337634897,39.768750000000004,0.4505779052537049
839,-27.759755776891573,39.768750000000004,0.33529623235492806
840,-26.995799021270496,39.768750000000004,0.2386432145757936
841,-26.34372254681505,39.768750000000004,0.16206711613991873
842,-25.79657927514983,39.768750000000004,0.10414913443168859
843,-25.34407113605175,39.76874999999999,0.06238489807431028
844,-24.974316167118467,39.768750000000004,0.03381120609447593
845,-24.675182982265557,39.768750000000004,0.015365424346737336
846,-24.435141295414514,39.768750000000004,0.004545432072458487
847,-24.243768313597958,39.768750000000004,0.0
848,-26.51821953450448,42.419999999999995,0.0
849,-26.715117980095084,42.419999999999995,-0.004676671184768574
850,-26.96209032994966,42.41999999999998,-0.01580906636346662
851,-27.269860311704782,42.419999999999995,-0.03478742850925098
852,-27.65029112247695,42.419999999999995,-0.06418612148152629
853,-28.115864414797343,42.419999999999995,-0.10715620608797626
854,-28.678805215968023,42.41999999999999,-0.1667464390552732
855,-29.349708929792925,42.419999999999995,-0.2455334998425125
856,-30.135723215886934,42.419999999999995,-0.3449771557949174
857,-31.038571975186745,42.419999999999995,-0.4635873273216943
858,-32.052543243351764,42.41999999999999,-0.5958915962776844
859,-33.1629068105328,42.419999999999995,-0.7326782478893082
860,-34.34556822029313,42.419999999999995,-0.8613100413953191
861,-35.56813734000538,42.419999999999995,-0.9691139099726392
862,-36.79318544752658,42.42,-1.0433083122223634
863,-37.982365157943946,42.42000000000001,-1.074355040515436
864,-39.10098778192779,42.41999999999999,-1.06135130194047
865,-40.122376437335646,42.419999999999995,-1.0132317652259992
866,-41.030050103821054,42.419999999999995,-0.9407062712233852
867,-41.817214697951584,42.42000000000001,-0.8511322654440783
868,-42.48528798528915,42.419999999999995,-0.7513502407892894
869,-43.041416034956626,42.419999999999995,-0.6458470289529425
870,-43.495954584228755,42.419999999999995,-0.5365558452515758
871,-43.860361558117496,42.419999999999995,-0.42368083565762643
872,-44.14569746768807,42.419999999999995,-0.3071997811808109
873,-44.35142101509333,42.41999999999999,-0.17188528397510522
874,-44.43655286783781,42.419999999999995,0.0
875,-44.35142101509333,42.41999999999999,0.17188528397510944
876,-44.145697467688066,42.41999999999998,0.3071997811808146
877,-43.86036155811749,42.41999999999999,0.4236808356576295
878,-43.495954584228755,42.419999999999995,0.536555845251576
879,-43.041416034956626,42.419999999999995,0.6458470289529433
880,-42.48528798528914,42.419999999999995,0.7513502407892904
881,-41.81721469795158,42.419999999999995,0.8511322654440785
882,-41.030050103821054,42.419999999999995,0.9407062712233861
883,-40.12237643733565,42.419999999999995,1.0132317652259997
884,-39.100987781927785,42.41999999999999,1.0613513019404703
885,-37.98236515794394,42.419999999999995,1.074355040515436
886,-36.79318544752657,42.419999999999995,1.043308312222363
887,-35.56813734000537,42.419999999999995,0.9691139099726389
888,-34.34556822029313,42.419999999999995,0.8613100413953183
889,-33.1629068105328,42.419999999999995,0.7326782478893077
890,-32.05254324335177,42.419999999999995,0.5958915962776842
891,-31.03857197518674,42.419999999999995,0.4635873273216943
892,-30.135723215886934,42.419999999999995,0.3449771557949175
893,-29.349708929792918,42.419999999999995,0.24553349984251163
894,-28.67880521596802,42.419999999999995,0.1667464390552732
895,-28.115864414797343,42.419999999999995,0.10715620608797563
896,-27.650291122476947,42.41999999999998,0.06418612148152601
897,-27.269860311704768,42.419999999999995,0.03478742850925045
898,-26.962090329949664,42.419999999999995,0.015809066363466746
899,-26.715117980095073,42.419999999999995,0.0046766711847684725
900,-26.51821953450448,42.419999999999995,0.0
901,-28.792670755411027,45.07125000000001,0.0
902,-28.99509466477567,45.07125000000001,-0.004807910297078563
903,-29.248997677633792,45.07125,-0.016252708380196036
904,-29.565404456291112,45.07125000000001,-0.035763650924025524
905,-29.956511108902173,45.07125000000001,-0.06598734488874204
906,-30.435149554444877,45.07125000000001,-0.11016327774426335
907,-31.013887885121015,45.071250000000006,-0.1714257619706277
908,-31.70361883831537,45.07125000000001,-0.25242378510923064
909,-32.511690654882315,45.07125000000001,-0.35465807923490694
910,-33.43987561273861,45.07125000000001,-0.4765967493896839
911,-34.48230145551115,45.071250000000006,-0.6126138076623908
912,-35.62382460675121,45.07125000000001,-0.7532390354800631
913,-36.839674459198235,45.07125000000001,-0.8854805594391261
914,-38.0965519319397,45.07125000000001,-0.9963096747051057
915,-39.35597795909993,45.07125000000002,-1.0725861577992855
916,-40.57852903205408,45.07125000000003,-1.1045041350855702
917,-41.72854300992648,45.071250000000006,-1.0911354790212477
918,-42.778594390414476,45.07125000000001,-1.0416655875279883
919,-43.71173965444231,45.07125000000001,-0.9671048464283054
920,-44.52099405957174,45.07125000000003,-0.875017169591086
921,-45.207815157419006,45.07125000000001,-0.772435011289348
922,-45.779549553713274,45.07125000000001,-0.6639711149575099
923,-46.24684359366677,45.07125000000001,-0.551612946778169
924,-46.62147674037872,45.07125000000001,-0.43557038157130024
925,-46.91481989057039,45.07125000000001,-0.31582057682607656
926,-47.126316556220665,45.071250000000006,-0.17670881575589673
927,-47.213837422077695,45.07125000000001,0.0
928,-47.126316556220665,45.071250000000006,0.17670881575590106
929,-46.91481989057039,45.07125,0.31582057682608033
930,-46.621476740378704,45.071250000000006,0.4355703815713034
931,-46.24684359366677,45.07125000000001,0.551612946778169
932,-45.779549553713274,45.07125000000001,0.6639711149575107
933,-45.207815157418985,45.07125000000001,0.772435011289349
934,-44.520994059571734,45.07125000000001,0.8750171695910862
935,-43.711739654442304,45.07125000000001,0.9671048464283063
936,-42.77859439041448,45.07125000000001,1.041665587527989
937,-41.728543009926476,45.071250000000006,1.091135479021248
938,-40.57852903205407,45.07125000000001,1.1045041350855698
939,-39.355977959099924,45.07125000000001,1.072586157799285
940,-38.09655193193969,45.07125000000001,0.9963096747051053
941,-36.839674459198235,45.07125000000001,0.8854805594391253
942,-35.62382460675121,45.07125000000001,0.7532390354800624
943,-34.48230145551115,45.07125000000001,0.6126138076623905
944,-33.439875612738604,45.07125000000001,0.4765967493896839
945,-32.511690654882315,45.07125000000001,0.354658079234907
946,-31.703618838315364,45.07125000000001,0.25242378510922975
947,-31.01388788512101,45.07125000000001,0.1714257619706277
948,-30.435149554444873,45.07125000000001,0.11016327774426272
949,-29.95651110890217,45.07125,0.06598734488874176
950,-29.5654044562911,45.07125000000001,0.035763650924024976
951,-29.248997677633795,45.07125000000001,0.016252708380196164
952,-28.99509466477566,45.07125000000001,0.004807910297078458
953,-28.792670755411027,45.07125000000001,0.0
954,-31.067121976317548,47.722500000000004,0.0
955,-31.275071349456226,47.72250000000001,-0.004939149409388549
956,-31.5359050253179,47.72249999999998,-0.016696350396925443
957,-31.860948600877418,47.72250000000001,-0.03673987333880006
958,-32.262731095327375,47.722500000000004,-0.06778856829595778
959,-32.75443469409239,47.722500000000004,-0.11317034940055044
960,-33.34897055427399,47.7225,-0.17610508488598214
961,-34.0575287468378,47.722500000000004,-0.25931407037594867
962,-34.887658093877675,47.722500000000004,-0.36433900267489633
963,-35.84117925029045,47.722500000000004,-0.4896061714576733
964,-36.912059667670505,47.7225,-0.629336019047097
965,-38.08474240296958,47.722500000000004,-0.7737998230708178
966,-39.333780698103304,47.722500000000004,-0.909651077482933
967,-40.624966523874,47.722500000000004,-1.0235054394375718
968,-41.91877047067325,47.72250000000001,-1.1018640033762073
969,-43.17469290616419,47.72250000000002,-1.1346532296557037
970,-44.356098237925146,47.7225,-1.1209196561020252
971,-45.43481234349327,47.722500000000004,-1.0700994098299774
972,-46.39342920506354,47.72250000000001,-0.9935034216332255
973,-47.22477342119187,47.72250000000002,-0.8989020737380935
974,-47.93034232954883,47.72250000000001,-0.7935197817894064
975,-48.51768307246989,47.72250000000001,-0.6820952009620771
976,-48.99773260310476,47.722500000000004,-0.5666700483047618
977,-49.382591922639904,47.722500000000004,-0.4474599274849739
978,-49.68394231345268,47.722500000000004,-0.32444137247134214
979,-49.90121209734797,47.7225,-0.1815323475366882
980,-49.99112197631755,47.722500000000004,0.0
981,-49.90121209734797,47.7225,0.18153234753669267
982,-49.68394231345268,47.72249999999999,0.324441372471346
983,-49.3825919226399,47.7225,0.44745992748497715
984,-48.99773260310476,47.722500000000004,0.5666700483047619
985,-48.517683072469886,47.722500000000004,0.682095200962078
986,-47.930342329548814,47.722500000000004,0.7935197817894075
987,-47.22477342119186,47.722500000000004,0.8989020737380937
988,-46.39342920506354,47.722500000000004,0.9935034216332262
989,-45.43481234349328,47.722500000000004,1.070099409829978
990,-44.35609823792513,47.7225,1.1209196561020256
991,-43.174692906164175,47.72250000000001,1.1346532296557035
992,-41.91877047067324,47.722500000000004,1.1018640033762068
993,-40.624966523873994,47.722500000000004,1.0235054394375716
994,-39.333780698103304,47.72250000000001,0.9096510774829322
995,-38.08474240296958,47.72250000000001,0.7737998230708172
996,-36.912059667670505,47.722500000000004,0.6293360190470968
997,-35.84117925029045,47.722500000000004,0.4896061714576733
998,-34.887658093877675,47.722500000000004,0.36433900267489644
999,-34.05752874683779,47.722500000000004,0.2593140703759477
1000,-33.34897055427398,47.722500000000004,0.17610508488598214
1001,-32.75443469409239,47.72250000000001,0.11317034940054979
1002,-32.26273109532737,47.72249999999998,0.0677885682959575
1003,-31.860948600877403,47.722500000000004,0.036739873338799495
1004,-31.5359050253179,47.722500000000004,0.016696350396925574
1005,-31.27507134945622,47.72250000000001,0.004939149409388443
1006,-31.067121976317548,47.722500000000004,0.0
1007,-33.34157319722407,50.373749999999994,0.0
1008,-33.55504803413679,50.37375,-0.005070388521698537
1009,-33.822812373002,50.37374999999997,-0.01713999241365485
1010,-34.156492745463716,50.37375,-0.03771609575357458
1011,-34.56895108175257,50.373749999999994,-0.06958979170317353
1012,-35.0737198337399,50.373749999999994,-0.11617742105683751
1013,-35.68405322342696,50.37374999999999,-0.1807844078013366
1014,-36.411438655360215,50.373749999999994,-0.26620435564266676
1015,-37.263625532873036,50.373749999999994,-0.3740199261148857
1016,-38.24248288784229,50.373749999999994,-0.5026155935256628
1017,-39.34181787982986,50.37374999999999,-0.6460582304318033
1018,-40.54566019918796,50.373749999999994,-0.7943606106615726
1019,-41.82788693700839,50.373749999999994,-0.9338215955267397
1020,-43.153381115808294,50.373749999999994,-1.050701204170038
1021,-44.48156298224657,50.37375,-1.131141848953129
1022,-45.770856780274286,50.37375000000001,-1.1648023242258372
1023,-46.98365346592381,50.37374999999999,-1.1507038331828028
1024,-48.09103029657207,50.373749999999994,-1.0985332321319663
1025,-49.07511875568477,50.37375,-1.0199019968381453
1026,-49.928552782812,50.37375000000001,-0.922786977885101
1027,-50.652869501678644,50.37375,-0.8146045522894647
1028,-51.255816591226505,50.37375,-0.7002192869666443
1029,-51.74862161254275,50.373749999999994,-0.5817271498313547
1030,-52.1437071049011,50.373749999999994,-0.4593494733986475
1031,-52.453064736334966,50.373749999999994,-0.33306216811660777
1032,-52.67610763847528,50.37374999999999,-0.18635587931747966
1033,-52.76840653055741,50.373749999999994,0.0
1034,-52.67610763847528,50.37374999999999,0.18635587931748424
1035,-52.453064736334966,50.37374999999998,0.3330621681166117
1036,-52.14370710490108,50.37374999999999,0.45934947339865084
1037,-51.74862161254275,50.373749999999994,0.5817271498313548
1038,-51.255816591226505,50.373749999999994,0.7002192869666453
1039,-50.65286950167864,50.373749999999994,0.8146045522894658
1040,-49.92855278281199,50.373749999999994,0.9227869778851012
1041,-49.07511875568476,50.373749999999994,1.0199019968381464
1042,-48.09103029657208,50.373749999999994,1.098533232131967
1043,-46.9836534659238,50.37374999999999,1.150703833182803
1044,-45.77085678027427,50.37375,1.164802324225837
1045,-44.481562982246565,50.373749999999994,1.1311418489531286
1046,-43.15338111580829,50.373749999999994,1.0507012041700377
1047,-41.82788693700839,50.37375,0.9338215955267389
1048,-40.54566019918796,50.37375,0.7943606106615718
1049,-39.34181787982986,50.373749999999994,0.6460582304318031
1050,-38.24248288784229,50.373749999999994,0.5026155935256628
1051,-37.263625532873036,50.373749999999994,0.3740199261148859
1052,-36.4114386553602,50.373749999999994,0.26620435564266576
1053,-35.68405322342695,50.373749999999994,0.1807844078013366
1054,-35.0737198337399,50.37375,0.11617742105683684
1055,-34.56895108175257,50.37374999999997,0.06958979170317323
1056,-34.15649274546371,50.373749999999994,0.03771609575357401
1057,-33.82281237300201,50.373749999999994,0.017139992413654985
1058,-33.55504803413678,50.37375,0.005070388521698428
1059,-33.34157319722407,50.373749999999994,0.0
1060,-35.61602441813062,53.02500000000001,0.0
1061,-35.83502471881738,53.02500000000002,-0.005201627634008526
1062,-36.10971972068614,53.02499999999999,-0.01758363443038426
1063,-36.452036890050046,53.02500000000002,-0.03869231816834913
1064,-36.8751710681778,53.02500000000001,-0.0713910151103893
1065,-37.393004973387434,53.02500000000001,-0.11918449271312462
1066,-38.01913589257995,53.025000000000006,-0.1854637307166911
1067,-38.76534856388266,53.02500000000001,-0.27309464090938484
1068,-39.63959297186842,53.02500000000001,-0.38370084955487527
1069,-40.643786525394155,53.02500000000001,-0.5156250155936524
1070,-41.771576091989246,53.025000000000006,-0.6627804418165097
1071,-43.00657799540636,53.02500000000001,-0.8149213982523275
1072,-44.321993175913484,53.02500000000001,-0.9579921135705467
1073,-45.68179570774262,53.02500000000001,-1.0778969689025046
1074,-47.04435549381993,53.02500000000002,-1.1604196945300511
1075,-48.36702065438442,53.02500000000003,-1.194951418795971
1076,-49.6112086939225,53.025000000000006,-1.1804880102635806
1077,-50.74724824965091,53.02500000000001,-1.1269670544339554
1078,-51.75680830630603,53.02500000000002,-1.0463005720430656
1079,-52.632332144432155,53.02500000000003,-0.9466718820321087
1080,-53.3753966738085,53.02500000000002,-0.8356893227895235
1081,-53.99395010998315,53.02500000000002,-0.7183433729712118
1082,-54.49951062198076,53.02500000000001,-0.5967842513579477
1083,-54.90482228716232,53.02500000000001,-0.4712390193123213
1084,-55.222187159217285,53.02500000000001,-0.34168296376187346
1085,-55.451003179602615,53.025000000000006,-0.1911794110982712
1086,-55.54569108479729,53.02500000000001,0.0
1087,-55.451003179602615,53.025000000000006,0.19117941109827585
1088,-55.222187159217285,53.025,0.34168296376187757
1089,-54.904822287162304,53.025000000000006,0.47123901931232476
1090,-54.49951062198076,53.02500000000001,0.5967842513579477
1091,-53.99395010998315,53.02500000000001,0.7183433729712126
1092,-53.37539667380849,53.02500000000001,0.8356893227895246
1093,-52.63233214443215,53.02500000000001,0.946671882032109
1094,-51.75680830630601,53.02500000000001,1.0463005720430665
1095,-50.74724824965091,53.02500000000001,1.126967054433956
1096,-49.611208693922485,53.025000000000006,1.1804880102635809
1097,-48.367020654384405,53.02500000000002,1.1949514187959709
1098,-47.044355493819914,53.02500000000001,1.1604196945300507
1099,-45.68179570774261,53.02500000000001,1.0778969689025042
1100,-44.321993175913484,53.02500000000002,0.957992113570546
1101,-43.00657799540636,53.02500000000002,0.8149213982523267
1102,-41.771576091989246,53.02500000000001,0.6627804418165094
1103,-40.643786525394155,53.02500000000001,0.5156250155936524
1104,-39.63959297186842,53.02500000000001,0.3837008495548753
1105,-38.76534856388265,53.02500000000001,0.2730946409093839
1106,-38.019135892579946,53.02500000000001,0.1854637307166911
1107,-37.393004973387434,53.02500000000002,0.11918449271312394
1108,-36.87517106817779,53.02499999999999,0.07139101511038899
1109,-36.45203689005003,53.02500000000001,0.03869231816834854
1110,-36.10971972068614,53.02500000000001,0.017583634430384402
1111,-35.835024718817365,53.02500000000002,0.005201627634008413
1112,-35.61602441813062,53.02500000000001,0.0
1113,-37.89047563903714,55.67625,0.0
1114,-38.115001403497935,55.67625000000001,-0.005332866746318513
1115,-38.39662706837025,55.67624999999998,-0.018027276447113667
1116,-38.747581034636355,55.67625000000001,-0.03966854058312366
1117,-39.181391054603,55.67625,-0.07319223851760502
1118,-39.712290113034946,55.67625,-0.1221915643694117
1119,-40.35421856173292,55.676249999999996,-0.1901430536320456
1120,-41.11925847240508,55.67625,-0.27998492617610293
1121,-42.01556041086378,55.67625,-0.39338177299486465
1122,-43.045090162946,55.67625,-0.5286344376616418
1123,-44.201334304148595,55.676249999999996,-0.6795026532012161
1124,-45.467495791624735,55.67625,-0.8354821858430821
1125,-46.81609941481856,55.67625,-0.9821626316143535
1126,-48.21021029967692,55.67625,-1.1050927336349707
1127,-49.60714800539324,55.67625000000002,-1.189697540106973
1128,-50.963184528494516,55.676250000000024,-1.2251005133661048
1129,-52.23876392192116,55.676249999999996,-1.210272187344358
1130,-53.4034662027297,55.67625,-1.1554008767359445
1131,-54.438497856927256,55.67625000000001,-1.0726991472479854
1132,-55.33611150605228,55.676250000000024,-0.9705567861791162
1133,-56.09792384593833,55.67625000000001,-0.8567740932895818
1134,-56.73208362873977,55.67625000000001,-0.7364674589757789
1135,-57.25039963141875,55.67625,-0.6118413528845406
1136,-57.665937469423504,55.67625,-0.48312856522599495
1137,-57.991309582099575,55.67625,-0.35030375940713904
1138,-58.225898720729916,55.676249999999996,-0.19600294287906264
1139,-58.32297563903714,55.67625,0.0
1140,-58.225898720729916,55.676249999999996,0.19600294287906747
1141,-57.991309582099575,55.67624999999999,0.3503037594071432
1142,-57.66593746942349,55.676249999999996,0.48312856522599845
1143,-57.25039963141875,55.67625,0.6118413528845406
1144,-56.73208362873977,55.67625,0.7364674589757798
1145,-56.09792384593831,55.67625,0.856774093289583
1146,-55.336111506052276,55.67625,0.9705567861791164
1147,-54.43849785692725,55.67625,1.0726991472479865
1148,-53.40346620272971,55.67625,1.1554008767359452
1149,-52.23876392192115,55.676249999999996,1.2102721873443583
1150,-50.9631845284945,55.67625000000001,1.2251005133661046
1151,-49.607148005393235,55.67625,1.1896975401069723
1152,-48.210210299676916,55.67625,1.1050927336349703
1153,-46.81609941481856,55.67625000000001,0.9821626316143528
1154,-45.467495791624735,55.67625000000001,0.8354821858430814
1155,-44.2013343041486,55.67625,0.6795026532012156
1156,-43.045090162946,55.67625,0.5286344376616419
1157,-42.01556041086378,55.67625,0.3933817729948648
1158,-41.11925847240507,55.67625,0.2799849261761019
1159,-40.354218561732914,55.67625,0.1901430536320456
1160,-39.712290113034946,55.67625000000001,0.12219156436941098
1161,-39.18139105460299,55.67624999999998,0.07319223851760472
1162,-38.74758103463634,55.67625,0.03966854058312305
1163,-38.39662706837025,55.67625,0.018027276447113813
1164,-38.11500140349793,55.67625000000001,0.005332866746318398
1165,-37.89047563903714,55.67625,0.0
1166,-40.16492685994366,58.32749999999999,0.0
1167,-40.3949780881785,58.3275,-0.0054641058586285
1168,-40.68353441605436,58.32749999999997,-0.01847091846384308
1169,-41.043125179222656,58.3275,-0.04064476299789819
1170,-41.4876110410282,58.32749999999999,-0.07499346192482076
1171,-42.03157525268245,58.32749999999999,-0.12519863602569875
1172,-42.68930123088589,58.327499999999986,-0.19482237654740003
1173,-43.4731683809275,58.32749999999999,-0.28687521144282097
1174,-44.39152784985914,58.32749999999999,-0.4030626964348541
1175,-45.446393800497844,58.32749999999999,-0.5416438597296312
1176,-46.63109251630795,58.327499999999986,-0.6962248645859221
1177,-47.92841358784311,58.32749999999999,-0.8560429734338367
1178,-49.310205653723635,58.32749999999999,-1.0063331496581605
1179,-50.73862489161122,58.32749999999999,-1.1322884983674368
1180,-52.16994051696657,58.32750000000001,-1.2189753856838947
1181,-53.55934840260462,58.327500000000015,-1.2552496079362383
1182,-54.866319149919825,58.327499999999986,-1.2400563644251354
1183,-56.059684155808505,58.32749999999999,-1.1838346990379334
1184,-57.12018740754848,58.3275,-1.0990977224529055
1185,-58.03989086767241,58.327500000000015,-0.9944416903261237
1186,-58.82045101806815,58.3275,-0.8778588637896402
1187,-59.4702171474964,58.3275,-0.7545915449803462
1188,-60.00128864085675,58.32749999999999,-0.6268984544111333
1189,-60.42705265168469,58.32749999999999,-0.4950181111396686
1190,-60.760432004981865,58.32749999999999,-0.3589245550524046
1191,-61.00079426185723,58.327499999999986,-0.20082647465985412
1192,-61.100260193276995,58.32749999999999,0.0
1193,-61.00079426185723,58.327499999999986,0.20082647465985903
1194,-60.760432004981865,58.32749999999998,0.3589245550524089
1195,-60.42705265168468,58.327499999999986,0.4950181111396722
1196,-60.00128864085675,58.32749999999999,0.6268984544111335
1197,-59.4702171474964,58.32749999999999,0.7545915449803471
1198,-58.82045101806814,58.32749999999999,0.8778588637896414
1199,-58.039890867672405,58.32749999999999,0.994441690326124
1200,-57.12018740754847,58.32749999999999,1.0990977224529064
1201,-56.05968415580851,58.32749999999999,1.183834699037934
1202,-54.86631914991981,58.327499999999986,1.240056364425136
1203,-53.559348402604606,58.3275,1.255249607936238
1204,-52.169940516966555,58.32749999999999,1.218975385683894
1205,-50.73862489161121,58.32749999999999,1.1322884983674366
1206,-49.310205653723635,58.3275,1.0063331496581596
1207,-47.92841358784311,58.3275,0.8560429734338361
1208,-46.63109251630796,58.32749999999999,0.6962248645859219
1209,-45.446393800497844,58.32749999999999,0.5416438597296312
1210,-44.39152784985914,58.32749999999999,0.4030626964348542
1211,-43.47316838092748,58.32749999999999,0.2868752114428199
1212,-42.68930123088588,58.32749999999999,0.19482237654740003
1213,-42.03157525268245,58.3275,0.12519863602569803
1214,-41.487611041028195,58.32749999999997,0.07499346192482044
1215,-41.04312517922264,58.32749999999999,0.040644762997897564
1216,-40.68353441605436,58.32749999999999,0.018470918463843224
1217,-40.39497808817848,58.3275,0.005464105858628382
1218,-40.16492685994366,58.32749999999999,0.0
1219,-42.43937808085021,60.97875000000001,0.0
1220,-42.67495477285908,60.97875000000002,-0.005595344970938489
1221,-42.970441763738485,60.97874999999999,-0.018914560480572492
1222,-43.33866932380898,60.97875000000002,-0.04162098541267273
1223,-43.79383102745342,60.97875000000001,-0.07679468533203652
1224,-44.350860392329984,60.97875000000001,-0.12820570768198586
1225,-45.024383900038885,60.978750000000005,-0.19950169946275453
1226,-45.82707828944994,60.97875000000001,-0.2937654967095391
1227,-46.76749528885452,60.97875000000001,-0.41274361987484365
1228,-47.847697438049714,60.97875000000001,-0.5546532817976209
1229,-49.06085072846734,60.978750000000005,-0.7129470759706286
1230,-50.389331384061514,60.97875000000001,-0.8766037610245917
1231,-51.80431189262874,60.97875000000001,-1.0305036677019672
1232,-53.26703948354554,60.97875000000001,-1.1594842630999036
1233,-54.73273302853992,60.978750000000026,-1.2482532312608168
1234,-56.15551227671475,60.97875000000003,-1.285398702506372
1235,-57.493874377918516,60.978750000000005,-1.2698405415059133
1236,-58.71590210888733,60.97875000000001,-1.2122685213399227
1237,-59.80187695816974,60.97875000000002,-1.1254962976578258
1238,-60.74367022929257,60.97875000000003,-1.0183265944731315
1239,-61.542978190198006,60.97875000000002,-0.8989436342896988
1240,-62.20835066625305,60.97875000000002,-0.7727156309849136
1241,-62.75217765029476,60.97875000000001,-0.6419555559377264
1242,-63.18816783394592,60.97875000000001,-0.5069076570533424
1243,-63.529554427864184,60.97875000000001,-0.3675453506976703
1244,-63.77568980298456,60.978750000000005,-0.20565000644064563
1245,-63.87754474751688,60.97875000000001,0.0
1246,-63.77568980298456,60.978750000000005,0.20565000644065068
1247,-63.529554427864184,60.97875,0.3675453506976747
1248,-63.188167833945904,60.978750000000005,0.5069076570533461
1249,-62.75217765029476,60.97875000000001,0.6419555559377265
1250,-62.20835066625305,60.97875000000001,0.7727156309849145
1251,-61.54297819019799,60.97875000000001,0.8989436342897
1252,-60.74367022929256,60.97875000000001,1.0183265944731317
1253,-59.801876958169736,60.97875000000001,1.1254962976578267
1254,-58.715902108887335,60.97875000000001,1.2122685213399234
1255,-57.4938743779185,60.978750000000005,1.2698405415059137
1256,-56.15551227671473,60.97875000000002,1.2853987025063718
1257,-54.7327330285399,60.97875000000001,1.248253231260816
1258,-53.26703948354553,60.97875000000001,1.1594842630999032
1259,-51.80431189262874,60.97875000000002,1.0305036677019666
1260,-50.389331384061514,60.97875000000002,0.8766037610245909
1261,-49.060850728467344,60.97875000000001,0.7129470759706282
1262,-47.847697438049714,60.97875000000001,0.554653281797621
1263,-46.76749528885452,60.97875000000001,0.41274361987484376
1264,-45.82707828944993,60.97875000000001,0.29376549670953805
1265,-45.02438390003888,60.97875000000001,0.19950169946275453
1266,-44.350860392329984,60.97875000000002,0.12820570768198514
1267,-43.793831027453415,60.97874999999999,0.0767946853320362
1268,-43.338669323808965,60.97875000000001,0.04162098541267209
1269,-42.970441763738485,60.97875000000001,0.01891456048057264
1270,-42.67495477285907,60.97875000000002,0.005595344970938367
1271,-42.43937808085021,60.97875000000001,0.0
1272,-44.71382930175673,63.63,0.0
1273,-44.954931457539644,63.63000000000001,-0.0057265840832484765
1274,-45.25734911142259,63.62999999999998,-0.0193582024973019
1275,-45.63421346839529,63.63000000000001,-0.04259720782744726
1276,-46.10005101387862,63.63,-0.07859590873925226
1277,-46.6701455319775,63.63,-0.13121277933827294
1278,-47.35946656919185,63.629999999999995,-0.20418102237810898
1279,-48.18098819797237,63.63,-0.30065578197625714
1280,-49.14346272784988,63.63,-0.42242454331483303
1281,-50.249001075601555,63.63,-0.5676627038656104
1282,-51.49060894062669,63.629999999999995,-0.7296692873553349
1283,-52.85024918027989,63.63,-0.8971645486153463
1284,-54.29841813153381,63.63,-1.0546741857457742
1285,-55.79545407547984,63.63,-1.1866800278323697
1286,-57.29552554011324,63.63000000000002,-1.2775310768377386
1287,-58.75167615082485,63.630000000000024,-1.3155477970765057
1288,-60.12142960591718,63.629999999999995,-1.2996247185866907
1289,-61.37212006196613,63.63,-1.2407023436419116
1290,-62.483566508790965,63.63000000000001,-1.1518948728627456
1291,-63.4474495909127,63.630000000000024,-1.042211498620139
1292,-64.26550536232783,63.63000000000001,-0.9200284047897572
1293,-64.94648418500967,63.63000000000001,-0.7908397169894807
1294,-65.50306665973275,63.63,-0.6570126574643192
1295,-65.9492830162071,63.63,-0.518797202967016
1296,-66.29867685074647,63.63,-0.3761661463429359
1297,-66.55058534411187,63.629999999999995,-0.2104735382214371
1298,-66.65482930175673,63.63,0.0
1299,-66.55058534411187,63.629999999999995,0.21047353822144227
1300,-66.29867685074647,63.62999999999999,0.3761661463429404
1301,-65.94928301620709,63.629999999999995,0.5187972029670198
1302,-65.50306665973275,63.63,0.6570126574643194
1303,-64.94648418500967,63.63,0.7908397169894817
1304,-64.26550536232781,63.63,0.9200284047897584
1305,-63.44744959091269,63.63,1.0422114986201392
1306,-62.48356650879096,63.63,1.1518948728627467
1307,-61.372120061966136,63.63,1.2407023436419122
1308,-60.121429605917164,63.629999999999995,1.2996247185866912
1309,-58.751676150824835,63.63000000000001,1.3155477970765055
1310,-57.295525540113225,63.63,1.277531076837738
1311,-55.79545407547983,63.63,1.1866800278323693
1312,-54.29841813153381,63.63000000000001,1.0546741857457733
1313,-52.85024918027989,63.63000000000001,0.8971645486153456
1314,-51.4906089406267,63.63,0.7296692873553345
1315,-50.249001075601555,63.63,0.5676627038656104
1316,-49.14346272784988,63.63,0.42242454331483315
1317,-48.180988197972354,63.63,0.30065578197625603
1318,-47.359466569191845,63.63,0.20418102237810898
1319,-46.6701455319775,63.63000000000001,0.1312127793382722
1320,-46.10005101387861,63.62999999999998,0.07859590873925193
1321,-45.634213468395274,63.63,0.04259720782744661
1322,-45.25734911142259,63.63,0.01935820249730205
1323,-44.95493145753963,63.63000000000001,0.0057265840832483525
1324,-44.71382930175673,63.63,0.0
# SurfPanels,P1,P2,P3,P4
0,0,53,54,1
1,1,54,55,2
2,2,55,56,3
3,3,56,57,4
4,4,57,58,5
5,5,58,59,6
6,6,59,60,7
7,7,60,61,8
8,8,61,62,9
9,9,62,63,10
10,10,63,64,11
11,11,64,65,12
12,12,65,66,13
13,13,66,67,14
14,14,67,68,15
15,15,68,69,16
16,16,69,70,17
17,17,70,71,18
18,18,71,72,19
19,19,72,73,20
20,20,73,74,21
21,21,74,75,22
22,22,75,76,23
23,23,76,77,24
24,24,77,78,25
25,25,78,79,26
26,26,79,80,27
27,27,80,81,28
28,28,81,82,29
29,29,82,83,30
30,30,83,84,31
31,31,84,85,32
32,32,85,86,33
33,33,86,87,34
34,34,87,88,35
35,35,88,89,36
36,36,89,90,37
37,37,90,91,38
38,38,91,92,39
39,39,92,93,40
40,40,93,94,41
41,41,94,95,42
42,42,95,96,43
43,43,96,97,44
44,44,97,98,45
45,45,98,99,46
46,46,99,100,47
47,47,100,101,48
48,48,101,102,49
49,49,102,103,50
50,50,103,104,51
51,51,104,105,52
52,53,106,107,54
53,54,107,108,55
54,55,108,109,56
55,56,109,110,57
56,57,110,111,58
57,58,111,112,59
58,59,112,113,60
59,60,113,114,61
60,61,114,115,62
61,62,115,116,63
62,63,116,117,64
63,64,117,118,65
64,65,118,119,66
65,66,119,120,67
66,67,120,121,68
67,68,121,122,69
68,69,122,123,70
69,70,123,124,71
70,71,124,125,72
71,72,125,126,73
72,73,126,127,74
73,74,127,128,75
74,75,128,129,76
75,76,129,130,77
76,77,130,131,78
77,78,131,132,79
78,79,132,133,80
79,80,133,134,81
80,81,134,135,82
81,82,135,136,83
82,83,136,137,84
83,84,137,138,85
84,85,138,139,86
85,86,139,140,87
86,87,140,141,88
87,88,141,142,89
88,89,142,143,90
89,90,143,144,91
90,91,144,145,92
91,92,145,146,93
92,93,146,147,94
93,94,147,148,95
94,95,148,149,96
95,96,149,150,97
96,97,150,151,98
97,98,151,152,99
98,99,152,153,100
99,100,153,154,101
100,101,154,155,102
101,102,155,156,103
102,103,156,157,104
103,104,157,158,105
104,106,159,160,107
105,107,160,161,108
106,108,161,162,109
107,109,162,163,110
108,110,163,164,111
109,111,164,165,112
110,112,165,166,113
111,113,166,167,114
112,114,167,168,115
113,115,168,169,116
114,116,169,170,117
115,117,170,171,118
116,118,171,172,119
117,119,172,173,120
118,120,173,174,121
119,121,174,175,122
120,122,175,176,123
121,123,176,177,124
122,124,177,178,125
123,125,178,179,126
124,126,179,180,127
125,127,180,181,128
126,128,181,182,129
127,129,182,183,130
128,130,183,184,131
129,131,184,185,132
130,132,185,186,133
131,133,186,187,134
132,134,187,188,135
133,135,188,189,136
134,136,189,190,137
135,137,190,191,138
136,138,191,192,139
137,139,192,193,140
138,140,193,194,141
139,141,194,195,142
140,142,195,196,143
141,143,196,197,144
142,144,197,198,145
143,145,198,199,146
144,146,199,200,147
145,147,200,201,148
146,148,201,202,149
147,149,202,203,150
148,150,203,204,151
149,151,204,205,152
150,152,205,206,153
151,153,206,207,154
152,154,207,208,155
153,155,208,209,156
154,156,209,210,157
155,157,210,211,158
156,159,212,213,160
157,160,213,214,161
158,161,214,215,162
159,162,215,216,163
160,163,216,217,164
161,164,217,218,165
162,165,218,219,166
163,166,219,220,167
164,167,220,221,168
165,168,221,222,169
166,169,222,223,170
167,170,223,224,171
168,171,224,225,172
169,172,225,226,173
170,173,226,227,174
171,174,227,228,175
172,175,228,229,176
173,176,229,230,177
174,177,230,231,178
175,178,231,232,179
176,179,232,233,180
177,180,233,234,181
178,181,234,235,182
179,182,235,236,183
180,183,236,237,184
181,184,237,238,185
182,185,238,239,186
183,186,239,240,187
184,187,240,241,188
185,188,241,242,189
186,189,242,243,190
187,190,243,244,191
188,191,244,245,192
189,192,245,246,193
190,193,246,247,194
191,194,247,248,195
192,195,248,249,196
193,196,249,250,197
194,197,250,251,198
195,198,251,252,199
196,199,252,253,200
197,200,253,254,201
198,201,254,255,202
199,202,255,256,203
200,203,256,257,204
201,204,257,258,205
202,205,258,259,206
203,206,259,260,207
204,207,260,261,208
205,208,261,262,209
206,209,262,263,210
207,210,263,264,211
208,212,265,266,213
209,213,266,267,214
210,214,267,268,215
211,215,268,269,216
212,216,269,270,217
213,217,270,271,218
214,218,271,272,219
215,219,272,273,220
216,220,273,274,221
217,221,274,275,222
218,222,275,276,223
219,223,276,277,224
220,224,277,278,225
221,225,278,279,226
222,226,279,280,227
223,227,280,281,228
224,228,281,282,229
225,229,282,283,230
226,230,283,284,231
227,231,284,285,232
228,232,285,286,233
229,233,286,287,234
230,234,287,288,235
231,235,288,289,236
232,236,289,290,237
233,237,290,291,238
234,238,291,292,239
235,239,292,293,240
236,240,293,294,241
237,241,294,295,242
238,242,295,296,243
239,243,296,297,244
240,244,297,298,245
241,245,298,299,246
242,246,299,300,247
243,247,300,301,248
244,248,301,302,249
245,249,302,303,250
246,250,303,304,251
247,251,304,305,252
248,252,305,306,253
249,253,306,307,254
250,254,307,308,255
251,255,308,309,256
252,256,309,310,257
253,257,310,311,258
254,258,311,312,259
255,259,312,313,260
256,260,313,314,261
257,261,314,315,262
258,262,315,316,263
259,263,316,317,264
260,265,318,319,266
261,266,319,320,267
262,267,320,321,268
263,268,321,322,269
264,269,322,323,270
265,270,323,324,271
266,271,324,325,272
267,272,325,326,273
268,273,326,327,274
269,274,327,328,275
270,275,328,329,276
271,276,329,330,277
272,277,330,331,278
273,278,331,332,279
274,279,332,333,280
275,280,333,334,281
276,281,334,335,282
277,282,335,336,283
278,283,336,337,284
279,284,337,338,285
280,285,338,339,286
281,286,339,340,287
282,287,340,341,288
283,288,341,342,289
284,289,342,343,290
285,290,343,344,291
286,291,344,345,292
287,292,345,346,293
288,293,346,347,294
289,294,347,348,295
290,295,348,349,296
291,296,349,350,297
292,297,350,351,298
293,298,351,352,299
294,299,352,353,300
295,300,353,354,301
296,301,354,355,302
297,302,355,356,303
298,303,356,357,304
299,304,357,358,305
300,305,358,359,306
301,306,359,360,307
302,307,360,361,308
303,308,361,362,309
304,309,362,363,310
305,310,363,364,311
306,311,364,365,312
307,312,365,366,313
308,313,366,367,314
309,314,367,368,315
310,315,368,369,316
311,316,369,370,317
312,318,371,372,319
313,319,372,373,320
314,320,373,374,321
315,321,374,375,322
316,322,375,376,323
317,323,376,377,324
318,324,377,378,325
319,325,378,379,326
320,326,379,380,327
321,327,380,381,328
322,328,381,382,329
323,329,382,383,330
324,330,383,384,331
325,331,384,385,332
326,332,385,386,333
327,333,386,387,334
328,334,387,388,335
329,335,388,389,336
330,336,389,390,337
331,337,390,391,338
332,338,391,392,339
333,339,392,393,340
334,340,393,394,341
335,341,394,395,342
336,342,395,396,343
337,343,396,397,344
338,344,397,398,345
339,345,398,399,346
340,346,399,400,347
341,347,400,401,348
342,348,401,402,349
343,349,402,403,350
344,350,403,404,351
345,351,404,405,352
346,352,405,406,353
347,353,406,407,354
348,354,407,408,355
349,355,408,409,356
350,356,409,410,357
351,357,410,411,358
352,358,411,412,359
353,359,412,413,360
354,360,413,414,361
355,361,414,415,362
356,362,415,416,363
357,363,416,417,364
358,364,417,418,365
359,365,418,419,366
360,366,419,420,367
361,367,420,421,368
362,368,421,422,369
363,369,422,423,370
364,371,424,425,372
365,372,425,426,373
366,373,426,427,374
367,374,427,428,375
368,375,428,429,376
369,376,429,430,377
370,377,430,431,378
371,378,431,432,379
372,379,432,433,380
373,380,433,434,381
374,381,434,435,382
375,382,435,436,383
376,383,436,437,384
377,384,437,438,385
378,385,438,439,386
379,386,439,440,387
380,387,440,441,388
381,388,441,442,389
382,389,442,443,390
383,390,443,444,391
384,391,444,445,392
385,392,445,446,393
386,393,446,447,394
387,394,447,448,395
388,395,448,449,396
389,396,449,450,397
390,397,450,451,398
391,398,451,452,399
392,399,452,453,400
393,400,453,454,401
394,401,454,455,402
395,402,455,456,403
396,403,456,457,404
397,404,457,458,405
398,405,458,459,406
399,406,459,460,407
400,407,460,461,408
401,408,461,462,409
402,409,462,463,410
403,410,463,464,411
404,411,464,465,412
405,412,465,466,413
406,413,466,467,414
407,414,467,468,415
408,415,468,469,416
409,416,469,470,417
410,417,470,471,418
411,418,471,472,419
412,419,472,473,420
413,420,473,474,421
414,421,474,475,422
415,422,475,476,423
416,424,477,478,425
417,425,478,479,426
418,426,479,480,427
419,427,480,481,428
420,428,481,482,429
421,429,482,483,430
422,430,483,484,431
423,431,484,485,432
424,432,485,486,433
425,433,486,487,434
426,434,487,488,435
427,435,488,489,436
428,436,489,490,437
429,437,490,491,438
430,438,491,492,439
431,439,492,493,440
432,440,493,494,441
433,441,494,495,442
434,442,495,496,443
435,443,496,497,444
436,444,497,498,445
437,445,498,499,446
438,446,499,500,447
439,447,500,501,448
440,448,501,502,449
441,449,502,503,450
442,450,503,504,451
443,451,504,505,452
444,452,505,506,453
445,453,506,507,454
446,454,507,508,455
447,455,508,509,456
448,456,509,510,457
449,457,510,511,458
450,458,511,512,459
451,459,512,513,460
452,460,513,514,461
453,461,514,515,462
454,462,515,516,463
455,463,516,517,464
456,464,517,518,465
457,465,518,519,466
458,466,519,520,467
459,467,520,521,468
460,468,521,522,469
461,469,522,523,470
462,470,523,524,471
463,471,524,525,472
464,472,525,526,473
465,473,526,527,474
466,474,527,528,475
467,475,528,529,476
468,477,530,531,478
469,478,531,532,479
470,479,532,533,480
471,480,533,534,481
472,481,534,535,482
473,482,535,536,483
474,483,536,537,484
475,484,537,538,485
476,485,538,539,486
477,486,539,540,487
478,487,540,541,488
479,488,541,542,489
480,489,542,543,490
481,490,543,544,491
482,491,544,545,492
483,492,545,546,493
484,493,546,547,494
485,494,547,548,495
486,495,548,549,496
487,496,549,550,497
488,497,550,551,498
489,498,551,552,499
490,499,552,553,500
491,500,553,554,501
492,501,554,555,502
493,502,555,556,503
494,503,556,557,504
495,504,557,558,505
496,505,558,559,506
497,506,559,560,507
498,507,560,561,508
499,508,561,562,509
500,509,562,563,510
501,510,563,564,511
502,511,564,565,512
503,512,565,566,513
504,513,566,567,514
505,514,567,568,515
506,515,568,569,516
507,516,569,570,517
508,517,570,571,518
509,518,571,572,519
510,519,572,573,520
511,520,573,574,521
512,521,574,575,522
513,522,575,576,523
514,523,576,577,524
515,524,577,578,525
516,525,578,579,526
517,526,579,580,527
518,527,580,581,528
519,528,581,582,529
520,530,583,584,531
521,531,584,585,532
522,532,585,586,533
523,533,586,587,534
524,534,587,588,535
525,535,588,589,536
526,536,589,590,537
527,537,590,591,538
528,538,591,592,539
529,539,592,593,540
530,540,593,594,541
531,541,594,595,542
532,542,595,596,543
533,543,596,597,544
534,544,597,598,545
535,545,598,599,546
536,546,599,600,547
537,547,600,601,548
538,548,601,602,549
539,549,602,603,550
540,550,603,604,551
541,551,604,605,552
542,552,605,606,553
543,553,606,607,554
544,554,607,608,555
545,555,608,609,556
546,556,609,610,557
547,557,610,611,558
548,558,611,612,559
549,559,612,613,560
550,560,613,614,561
551,561,614,615,562
552,562,615,616,563
553,563,616,617,564
554,564,617,618,565
555,565,618,619,566
556,566,619,620,567
557,567,620,621,568
558,568,621,622,569
559,569,622,623,570
560,570,623,624,571
561,571,624,625,572
562,572,625,626,573
563,573,626,627,574
564,574,627,628,575
565,575,628,629,576
566,576,629,630,577
567,577,630,631,578
568,578,631,632,579
569,579,632,633,580
570,580,633,634,581
571,581,634,635,582
572,583,636,637,584
573,584,637,638,585
574,585,638,639,586
575,586,639,640,587
576,587,640,641,588
577,588,641,642,589
578,589,642,643,590
579,590,643,644,591
580,591,644,645,592
581,592,645,646,593
582,593,646,647,594
583,594,647,648,595
584,595,648,649,596
585,596,649,650,597
586,597,650,651,598
587,598,651,652,599
588,599,652,653,600
589,600,653,654,601
590,601,654,655,602
591,602,655,656,603
592,603,656,657,604
593,604,657,658,605
594,605,658,659,606
595,606,659,660,607
596,607,660,661,608
597,608,661,662,609
598,609,662,663,610
599,610,663,664,611
600,611,664,665,612
601,612,665,666,613
602,613,666,667,614
603,614,667,668,615
604,615,668,669,616
605,616,669,670,617
606,617,670,671,618
607,618,671,672,619
608,619,672,673,620
609,620,673,674,621
610,621,674,675,622
611,622,675,676,623
612,623,676,677,624
613,624,677,678,625
614,625,678,679,626
615,626,679,680,627
616,627,680,681,628
617,628,681,682,629
618,629,682,683,630
619,630,683,684,631
620,631,684,685,632
621,632,685,686,633
622,633,686,687,634
623,634,687,688,635
624,636,689,690,637
625,637,690,691,638
626,638,691,692,639
627,639,692,693,640
628,640,693,694,641
629,641,694,695,642
630,642,695,696,643
631,643,696,697,644
632,644,697,698,645
633,645,698,699,646
634,646,699,700,647
635,647,700,701,648
636,648,701,702,649
637,649,702,703,650
638,650,703,704,651
639,651,704,705,652
640,652,705,706,653
641,653,706,707,654
642,654,707,708,655
643,655,708,709,656
644,656,709,710,657
645,657,710,711,658
646,658,711,712,659
647,659,712,713,660
648,660,713,714,661
649,661,714,715,662
650,662,715,716,663
651,663,716,717,664
652,664,717,718,665
653,665,718,719,666
654,666,719,720,667
655,667,720,721,668
656,668,721,722,669
657,669,722,723,670
658,670,723,724,671
659,671,724,725,672
660,672,725,726,673
661,673,726,727,674
662,674,727,728,675
663,675,728,729,676
664,676,729,730,677
665,677,730,731,678
666,678,731,732,679
667,679,732,733,680
668,680,733,734,681
669,681,734,735,682
670,682,735,736,683
671,683,736,737,684
672,684,737,738,685
673,685,738,739,686
674,686,739,740,687
675,687,740,741,688
676,689,742,743,690
677,690,743,744,691
678,691,744,745,692
679,692,745,746,693
680,693,746,747,694
681,694,747,748,695
682,695,748,749,696
683,696,749,750,697
684,697,750,751,698
685,698,751,752,699
686,699,752,753,700
687,700,753,754,701
688,701,754,755,702
689,702,755,756,703
690,703,756,757,704
691,704,757,758,705
692,705,758,759,706
693,706,759,760,707
694,707,760,761,708
695,708,761,762,709
696,709,762,763,710
697,710,763,764,711
698,711,764,765,712
699,712,765,766,713
700,713,766,767,714
701,714,767,768,715
702,715,768,769,716
703,716,769,770,717
704,717,770,771,718
705,718,771,772,719
706,719,772,773,720
707,720,773,774,721
708,721,774,775,722
709,722,775,776,723
710,723,776,777,724
711,724,777,778,725
712,725,778,779,726
713,726,779,780,727
714,727,780,781,728
715,728,781,782,729
716,729,782,783,730
717,730,783,784,731
718,731,784,785,732
719,732,785,786,733
720,733,786,787,734
721,734,787,788,735
722,735,788,789,736
723,736,789,790,737
724,737,790,791,738
725,738,791,792,739
726,739,792,793,740
727,740,793,794,741
728,742,795,796,743
729,743,796,797,744
730,744,797,798,745
731,745,798,799,746
732,746,799,800,747
733,747,800,801,748
734,748,801,802,749
735,749,802,803,750
736,750,803,804,751
737,751,804,805,752
738,752,805,806,753
739,753,806,807,754
740,754,807,808,755
741,755,808,809,756
742,756,809,810,757
743,757,810,811,758
744,758,811,812,759
745,759,812,813,760
746,760,813,814,761
747,761,814,815,762
748,762,815,816,763
749,763,816,817,764
750,764,817,818,765
751,765,818,819,766
752,766,819,820,767
753,767,820,821,768
754,768,821,822,769
755,769,822,823,770
756,770,823,824,771
757,771,824,825,772
758,772,825,826,773
759,773,826,827,774
760,774,827,828,775
761,775,828,829,776
762,776,829,830,777
763,777,830,831,778
764,778,831,832,779
765,779,832,833,780
766,780,833,834,781
767,781,834,835,782
768,782,835,836,783
769,783,836,837,784
770,784,837,838,785
771,785,838,839,786
772,786,839,840,787
773,787,840,841,788
774,788,841,842,789
775,789,842,843,790
776,790,843,844,791
777,791,844,845,792
778,792,845,846,793
779,793,846,847,794
780,795,848,849,796
781,796,849,850,797
782,797,850,851,798
783,798,851,852,799
784,799,852,853,800
785,800,853,854,801
786,801,854,855,802
787,802,855,856,803
788,803,856,857,804
789,804,857,858,805
790,805,858,859,806
791,806,859,860,807
792,807,860,861,808
793,808,861,862,809
794,809,862,863,810
795,810,863,864,811
796,811,864,865,812
797,812,865,866,813
798,813,866,867,814
799,814,867,868,815
800,815,868,869,816
801,816,869,870,817
802,817,870,871,818
803,818,871,872,819
804,819,872,873,820
805,820,873,874,821
806,821,874,875,822
807,822,875,876,823
808,823,876,877,824
809,824,877,878,825
810,825,878,879,826
811,826,879,880,827
812,827,880,881,828
813,828,881,882,829
814,829,882,883,830
815,830,883,884,831
816,831,884,885,832
817,832,885,886,833
818,833,886,887,834
819,834,887,888,835
820,835,888,889,836
821,836,889,890,837
822,837,890,891,838
823,838,891,892,839
824,839,892,893,840
825,840,893,894,841
826,841,894,895,842
827,842,895,896,843
828,843,896,897,844
829,844,897,898,845
830,845,898,899,846
831,846,899,900,847
832,848,901,902,849
833,849,902,903,850
834,850,903,904,851
835,851,904,905,852
836,852,905,906,853
837,853,906,907,854
838,854,907,908,855
839,855,908,909,856
840,856,909,910,857
841,857,910,911,858
842,858,911,912,859
843,859,912,913,860
844,860,913,914,861
845,861,914,915,862
846,862,915,916,863
847,863,916,917,864
848,864,917,918,865
849,865,918,919,866
850,866,919,920,867
851,867,920,921,868
852,868,921,922,869
853,869,922,923,870
854,870,923,924,871
855,871,924,925,872
856,872,925,926,873
857,873,926,927,874
858,874,927,928,875
859,875,928,929,876
860,876,929,930,877
861,877,930,931,878
862,878,931,932,879
863,879,932,933,880
864,880,933,934,881
865,881,934,935,882
866,882,935,936,883
867,883,936,937,884
868,884,937,938,885
869,885,938,939,886
870,886,939,940,887
871,887,940,941,888
872,888,941,942,889
873,889,942,943,890
874,890,943,944,891
875,891,944,945,892
876,892,945,946,893
877,893,946,947,894
878,894,947,948,895
879,895,948,949,896
880,896,949,950,897
881,897,950,951,898
882,898,951,952,899
883,899,952,953,900
884,901,954,955,902
885,902,955,956,903
886,903,956,957,904
887,904,957,958,905
888,905,958,959,906
889,906,959,960,907
890,907,960,961,908
891,908,961,962,909
892,909,962,963,910
893,910,963,964,911
894,911,964,965,912
895,912,965,966,913
896,913,966,967,914
897,914,967,968,915
898,915,968,969,916
899,916,969,970,917
900,917,970,971,918
901,918,971,972,919
902,919,972,973,920
903,920,973,974,921
904,921,974,975,922
905,922,975,976,923
906,923,976,977,924
907,924,977,978,925
908,925,978,979,926
909,926,979,980,927
910,927,980,981,928
911,928,981,982,929
912,929,982,983,930
913,930,983,984,931
914,931,984,985,932
915,932,985,986,933
916,933,986,987,934
917,934,987,988,935
918,935,988,989,936
919,936,989,990,937
920,937,990,991,938
921,938,991,992,939
922,939,992,993,940
923,940,993,994,941
924,941,994,995,942
925,942,995,996,943
926,943,996,997,944
927,944,997,998,945
928,945,998,999,946
929,946,999,1000,947
930,947,1000,1001,948
931,948,1001,1002,949
932,949,1002,1003,950
933,950,1003,1004,951
934,951,1004,1005,952
935,952,1005,1006,953
936,954,1007,1008,955
937,955,1008,1009,956
938,956,1009,1010,957
939,957,1010,1011,958
940,958,1011,1012,959
941,959,1012,1013,960
942,960,1013,1014,961
943,961,1014,1015,962
944,962,1015,1016,963
945,963,1016,1017,964
946,964,1017,1018,965
947,965,1018,1019,966
948,966,1019,1020,967
949,967,1020,1021,968
950,968,1021,1022,969
951,969,1022,1023,970
952,970,1023,1024,971
953,971,1024,1025,972
954,972,1025,1026,973
955,973,1026,1027,974
956,974,1027,1028,975
957,975,1028,1029,976
958,976,1029,1030,977
959,977,1030,1031,978
960,978,1031,1032,979
961,979,1032,1033,980
962,980,1033,1034,981
963,981,1034,1035,982
964,982,1035,1036,983
965,983,1036,1037,984
966,984,1037,1038,985
967,985,1038,1039,986
968,986,1039,1040,987
969,987,1040,1041,988
970,988,1041,1042,989
971,989,1042,1043,990
972,990,1043,1044,991
973,991,1044,1045,992
974,992,1045,1046,993
975,993,1046,1047,994
976,994,1047,1048,995
977,995,1048,1049,996
978,996,1049,1050,997
979,997,1050,1051,998
980,998,1051,1052,999
981,999,1052,1053,1000
982,1000,1053,1054,1001
983,1001,1054,1055,1002
984,1002,1055,1056,1003
985,1003,1056,1057,1004
986,1004,1057,1058,1005
987,1005,1058,1059,1006
988,1007,1060,1061,1008
989,1008,1061,1062,1009
990,1009,1062,1063,1010
991,1010,1063,1064,1011
992,1011,1064,1065,1012
993,1012,1065,1066,1013
994,1013,1066,1067,1014
995,1014,1067,1068,1015
996,1015,1068,1069,1016
997,1016,1069,1070,1017
998,1017,1070,1071,1018
999,1018,1071,1072,1019
1000,1019,1072,1073,1020
1001,1020,1073,1074,1021
1002,1021,1074,1075,1022
1003,1022,1075,1076,1023
1004,1023,1076,1077,1024
1005,1024,1077,1078,1025
1006,1025,1078,1079,1026
1007,1026,1079,1080,1027
1008,1027,1080,1081,1028
1009,1028,1081,1082,1029
1010,1029,1082,1083,1030
1011,1030,1083,1084,1031
1012,1031,1084,1085,1032
1013,1032,1085,1086,1033
1014,1033,1086,1087,1034
1015,1034,1087,1088,1035
1016,1035,1088,1089,1036
1017,1036,1089,1090,1037
1018,1037,1090,1091,1038
1019,1038,1091,1092,1039
1020,1039,1092,1093,1040
1021,1040,1093,1094,1041
1022,1041,1094,1095,1042
1023,1042,1095,1096,1043
1024,1043,1096,1097,1044
1025,1044,1097,1098,1045
1026,1045,1098,1099,1046
1027,1046,1099,1100,1047
1028,1047,1100,1101,1048
1029,1048,1101,1102,1049
1030,1049,1102,1103,1050
1031,1050,1103,1104,1051
1032,1051,1104,1105,1052
1033,1052,1105,1106,1053
1034,1053,1106,1107,1054
1035,1054,1107,1108,1055
1036,1055,1108,1109,1056
1037,1056,1109,1110,1057
1038,1057,1110,1111,1058
1039,1058,1111,1112,1059
1040,1060,1113,1114,1061
1041,1061,1114,1115,1062
1042,1062,1115,1116,1063
1043,1063,1116,1117,1064
1044,1064,1117,1118,1065
1045,1065,1118,1119,1066
1046,1066,1119,1120,1067
1047,1067,1120,1121,1068
1048,1068,1121,1122,1069
1049,1069,1122,1123,1070
1050,1070,1123,1124,1071
1051,1071,1124,1125,1072
1052,1072,1125,1126,1073
1053,1073,1126,1127,1074
1054,1074,1127,1128,1075
1055,1075,1128,1129,1076
1056,1076,1129,1130,1077
1057,1077,1130,1131,1078
1058,1078,1131,1132,1079
1059,1079,1132,1133,1080
1060,1080,1133,1134,1081
1061,1081,1134,1135,1082
1062,1082,1135,1136,1083
1063,1083,1136,1137,1084
1064,1084,1137,1138,1085
1065,1085,1138,1139,1086
1066,1086,1139,1140,1087
1067,1087,1140,1141,1088
1068,1088,1141,1142,1089
1069,1089,1142,1143,1090
1070,1090,1143,1144,1091
1071,1091,1144,1145,1092
1072,1092,1145,1146,1093
1073,1093,1146,1147,1094
1074,1094,1147,1148,1095
1075,1095,1148,1149,1096
1076,1096,1149,1150,1097
1077,1097,1150,1151,1098
1078,1098,1151,1152,1099
1079,1099,1152,1153,1100
1080,1100,1153,1154,1101
1081,1101,1154,1155,1102
1082,1102,1155,1156,1103
1083,1103,1156,1157,1104
1084,1104,1157,1158,1105
1085,1105,1158,1159,1106
1086,1106,1159,1160,1107
1087,1107,1160,1161,1108
1088,1108,1161,1162,1109
1089,1109,1162,1163,1110
1090,1110,1163,1164,1111
1091,1111,1164,1165,1112
1092,1113,1166,1167,1114
1093,1114,1167,1168,1115
1094,1115,1168,1169,1116
1095,1116,1169,1170,1117
1096,1117,1170,1171,1118
1097,1118,1171,1172,1119
1098,1119,1172,1173,1120
1099,1120,1173,1174,1121
1100,1121,1174,1175,1122
1101,1122,1175,1176,1123
1102,1123,1176,1177,1124
1103,1124,1177,1178,1125
1104,1125,1178,1179,1126
1105,1126,1179,1180,1127
1106,1127,1180,1181,1128
1107,1128,1181,1182,1129
1108,1129,1182,1183,1130
1109,1130,1183,1184,1131
1110,1131,1184,1185,1132
1111,1132,1185,1186,1133
1112,1133,1186,1187,1134
1113,1134,1187,1188,1135
1114,1135,1188,1189,1136
1115,1136,1189,1190,1137
1116,1137,1190,1191,1138
1117,1138,1191,1192,1139
1118,1139,1192,1193,1140
1119,1140,1193,1194,1141
1120,1141,1194,1195,1142
1121,1142,1195,1196,1143
1122,1143,1196,1197,1144
1123,1144,1197,1198,1145
1124,1145,1198,1199,1146
1125,1146,1199,1200,1147
1126,1147,1200,1201,1148
1127,1148,1201,1202,1149
1128,1149,1202,1203,1150
1129,1150,1203,1204,1151
1130,1151,1204,1205,1152
1131,1152,1205,1206,1153
1132,1153,1206,1207,1154
1133,1154,1207,1208,1155
1134,1155,1208,1209,1156
1135,1156,1209,1210,1157
1136,1157,1210,1211,1158
1137,1158,1211,1212,1159
1138,1159,1212,1213,1160
1139,1160,1213,1214,1161
1140,1161,1214,1215,1162
1141,1162,1215,1216,1163
1142,1163,1216,1217,1164
1143,1164,1217,1218,1165
1144,1166,1219,1220,1167
1145,1167,1220,1221,1168
1146,1168,1221,1222,1169
1147,1169,1222,1223,1170
1148,1170,1223,1224,1171
1149,1171,1224,1225,1172
1150,1172,1225,1226,1173
1151,1173,1226,1227,1174
1152,1174,1227,1228,1175
1153,1175,1228,1229,1176
1154,1176,1229,1230,1177
1155,1177,1230,1231,1178
1156,1178,1231,1232,1179
1157,1179,1232,1233,1180
1158,1180,1233,1234,1181
1159,1181,1234,1235,1182
1160,1182,1235,1236,1183
1161,1183,1236,1237,1184
1162,1184,1237,1238,1185
1163,1185,1238,1239,1186
1164,1186,1239,1240,1187
1165,1187,1240,1241,1188
1166,1188,1241,1242,1189
1167,1189,1242,1243,1190
1168,1190,1243,1244,1191
1169,1191,1244,1245,1192
1170,1192,1245,1246,1193
1171,1193,1246,1247,1194
1172,1194,1247,1248,1195
1173,1195,1248,1249,1196
1174,1196,1249,1250,1197
1175,1197,1250,1251,1198
1176,1198,1251,1252,1199
1177,1199,1252,1253,1200
1178,1200,1253,1254,1201
1179,1201,1254,1255,1202
1180,1202,1255,1256,1203
1181,1203,1256,1257,1204
1182,1204,1257,1258,1205
1183,1205,1258,1259,1206
1184,1206,1259,1260,1207
1185,1207,1260,1261,1208
1186,1208,1261,1262,1209
1187,1209,1262,1263,1210
1188,1210,1263,1264,1211
1189,1211,1264,1265,1212
1190,1212,1265,1266,1213
1191,1213,1266,1267,1214
1192,1214,1267,1268,1215
1193,1215,1268,1269,1216
1194,1216,1269,1270,1217
1195,1217,1270,1271,1218
1196,1219,1272,1273,1220
1197,1220,1273,1274,1221
1198,1221,1274,1275,1222
1199,1222,1275,1276,1223
1200,1223,1276,1277,1224
1201,1224,1277,1278,1225
1202,1225,1278,1279,1226
1203,1226,1279,1280,1227
1204,1227,1280,1281,1228
1205,1228,1281,1282,1229
1206,1229,1282,1283,1230
1207,1230,1283,1284,1231
1208,1231,1284,1285,1232
1209,1232,1285,1286,1233
1210,1233,1286,1287,1234
1211,1234,1287,1288,1235
1212,1235,1288,1289,1236
1213,1236,1289,1290,1237
1214,1237,1290,1291,1238
1215,1238,1291,1292,1239
1216,1239,1292,1293,1240
1217,1240,1293,1294,1241
1218,1241,1294,1295,1242
1219,1242,1295,1296,1243
1220,1243,1296,1297,1244
1221,1244,1297,1298,1245
1222,1245,1298,1299,1246
1223,1246,1299,1300,1247
1224,1247,1300,1301,1248
1225,1248,1301,1302,1249
1226,1249,1302,1303,1250
1227,1250,1303,1304,1251
1228,1251,1304,1305,1252
1229,1252,1305,1306,1253
1230,1253,1306,1307,1254
1231,1254,1307,1308,1255
1232,1255,1308,1309,1256
1233,1256,1309,1310,1257
1234,1257,1310,1311,1258
1235,1258,1311,1312,1259
1236,1259,1312,1313,1260
1237,1260,1313,1314,1261
1238,1261,1314,1315,1262
1239,1262,1315,1316,1263
1240,1263,1316,1317,1264
1241,1264,1317,1318,1265
1242,1265,1318,1319,1266
1243,1266,1319,1320,1267
1244,1267,1320,1321,1268
1245,1268,1321,1322,1269
1246,1269,1322,1323,1270
1247,1270,1323,1324,1271
# WAKE 
# SurfNodeNumPts
1625
# SurfFaceNumPts
1536
# nXsecs
64
# nYsecs
24
# Nodes,x,y,z
0,9.873,0.0,0.0
1,14.5605,0.0,0.0
2,19.247999999999998,0.0,0.0
3,23.935499999999998,0.0,0.0
4,28.622999999999998,0.0,0.0
5,33.3105,0.0,0.0
6,37.998,0.0,0.0
7,42.6855,0.0,0.0
8,47.373,0.0,0.0
9,52.0605,0.0,0.0
10,56.748,0.0,0.0
11,61.4355,0.0,0.0
12,66.12299999999999,0.0,0.0
13,70.81049999999999,0.0,0.0
14,75.49799999999999,0.0,0.0
15,80.18549999999999,0.0,0.0
16,84.87299999999999,0.0,0.0
17,89.56049999999999,0.0,0.0
18,94.24799999999999,0.0,0.0
19,98.93549999999999,0.0,0.0
20,103.62299999999999,0.0,0.0
21,108.31049999999999,0.0,0.0
22,112.99799999999999,0.0,0.0
23,117.68549999999999,0.0,0.0
24,122.37299999999999,0.0,0.0
25,127.06049999999999,0.0,0.0
26,131.748,0.0,0.0
27,136.4355,0.0,0.0
28,141.123,0.0,0.0
29,145.8105,0.0,0.0
30,150.498,0.0,0.0
31,155.1855,0.0,0.0
32,159.873,0.0,0.0
33,164.5605,0.0,0.0
34,169.248,0.0,0.0
35,173.9355,0.0,0.0
36,178.623,0.0,0.0
37,183.3105,0.0,0.0
38,187.998,0.0,0.0
39,192.6855,0.0,0.0
40,197.373,0.0,0.0
41,202.0605,0.0,0.0
42,206.748,0.0,0.0
43,211.4355,0.0,0.0
44,216.123,0.0,0.0
45,220.8105,0.0,0.0
46,225.498,0.0,0.0
47,230.1855,0.0,0.0
48,234.873,0.0,0.0
49,239.5605,0.0,0.0
50,244.248,0.0,0.0
51,248.9355,0.0,0.0
52,253.623,0.0,0.0
53,258.3105,0.0,0.0
54,262.998,0.0,0.0
55,267.6855,0.0,0.0
56,272.373,0.0,0.0
57,277.0605,0.0,0.0
58,281.748,0.0,0.0
59,286.4355,0.0,0.0
60,291.123,0.0,0.0
61,295.8105,0.0,0.0
62,300.498,0.0,0.0
63,305.1855,0.0,0.0
64,309.873,0.0,0.0
65,7.5985487790934645,2.651250000000005,0.0
66,12.286048779093464,2.651250000000005,0.0
67,16.973548779093463,2.651250000000005,0.0
68,21.661048779093463,2.651250000000005,0.0
69,26.348548779093463,2.651250000000005,0.0
70,31.036048779093463,2.651250000000005,0.0
71,35.72354877909346,2.651250000000005,0.0
72,40.41104877909346,2.651250000000005,0.0
73,45.09854877909346,2.651250000000005,0.0
74,49.78604877909346,2.651250000000005,0.0
75,54.47354877909346,2.651250000000005,0.0
76,59.16104877909346,2.651250000000005,0.0
77,63.84854877909346,2.651250000000005,0.0
78,68.53604877909346,2.651250000000005,0.0
79,73.22354877909346,2.651250000000005,0.0
80,77.91104877909346,2.651250000000005,0.0
81,82.59854877909346,2.651250000000005,0.0
82,87.28604877909346,2.651250000000005,0.0
83,91.97354877909346,2.651250000000005,0.0
84,96.66104877909346,2.651250000000005,0.0
85,101.34854877909346,2.651250000000005,0.0
86,106.03604877909346,2.651250000000005,0.0
87,110.72354877909346,2.651250000000005,0.0
88,115.41104877909346,2.651250000000005,0.0
89,120.09854877909346,2.651250000000005,0.0
90,124.78604877909346,2.651250000000005,0.0
91,129.47354877909345,2.651250000000005,0.0
92,134.16104877909345,2.651250000000005,0.0
93,138.84854877909345,2.651250000000005,0.0
94,143.53604877909345,2.651250000000005,0.0
95,148.22354877909345,2.651250000000005,0.0
96,152.91104877909345,2.651250000000005,0.0
97,157.59854877909345,2.651250000000005,0.0
98,162.28604877909345,2.651250000000005,0.0
99,166.97354877909345,2.651250000000005,0.0
100,171.66104877909345,2.651250000000005,0.0
101,176.34854877909345,2.651250000000005,0.0
102,181.03604877909345,2.651250000000005,0.0
103,185.72354877909345,2.651250000000005,0.0
104,190.41104877909345,2.651250000000005,0.0
105,195.09854877909345,2.651250000000005,0.0
106,199.78604877909345,2.651250000000005,0.0
107,204.47354877909345,2.651250000000005,0.0
108,209.16104877909345,2.651250000000005,0.0
109,213.84854877909345,2.651250000000005,0.0
110,218.53604877909345,2.651250000000005,0.0
111,223.22354877909345,2.651250000000005,0.0
112,227.91104877909345,2.651250000000005,0.0
113,232.59854877909345,2.651250000000005,0.0
114,237.28604877909345,2.651250000000005,0.0
115,241.97354877909345,2.651250000000005,0.0
116,246.66104877909345,2.651250000000005,0.0
117,251.34854877909345,2.651250000000005,0.0
118,256.03604877909345,2.651250000000005,0.0
119,260.72354877909345,2.651250000000005,0.0
120,265.41104877909345,2.651250000000005,0.0
121,270.09854877909345,2.651250000000005,0.0
122,274.78604877909345,2.651250000000005,0.0
123,279.47354877909345,2.651250000000005,0.0
124,284.16104877909345,2.651250000000005,0.0
125,288.84854877909345,2.651250000000005,0.0
126,293.53604877909345,2.651250000000005,0.0
127,298.22354877909345,2.651250000000005,0.0
128,302.91104877909345,2.651250000000005,0.0
129,307.59854877909345,2.651250000000005,0.0
130,5.324097558186942,5.302499999999996,0.0
131,10.011597558186942,5.302499999999996,0.0
132,14.699097558186942,5.302499999999996,0.0
133,19.386597558186942,5.302499999999996,0.0
134,24.074097558186942,5.302499999999996,0.0
135,28.761597558186942,5.302499999999996,0.0
136,33.44909755818694,5.302499999999996,0.0
137,38.13659755818694,5.302499999999996,0.0
138,42.82409755818694,5.302499999999996,0.0
139,47.51159755818694,5.302499999999996,0.0
140,52.19909755818694,5.302499999999996,0.0
141,56.88659755818694,5.302499999999996,0.0
142,61.57409755818694,5.302499999999996,0.0
143,66.26159755818693,5.302499999999996,0.0
144,70.94909755818693,5.302499999999996,0.0
145,75.63659755818693,5.302499999999996,0.0
146,80.32409755818693,5.302499999999996,0.0
147,85.01159755818693,5.302499999999996,0.0
148,89.69909755818693,5.302499999999996,0.0
149,94.38659755818693,5.302499999999996,0.0
150,99.07409755818693,5.302499999999996,0.0
151,103.76159755818693,5.302499999999996,0.0
152,108.44909755818693,5.302499999999996,0.0
153,113.13659755818693,5.302499999999996,0.0
154,117.82409755818693,5.302499999999996,0.0
155,122.51159755818693,5.302499999999996,0.0
156,127.19909755818693,5.302499999999996,0.0
157,131.88659755818693,5.302499999999996,0.0
158,136.57409755818693,5.302499999999996,0.0
159,141.26159755818693,5.302499999999996,0.0
160,145.94909755818693,5.302499999999996,0.0
161,150.63659755818693,5.302499999999996,0.0
162,155.32409755818693,5.302499999999996,0.0
163,160.01159755818693,5.302499999999996,0.0
164,164.69909755818693,5.302499999999996,0.0
165,169.38659755818693,5.302499999999996,0.0
166,174.07409755818693,5.302499999999996,0.0
167,178.76159755818693,5.302499999999996,0.0
168,183.44909755818693,5.302499999999996,0.0
169,188.13659755818693,5.302499999999996,0.0
170,192.82409755818693,5.302499999999996,0.0
171,197.51159755818693,5.302499999999996,0.0
172,202.19909755818693,5.302499999999996,0.0
173,206.88659755818693,5.302499999999996,0.0
174,211.57409755818693,5.302499999999996,0.0
175,216.26159755818693,5.302499999999996,0.0
176,220.94909755818693,5.302499999999996,0.0
177,225.63659755818693,5.302499999999996,0.0
178,230.32409755818693,5.302499999999996,0.0
179,235.01159755818693,5.302499999999996,0.0
180,239.69909755818693,5.302499999999996,0.0
181,244.38659755818693,5.302499999999996,0.0
182,249.07409755818693,5.302499999999996,0.0
183,253.76159755818693,5.302499999999996,0.0
184,258.44909755818696,5.302499999999996,0.0
185,263.13659755818696,5.302499999999996,0.0
186,267.82409755818696,5.302499999999996,0.0
187,272.51159755818696,5.302499999999996,0.0
188,277.19909755818696,5.302499999999996,0.0
189,281.88659755818696,5.302499999999996,0.0
190,286.57409755818696,5.302499999999996,0.0
191,291.26159755818696,5.302499999999996,0.0
192,295.94909755818696,5.302499999999996,0.0
193,300.63659755818696,5.302499999999996,0.0
194,305.32409755818696,5.302499999999996,0.0
195,3.0496463372804072,7.95375,0.0
196,7.737146337280407,7.95375,0.0
197,12.424646337280407,7.95375,0.0
198,17.112146337280407,7.95375,0.0
199,21.799646337280407,7.95375,0.0
200,26.487146337280407,7.95375,0.0
201,31.174646337280407,7.95375,0.0
202,35.86214633728041,7.95375,0.0
203,40.54964633728041,7.95375,0.0
204,45.23714633728041,7.95375,0.0
205,49.92464633728041,7.95375,0.0
206,54.61214633728041,7.95375,0.0
207,59.29964633728041,7.95375,0.0
208,63.98714633728041,7.95375,0.0
209,68.67464633728041,7.95375,0.0
210,73.36214633728041,7.95375,0.0
211,78.04964633728041,7.95375,0.0
212,82.73714633728041,7.95375,0.0
213,87.42464633728041,7.95375,0.0
214,92.11214633728041,7.95375,0.0
215,96.79964633728041,7.95375,0.0
216,101.48714633728041,7.95375,0.0
217,106.17464633728041,7.95375,0.0
218,110.86214633728041,7.95375,0.0
219,115.54964633728041,7.95375,0.0
220,120.23714633728041,7.95375,0.0
221,124.92464633728041,7.95375,0.0
222,129.61214633728042,7.95375,0.0
223,134.29964633728042,7.95375,0.0
224,138.98714633728042,7.95375,0.0
225,143.67464633728042,7.95375,0.0
226,148.36214633728042,7.95375,0.0
227,153.04964633728042,7.95375,0.0
228,157.73714633728042,7.95375,0.0
229,162.42464633728042,7.95375,0.0
230,167.11214633728042,7.95375,0.0
231,171.79964633728042,7.95375,0.0
232,176.48714633728042,7.95375,0.0
233,181.17464633728042,7.95375,0.0
234,185.86214633728042,7.95375,0.0
235,190.54964633728042,7.95375,0.0
236,195.23714633728042,7.95375,0.0
237,199.92464633728042,7.95375,0.0
238,204.61214633728042,7.95375,0.0
239,209.29964633728042,7.95375,0.0
240,213.98714633728042,7.95375,0.0
241,218.67464633728042,7.95375,0.0
242,223.36214633728042,7.95375,0.0
243,228.04964633728042,7.95375,0.0
244,232.73714633728042,7.95375,0.0
245,237.42464633728042,7.95375,0.0
246,242.11214633728042,7.95375,0.0
247,246.79964633728042,7.95375,0.0
248,251.48714633728042,7.95375,0.0
249,256.1746463372804,7.95375,0.0
250,260.8621463372804,7.95375,0.0
251,265.5496463372804,7.95375,0.0
252,270.2371463372804,7.95375,0.0
253,274.9246463372804,7.95375,0.0
254,279.6121463372804,7.95375,0.0
255,284.2996463372804,7.95375,0.0
256,288.9871463372804,7.95375,0.0
257,293.6746463372804,7.95375,0.0
258,298.3621463372804,7.95375,0.0
259,303.0496463372804,7.95375,0.0
260,0.7751951163738742,10.605000000000006,0.0
261,5.462695116373874,10.605000000000006,0.0
262,10.150195116373874,10.605000000000006,0.0
263,14.837695116373874,10.605000000000006,0.0
264,19.525195116373872,10.605000000000006,0.0
265,24.212695116373872,10.605000000000006,0.0
266,28.900195116373872,10.605000000000006,0.0
267,33.58769511637387,10.605000000000006,0.0
268,38.27519511637387,10.605000000000006,0.0
269,42.96269511637387,10.605000000000006,0.0
270,47.65019511637387,10.605000000000006,0.0
271,52.33769511637387,10.605000000000006,0.0
272,57.02519511637387,10.605000000000006,0.0
273,61.71269511637387,10.605000000000006,0.0
274,66.40019511637388,10.605000000000006,0.0
275,71.08769511637388,10.605000000000006,0.0
276,75.77519511637388,10.605000000000006,0.0
277,80.46269511637388,10.605000000000006,0.0
278,85.15019511637388,10.605000000000006,0.0
279,89.83769511637388,10.605000000000006,0.0
280,94.52519511637388,10.605000000000006,0.0
281,99.21269511637388,10.605000000000006,0.0
282,103.90019511637388,10.605000000000006,0.0
283,108.58769511637388,10.605000000000006,0.0
284,113.27519511637388,10.605000000000006,0.0
285,117.96269511637388,10.605000000000006,0.0
286,122.65019511637388,10.605000000000006,0.0
287,127.33769511637388,10.605000000000006,0.0
288,132.02519511637388,10.605000000000006,0.0
289,136.71269511637388,10.605000000000006,0.0
290,141.40019511637388,10.605000000000006,0.0
291,146.08769511637388,10.605000000000006,0.0
292,150.77519511637388,10.605000000000006,0.0
293,155.46269511637388,10.605000000000006,0.0
294,160.15019511637388,10.605000000000006,0.0
295,164.83769511637388,10.605000000000006,0.0
296,169.52519511637388,10.605000000000006,0.0
297,174.21269511637388,10.605000000000006,0.0
298,178.90019511637388,10.605000000000006,0.0
299,183.58769511637388,10.605000000000006,0.0
300,188.27519511637388,10.605000000000006,0.0
301,192.96269511637388,10.605000000000006,0.0
302,197.65019511637388,10.605000000000006,0.0
303,202.33769511637388,10.605000000000006,0.0
304,207.02519511637388,10.605000000000006,0.0
305,211.71269511637388,10.605000000000006,0.0
306,216.40019511637388,10.605000000000006,0.0
307,221.08769511637388,10.605000000000006,0.0
308,225.77519511637388,10.605000000000006,0.0
309,230.46269511637388,10.605000000000006,0.0
310,235.15019511637388,10.605000000000006,0.0
311,239.83769511637388,10.605000000000006,0.0
312,244.52519511637388,10.605000000000006,0.0
313,249.21269511637388,10.605000000000006,0.0
314,253.90019511637388,10.605000000000006,0.0
315,258.5876951163739,10.605000000000006,0.0
316,263.2751951163739,10.605000000000006,0.0
317,267.9626951163739,10.605000000000006,0.0
318,272.6501951163739,10.605000000000006,0.0
319,277.3376951163739,10.605000000000006,0.0
320,282.0251951163739,10.605000000000006,0.0
321,286.7126951163739,10.605000000000006,0.0
322,291.4001951163739,10.605000000000006,0.0
323,296.0876951163739,10.605000000000006,0.0
324,300.7751951163739,10.605000000000006,0.0
325,-1.4992561045326491,13.256249999999996,0.0
326,3.188243895467351,13.256249999999996,0.0
327,7.875743895467351,13.256249999999996,0.0
328,12.563243895467352,13.256249999999996,0.0
329,17.25074389546735,13.256249999999996,0.0
330,21.93824389546735,13.256249999999996,0.0
331,26.62574389546735,13.256249999999996,0.0
332,31.31324389546735,13.256249999999996,0.0
333,36.00074389546735,13.256249999999996,0.0
334,40.68824389546735,13.256249999999996,0.0
335,45.37574389546735,13.256249999999996,0.0
336,50.06324389546735,13.256249999999996,0.0
337,54.75074389546735,13.256249999999996,0.0
338,59.43824389546735,13.256249999999996,0.0
339,64.12574389546735,13.256249999999996,0.0
340,68.81324389546735,13.256249999999996,0.0
341,73.50074389546735,13.256249999999996,0.0
342,78.18824389546735,13.256249999999996,0.0
343,82.87574389546735,13.256249999999996,0.0
344,87.56324389546735,13.256249999999996,0.0
345,92.25074389546735,13.256249999999996,0.0
346,96.93824389546735,13.256249999999996,0.0
347,101.62574389546735,13.256249999999996,0.0
348,106.31324389546735,13.256249999999996,0.0
349,111.00074389546735,13.256249999999996,0.0
350,115.68824389546735,13.256249999999996,0.0
351,120.37574389546735,13.256249999999996,0.0
352,125.06324389546735,13.256249999999996,0.0
353,129.75074389546734,13.256249999999996,0.0
354,134.43824389546734,13.256249999999996,0.0
355,139.12574389546734,13.256249999999996,0.0
356,143.81324389546734,13.256249999999996,0.0
357,148.50074389546734,13.256249999999996,0.0
358,153.18824389546734,13.256249999999996,0.0
359,157.87574389546734,13.256249999999996,0.0
360,162.56324389546734,13.256249999999996,0.0
361,167.25074389546734,13.256249999999996,0.0
362,171.93824389546734,13.256249999999996,0.0
363,176.62574389546734,13.256249999999996,0.0
364,181.31324389546734,13.256249999999996,0.0
365,186.00074389546734,13.256249999999996,0.0
366,190.68824389546734,13.256249999999996,0.0
367,195.37574389546734,13.256249999999996,0.0
368,200.06324389546734,13.256249999999996,0.0
369,204.75074389546734,13.256249999999996,0.0
370,209.43824389546734,13.256249999999996,0.0
371,214.12574389546734,13.256249999999996,0.0
372,218.81324389546734,13.256249999999996,0.0
373,223.50074389546734,13.256249999999996,0.0
374,228.18824389546734,13.256249999999996,0.0
375,232.87574389546734,13.256249999999996,0.0
376,237.56324389546734,13.256249999999996,0.0
377,242.25074389546734,13.256249999999996,0.0
378,246.93824389546734,13.256249999999996,0.0
379,251.62574389546734,13.256249999999996,0.0
380,256.31324389546734,13.256249999999996,0.0
381,261.00074389546734,13.256249999999996,0.0
382,265.68824389546734,13.256249999999996,0.0
383,270.37574389546734,13.256249999999996,0.0
384,275.06324389546734,13.256249999999996,0.0
385,279.75074389546734,13.256249999999996,0.0
386,284.43824389546734,13.256249999999996,0.0
387,289.12574389546734,13.256249999999996,0.0
388,293.81324389546734,13.256249999999996,0.0
389,298.50074389546734,13.256249999999996,0.0
390,-3.773707325439183,15.9075,0.0
391,0.9137926745608169,15.9075,0.0
392,5.601292674560817,15.9075,0.0
393,10.288792674560817,15.9075,0.0
394,14.976292674560817,15.9075,0.0
395,19.663792674560817,15.9075,0.0
396,24.351292674560817,15.9075,0.0
397,29.038792674560817,15.9075,0.0
398,33.72629267456082,15.9075,0.0
399,38.41379267456082,15.9075,0.0
400,43.10129267456082,15.9075,0.0
401,47.78879267456082,15.9075,0.0
402,52.47629267456082,15.9075,0.0
403,57.16379267456082,15.9075,0.0
404,61.85129267456082,15.9075,0.0
405,66.53879267456082,15.9075,0.0
406,71.22629267456082,15.9075,0.0
407,75.91379267456082,15.9075,0.0
408,80.60129267456082,15.9075,0.0
409,85.28879267456082,15.9075,0.0
410,89.97629267456082,15.9075,0.0
411,94.66379267456082,15.9075,0.0
412,99.35129267456082,15.9075,0.0
413,104.03879267456082,15.9075,0.0
414,108.72629267456082,15.9075,0.0
415,113.41379267456082,15.9075,0.0
416,118.10129267456082,15.9075,0.0
417,122.78879267456082,15.9075,0.0
418,127.47629267456082,15.9075,0.0
419,132.16379267456082,15.9075,0.0
420,136.85129267456082,15.9075,0.0
421,141.53879267456082,15.9075,0.0
422,146.22629267456082,15.9075,0.0
423,150.91379267456082,15.9075,0.0
424,155.60129267456082,15.9075,0.0
425,160.28879267456082,15.9075,0.0
426,164.97629267456082,15.9075,0.0
427,169.66379267456082,15.9075,0.0
428,174.35129267456082,15.9075,0.0
429,179.03879267456082,15.9075,0.0
430,183.72629267456082,15.9075,0.0
431,188.41379267456082,15.9075,0.0
432,193.10129267456082,15.9075,0.0
433,197.78879267456082,15.9075,0.0
434,202.47629267456082,15.9075,0.0
435,207.16379267456082,15.9075,0.0
436,211.85129267456082,15.9075,0.0
437,216.53879267456082,15.9075,0.0
438,221.22629267456082,15.9075,0.0
439,225.91379267456082,15.9075,0.0
440,230.60129267456082,15.9075,0.0
441,235.28879267456082,15.9075,0.0
442,239.97629267456082,15.9075,0.0
443,244.66379267456082,15.9075,0.0
444,249.35129267456082,15.9075,0.0
445,254.03879267456082,15.9075,0.0
446,258.7262926745608,15.9075,0.0
447,263.4137926745608,15.9075,0.0
448,268.1012926745608,15.9075,0.0
449,272.7887926745608,15.9075,0.0
450,277.4762926745608,15.9075,0.0
451,282.1637926745608,15.9075,0.0
452,286.8512926745608,15.9075,0.0
453,291.5387926745608,15.9075,0.0
454,296.2262926745608,15.9075,0.0
455,-6.048158546345718,18.558750000000007,0.0
456,-1.360658546345718,18.558750000000007,0.0
457,3.326841453654282,18.558750000000007,0.0
458,8.014341453654282,18.558750000000007,0.0
459,12.701841453654282,18.558750000000007,0.0
460,17.389341453654282,18.558750000000007,0.0
461,22.076841453654282,18.558750000000007,0.0
462,26.764341453654282,18.558750000000007,0.0
463,31.451841453654282,18.558750000000007,0.0
464,36.13934145365428,18.558750000000007,0.0
465,40.82684145365428,18.558750000000007,0.0
466,45.51434145365428,18.558750000000007,0.0
467,50.20184145365428,18.558750000000007,0.0
468,54.88934145365428,18.558750000000007,0.0
469,59.57684145365428,18.558750000000007,0.0
470,64.26434145365428,18.558750000000007,0.0
471,68.95184145365428,18.558750000000007,0.0
472,73.63934145365428,18.558750000000007,0.0
473,78.32684145365428,18.558750000000007,0.0
474,83.01434145365428,18.558750000000007,0.0
475,87.70184145365428,18.558750000000007,0.0
476,92.38934145365428,18.558750000000007,0.0
477,97.07684145365428,18.558750000000007,0.0
478,101.76434145365428,18.558750000000007,0.0
479,106.45184145365428,18.558750000000007,0.0
480,111.13934145365428,18.558750000000007,0.0
481,115.82684145365428,18.558750000000007,0.0
482,120.51434145365428,18.558750000000007,0.0
483,125.20184145365428,18.558750000000007,0.0
484,129.88934145365428,18.558750000000007,0.0
485,134.57684145365428,18.558750000000007,0.0
486,139.26434145365428,18.558750000000007,0.0
487,143.95184145365428,18.558750000000007,0.0
488,148.63934145365428,18.558750000000007,0.0
489,153.32684145365428,18.558750000000007,0.0
490,158.01434145365428,18.558750000000007,0.0
491,162.70184145365428,18.558750000000007,0.0
492,167.38934145365428,18.558750000000007,0.0
493,172.07684145365428,18.558750000000007,0.0
494,176.76434145365428,18.558750000000007,0.0
495,181.45184145365428,18.558750000000007,0.0
496,186.13934145365428,18.558750000000007,0.0
497,190.82684145365428,18.558750000000007,0.0
498,195.51434145365428,18.558750000000007,0.0
499,200.20184145365428,18.558750000000007,0.0
500,204.88934145365428,18.558750000000007,0.0
501,209.57684145365428,18.558750000000007,0.0
502,214.26434145365428,18.558750000000007,0.0
503,218.95184145365428,18.558750000000007,0.0
504,223.63934145365428,18.558750000000007,0.0
505,228.32684145365428,18.558750000000007,0.0
506,233.01434145365428,18.558750000000007,0.0
507,237.70184145365428,18.558750000000007,0.0
508,242.38934145365428,18.558750000000007,0.0
509,247.07684145365428,18.558750000000007,0.0
510,251.76434145365428,18.558750000000007,0.0
511,256.4518414536543,18.558750000000007,0.0
512,261.1393414536543,18.558750000000007,0.0
513,265.8268414536543,18.558750000000007,0.0
514,270.5143414536543,18.558750000000007,0.0
515,275.2018414536543,18.558750000000007,0.0
516,279.8893414536543,18.558750000000007,0.0
517,284.5768414536543,18.558750000000007,0.0
518,289.2643414536543,18.558750000000007,0.0
519,293.9518414536543,18.558750000000007,0.0
520,-8.322609767252242,21.209999999999997,0.0
521,-3.635109767252242,21.209999999999997,0.0
522,1.052390232747758,21.209999999999997,0.0
523,5.739890232747758,21.209999999999997,0.0
524,10.427390232747758,21.209999999999997,0.0
525,15.114890232747758,21.209999999999997,0.0
526,19.802390232747758,21.209999999999997,0.0
527,24.489890232747758,21.209999999999997,0.0
528,29.177390232747758,21.209999999999997,0.0
529,33.864890232747754,21.209999999999997,0.0
530,38.552390232747754,21.209999999999997,0.0
531,43.239890232747754,21.209999999999997,0.0
532,47.927390232747754,21.209999999999997,0.0
533,52.614890232747754,21.209999999999997,0.0
534,57.302390232747754,21.209999999999997,0.0
535,61.989890232747754,21.209999999999997,0.0
536,66.67739023274775,21.209999999999997,0.0
537,71.36489023274775,21.209999999999997,0.0
538,76.05239023274775,21.209999999999997,0.0
539,80.73989023274775,21.209999999999997,0.0
540,85.42739023274775,21.209999999999997,0.0
541,90.11489023274775,21.209999999999997,0.0
542,94.80239023274775,21.209999999999997,0.0
543,99.48989023274775,21.209999999999997,0.0
544,104.17739023274775,21.209999999999997,0.0
545,108.86489023274775,21.209999999999997,0.0
546,113.55239023274775,21.209999999999997,0.0
547,118.23989023274775,21.209999999999997,0.0
548,122.92739023274775,21.209999999999997,0.0
549,127.61489023274775,21.209999999999997,0.0
550,132.30239023274777,21.209999999999997,0.0
551,136.98989023274777,21.209999999999997,0.0
552,141.67739023274777,21.209999999999997,0.0
553,146.36489023274777,21.209999999999997,0.0
554,151.05239023274777,21.209999999999997,0.0
555,155.73989023274777,21.209999999999997,0.0
556,160.42739023274777,21.209999999999997,0.0
557,165.11489023274777,21.209999999999997,0.0
558,169.80239023274777,21.209999999999997,0.0
559,174.48989023274777,21.209999999999997,0.0
560,179.17739023274777,21.209999999999997,0.0
561,183.86489023274777,21.209999999999997,0.0
562,188.55239023274777,21.209999999999997,0.0
563,193.23989023274777,21.209999999999997,0.0
564,197.92739023274777,21.209999999999997,0.0
565,202.61489023274777,21.209999999999997,0.0
566,207.30239023274777,21.209999999999997,0.0
567,211.98989023274777,21.209999999999997,0.0
568,216.67739023274777,21.209999999999997,0.0
569,221.36489023274777,21.209999999999997,0.0
570,226.05239023274777,21.209999999999997,0.0
571,230.73989023274777,21.209999999999997,0.0
572,235.42739023274777,21.209999999999997,0.0
573,240.11489023274777,21.209999999999997,0.0
574,244.80239023274777,21.209999999999997,0.0
575,249.48989023274777,21.209999999999997,0.0
576,254.17739023274777,21.209999999999997,0.0
577,258.86489023274777,21.209999999999997,0.0
578,263.55239023274777,21.209999999999997,0.0
579,268.23989023274777,21.209999999999997,0.0
580,272.92739023274777,21.209999999999997,0.0
581,277.61489023274777,21.209999999999997,0.0
582,282.30239023274777,21.209999999999997,0.0
583,286.98989023274777,21.209999999999997,0.0
584,291.67739023274777,21.209999999999997,0.0
585,-10.597060988158775,23.861250000000002,0.0
586,-5.909560988158775,23.861250000000002,0.0
587,-1.2220609881587752,23.861250000000002,0.0
588,3.465439011841225,23.861250000000002,0.0
589,8.152939011841225,23.861250000000002,0.0
590,12.840439011841225,23.861250000000002,0.0
591,17.527939011841227,23.861250000000002,0.0
592,22.215439011841227,23.861250000000002,0.0
593,26.902939011841227,23.861250000000002,0.0
594,31.590439011841227,23.861250000000002,0.0
595,36.27793901184123,23.861250000000002,0.0
596,40.96543901184123,23.861250000000002,0.0
597,45.65293901184123,23.861250000000002,0.0
598,50.34043901184123,23.861250000000002,0.0
599,55.02793901184123,23.861250000000002,0.0
600,59.71543901184123,23.861250000000002,0.0
601,64.40293901184123,23.861250000000002,0.0
602,69.09043901184123,23.861250000000002,0.0
603,73.77793901184123,23.861250000000002,0.0
604,78.46543901184123,23.861250000000002,0.0
605,83.15293901184123,23.861250000000002,0.0
606,87.84043901184123,23.861250000000002,0.0
607,92.52793901184123,23.861250000000002,0.0
608,97.21543901184123,23.861250000000002,0.0
609,101.90293901184123,23.861250000000002,0.0
610,106.59043901184123,23.861250000000002,0.0
611,111.27793901184123,23.861250000000002,0.0
612,115.96543901184123,23.861250000000002,0.0
613,120.65293901184123,23.861250000000002,0.0
614,125.34043901184123,23.861250000000002,0.0
615,130.02793901184123,23.861250000000002,0.0
616,134.71543901184123,23.861250000000002,0.0
617,139.40293901184123,23.861250000000002,0.0
618,144.09043901184123,23.861250000000002,0.0
619,148.77793901184123,23.861250000000002,0.0
620,153.46543901184123,23.861250000000002,0.0
621,158.15293901184123,23.861250000000002,0.0
622,162.84043901184123,23.861250000000002,0.0
623,167.52793901184123,23.861250000000002,0.0
624,172.21543901184123,23.861250000000002,0.0
625,176.90293901184123,23.861250000000002,0.0
626,181.59043901184123,23.861250000000002,0.0
627,186.27793901184123,23.861250000000002,0.0
628,190.96543901184123,23.861250000000002,0.0
629,195.65293901184123,23.861250000000002,0.0
630,200.34043901184123,23.861250000000002,0.0
631,205.02793901184123,23.861250000000002,0.0
632,209.71543901184123,23.861250000000002,0.0
633,214.40293901184123,23.861250000000002,0.0
634,219.09043901184123,23.861250000000002,0.0
635,223.77793901184123,23.861250000000002,0.0
636,228.46543901184123,23.861250000000002,0.0
637,233.15293901184123,23.861250000000002,0.0
638,237.84043901184123,23.861250000000002,0.0
639,242.52793901184123,23.861250000000002,0.0
640,247.21543901184123,23.861250000000002,0.0
641,251.90293901184123,23.861250000000002,0.0
642,256.5904390118412,23.861250000000002,0.0
643,261.2779390118412,23.861250000000002,0.0
644,265.9654390118412,23.861250000000002,0.0
645,270.6529390118412,23.861250000000002,0.0
646,275.3404390118412,23.861250000000002,0.0
647,280.0279390118412,23.861250000000002,0.0
648,284.7154390118412,23.861250000000002,0.0
649,289.4029390118412,23.861250000000002,0.0
650,-12.871512209065312,26.512500000000006,0.0
651,-8.184012209065312,26.512500000000006,0.0
652,-3.496512209065312,26.512500000000006,0.0
653,1.1909877909346882,26.512500000000006,0.0
654,5.878487790934688,26.512500000000006,0.0
655,10.565987790934688,26.512500000000006,0.0
656,15.253487790934688,26.512500000000006,0.0
657,19.940987790934688,26.512500000000006,0.0
658,24.628487790934688,26.512500000000006,0.0
659,29.315987790934688,26.512500000000006,0.0
660,34.003487790934685,26.512500000000006,0.0
661,38.690987790934685,26.512500000000006,0.0
662,43.378487790934685,26.512500000000006,0.0
663,48.065987790934685,26.512500000000006,0.0
664,52.753487790934685,26.512500000000006,0.0
665,57.440987790934685,26.512500000000006,0.0
666,62.128487790934685,26.512500000000006,0.0
667,66.81598779093468,26.512500000000006,0.0
668,71.50348779093468,26.512500000000006,0.0
669,76.19098779093468,26.512500000000006,0.0
670,80.87848779093468,26.512500000000006,0.0
671,85.56598779093468,26.512500000000006,0.0
672,90.25348779093468,26.512500000000006,0.0
673,94.94098779093468,26.512500000000006,0.0
674,99.62848779093468,26.512500000000006,0.0
675,104.31598779093468,26.512500000000006,0.0
676,109.00348779093468,26.512500000000006,0.0
677,113.69098779093468,26.512500000000006,0.0
678,118.37848779093468,26.512500000000006,0.0
679,123.06598779093468,26.512500000000006,0.0
680,127.75348779093468,26.512500000000006,0.0
681,132.44098779093468,26.512500000000006,0.0
682,137.12848779093468,26.512500000000006,0.0
683,141.81598779093468,26.512500000000006,0.0
684,146.50348779093468,26.512500000000006,0.0
685,151.19098779093468,26.512500000000006,0.0
686,155.87848779093468,26.512500000000006,0.0
687,160.56598779093468,26.512500000000006,0.0
688,165.25348779093468,26.512500000000006,0.0
689,169.94098779093468,26.512500000000006,0.0
690,174.62848779093468,26.512500000000006,0.0
691,179.31598779093468,26.512500000000006,0.0
692,184.00348779093468,26.512500000000006,0.0
693,188.69098779093468,26.512500000000006,0.0
694,193.37848779093468,26.512500000000006,0.0
695,198.06598779093468,26.512500000000006,0.0
696,202.75348779093468,26.512500000000006,0.0
697,207.44098779093468,26.512500000000006,0.0
698,212.12848779093468,26.512500000000006,0.0
699,216.81598779093468,26.512500000000006,0.0
700,221.50348779093468,26.512500000000006,0.0
701,226.19098779093468,26.512500000000006,0.0
702,230.87848779093468,26.512500000000006,0.0
703,235.56598779093468,26.512500000000006,0.0
704,240.25348779093468,26.512500000000006,0.0
705,244.94098779093468,26.512500000000006,0.0
706,249.62848779093468,26.512500000000006,0.0
707,254.31598779093468,26.512500000000006,0.0
708,259.0034877909347,26.512500000000006,0.0
709,263.6909877909347,26.512500000000006,0.0
710,268.3784877909347,26.512500000000006,0.0
711,273.0659877909347,26.512500000000006,0.0
712,277.7534877909347,26.512500000000006,0.0
713,282.4409877909347,26.512500000000006,0.0
714,287.1284877909347,26.512500000000006,0.0
715,-15.14596342997183,29.163749999999997,0.0
716,-10.45846342997183,29.163749999999997,0.0
717,-5.770963429971831,29.163749999999997,0.0
718,-1.0834634299718306,29.163749999999997,0.0
719,3.6040365700281694,29.163749999999997,0.0
720,8.29153657002817,29.163749999999997,0.0
721,12.97903657002817,29.163749999999997,0.0
722,17.66653657002817,29.163749999999997,0.0
723,22.35403657002817,29.163749999999997,0.0
724,27.04153657002817,29.163749999999997,0.0
725,31.72903657002817,29.163749999999997,0.0
726,36.41653657002817,29.163749999999997,0.0
727,41.10403657002817,29.163749999999997,0.0
728,45.79153657002817,29.163749999999997,0.0
729,50.47903657002817,29.163749999999997,0.0
730,55.16653657002817,29.163749999999997,0.0
731,59.85403657002817,29.163749999999997,0.0
732,64.54153657002817,29.163749999999997,0.0
733,69.22903657002817,29.163749999999997,0.0
734,73.91653657002817,29.163749999999997,0.0
735,78.60403657002817,29.163749999999997,0.0
736,83.29153657002817,29.163749999999997,0.0
737,87.97903657002817,29.163749999999997,0.0
738,92.66653657002817,29.163749999999997,0.0
739,97.35403657002817,29.163749999999997,0.0
740,102.04153657002817,29.163749999999997,0.0
741,106.72903657002817,29.163749999999997,0.0
742,111.41653657002817,29.163749999999997,0.0
743,116.10403657002817,29.163749999999997,0.0
744,120.79153657002817,29.163749999999997,0.0
745,125.47903657002817,29.163749999999997,0.0
746,130.16653657002817,29.163749999999997,0.0
747,134.85403657002817,29.163749999999997,0.0
748,139.54153657002817,29.163749999999997,0.0
749,144.22903657002817,29.163749999999997,0.0
750,148.91653657002817,29.163749999999997,0.0
751,153.60403657002817,29.163749999999997,0.0
752,158.29153657002817,29.163749999999997,0.0
753,162.97903657002817,29.163749999999997,0.0
754,167.66653657002817,29.163749999999997,0.0
755,172.35403657002817,29.163749999999997,0.0
756,177.04153657002817,29.163749999999997,0.0
757,181.72903657002817,29.163749999999997,0.0
758,186.41653657002817,29.163749999999997,0.0
759,191.10403657002817,29.163749999999997,0.0
760,195.79153657002817,29.163749999999997,0.0
761,200.47903657002817,29.163749999999997,0.0
762,205.16653657002817,29.163749999999997,0.0
763,209.85403657002817,29.163749999999997,0.0
764,214.54153657002817,29.163749999999997,0.0
765,219.22903657002817,29.163749999999997,0.0
766,223.91653657002817,29.163749999999997,0.0
767,228.60403657002817,29.163749999999997,0.0
768,233.29153657002817,29.163749999999997,0.0
769,237.97903657002817,29.163749999999997,0.0
770,242.66653657002817,29.163749999999997,0.0
771,247.35403657002817,29.163749999999997,0.0
772,252.04153657002817,29.163749999999997,0.0
773,256.72903657002814,29.163749999999997,0.0
774,261.41653657002814,29.163749999999997,0.0
775,266.10403657002814,29.163749999999997,0.0
776,270.79153657002814,29.163749999999997,0.0
777,275.47903657002814,29.163749999999997,0.0
778,280.16653657002814,29.163749999999997,0.0
779,284.85403657002814,29.163749999999997,0.0
780,-17.420414650878367,31.815,0.0
781,-12.732914650878367,31.815,0.0
782,-8.045414650878367,31.815,0.0
783,-3.3579146508783673,31.815,0.0
784,1.3295853491216327,31.815,0.0
785,6.017085349121633,31.815,0.0
786,10.704585349121633,31.815,0.0
787,15.392085349121633,31.815,0.0
788,20.079585349121633,31.815,0.0
789,24.767085349121633,31.815,0.0
790,29.454585349121633,31.815,0.0
791,34.14208534912163,31.815,0.0
792,38.82958534912163,31.815,0.0
793,43.51708534912163,31.815,0.0
794,48.20458534912163,31.815,0.0
795,52.89208534912163,31.815,0.0
796,57.57958534912163,31.815,0.0
797,62.26708534912163,31.815,0.0
798,66.95458534912163,31.815,0.0
799,71.64208534912163,31.815,0.0
800,76.32958534912163,31.815,0.0
801,81.01708534912163,31.815,0.0
802,85.70458534912163,31.815,0.0
803,90.39208534912163,31.815,0.0
804,95.07958534912163,31.815,0.0
805,99.76708534912163,31.815,0.0
806,104.45458534912163,31.815,0.0
807,109.14208534912163,31.815,0.0
808,113.82958534912163,31.815,0.0
809,118.51708534912163,31.815,0.0
810,123.20458534912163,31.815,0.0
811,127.89208534912163,31.815,0.0
812,132.57958534912163,31.815,0.0
813,137.26708534912163,31.815,0.0
814,141.95458534912163,31.815,0.0
815,146.64208534912163,31.815,0.0
816,151.32958534912163,31.815,0.0
817,156.01708534912163,31.815,0.0
818,160.70458534912163,31.815,0.0
819,165.39208534912163,31.815,0.0
820,170.07958534912163,31.815,0.0
821,174.76708534912163,31.815,0.0
822,179.45458534912163,31.815,0.0
823,184.14208534912163,31.815,0.0
824,188.82958534912163,31.815,0.0
825,193.51708534912163,31.815,0.0
826,198.20458534912163,31.815,0.0
827,202.89208534912163,31.815,0.0
828,207.57958534912163,31.815,0.0
829,212.26708534912163,31.815,0.0
830,216.95458534912163,31.815,0.0
831,221.64208534912163,31.815,0.0
832,226.32958534912163,31.815,0.0
833,231.01708534912163,31.815,0.0
834,235.70458534912163,31.815,0.0
835,240.39208534912163,31.815,0.0
836,245.07958534912163,31.815,0.0
837,249.76708534912163,31.815,0.0
838,254.45458534912163,31.815,0.0
839,259.14208534912166,31.815,0.0
840,263.82958534912166,31.815,0.0
841,268.51708534912166,31.815,0.0
842,273.20458534912166,31.815,0.0
843,277.89208534912166,31.815,0.0
844,282.57958534912166,31.815,0.0
845,-19.69486587178489,34.466249999999995,0.0
846,-15.007365871784891,34.466249999999995,0.0
847,-10.319865871784891,34.466249999999995,0.0
848,-5.6323658717848915,34.466249999999995,0.0
849,-0.9448658717848915,34.466249999999995,0.0
850,3.7426341282151085,34.466249999999995,0.0
851,8.430134128215109,34.466249999999995,0.0
852,13.117634128215109,34.466249999999995,0.0
853,17.80513412821511,34.466249999999995,0.0
854,22.49263412821511,34.466249999999995,0.0
855,27.18013412821511,34.466249999999995,0.0
856,31.86763412821511,34.466249999999995,0.0
857,36.55513412821511,34.466249999999995,0.0
858,41.24263412821511,34.466249999999995,0.0
859,45.93013412821511,34.466249999999995,0.0
860,50.61763412821511,34.466249999999995,0.0
861,55.30513412821511,34.466249999999995,0.0
862,59.99263412821511,34.466249999999995,0.0
863,64.68013412821512,34.466249999999995,0.0
864,69.36763412821512,34.466249999999995,0.0
865,74.05513412821512,34.466249999999995,0.0
866,78.74263412821512,34.466249999999995,0.0
867,83.43013412821512,34.466249999999995,0.0
868,88.11763412821512,34.466249999999995,0.0
869,92.80513412821512,34.466249999999995,0.0
870,97.49263412821512,34.466249999999995,0.0
871,102.18013412821512,34.466249999999995,0.0
872,106.86763412821512,34.466249999999995,0.0
873,111.55513412821512,34.466249999999995,0.0
874,116.24263412821512,34.466249999999995,0.0
875,120.93013412821512,34.466249999999995,0.0
876,125.61763412821512,34.466249999999995,0.0
877,130.30513412821512,34.466249999999995,0.0
878,134.99263412821512,34.466249999999995,0.0
879,139.68013412821512,34.466249999999995,0.0
880,144.36763412821512,34.466249999999995,0.0
881,149.05513412821512,34.466249999999995,0.0
882,153.74263412821512,34.466249999999995,0.0
883,158.43013412821512,34.466249999999995,0.0
884,163.11763412821512,34.466249999999995,0.0
885,167.80513412821512,34.466249999999995,0.0
886,172.49263412821512,34.466249999999995,0.0
887,177.18013412821512,34.466249999999995,0.0
888,181.86763412821512,34.466249999999995,0.0
889,186.55513412821512,34.466249999999995,0.0
890,191.24263412821512,34.466249999999995,0.0
891,195.93013412821512,34.466249999999995,0.0
892,200.61763412821512,34.466249999999995,0.0
893,205.30513412821512,34.466249999999995,0.0
894,209.99263412821512,34.466249999999995,0.0
895,214.68013412821512,34.466249999999995,0.0
896,219.36763412821512,34.466249999999995,0.0
897,224.05513412821512,34.466249999999995,0.0
898,228.74263412821512,34.466249999999995,0.0
899,233.43013412821512,34.466249999999995,0.0
900,238.11763412821512,34.466249999999995,0.0
901,242.80513412821512,34.466249999999995,0.0
902,247.49263412821512,34.466249999999995,0.0
903,252.18013412821512,34.466249999999995,0.0
904,256.8676341282151,34.466249999999995,0.0
905,261.5551341282151,34.466249999999995,0.0
906,266.2426341282151,34.466249999999995,0.0
907,270.9301341282151,34.466249999999995,0.0
908,275.6176341282151,34.466249999999995,0.0
909,280.3051341282151,34.466249999999995,0.0
910,-21.969317092691433,37.117500000000014,0.0
911,-17.281817092691433,37.117500000000014,0.0
912,-12.594317092691433,37.117500000000014,0.0
913,-7.906817092691433,37.117500000000014,0.0
914,-3.2193170926914334,37.117500000000014,0.0
915,1.4681829073085666,37.117500000000014,0.0
916,6.155682907308567,37.117500000000014,0.0
917,10.843182907308567,37.117500000000014,0.0
918,15.530682907308567,37.117500000000014,0.0
919,20.218182907308567,37.117500000000014,0.0
920,24.905682907308567,37.117500000000014,0.0
921,29.593182907308567,37.117500000000014,0.0
922,34.28068290730857,37.117500000000014,0.0
923,38.96818290730857,37.117500000000014,0.0
924,43.65568290730857,37.117500000000014,0.0
925,48.34318290730857,37.117500000000014,0.0
926,53.03068290730857,37.117500000000014,0.0
927,57.71818290730857,37.117500000000014,0.0
928,62.40568290730857,37.117500000000014,0.0
929,67.09318290730857,37.117500000000014,0.0
930,71.78068290730857,37.117500000000014,0.0
931,76.46818290730857,37.117500000000014,0.0
932,81.15568290730857,37.117500000000014,0.0
933,85.84318290730857,37.117500000000014,0.0
934,90.53068290730857,37.117500000000014,0.0
935,95.21818290730857,37.117500000000014,0.0
936,99.90568290730857,37.117500000000014,0.0
937,104.59318290730857,37.117500000000014,0.0
938,109.28068290730857,37.117500000000014,0.0
939,113.96818290730857,37.117500000000014,0.0
940,118.65568290730857,37.117500000000014,0.0
941,123.34318290730857,37.117500000000014,0.0
942,128.03068290730857,37.117500000000014,0.0
943,132.71818290730857,37.117500000000014,0.0
944,137.40568290730857,37.117500000000014,0.0
945,142.09318290730857,37.117500000000014,0.0
946,146.78068290730857,37.117500000000014,0.0
947,151.46818290730857,37.117500000000014,0.0
948,156.15568290730857,37.117500000000014,0.0
949,160.84318290730857,37.117500000000014,0.0
950,165.53068290730857,37.117500000000014,0.0
951,170.21818290730857,37.117500000000014,0.0
952,174.90568290730857,37.117500000000014,0.0
953,179.59318290730857,37.117500000000014,0.0
954,184.28068290730857,37.117500000000014,0.0
955,188.96818290730857,37.117500000000014,0.0
956,193.65568290730857,37.117500000000014,0.0
957,198.34318290730857,37.117500000000014,0.0
958,203.03068290730857,37.117500000000014,0.0
959,207.71818290730857,37.117500000000014,0.0
960,212.40568290730857,37.117500000000014,0.0
961,217.09318290730857,37.117500000000014,0.0
962,221.78068290730857,37.117500000000014,0.0
963,226.46818290730857,37.117500000000014,0.0
964,231.15568290730857,37.117500000000014,0.0
965,235.84318290730857,37.117500000000014,0.0
966,240.53068290730857,37.117500000000014,0.0
967,245.21818290730857,37.117500000000014,0.0
968,249.90568290730857,37.117500000000014,0.0
969,254.59318290730857,37.117500000000014,0.0
970,259.2806829073086,37.117500000000014,0.0
971,263.9681829073086,37.117500000000014,0.0
972,268.6556829073086,37.117500000000014,0.0
973,273.3431829073086,37.117500000000014,0.0
974,278.0306829073086,37.117500000000014,0.0
975,-24.243768313597958,39.768750000000004,0.0
976,-19.556268313597958,39.768750000000004,0.0
977,-14.868768313597958,39.768750000000004,0.0
978,-10.181268313597958,39.768750000000004,0.0
979,-5.493768313597958,39.768750000000004,0.0
980,-0.8062683135979576,39.768750000000004,0.0
981,3.8812316864020424,39.768750000000004,0.0
982,8.568731686402042,39.768750000000004,0.0
983,13.256231686402042,39.768750000000004,0.0
984,17.943731686402042,39.768750000000004,0.0
985,22.631231686402042,39.768750000000004,0.0
986,27.318731686402042,39.768750000000004,0.0
987,32.006231686402046,39.768750000000004,0.0
988,36.693731686402046,39.768750000000004,0.0
989,41.381231686402046,39.768750000000004,0.0
990,46.068731686402046,39.768750000000004,0.0
991,50.756231686402046,39.768750000000004,0.0
992,55.443731686402046,39.768750000000004,0.0
993,60.131231686402046,39.768750000000004,0.0
994,64.81873168640205,39.768750000000004,0.0
995,69.50623168640205,39.768750000000004,0.0
996,74.19373168640205,39.768750000000004,0.0
997,78.88123168640205,39.768750000000004,0.0
998,83.56873168640205,39.768750000000004,0.0
999,88.25623168640205,39.768750000000004,0.0
1000,92.94373168640205,39.768750000000004,0.0
1001,97.63123168640205,39.768750000000004,0.0
1002,102.31873168640205,39.768750000000004,0.0
1003,107.00623168640205,39.768750000000004,0.0
1004,111.69373168640205,39.768750000000004,0.0
1005,116.38123168640205,39.768750000000004,0.0
1006,121.06873168640205,39.768750000000004,0.0
1007,125.75623168640205,39.768750000000004,0.0
1008,130.44373168640203,39.768750000000004,0.0
1009,135.13123168640203,39.768750000000004,0.0
1010,139.81873168640203,39.768750000000004,0.0
1011,144.50623168640203,39.768750000000004,0.0
1012,149.19373168640203,39.768750000000004,0.0
1013,153.88123168640203,39.768750000000004,0.0
1014,158.56873168640203,39.768750000000004,0.0
1015,163.25623168640203,39.768750000000004,0.0
1016,167.94373168640203,39.768750000000004,0.0
1017,172.63123168640203,39.768750000000004,0.0
1018,177.31873168640203,39.768750000000004,0.0
1019,182.00623168640203,39.768750000000004,0.0
1020,186.69373168640203,39.768750000000004,0.0
1021,191.38123168640203,39.768750000000004,0.0
1022,196.06873168640203,39.768750000000004,0.0
1023,200.75623168640203,39.768750000000004,0.0
1024,205.44373168640203,39.768750000000004,0.0
1025,210.13123168640203,39.768750000000004,0.0
1026,214.81873168640203,39.768750000000004,0.0
1027,219.50623168640203,39.768750000000004,0.0
1028,224.19373168640203,39.768750000000004,0.0
1029,228.88123168640203,39.768750000000004,0.0
1030,233.56873168640203,39.768750000000004,0.0
1031,238.25623168640203,39.768750000000004,0.0
1032,242.94373168640203,39.768750000000004,0.0
1033,247.63123168640203,39.768750000000004,0.0
1034,252.31873168640203,39.768750000000004,0.0
1035,257.00623168640203,39.768750000000004,0.0
1036,261.69373168640203,39.768750000000004,0.0
1037,266.38123168640203,39.768750000000004,0.0
1038,271.06873168640203,39.768750000000004,0.0
1039,275.75623168640203,39.768750000000004,0.0
1040,-26.51821953450448,42.419999999999995,0.0
1041,-21.83071953450448,42.419999999999995,0.0
1042,-17.14321953450448,42.419999999999995,0.0
1043,-12.455719534504482,42.419999999999995,0.0
1044,-7.768219534504482,42.419999999999995,0.0
1045,-3.0807195345044818,42.419999999999995,0.0
1046,1.6067804654955182,42.419999999999995,0.0
1047,6.294280465495518,42.419999999999995,0.0
1048,10.981780465495518,42.419999999999995,0.0
1049,15.669280465495518,42.419999999999995,0.0
1050,20.35678046549552,42.419999999999995,0.0
1051,25.04428046549552,42.419999999999995,0.0
1052,29.73178046549552,42.419999999999995,0.0
1053,34.41928046549552,42.419999999999995,0.0
1054,39.10678046549552,42.419999999999995,0.0
1055,43.79428046549552,42.419999999999995,0.0
1056,48.48178046549552,42.419999999999995,0.0
1057,53.16928046549552,42.419999999999995,0.0
1058,57.85678046549552,42.419999999999995,0.0
1059,62.54428046549552,42.419999999999995,0.0
1060,67.23178046549552,42.419999999999995,0.0
1061,71.91928046549552,42.419999999999995,0.0
1062,76.60678046549552,42.419999999999995,0.0
1063,81.29428046549552,42.419999999999995,0.0
1064,85.98178046549552,42.419999999999995,0.0
1065,90.66928046549552,42.419999999999995,0.0
1066,95.35678046549552,42.419999999999995,0.0
1067,100.04428046549552,42.419999999999995,0.0
1068,104.73178046549552,42.419999999999995,0.0
1069,109.41928046549552,42.419999999999995,0.0
1070,114.10678046549552,42.419999999999995,0.0
1071,118.79428046549552,42.419999999999995,0.0
1072,123.48178046549552,42.419999999999995,0.0
1073,128.16928046549552,42.419999999999995,0.0
1074,132.85678046549552,42.419999999999995,0.0
1075,137.54428046549552,42.419999999999995,0.0
1076,142.23178046549552,42.419999999999995,0.0
1077,146.91928046549552,42.419999999999995,0.0
1078,151.60678046549552,42.419999999999995,0.0
1079,156.29428046549552,42.419999999999995,0.0
1080,160.98178046549552,42.419999999999995,0.0
1081,165.66928046549552,42.419999999999995,0.0
1082,170.35678046549552,42.419999999999995,0.0
1083,175.04428046549552,42.419999999999995,0.0
1084,179.73178046549552,42.419999999999995,0.0
1085,184.41928046549552,42.419999999999995,0.0
1086,189.10678046549552,42.419999999999995,0.0
1087,193.79428046549552,42.419999999999995,0.0
1088,198.48178046549552,42.419999999999995,0.0
1089,203.16928046549552,42.419999999999995,0.0
1090,207.85678046549552,42.419999999999995,0.0
1091,212.54428046549552,42.419999999999995,0.0
1092,217.23178046549552,42.419999999999995,0.0
1093,221.91928046549552,42.419999999999995,0.0
1094,226.60678046549552,42.419999999999995,0.0
1095,231.29428046549552,42.419999999999995,0.0
1096,235.98178046549552,42.419999999999995,0.0
1097,240.66928046549552,42.419999999999995,0.0
1098,245.35678046549552,42.419999999999995,0.0
1099,250.04428046549552,42.419999999999995,0.0
1100,254.73178046549552,42.419999999999995,0.0
1101,259.4192804654955,42.419999999999995,0.0
1102,264.1067804654955,42.419999999999995,0.0
1103,268.7942804654955,42.419999999999995,0.0
1104,273.4817804654955,42.419999999999995,0.0
1105,-28.792670755411027,45.07125000000001,0.0
1106,-24.105170755411027,45.07125000000001,0.0
1107,-19.417670755411027,45.07125000000001,0.0
1108,-14.730170755411027,45.07125000000001,0.0
1109,-10.042670755411027,45.07125000000001,0.0
1110,-5.355170755411027,45.07125000000001,0.0
1111,-0.6676707554110273,45.07125000000001,0.0
1112,4.019829244588973,45.07125000000001,0.0
1113,8.707329244588973,45.07125000000001,0.0
1114,13.394829244588973,45.07125000000001,0.0
1115,18.082329244588973,45.07125000000001,0.0
1116,22.769829244588973,45.07125000000001,0.0
1117,27.457329244588973,45.07125000000001,0.0
1118,32.144829244588976,45.07125000000001,0.0
1119,36.832329244588976,45.07125000000001,0.0
1120,41.519829244588976,45.07125000000001,0.0
1121,46.207329244588976,45.07125000000001,0.0
1122,50.894829244588976,45.07125000000001,0.0
1123,55.582329244588976,45.07125000000001,0.0
1124,60.269829244588976,45.07125000000001,0.0
1125,64.95732924458898,45.07125000000001,0.0
1126,69.64482924458898,45.07125000000001,0.0
1127,74.33232924458898,45.07125000000001,0.0
1128,79.01982924458898,45.07125000000001,0.0
1129,83.70732924458898,45.07125000000001,0.0
1130,88.39482924458898,45.07125000000001,0.0
1131,93.08232924458898,45.07125000000001,0.0
1132,97.76982924458898,45.07125000000001,0.0
1133,102.45732924458898,45.07125000000001,0.0
1134,107.14482924458898,45.07125000000001,0.0
1135,111.83232924458898,45.07125000000001,0.0
1136,116.51982924458898,45.07125000000001,0.0
1137,121.20732924458898,45.07125000000001,0.0
1138,125.89482924458898,45.07125000000001,0.0
1139,130.58232924458898,45.07125000000001,0.0
1140,135.26982924458898,45.07125000000001,0.0
1141,139.95732924458898,45.07125000000001,0.0
1142,144.64482924458898,45.07125000000001,0.0
1143,149.33232924458898,45.07125000000001,0.0
1144,154.01982924458898,45.07125000000001,0.0
1145,158.70732924458898,45.07125000000001,0.0
1146,163.39482924458898,45.07125000000001,0.0
1147,168.08232924458898,45.07125000000001,0.0
1148,172.76982924458898,45.07125000000001,0.0
1149,177.45732924458898,45.07125000000001,0.0
1150,182.14482924458898,45.07125000000001,0.0
1151,186.83232924458898,45.07125000000001,0.0
1152,191.51982924458898,45.07125000000001,0.0
1153,196.20732924458898,45.07125000000001,0.0
1154,200.89482924458898,45.07125000000001,0.0
1155,205.58232924458898,45.07125000000001,0.0
1156,210.26982924458898,45.07125000000001,0.0
1157,214.95732924458898,45.07125000000001,0.0
1158,219.64482924458898,45.07125000000001,0.0
1159,224.33232924458898,45.07125000000001,0.0
1160,229.01982924458898,45.07125000000001,0.0
1161,233.70732924458898,45.07125000000001,0.0
1162,238.39482924458898,45.07125000000001,0.0
1163,243.08232924458898,45.07125000000001,0.0
1164,247.76982924458898,45.07125000000001,0.0
1165,252.45732924458898,45.07125000000001,0.0
1166,257.144829244589,45.07125000000001,0.0
1167,261.832329244589,45.07125000000001,0.0
1168,266.519829244589,45.07125000000001,0.0
1169,271.207329244589,45.07125000000001,0.0
1170,-31.067121976317548,47.722500000000004,0.0
1171,-26.379621976317548,47.722500000000004,0.0
1172,-21.692121976317548,47.722500000000004,0.0
1173,-17.004621976317548,47.722500000000004,0.0
1174,-12.317121976317548,47.722500000000004,0.0
1175,-7.629621976317548,47.722500000000004,0.0
1176,-2.942121976317548,47.722500000000004,0.0
1177,1.745378023682452,47.722500000000004,0.0
1178,6.432878023682452,47.722500000000004,0.0
1179,11.120378023682452,47.722500000000004,0.0
1180,15.807878023682452,47.722500000000004,0.0
1181,20.495378023682452,47.722500000000004,0.0
1182,25.182878023682452,47.722500000000004,0.0
1183,29.870378023682452,47.722500000000004,0.0
1184,34.55787802368245,47.722500000000004,0.0
1185,39.24537802368245,47.722500000000004,0.0
1186,43.93287802368245,47.722500000000004,0.0
1187,48.62037802368245,47.722500000000004,0.0
1188,53.30787802368245,47.722500000000004,0.0
1189,57.99537802368245,47.722500000000004,0.0
1190,62.68287802368245,47.722500000000004,0.0
1191,67.37037802368245,47.722500000000004,0.0
1192,72.05787802368245,47.722500000000004,0.0
1193,76.74537802368245,47.722500000000004,0.0
1194,81.43287802368245,47.722500000000004,0.0
1195,86.12037802368245,47.722500000000004,0.0
1196,90.80787802368245,47.722500000000004,0.0
1197,95.49537802368245,47.722500000000004,0.0
1198,100.18287802368245,47.722500000000004,0.0
1199,104.87037802368245,47.722500000000004,0.0
1200,109.55787802368245,47.722500000000004,0.0
1201,114.24537802368245,47.722500000000004,0.0
1202,118.93287802368245,47.722500000000004,0.0
1203,123.62037802368245,47.722500000000004,0.0
1204,128.30787802368246,47.722500000000004,0.0
1205,132.99537802368246,47.722500000000004,0.0
1206,137.68287802368246,47.722500000000004,0.0
1207,142.37037802368246,47.722500000000004,0.0
1208,147.05787802368246,47.722500000000004,0.0
1209,151.74537802368246,47.722500000000004,0.0
1210,156.43287802368246,47.722500000000004,0.0
1211,161.12037802368246,47.722500000000004,0.0
1212,165.80787802368246,47.722500000000004,0.0
1213,170.49537802368246,47.722500000000004,0.0
1214,175.18287802368246,47.722500000000004,0.0
1215,179.87037802368246,47.722500000000004,0.0
1216,184.55787802368246,47.722500000000004,0.0
1217,189.24537802368246,47.722500000000004,0.0
1218,193.93287802368246,47.722500000000004,0.0
1219,198.62037802368246,47.722500000000004,0.0
1220,203.30787802368246,47.722500000000004,0.0
1221,207.99537802368246,47.722500000000004,0.0
1222,212.68287802368246,47.722500000000004,0.0
1223,217.37037802368246,47.722500000000004,0.0
1224,222.05787802368246,47.722500000000004,0.0
1225,226.74537802368246,47.722500000000004,0.0
1226,231.43287802368246,47.722500000000004,0.0
1227,236.12037802368246,47.722500000000004,0.0
1228,240.80787802368246,47.722500000000004,0.0
1229,245.49537802368246,47.722500000000004,0.0
1230,250.18287802368246,47.722500000000004,0.0
1231,254.87037802368246,47.722500000000004,0.0
1232,259.55787802368246,47.722500000000004,0.0
1233,264.24537802368246,47.722500000000004,0.0
1234,268.93287802368246,47.722500000000004,0.0
1235,-33.34157319722407,50.373749999999994,0.0
1236,-28.654073197224072,50.373749999999994,0.0
1237,-23.966573197224072,50.373749999999994,0.0
1238,-19.279073197224072,50.373749999999994,0.0
1239,-14.591573197224072,50.373749999999994,0.0
1240,-9.904073197224072,50.373749999999994,0.0
1241,-5.216573197224072,50.373749999999994,0.0
1242,-0.5290731972240721,50.373749999999994,0.0
1243,4.158426802775928,50.373749999999994,0.0
1244,8.845926802775928,50.373749999999994,0.0
1245,13.533426802775928,50.373749999999994,0.0
1246,18.220926802775928,50.373749999999994,0.0
1247,22.908426802775928,50.373749999999994,0.0
1248,27.595926802775928,50.373749999999994,0.0
1249,32.28342680277593,50.373749999999994,0.0
1250,36.97092680277593,50.373749999999994,0.0
1251,41.65842680277593,50.373749999999994,0.0
1252,46.34592680277593,50.373749999999994,0.0
1253,51.03342680277593,50.373749999999994,0.0
1254,55.72092680277593,50.373749999999994,0.0
1255,60.40842680277593,50.373749999999994,0.0
1256,65.09592680277592,50.373749999999994,0.0
1257,69.78342680277592,50.373749999999994,0.0
1258,74.47092680277592,50.373749999999994,0.0
1259,79.15842680277592,50.373749999999994,0.0
1260,83.84592680277592,50.373749999999994,0.0
1261,88.53342680277592,50.373749999999994,0.0
1262,93.22092680277592,50.373749999999994,0.0
1263,97.90842680277592,50.373749999999994,0.0
1264,102.59592680277592,50.373749999999994,0.0
1265,107.28342680277592,50.373749999999994,0.0
1266,111.97092680277592,50.373749999999994,0.0
1267,116.65842680277592,50.373749999999994,0.0
1268,121.34592680277592,50.373749999999994,0.0
1269,126.03342680277592,50.373749999999994,0.0
1270,130.72092680277592,50.373749999999994,0.0
1271,135.40842680277592,50.373749999999994,0.0
1272,140.09592680277592,50.373749999999994,0.0
1273,144.78342680277592,50.373749999999994,0.0
1274,149.47092680277592,50.373749999999994,0.0
1275,154.15842680277592,50.373749999999994,0.0
1276,158.84592680277592,50.373749999999994,0.0
1277,163.53342680277592,50.373749999999994,0.0
1278,168.22092680277592,50.373749999999994,0.0
1279,172.90842680277592,50.373749999999994,0.0
1280,177.59592680277592,50.373749999999994,0.0
1281,182.28342680277592,50.373749999999994,0.0
1282,186.97092680277592,50.373749999999994,0.0
1283,191.65842680277592,50.373749999999994,0.0
1284,196.34592680277592,50.373749999999994,0.0
1285,201.03342680277592,50.373749999999994,0.0
1286,205.72092680277592,50.373749999999994,0.0
1287,210.40842680277592,50.373749999999994,0.0
1288,215.09592680277592,50.373749999999994,0.0
1289,219.78342680277592,50.373749999999994,0.0
1290,224.47092680277592,50.373749999999994,0.0
1291,229.15842680277592,50.373749999999994,0.0
1292,233.84592680277592,50.373749999999994,0.0
1293,238.53342680277592,50.373749999999994,0.0
1294,243.22092680277592,50.373749999999994,0.0
1295,247.90842680277592,50.373749999999994,0.0
1296,252.59592680277592,50.373749999999994,0.0
1297,257.2834268027759,50.373749999999994,0.0
1298,261.9709268027759,50.373749999999994,0.0
1299,266.6584268027759,50.373749999999994,0.0
1300,-35.61602441813062,53.02500000000001,0.0
1301,-30.92852441813062,53.02500000000001,0.0
1302,-26.24102441813062,53.02500000000001,0.0
1303,-21.55352441813062,53.02500000000001,0.0
1304,-16.86602441813062,53.02500000000001,0.0
1305,-12.178524418130621,53.02500000000001,0.0
1306,-7.491024418130621,53.02500000000001,0.0
1307,-2.803524418130621,53.02500000000001,0.0
1308,1.8839755818693789,53.02500000000001,0.0
1309,6.571475581869379,53.02500000000001,0.0
1310,11.258975581869379,53.02500000000001,0.0
1311,15.946475581869379,53.02500000000001,0.0
1312,20.63397558186938,53.02500000000001,0.0
1313,25.32147558186938,53.02500000000001,0.0
1314,30.00897558186938,53.02500000000001,0.0
1315,34.69647558186938,53.02500000000001,0.0
1316,39.38397558186938,53.02500000000001,0.0
1317,44.07147558186938,53.02500000000001,0.0
1318,48.75897558186938,53.02500000000001,0.0
1319,53.44647558186938,53.02500000000001,0.0
1320,58.13397558186938,53.02500000000001,0.0
1321,62.82147558186938,53.02500000000001,0.0
1322,67.50897558186938,53.02500000000001,0.0
1323,72.19647558186938,53.02500000000001,0.0
1324,76.88397558186938,53.02500000000001,0.0
1325,81.57147558186938,53.02500000000001,0.0
1326,86.25897558186938,53.02500000000001,0.0
1327,90.94647558186938,53.02500000000001,0.0
1328,95.63397558186938,53.02500000000001,0.0
1329,100.32147558186938,53.02500000000001,0.0
1330,105.00897558186938,53.02500000000001,0.0
1331,109.69647558186938,53.02500000000001,0.0
1332,114.38397558186938,53.02500000000001,0.0
1333,119.07147558186938,53.02500000000001,0.0
1334,123.75897558186938,53.02500000000001,0.0
1335,128.44647558186938,53.02500000000001,0.0
1336,133.13397558186938,53.02500000000001,0.0
1337,137.82147558186938,53.02500000000001,0.0
1338,142.50897558186938,53.02500000000001,0.0
1339,147.19647558186938,53.02500000000001,0.0
1340,151.88397558186938,53.02500000000001,0.0
1341,156.57147558186938,53.02500000000001,0.0
1342,161.25897558186938,53.02500000000001,0.0
1343,165.94647558186938,53.02500000000001,0.0
1344,170.63397558186938,53.02500000000001,0.0
1345,175.32147558186938,53.02500000000001,0.0
1346,180.00897558186938,53.02500000000001,0.0
1347,184.69647558186938,53.02500000000001,0.0
1348,189.38397558186938,53.02500000000001,0.0
1349,194.07147558186938,53.02500000000001,0.0
1350,198.75897558186938,53.02500000000001,0.0
1351,203.44647558186938,53.02500000000001,0.0
1352,208.13397558186938,53.02500000000001,0.0
1353,212.82147558186938,53.02500000000001,0.0
1354,217.50897558186938,53.02500000000001,0.0
1355,222.19647558186938,53.02500000000001,0.0
1356,226.88397558186938,53.02500000000001,0.0
1357,231.57147558186938,53.02500000000001,0.0
1358,236.25897558186938,53.02500000000001,0.0
1359,240.94647558186938,53.02500000000001,0.0
1360,245.63397558186938,53.02500000000001,0.0
1361,250.32147558186938,53.02500000000001,0.0
1362,255.00897558186938,53.02500000000001,0.0
1363,259.6964755818694,53.02500000000001,0.0
1364,264.3839755818694,53.02500000000001,0.0
1365,-37.89047563903714,55.67625,0.0
1366,-33.20297563903714,55.67625,0.0
1367,-28.51547563903714,55.67625,0.0
1368,-23.82797563903714,55.67625,0.0
1369,-19.14047563903714,55.67625,0.0
1370,-14.452975639037142,55.67625,0.0
1371,-9.765475639037142,55.67625,0.0
1372,-5.077975639037142,55.67625,0.0
1373,-0.3904756390371418,55.67625,0.0
1374,4.297024360962858,55.67625,0.0
1375,8.984524360962858,55.67625,0.0
1376,13.672024360962858,55.67625,0.0
1377,18.35952436096286,55.67625,0.0
1378,23.04702436096286,55.67625,0.0
1379,27.73452436096286,55.67625,0.0
1380,32.42202436096286,55.67625,0.0
1381,37.10952436096286,55.67625,0.0
1382,41.79702436096286,55.67625,0.0
1383,46.48452436096286,55.67625,0.0
1384,51.17202436096286,55.67625,0.0
1385,55.85952436096286,55.67625,0.0
1386,60.54702436096286,55.67625,0.0
1387,65.23452436096287,55.67625,0.0
1388,69.92202436096287,55.67625,0.0
1389,74.60952436096287,55.67625,0.0
1390,79.29702436096287,55.67625,0.0
1391,83.98452436096287,55.67625,0.0
1392,88.67202436096287,55.67625,0.0
1393,93.35952436096287,55.67625,0.0
1394,98.04702436096287,55.67625,0.0
1395,102.73452436096287,55.67625,0.0
1396,107.42202436096287,55.67625,0.0
1397,112.10952436096287,55.67625,0.0
1398,116.79702436096287,55.67625,0.0
1399,121.48452436096287,55.67625,0.0
1400,126.17202436096287,55.67625,0.0
1401,130.85952436096287,55.67625,0.0
1402,135.54702436096287,55.67625,0.0
1403,140.23452436096287,55.67625,0.0
1404,144.92202436096287,55.67625,0.0
1405,149.60952436096287,55.67625,0.0
1406,154.29702436096287,55.67625,0.0
1407,158.98452436096287,55.67625,0.0
1408,163.67202436096287,55.67625,0.0
1409,168.35952436096287,55.67625,0.0
1410,173.04702436096287,55.67625,0.0
1411,177.73452436096287,55.67625,0.0
1412,182.42202436096287,55.67625,0.0
1413,187.10952436096287,55.67625,0.0
1414,191.79702436096287,55.67625,0.0
1415,196.48452436096287,55.67625,0.0
1416,201.17202436096287,55.67625,0.0
1417,205.85952436096287,55.67625,0.0
1418,210.54702436096287,55.67625,0.0
1419,215.23452436096287,55.67625,0.0
1420,219.92202436096287,55.67625,0.0
1421,224.60952436096287,55.67625,0.0
1422,229.29702436096287,55.67625,0.0
1423,233.98452436096287,55.67625,0.0
1424,238.67202436096287,55.67625,0.0
1425,243.35952436096287,55.67625,0.0
1426,248.04702436096287,55.67625,0.0
1427,252.73452436096287,55.67625,0.0
1428,257.42202436096284,55.67625,0.0
1429,262.10952436096284,55.67625,0.0
1430,-40.16492685994366,58.32749999999999,0.0
1431,-35.47742685994366,58.32749999999999,0.0
1432,-30.789926859943662,58.32749999999999,0.0
1433,-26.102426859943662,58.32749999999999,0.0
1434,-21.414926859943662,58.32749999999999,0.0
1435,-16.727426859943662,58.32749999999999,0.0
1436,-12.039926859943662,58.32749999999999,0.0
1437,-7.352426859943662,58.32749999999999,0.0
1438,-2.6649268599436624,58.32749999999999,0.0
1439,2.0225731400563376,58.32749999999999,0.0
1440,6.710073140056338,58.32749999999999,0.0
1441,11.397573140056338,58.32749999999999,0.0
1442,16.085073140056338,58.32749999999999,0.0
1443,20.772573140056338,58.32749999999999,0.0
1444,25.460073140056338,58.32749999999999,0.0
1445,30.147573140056338,58.32749999999999,0.0
1446,34.83507314005634,58.32749999999999,0.0
1447,39.52257314005634,58.32749999999999,0.0
1448,44.21007314005634,58.32749999999999,0.0
1449,48.89757314005634,58.32749999999999,0.0
1450,53.58507314005634,58.32749999999999,0.0
1451,58.27257314005634,58.32749999999999,0.0
1452,62.96007314005634,58.32749999999999,0.0
1453,67.64757314005634,58.32749999999999,0.0
1454,72.33507314005634,58.32749999999999,0.0
1455,77.02257314005634,58.32749999999999,0.0
1456,81.71007314005634,58.32749999999999,0.0
1457,86.39757314005634,58.32749999999999,0.0
1458,91.08507314005634,58.32749999999999,0.0
1459,95.77257314005634,58.32749999999999,0.0
1460,100.46007314005634,58.32749999999999,0.0
1461,105.14757314005634,58.32749999999999,0.0
1462,109.83507314005634,58.32749999999999,0.0
1463,114.52257314005634,58.32749999999999,0.0
1464,119.21007314005634,58.32749999999999,0.0
1465,123.89757314005634,58.32749999999999,0.0
1466,128.58507314005635,58.32749999999999,0.0
1467,133.27257314005635,58.32749999999999,0.0
1468,137.96007314005635,58.32749999999999,0.0
1469,142.64757314005635,58.32749999999999,0.0
1470,147.33507314005635,58.32749999999999,0.0
1471,152.02257314005635,58.32749999999999,0.0
1472,156.71007314005635,58.32749999999999,0.0
1473,161.39757314005635,58.32749999999999,0.0
1474,166.08507314005635,58.32749999999999,0.0
1475,170.77257314005635,58.32749999999999,0.0
1476,175.46007314005635,58.32749999999999,0.0
1477,180.14757314005635,58.32749999999999,0.0
1478,184.83507314005635,58.32749999999999,0.0
1479,189.52257314005635,58.32749999999999,0.0
1480,194.21007314005635,58.32749999999999,0.0
1481,198.89757314005635,58.32749999999999,0.0
1482,203.58507314005635,58.32749999999999,0.0
1483,208.27257314005635,58.32749999999999,0.0
1484,212.96007314005635,58.32749999999999,0.0
1485,217.64757314005635,58.32749999999999,0.0
1486,222.33507314005635,58.32749999999999,0.0
1487,227.02257314005635,58.32749999999999,0.0
1488,231.71007314005635,58.32749999999999,0.0
1489,236.39757314005635,58.32749999999999,0.0
1490,241.08507314005635,58.32749999999999,0.0
1491,245.77257314005635,58.32749999999999,0.0
1492,250.46007314005635,58.32749999999999,0.0
1493,255.14757314005635,58.32749999999999,0.0
1494,259.83507314005635,58.32749999999999,0.0
1495,-42.43937808085021,60.97875000000001,0.0
1496,-37.75187808085021,60.97875000000001,0.0
1497,-33.06437808085021,60.97875000000001,0.0
1498,-28.37687808085021,60.97875000000001,0.0
1499,-23.68937808085021,60.97875000000001,0.0
1500,-19.00187808085021,60.97875000000001,0.0
1501,-14.314378080850211,60.97875000000001,0.0
1502,-9.626878080850211,60.97875000000001,0.0
1503,-4.9393780808502115,60.97875000000001,0.0
1504,-0.25187808085021146,60.97875000000001,0.0
1505,4.4356219191497885,60.97875000000001,0.0
1506,9.123121919149789,60.97875000000001,0.0
1507,13.810621919149789,60.97875000000001,0.0
1508,18.49812191914979,60.97875000000001,0.0
1509,23.18562191914979,60.97875000000001,0.0
1510,27.87312191914979,60.97875000000001,0.0
1511,32.56062191914979,60.97875000000001,0.0
1512,37.24812191914979,60.97875000000001,0.0
1513,41.93562191914979,60.97875000000001,0.0
1514,46.62312191914979,60.97875000000001,0.0
1515,51.31062191914979,60.97875000000001,0.0
1516,55.99812191914979,60.97875000000001,0.0
1517,60.68562191914979,60.97875000000001,0.0
1518,65.37312191914978,60.97875000000001,0.0
1519,70.06062191914978,60.97875000000001,0.0
1520,74.74812191914978,60.97875000000001,0.0
1521,79.43562191914978,60.97875000000001,0.0
1522,84.12312191914978,60.97875000000001,0.0
1523,88.81062191914978,60.97875000000001,0.0
1524,93.49812191914978,60.97875000000001,0.0
1525,98.18562191914978,60.97875000000001,0.0
1526,102.87312191914978,60.97875000000001,0.0
1527,107.56062191914978,60.97875000000001,0.0
1528,112.24812191914978,60.97875000000001,0.0
1529,116.93562191914978,60.97875000000001,0.0
1530,121.62312191914978,60.97875000000001,0.0
1531,126.31062191914978,60.97875000000001,0.0
1532,130.99812191914978,60.97875000000001,0.0
1533,135.68562191914978,60.97875000000001,0.0
1534,140.37312191914978,60.97875000000001,0.0
1535,145.06062191914978,60.97875000000001,0.0
1536,149.74812191914978,60.97875000000001,0.0
1537,154.43562191914978,60.97875000000001,0.0
1538,159.12312191914978,60.97875000000001,0.0
1539,163.81062191914978,60.97875000000001,0.0
1540,168.49812191914978,60.97875000000001,0.0
1541,173.18562191914978,60.97875000000001,0.0
1542,177.87312191914978,60.97875000000001,0.0
1543,182.56062191914978,60.97875000000001,0.0
1544,187.24812191914978,60.97875000000001,0.0
1545,191.93562191914978,60.97875000000001,0.0
1546,196.62312191914978,60.97875000000001,0.0
1547,201.31062191914978,60.97875000000001,0.0
1548,205.99812191914978,60.97875000000001,0.0
1549,210.68562191914978,60.97875000000001,0.0
1550,215.37312191914978,60.97875000000001,0.0
1551,220.06062191914978,60.97875000000001,0.0
1552,224.74812191914978,60.97875000000001,0.0
1553,229.43562191914978,60.97875000000001,0.0
1554,234.12312191914978,60.97875000000001,0.0
1555,238.81062191914978,60.97875000000001,0.0
1556,243.49812191914978,60.97875000000001,0.0
1557,248.18562191914978,60.97875000000001,0.0
1558,252.87312191914978,60.97875000000001,0.0
1559,257.56062191914975,60.97875000000001,0.0
1560,-44.71382930175673,63.63,0.0
1561,-40.02632930175673,63.63,0.0
1562,-35.33882930175673,63.63,0.0
1563,-30.651329301756732,63.63,0.0
1564,-25.963829301756732,63.63,0.0
1565,-21.276329301756732,63.63,0.0
1566,-16.588829301756732,63.63,0.0
1567,-11.901329301756732,63.63,0.0
1568,-7.213829301756732,63.63,0.0
1569,-2.526329301756732,63.63,0.0
1570,2.161170698243268,63.63,0.0
1571,6.848670698243268,63.63,0.0
1572,11.536170698243268,63.63,0.0
1573,16.223670698243268,63.63,0.0
1574,20.911170698243268,63.63,0.0
1575,25.598670698243268,63.63,0.0
1576,30.286170698243268,63.63,0.0
1577,34.97367069824327,63.63,0.0
1578,39.66117069824327,63.63,0.0
1579,44.34867069824327,63.63,0.0
1580,49.03617069824327,63.63,0.0
1581,53.72367069824327,63.63,0.0
1582,58.41117069824327,63.63,0.0
1583,63.09867069824327,63.63,0.0
1584,67.78617069824327,63.63,0.0
1585,72.47367069824327,63.63,0.0
1586,77.16117069824327,63.63,0.0
1587,81.84867069824327,63.63,0.0
1588,86.53617069824327,63.63,0.0
1589,91.22367069824327,63.63,0.0
1590,95.91117069824327,63.63,0.0
1591,100.59867069824327,63.63,0.0
1592,105.28617069824327,63.63,0.0
1593,109.97367069824327,63.63,0.0
1594,114.66117069824327,63.63,0.0
1595,119.34867069824327,63.63,0.0
1596,124.03617069824327,63.63,0.0
1597,128.72367069824327,63.63,0.0
1598,133.41117069824327,63.63,0.0
1599,138.09867069824327,63.63,0.0
1600,142.78617069824327,63.63,0.0
1601,147.47367069824327,63.63,0.0
1602,152.16117069824327,63.63,0.0
1603,156.84867069824327,63.63,0.0
1604,161.53617069824327,63.63,0.0
1605,166.22367069824327,63.63,0.0
1606,170.91117069824327,63.63,0.0
1607,175.59867069824327,63.63,0.0
1608,180.28617069824327,63.63,0.0
1609,184.97367069824327,63.63,0.0
1610,189.66117069824327,63.63,0.0
1611,194.34867069824327,63.63,0.0
1612,199.03617069824327,63.63,0.0
1613,203.72367069824327,63.63,0.0
1614,208.41117069824327,63.63,0.0
1615,213.09867069824327,63.63,0.0
1616,217.78617069824327,63.63,0.0
1617,222.47367069824327,63.63,0.0
1618,227.16117069824327,63.63,0.0
1619,231.84867069824327,63.63,0.0
1620,236.53617069824327,63.63,0.0
1621,241.22367069824327,63.63,0.0
1622,245.91117069824327,63.63,0.0
1623,250.59867069824327,63.63,0.0
1624,255.28617069824327,63.63,0.0
# SurfPanels,P1,P2,P3,P4
0,0,65,66,1
1,1,66,67,2
2,2,67,68,3
3,3,68,69,4
4,4,69,70,5
5,5,70,71,6
6,6,71,72,7
7,7,72,73,8
8,8,73,74,9
9,9,74,75,10
10,10,75,76,11
11,11,76,77,12
12,12,77,78,13
13,13,78,79,14
14,14,79,80,15
15,15,80,81,16
16,16,81,82,17
17,17,82,83,18
18,18,83,84,19
19,19,84,85,20
20,20,85,86,21
21,21,86,87,22
22,22,87,88,23
23,23,88,89,24
24,24,89,90,25
25,25,90,91,26
26,26,91,92,27
27,27,92,93,28
28,28,93,94,29
29,29,94,95,30
30,30,95,96,31
31,31,96,97,32
32,32,97,98,33
33,33,98,99,34
34,34,99,100,35
35,35,100,101,36
36,36,101,102,37
37,37,102,103,38
38,38,103,104,39
39,39,104,105,40
40,40,105,106,41
41,41,106,107,42
42,42,107,108,43
43,43,108,109,44
44,44,109,110,45
45,45,110,111,46
46,46,111,112,47
47,47,112,113,48
48,48,113,114,49
49,49,114,115,50
50,50,115,116,51
51,51,116,117,52
52,52,117,118,53
53,53,118,119,54
54,54,119,120,55
55,55,120,121,56
56,56,121,122,57
57,57,122,123,58
58,58,123,124,59
59,59,124,125,60
60,60,125,126,61
61,61,126,127,62
62,62,127,128,63
63,63,128,129,64
64,65,130,131,66
65,66,131,132,67
66,67,132,133,68
67,68,133,134,69
68,69,134,135,70
69,70,135,136,71
70,71,136,137,72
71,72,137,138,73
72,73,138,139,74
73,74,139,140,75
74,75,140,141,76
75,76,141,142,77
76,77,142,143,78
77,78,143,144,79
78,79,144,145,80
79,80,145,146,81
80,81,146,147,82
81,82,147,148,83
82,83,148,149,84
83,84,149,150,85
84,85,150,151,86
85,86,151,152,87
86,87,152,153,88
87,88,153,154,89
88,89,154,155,90
89,90,155,156,91
90,91,156,157,92
91,92,157,158,93
92,93,158,159,94
93,94,159,160,95
94,95,160,161,96
95,96,161,162,97
96,97,162,163,98
97,98,163,164,99
98,99,164,165,100
99,100,165,166,101
100,101,166,167,102
101,102,167,168,103
102,103,168,169,104
103,104,169,170,105
104,105,170,171,106
105,106,171,172,107
106,107,172,173,108
107,108,173,174,109
108,109,174,175,110
109,110,175,176,111
110,111,176,177,112
111,112,177,178,113
112,113,178,179,114
113,114,179,180,115
114,115,180,181,116
115,116,181,182,117
116,117,182,183,118
117,118,183,184,119
118,119,184,185,120
119,120,185,186,121
120,121,186,187,122
121,122,187,188,123
122,123,188,189,124
123,124,189,190,125
124,125,190,191,126
125,126,191,192,127
126,127,192,193,128
127,128,193,194,129
128,130,195,196,131
129,131,196,197,132
130,132,197,198,133
131,133,198,199,134
132,134,199,200,135
133,135,200,201,136
134,136,201,202,137
135,137,202,203,138
136,138,203,204,139
137,139,204,205,140
138,140,205,206,141
139,141,206,207,142
140,142,207,208,143
141,143,208,209,144
142,144,209,210,145
143,145,210,211,146
144,146,211,212,147
145,147,212,213,148
146,148,213,214,149
147,149,214,215,150
148,150,215,216,151
149,151,216,217,152
150,152,217,218,153
151,153,218,219,154
152,154,219,220,155
153,155,220,221,156
154,156,221,222,157
155,157,222,223,158
156,158,223,224,159
157,159,224,225,160
158,160,225,226,161
159,161,226,227,162
160,162,227,228,163
161,163,228,229,164
162,164,229,230,165
163,165,230,231,166
164,166,231,232,167
165,167,232,233,168
166,168,233,234,169
167,169,234,235,170
168,170,235,236,171
169,171,236,237,172
170,172,237,238,173
171,173,238,239,174
172,174,239,240,175
173,175,240,241,176
174,176,241,242,177
175,177,242,243,178
176,178,243,244,179
177,179,244,245,180
178,180,245,246,181
179,181,246,247,182
180,182,247,248,183
181,183,248,249,184
182,184,249,250,185
183,185,250,251,186
184,186,251,252,187
185,187,252,253,188
186,188,253,254,189
187,189,254,255,190
188,190,255,256,191
189,191,256,257,192
190,192,257,258,193
191,193,258,259,194
192,195,260,261,196
193,196,261,262,197
194,197,262,263,198
195,198,263,264,199
196,199,264,265,200
197,200,265,266,201
198,201,266,267,202
199,202,267,268,203
200,203,268,269,204
201,204,269,270,205
202,205,270,271,206
203,206,271,272,207
204,207,272,273,208
205,208,273,274,209
206,209,274,275,210
207,210,275,276,211
208,211,276,277,212
209,212,277,278,213
210,213,278,279,214
211,214,279,280,215
212,215,280,281,216
213,216,281,282,217
214,217,282,283,218
215,218,283,284,219
216,219,284,285,220
217,220,285,286,221
218,221,286,287,222
219,222,287,288,223
220,223,288,289,224
221,224,289,290,225
222,225,290,291,226
223,226,291,292,227
224,227,292,293,228
225,228,293,294,229
226,229,294,295,230
227,230,295,296,231
228,231,296,297,232
229,232,297,298,233
230,233,298,299,234
231,234,299,300,235
232,235,300,301,236
233,236,301,302,237
234,237,302,303,238
235,238,303,304,239
236,239,304,305,240
237,240,305,306,241
238,241,306,307,242
239,242,307,308,243
240,243,308,309,244
241,244,309,310,245
242,245,310,311,246
243,246,311,312,247
244,247,312,313,248
245,248,313,314,249
246,249,314,315,250
247,250,315,316,251
248,251,316,317,252
249,252,317,318,253
250,253,318,319,254
251,254,319,320,255
252,255,320,321,256
253,256,321,322,257
254,257,322,323,258
255,258,323,324,259
256,260,325,326,261
257,261,326,327,262
258,262,327,328,263
259,263,328,329,264
260,264,329,330,265
261,265,330,331,266
262,266,331,332,267
263,267,332,333,268
264,268,333,334,269
265,269,334,335,270
266,270,335,336,271
267,271,336,337,272
268,272,337,338,273
269,273,338,339,274
270,274,339,340,275
271,275,340,341,276
272,276,341,342,277
273,277,342,343,278
274,278,343,344,279
275,279,344,345,280
276,280,345,346,281
277,281,346,347,282
278,282,347,348,283
279,283,348,349,284
280,284,349,350,285
281,285,350,351,286
282,286,351,352,287
283,287,352,353,288
284,288,353,354,289
285,289,354,355,290
286,290,355,356,291
287,291,356,357,292
288,292,357,358,293
289,293,358,359,294
290,294,359,360,295
291,295,360,361,296
292,296,361,362,297
293,297,362,363,298
294,298,363,364,299
295,299,364,365,300
296,300,365,366,301
297,301,366,367,302
298,302,367,368,303
299,303,368,369,304
300,304,369,370,305
301,305,370,371,306
302,306,371,372,307
303,307,372,373,308
304,308,373,374,309
305,309,374,375,310
306,310,375,376,311
307,311,376,377,312
308,312,377,378,313
309,313,378,379,314
310,314,379,380,315
311,315,380,381,316
312,316,381,382,317
313,317,382,383,318
314,318,383,384,319
315,319,384,385,320
316,320,385,386,321
317,321,386,387,322
318,322,387,388,323
319,323,388,389,324
320,325,390,391,326
321,326,391,392,327
322,327,392,393,328
323,328,393,394,329
324,329,394,395,330
325,330,395,396,331
326,331,396,397,332
327,332,397,398,333
328,333,398,399,334
329,334,399,400,335
330,335,400,401,336
331,336,401,402,337
332,337,402,403,338
333,338,403,404,339
334,339,404,405,340
335,340,405,406,341
336,341,406,407,342
337,342,407,408,343
338,343,408,409,344
339,344,409,410,345
340,345,410,411,346
341,346,411,412,347
342,347,412,413,348
343,348,413,414,349
344,349,414,415,350
345,350,415,416,351
346,351,416,417,352
347,352,417,418,353
348,353,418,419,354
349,354,419,420,355
350,355,420,421,356
351,356,421,422,357
352,357,422,423,358
353,358,423,424,359
354,359,424,425,360
355,360,425,426,361
356,361,426,427,362
357,362,427,428,363
358,363,428,429,364
359,364,429,430,365
360,365,430,431,366
361,366,431,432,367
362,367,432,433,368
363,368,433,434,369
364,369,434,435,370
365,370,435,436,371
366,371,436,437,372
367,372,437,438,373
368,373,438,439,374
369,374,439,440,375
370,375,440,441,376
371,376,441,442,377
372,377,442,443,378
373,378,443,444,379
374,379,444,445,380
375,380,445,446,381
376,381,446,447,382
377,382,447,448,383
378,383,448,449,384
379,384,449,450,385
380,385,450,451,386
381,386,451,452,387
382,387,452,453,388
383,388,453,454,389
384,390,455,456,391
385,391,456,457,392
386,392,457,458,393
387,393,458,459,394
388,394,459,460,395
389,395,460,461,396
390,396,461,462,397
391,397,462,463,398
392,398,463,464,399
393,399,464,465,400
394,400,465,466,401
395,401,466,467,402
396,402,467,468,403
397,403,468,469,404
398,404,469,470,405
399,405,470,471,406
400,406,471,472,407
401,407,472,473,408
402,408,473,474,409
403,409,474,475,410
404,410,475,476,411
405,411,476,477,412
406,412,477,478,413
407,413,478,479,414
408,414,479,480,415
409,415,480,481,416
410,416,481,482,417
411,417,482,483,418
412,418,483,484,419
413,419,484,485,420
414,420,485,486,421
415,421,486,487,422
416,422,487,488,423
417,423,488,489,424
418,424,489,490,425
419,425,490,491,426
420,426,491,492,427
421,427,492,493,428
422,428,493,494,429
423,429,494,495,430
424,430,495,496,431
425,431,496,497,432
426,432,497,498,433
427,433,498,499,434
428,434,499,500,435
429,435,500,501,436
430,436,501,502,437
431,437,502,503,438
432,438,503,504,439
433,439,504,505,440
434,440,505,506,441
435,441,506,507,442
436,442,507,508,443
437,443,508,509,444
438,444,509,510,445
439,445,510,511,446
440,446,511,512,447
441,447,512,513,448
442,448,513,514,449
443,449,514,515,450
444,450,515,516,451
445,451,516,517,452
446,452,517,518,453
447,453,518,519,454
448,455,520,521,456
449,456,521,522,457
450,457,522,523,458
451,458,523,524,459
452,459,524,525,460
453,460,525,526,461
454,461,526,527,462
455,462,527,528,463
456,463,528,529,464
457,464,529,530,465
458,465,530,531,466
459,466,531,532,467
460,467,532,533,468
461,468,533,534,469
462,469,534,535,470
463,470,535,536,471
464,471,536,537,472
465,472,537,538,473
466,473,538,539,474
467,474,539,540,475
468,475,540,541,476
469,476,541,542,477
470,477,542,543,478
471,478,543,544,479
472,479,544,545,480
473,480,545,546,481
474,481,546,547,482
475,482,547,548,483
476,483,548,549,484
477,484,549,550,485
478,485,550,551,486
479,486,551,552,487
480,487,552,553,488
481,488,553,554,489
482,489,554,555,490
483,490,555,556,491
484,491,556,557,492
485,492,557,558,493
486,493,558,559,494
487,494,559,560,495
488,495,560,561,496
489,496,561,562,497
490,497,562,563,498
491,498,563,564,499
492,499,564,565,500
493,500,565,566,501
494,501,566,567,502
495,502,567,568,503
496,503,568,569,504
497,504,569,570,505
498,505,570,571,506
499,506,571,572,507
500,507,572,573,508
501,508,573,574,509
502,509,574,575,510
503,510,575,576,511
504,511,576,577,512
505,512,577,578,513
506,513,578,579,514
507,514,579,580,515
508,515,580,581,516
509,516,581,582,517
510,517,582,583,518
511,518,583,584,519
512,520,585,586,521
513,521,586,587,522
514,522,587,588,523
515,523,588,589,524
516,524,589,590,525
517,525,590,591,526
518,526,591,592,527
519,527,592,593,528
520,528,593,594,529
521,529,594,595,530
522,530,595,596,531
523,531,596,597,532
524,532,597,598,533
525,533,598,599,534
526,534,599,600,535
527,535,600,601,536
528,536,601,602,537
529,537,602,603,538
530,538,603,604,539
531,539,604,605,540
532,540,605,606,541
533,541,606,607,542
534,542,607,608,543
535,543,608,609,544
536,544,609,610,545
537,545,610,611,546
538,546,611,612,547
539,547,612,613,548
540,548,613,614,549
541,549,614,615,550
542,550,615,616,551
543,551,616,617,552
544,552,617,618,553
545,553,618,619,554
546,554,619,620,555
547,555,620,621,556
548,556,621,622,557
549,557,622,623,558
550,558,623,624,559
551,559,624,625,560
552,560,625,626,561
553,561,626,627,562
554,562,627,628,563
555,563,628,629,564
556,564,629,630,565
557,565,630,631,566
558,566,631,632,567
559,567,632,633,568
560,568,633,634,569
561,569,634,635,570
562,570,635,636,571
563,571,636,637,572
564,572,637,638,573
565,573,638,639,574
566,574,639,640,575
567,575,640,641,576
568,576,641,642,577
569,577,642,643,578
570,578,643,644,579
571,579,644,645,580
572,580,645,646,581
573,581,646,647,582
574,582,647,648,583
575,583,648,649,584
576,585,650,651,586
577,586,651,652,587
578,587,652,653,588
579,588,653,654,589
580,589,654,655,590
581,590,655,656,591
582,591,656,657,592
583,592,657,658,593
584,593,658,659,594
585,594,659,660,595
586,595,660,661,596
587,596,661,662,597
588,597,662,663,598
589,598,663,664,599
590,599,664,665,600
591,600,665,666,601
592,601,666,667,602
593,602,667,668,603
594,603,668,669,604
595,604,669,670,605
596,605,670,671,606
597,606,671,672,607
598,607,672,673,608
599,608,673,674,609
600,609,674,675,610
601,610,675,676,611
602,611,676,677,612
603,612,677,678,613
604,613,678,679,614
605,614,679,680,615
606,615,680,681,616
607,616,681,682,617
608,617,682,683,618
609,618,683,684,619
610,619,684,685,620
611,620,685,686,621
612,621,686,687,622
613,622,687,688,623
614,623,688,689,624
615,624,689,690,625
616,625,690,691,626
617,626,691,692,627
618,627,692,693,628
619,628,693,694,629
620,629,694,695,630
621,630,695,696,631
622,631,696,697,632
623,632,697,698,633
624,633,698,699,634
625,634,699,700,635
626,635,700,701,636
627,636,701,702,637
628,637,702,703,638
629,638,703,704,639
630,639,704,705,640
631,640,705,706,641
632,641,706,707,642
633,642,707,708,643
634,643,708,709,644
635,644,709,710,645
636,645,710,711,646
637,646,711,712,647
638,647,712,713,648
639,648,713,714,649
640,650,715,716,651
641,651,716,717,652
642,652,717,718,653
643,653,718,719,654
644,654,719,720,655
645,655,720,721,656
646,656,721,722,657
647,657,722,723,658
648,658,723,724,659
649,659,724,725,660
650,660,725,726,661
651,661,726,727,662
652,662,727,728,663
653,663,728,729,664
654,664,729,730,665
655,665,730,731,666
656,666,731,732,667
657,667,732,733,668
658,668,733,734,669
659,669,734,735,670
660,670,735,736,671
661,671,736,737,672
662,672,737,738,673
663,673,738,739,674
664,674,739,740,675
665,675,740,741,676
666,676,741,742,677
667,677,742,743,678
668,678,743,744,679
669,679,744,745,680
670,680,745,746,681
671,681,746,747,682
672,682,747,748,683
673,683,748,749,684
674,684,749,750,685
675,685,750,751,686
676,686,751,752,687
677,687,752,753,688
678,688,753,754,689
679,689,754,755,690
680,690,755,756,691
681,691,756,757,692
682,692,757,758,693
683,693,758,759,694
684,694,759,760,695
685,695,760,761,696
686,696,761,762,697
687,697,762,763,698
688,698,763,764,699
689,699,764,765,700
690,700,765,766,701
691,701,766,767,702
692,702,767,768,703
693,703,768,769,704
694,704,769,770,705
695,705,770,771,706
696,706,771,772,707
697,707,772,773,708
698,708,773,774,709
699,709,774,775,710
700,710,775,776,711
701,711,776,777,712
702,712,777,778,713
703,713,778,779,714
704,715,780,781,716
705,716,781,782,717
706,717,782,783,718
707,718,783,784,719
708,719,784,785,720
709,720,785,786,721
710,721,786,787,722
711,722,787,788,723
712,723,788,789,724
713,724,789,790,725
714,725,790,791,726
715,726,791,792,727
716,727,792,793,728
717,728,793,794,729
718,729,794,795,730
719,730,795,796,731
720,731,796,797,732
721,732,797,798,733
722,733,798,799,734
723,734,799,800,735
724,735,800,801,736
725,736,801,802,737
726,737,802,803,738
727,738,803,804,739
728,739,804,805,740
729,740,805,806,741
730,741,806,807,742
731,742,807,808,743
732,743,808,809,744
733,744,809,810,745
734,745,810,811,746
735,746,811,812,747
736,747,812,813,748
737,748,813,814,749
738,749,814,815,750
739,750,815,816,751
740,751,816,817,752
741,752,817,818,753
742,753,818,819,754
743,754,819,820,755
744,755,820,821,756
745,756,821,822,757
746,757,822,823,758
747,758,823,824,759
748,759,824,825,760
749,760,825,826,761
750,761,826,827,762
751,762,827,828,763
752,763,828,829,764
753,764,829,830,765
754,765,830,831,766
755,766,831,832,767
756,767,832,833,768
757,768,833,834,769
758,769,834,835,770
759,770,835,836,771
760,771,836,837,772
761,772,837,838,773
762,773,838,839,774
763,774,839,840,775
764,775,840,841,776
765,776,841,842,777
766,777,842,843,778
767,778,843,844,779
768,780,845,846,781
769,781,846,847,782
770,782,847,848,783
771,783,848,849,784
772,784,849,850,785
773,785,850,851,786
774,786,851,852,787
775,787,852,853,788
776,788,853,854,789
777,789,854,855,790
778,790,855,856,791
779,791,856,857,792
780,792,857,858,793
781,793,858,859,794
782,794,859,860,795
783,795,860,861,796
784,796,861,862,797
785,797,862,863,798
786,798,863,864,799
787,799,864,865,800
788,800,865,866,801
789,801,866,867,802
790,802,867,868,803
791,803,868,869,804
792,804,869,870,805
793,805,870,871,806
794,806,871,872,807
795,807,872,873,808
796,808,873,874,809
797,809,874,875,810
798,810,875,876,811
799,811,876,877,812
800,812,877,878,813
801,813,878,879,814
802,814,879,880,815
803,815,880,881,816
804,816,881,882,817
805,817,882,883,818
806,818,883,884,819
807,819,884,885,820
808,820,885,886,821
809,821,886,887,822
810,822,887,888,823
811,823,888,889,824
812,824,889,890,825
813,825,890,891,826
814,826,891,892,827
815,827,892,893,828
816,828,893,894,829
817,829,894,895,830
818,830,895,896,831
819,831,896,897,832
820,832,897,898,833
821,833,898,899,834
822,834,899,900,835
823,835,900,901,836
824,836,901,902,837
825,837,902,903,838
826,838,903,904,839
827,839,904,905,840
828,840,905,906,841
829,841,906,907,842
830,842,907,908,843
831,843,908,909,844
832,845,910,911,846
833,846,911,912,847
834,847,912,913,848
835,848,913,914,849
836,849,914,915,850
837,850,915,916,851
838,851,916,917,852
839,852,917,918,853
840,853,918,919,854
841,854,919,920,855
842,855,920,921,856
843,856,921,922,857
844,857,922,923,858
845,858,923,924,859
846,859,924,925,860
847,860,925,926,861
848,861,926,927,862
849,862,927,928,863
850,863,928,929,864
851,864,929,930,865
852,865,930,931,866
853,866,931,932,867
854,867,932,933,868
855,868,933,934,869
856,869,934,935,870
857,870,935,936,871
858,871,936,937,872
859,872,937,938,873
860,873,938,939,874
861,874,939,940,875
862,875,940,941,876
863,876,941,942,877
864,877,942,943,878
865,878,943,944,879
866,879,944,945,880
867,880,945,946,881
868,881,946,947,882
869,882,947,948,883
870,883,948,949,884
871,884,949,950,885
872,885,950,951,886
873,886,951,952,887
874,887,952,953,888
875,888,953,954,889
876,889,954,955,890
877,890,955,956,891
878,891,956,957,892
879,892,957,958,893
880,893,958,959,894
881,894,959,960,895
882,895,960,961,896
883,896,961,962,897
884,897,962,963,898
885,898,963,964,899
886,899,964,965,900
887,900,965,966,901
888,901,966,967,902
889,902,967,968,903
890,903,968,969,904
891,904,969,970,905
892,905,970,971,906
893,906,971,972,907
894,907,972,973,908
895,908,973,974,909
896,910,975,976,911
897,911,976,977,912
898,912,977,978,913
899,913,978,979,914
900,914,979,980,915
901,915,980,981,916
902,916,981,982,917
903,917,982,983,918
904,918,983,984,919
905,919,984,985,920
906,920,985,986,921
907,921,986,987,922
908,922,987,988,923
909,923,988,989,924
910,924,989,990,925
911,925,990,991,926
912,926,991,992,927
913,927,992,993,928
914,928,993,994,929
915,929,994,995,930
916,930,995,996,931
917,931,996,997,932
918,932,997,998,933
919,933,998,999,934
920,934,999,1000,935
921,935,1000,1001,936
922,936,1001,1002,937
923,937,1002,1003,938
924,938,1003,1004,939
925,939,1004,1005,940
926,940,1005,1006,941
927,941,1006,1007,942
928,942,1007,1008,943
929,943,1008,1009,944
930,944,1009,1010,945
931,945,1010,1011,946
932,946,1011,1012,947
933,947,1012,1013,948
934,948,1013,1014,949
935,949,1014,1015,950
936,950,1015,1016,951
937,951,1016,1017,952
938,952,1017,1018,953
939,953,1018,1019,954
940,954,1019,1020,955
941,955,1020,1021,956
942,956,1021,1022,957
943,957,1022,1023,958
944,958,1023,1024,959
945,959,1024,1025,960
946,960,1025,1026,961
947,961,1026,1027,962
948,962,1027,1028,963
949,963,1028,1029,964
950,964,1029,1030,965
951,965,1030,1031,966
952,966,1031,1032,967
953,967,1032,1033,968
954,968,1033,1034,969
955,969,1034,1035,970
956,970,1035,1036,971
957,971,1036,1037,972
958,972,1037,1038,973
959,973,1038,1039,974
960,975,1040,1041,976
961,976,1041,1042,977
962,977,1042,1043,978
963,978,1043,1044,979
964,979,1044,1045,980
965,980,1045,1046,981
966,981,1046,1047,982
967,982,1047,1048,983
968,983,1048,1049,984
969,984,1049,1050,985
970,985,1050,1051,986
971,986,1051,1052,987
972,987,1052,1053,988
973,988,1053,1054,989
974,989,1054,1055,990
975,990,1055,1056,991
976,991,1056,1057,992
977,992,1057,1058,993
978,993,1058,1059,994
979,994,1059,1060,995
980,995,1060,1061,996
981,996,1061,1062,997
982,997,1062,1063,998
983,998,1063,1064,999
984,999,1064,1065,1000
985,1000,1065,1066,1001
986,1001,1066,1067,1002
987,1002,1067,1068,1003
988,1003,1068,1069,1004
989,1004,1069,1070,1005
990,1005,1070,1071,1006
991,1006,1071,1072,1007
992,1007,1072,1073,1008
993,1008,1073,1074,1009
994,1009,1074,1075,1010
995,1010,1075,1076,1011
996,1011,1076,1077,1012
997,1012,1077,1078,1013
998,1013,1078,1079,1014
999,1014,1079,1080,1015
1000,1015,1080,1081,1016
1001,1016,1081,1082,1017
1002,1017,1082,1083,1018
1003,1018,1083,1084,1019
1004,1019,1084,1085,1020
1005,1020,1085,1086,1021
1006,1021,1086,1087,1022
1007,1022,1087,1088,1023
1008,1023,1088,1089,1024
1009,1024,1089,1090,1025
1010,1025,1090,1091,1026
1011,1026,1091,1092,1027
1012,1027,1092,1093,1028
1013,1028,1093,1094,1029
1014,1029,1094,1095,1030
1015,1030,1095,1096,1031
1016,1031,1096,1097,1032
1017,1032,1097,1098,1033
1018,1033,1098,1099,1034
1019,1034,1099,1100,1035
1020,1035,1100,1101,1036
1021,1036,1101,1102,1037
1022,1037,1102,1103,1038
1023,1038,1103,1104,1039
1024,1040,1105,1106,1041
1025,1041,1106,1107,1042
1026,1042,1107,1108,1043
1027,1043,1108,1109,1044
1028,1044,1109,1110,1045
1029,1045,1110,1111,1046
1030,1046,1111,1112,1047
1031,1047,1112,1113,1048
1032,1048,1113,1114,1049
1033,1049,1114,1115,1050
1034,1050,1115,1116,1051
1035,1051,1116,1117,1052
1036,1052,1117,1118,1053
1037,1053,1118,1119,1054
1038,1054,1119,1120,1055
1039,1055,1120,1121,1056
1040,1056,1121,1122,1057
1041,1057,1122,1123,1058
1042,1058,1123,1124,1059
1043,1059,1124,1125,1060
1044,1060,1125,1126,1061
1045,1061,1126,1127,1062
1046,1062,1127,1128,1063
1047,1063,1128,1129,1064
1048,1064,1129,1130,1065
1049,1065,1130,1131,1066
1050,1066,1131,1132,1067
1051,1067,1132,1133,1068
1052,1068,1133,1134,1069
1053,1069,1134,1135,1070
1054,1070,1135,1136,1071
1055,1071,1136,1137,1072
1056,1072,1137,1138,1073
1057,1073,1138,1139,1074
1058,1074,1139,1140,1075
1059,1075,1140,1141,1076
1060,1076,1141,1142,1077
1061,1077,1142,1143,1078
1062,1078,1143,1144,1079
1063,1079,1144,1145,1080
1064,1080,1145,1146,1081
1065,1081,1146,1147,1082
1066,1082,1147,1148,1083
1067,1083,1148,1149,1084
1068,1084,1149,1150,1085
1069,1085,1150,1151,1086
1070,1086,1151,1152,1087
1071,1087,1152,1153,1088
1072,1088,1153,1154,1089
1073,1089,1154,1155,1090
1074,1090,1155,1156,1091
1075,1091,1156,1157,1092
1076,1092,1157,1158,1093
1077,1093,1158,1159,1094
1078,1094,1159,1160,1095
1079,1095,1160,1161,1096
1080,1096,1161,1162,1097
1081,1097,1162,1163,1098
1082,1098,1163,1164,1099
1083,1099,1164,1165,1100
1084,1100,1165,1166,1101
1085,1101,1166,1167,1102
1086,1102,1167,1168,1103
1087,1103,1168,1169,1104
1088,1105,1170,1171,1106
1089,1106,1171,1172,1107
1090,1107,1172,1173,1108
1091,1108,1173,1174,1109
1092,1109,1174,1175,1110
1093,1110,1175,1176,1111
1094,1111,1176,1177,1112
1095,1112,1177,1178,1113
1096,1113,1178,1179,1114
1097,1114,1179,1180,1115
1098,1115,1180,1181,1116
1099,1116,1181,1182,1117
1100,1117,1182,1183,1118
1101,1118,1183,1184,1119
1102,1119,1184,1185,1120
1103,1120,1185,1186,1121
1104,1121,1186,1187,1122
1105,1122,1187,1188,1123
1106,1123,1188,1189,1124
1107,1124,1189,1190,1125
1108,1125,1190,1191,1126
1109,1126,1191,1192,1127
1110,1127,1192,1193,1128
1111,1128,1193,1194,1129
1112,1129,1194,1195,1130
1113,1130,1195,1196,1131
1114,1131,1196,1197,1132
1115,1132,1197,1198,1133
1116,1133,1198,1199,1134
1117,1134,1199,1200,1135
1118,1135,1200,1201,1136
1119,1136,1201,1202,1137
1120,1137,1202,1203,1138
1121,1138,1203,1204,1139
1122,1139,1204,1205,1140
1123,1140,1205,1206,1141
1124,1141,1206,1207,1142
1125,1142,1207,1208,1143
1126,1143,1208,1209,1144
1127,1144,1209,1210,1145
1128,1145,1210,1211,1146
1129,1146,1211,1212,1147
1130,1147,1212,1213,1148
1131,1148,1213,1214,1149
1132,1149,1214,1215,1150
1133,1150,1215,1216,1151
1134,1151,1216,1217,1152
1135,1152,1217,1218,1153
1136,1153,1218,1219,1154
1137,1154,1219,1220,1155
1138,1155,1220,1221,1156
1139,1156,1221,1222,1157
1140,1157,1222,1223,1158
1141,1158,1223,1224,1159
1142,1159,1224,1225,1160
1143,1160,1225,1226,1161
1144,1161,1226,1227,1162
1145,1162,1227,1228,1163
1146,1163,1228,1229,1164
1147,1164,1229,1230,1165
1148,1165,1230,1231,1166
1149,1166,1231,1232,1167
1150,1167,1232,1233,1168
1151,1168,1233,1234,1169
1152,1170,1235,1236,1171
1153,1171,1236,1237,1172
1154,1172,1237,1238,1173
1155,1173,1238,1239,1174
1156,1174,1239,1240,1175
1157,1175,1240,1241,1176
1158,1176,1241,1242,1177
1159,1177,1242,1243,1178
1160,1178,1243,1244,1179
1161,1179,1244,1245,1180
1162,1180,1245,1246,1181
1163,1181,1246,1247,1182
1164,1182,1247,1248,1183
1165,1183,1248,1249,1184
1166,1184,1249,1250,1185
1167,1185,1250,1251,1186
1168,1186,1251,1252,1187
1169,1187,1252,1253,1188
1170,1188,1253,1254,1189
1171,1189,1254,1255,1190
1172,1190,1255,1256,1191
1173,1191,1256,1257,1192
1174,1192,1257,1258,1193
1175,1193,1258,1259,1194
1176,1194,1259,1260,1195
1177,1195,1260,1261,1196
1178,1196,1261,1262,1197
1179,1197,1262,1263,1198
1180,1198,1263,1264,1199
1181,1199,1264,1265,1200
1182,1200,1265,1266,1201
1183,1201,1266,1267,1202
1184,1202,1267,1268,1203
1185,1203,1268,1269,1204
1186,1204,1269,1270,1205
1187,1205,1270,1271,1206
1188,1206,1271,1272,1207
1189,1207,1272,1273,1208
1190,1208,1273,1274,1209
1191,1209,1274,1275,1210
1192,1210,1275,1276,1211
1193,1211,1276,1277,1212
1194,1212,1277,1278,1213
1195,1213,1278,1279,1214
1196,1214,1279,1280,1215
1197,1215,1280,1281,1216
1198,1216,1281,1282,1217
1199,1217,1282,1283,1218
1200,1218,1283,1284,1219
1201,1219,1284,1285,1220
1202,1220,1285,1286,1221
1203,1221,1286,1287,1222
1204,1222,1287,1288,1223
1205,1223,1288,1289,1224
1206,1224,1289,1290,1225
1207,1225,1290,1291,1226
1208,1226,1291,1292,1227
1209,1227,1292,1293,1228
1210,1228,1293,1294,1229
1211,1229,1294,1295,1230
1212,1230,1295,1296,1231
1213,1231,1296,1297,1232
1214,1232,1297,1298,1233
1215,1233,1298,1299,1234
1216,1235,1300,1301,1236
1217,1236,1301,1302,1237
1218,1237,1302,1303,1238
1219,1238,1303,1304,1239
1220,1239,1304,1305,1240
1221,1240,1305,1306,1241
1222,1241,1306,1307,1242
1223,1242,1307,1308,1243
1224,1243,1308,1309,1244
1225,1244,1309,1310,1245
1226,1245,1310,1311,1246
1227,1246,1311,1312,1247
1228,1247,1312,1313,1248
1229,1248,1313,1314,1249
1230,1249,1314,1315,1250
1231,1250,1315,1316,1251
1232,1251,1316,1317,1252
1233,1252,1317,1318,1253
1234,1253,1318,1319,1254
1235,1254,1319,1320,1255
1236,1255,1320,1321,1256
1237,1256,1321,1322,1257
1238,1257,1322,1323,1258
1239,1258,1323,1324,1259
1240,1259,1324,1325,1260
1241,1260,1325,1326,1261
1242,1261,1326,1327,1262
1243,1262,1327,1328,1263
1244,1263,1328,1329,1264
1245,1264,1329,1330,1265
1246,1265,1330,1331,1266
1247,1266,1331,1332,1267
1248,1267,1332,1333,1268
1249,1268,1333,1334,1269
1250,1269,1334,1335,1270
1251,1270,1335,1336,1271
1252,1271,1336,1337,1272
1253,1272,1337,1338,1273
1254,1273,1338,1339,1274
1255,1274,1339,1340,1275
1256,1275,1340,1341,1276
1257,1276,1341,1342,1277
1258,1277,1342,1343,1278
1259,1278,1343,1344,1279
1260,1279,1344,1345,1280
1261,1280,1345,1346,1281
1262,1281,1346,1347,1282
1263,1282,1347,1348,1283
1264,1283,1348,1349,1284
1265,1284,1349,1350,1285
1266,1285,1350,1351,1286
1267,1286,1351,1352,1287
1268,1287,1352,1353,1288
1269,1288,1353,1354,1289
1270,1289,1354,1355,1290
1271,1290,1355,1356,1291
1272,1291,1356,1357,1292
1273,1292,1357,1358,1293
1274,1293,1358,1359,1294
1275,1294,1359,1360,1295
1276,1295,1360,1361,1296
1277,1296,1361,1362,1297
1278,1297,1362,1363,1298
1279,1298,1363,1364,1299
1280,1300,1365,1366,1301
1281,1301,1366,1367,1302
1282,1302,1367,1368,1303
1283,1303,1368,1369,1304
1284,1304,1369,1370,1305
1285,1305,1370,1371,1306
1286,1306,1371,1372,1307
1287,1307,1372,1373,1308
1288,1308,1373,1374,1309
1289,1309,1374,1375,1310
1290,1310,1375,1376,1311
1291,1311,1376,1377,1312
1292,1312,1377,1378,1313
1293,1313,1378,1379,1314
1294,1314,1379,1380,1315
1295,1315,1380,1381,1316
1296,1316,1381,1382,1317
1297,1317,1382,1383,1318
1298,1318,1383,1384,1319
1299,1319,1384,1385,1320
1300,1320,1385,1386,1321
1301,1321,1386,1387,1322
1302,1322,1387,1388,1323
1303,1323,1388,1389,1324
1304,1324,1389,1390,1325
1305,1325,1390,1391,1326
1306,1326,1391,1392,1327
1307,1327,1392,1393,1328
1308,1328,1393,1394,1329
1309,1329,1394,1395,1330
1310,1330,1395,1396,1331
1311,1331,1396,1397,1332
1312,1332,1397,1398,1333
1313,1333,1398,1399,1334
1314,1334,1399,1400,1335
1315,1335,1400,1401,1336
1316,1336,1401,1402,1337
1317,1337,1402,1403,1338
1318,1338,1403,1404,1339
1319,1339,1404,1405,1340
1320,1340,1405,1406,1341
1321,1341,1406,1407,1342
1322,1342,1407,1408,1343
1323,1343,1408,1409,1344
1324,1344,1409,1410,1345
1325,1345,1410,1411,1346
1326,1346,1411,1412,1347
1327,1347,1412,1413,1348
1328,1348,1413,1414,1349
1329,1349,1414,1415,1350
1330,1350,1415,1416,1351
1331,1351,1416,1417,1352
1332,1352,1417,1418,1353
1333,1353,1418,1419,1354
1334,1354,1419,1420,1355
1335,1355,1420,1421,1356
1336,1356,1421,1422,1357
1337,1357,1422,1423,1358
1338,1358,1423,1424,1359
1339,1359,1424,1425,1360
1340,1360,1425,1426,1361
1341,1361,1426,1427,1362
1342,1362,1427,1428,1363
1343,1363,1428,1429,1364
1344,1365,1430,1431,1366
1345,1366,1431,1432,1367
1346,1367,1432,1433,1368
1347,1368,1433,1434,1369
1348,1369,1434,1435,1370
1349,1370,1435,1436,1371
1350,1371,1436,1437,1372
1351,1372,1437,1438,1373
1352,1373,1438,1439,1374
1353,1374,1439,1440,1375
1354,1375,1440,1441,1376
1355,1376,1441,1442,1377
1356,1377,1442,1443,1378
1357,1378,1443,1444,1379
1358,1379,1444,1445,1380
1359,1380,1445,1446,1381
1360,1381,1446,1447,1382
1361,1382,1447,1448,1383
1362,1383,1448,1449,1384
1363,1384,1449,1450,1385
1364,1385,1450,1451,1386
1365,1386,1451,1452,1387
1366,1387,1452,1453,1388
1367,1388,1453,1454,1389
1368,1389,1454,1455,1390
1369,1390,1455,1456,1391
1370,1391,1456,1457,1392
1371,1392,1457,1458,1393
1372,1393,1458,1459,1394
1373,1394,1459,1460,1395
1374,1395,1460,1461,1396
1375,1396,1461,1462,1397
1376,1397,1462,1463,1398
1377,1398,1463,1464,1399
1378,1399,1464,1465,1400
1379,1400,1465,1466,1401
1380,1401,1466,1467,1402
1381,1402,1467,1468,1403
1382,1403,1468,1469,1404
1383,1404,1469,1470,1405
1384,1405,1470,1471,1406
1385,1406,1471,1472,1407
1386,1407,1472,1473,1408
1387,1408,1473,1474,1409
1388,1409,1474,1475,1410
1389,1410,1475,1476,1411
1390,1411,1476,1477,1412
1391,1412,1477,1478,1413
1392,1413,1478,1479,1414
1393,1414,1479,1480,1415
1394,1415,1480,1481,1416
1395,1416,1481,1482,1417
1396,1417,1482,1483,1418
1397,1418,1483,1484,1419
1398,1419,1484,1485,1420
1399,1420,1485,1486,1421
1400,1421,1486,1487,1422
1401,1422,1487,1488,1423
1402,1423,1488,1489,1424
1403,1424,1489,1490,1425
1404,1425,1490,1491,1426
1405,1426,1491,1492,1427
1406,1427,1492,1493,1428
1407,1428,1493,1494,1429
1408,1430,1495,1496,1431
1409,1431,1496,1497,1432
1410,1432,1497,1498,1433
1411,1433,1498,1499,1434
1412,1434,1499,1500,1435
1413,1435,1500,1501,1436
1414,1436,1501,1502,1437
1415,1437,1502,1503,1438
1416,1438,1503,1504,1439
1417,1439,1504,1505,1440
1418,1440,1505,1506,1441
1419,1441,1506,1507,1442
1420,1442,1507,1508,1443
1421,1443,1508,1509,1444
1422,1444,1509,1510,1445
1423,1445,1510,1511,1446
1424,1446,1511,1512,1447
1425,1447,1512,1513,1448
1426,1448,1513,1514,1449
1427,1449,1514,1515,1450
1428,1450,1515,1516,1451
1429,1451,1516,1517,1452
1430,1452,1517,1518,1453
1431,1453,1518,1519,1454
1432,1454,1519,1520,1455
1433,1455,1520,1521,1456
1434,1456,1521,1522,1457
1435,1457,1522,1523,1458
1436,1458,1523,1524,1459
1437,1459,1524,1525,1460
1438,1460,1525,1526,1461
1439,1461,1526,1527,1462
1440,1462,1527,1528,1463
1441,1463,1528,1529,1464
1442,1464,1529,1530,1465
1443,1465,1530,1531,1466
1444,1466,1531,1532,1467
1445,1467,1532,1533,1468
1446,1468,1533,1534,1469
1447,1469,1534,1535,1470
1448,1470,1535,1536,1471
1449,1471,1536,1537,1472
1450,1472,1537,1538,1473
1451,1473,1538,1539,1474
1452,1474,1539,1540,1475
1453,1475,1540,1541,1476
1454,1476,1541,1542,1477
1455,1477,1542,1543,1478
1456,1478,1543,1544,1479
1457,1479,1544,1545,1480
1458,1480,1545,1546,1481
1459,1481,1546,1547,1482
1460,1482,1547,1548,1483
1461,1483,1548,1549,1484
1462,1484,1549,1550,1485
1463,1485,1550,1551,1486
1464,1486,1551,1552,1487
1465,1487,1552,1553,1488
1466,1488,1553,1554,1489
1467,1489,1554,1555,1490
1468,1490,1555,1556,1491
1469,1491,1556,1557,1492
1470,1492,1557,1558,1493
1471,1493,1558,1559,1494
1472,1495,1560,1561,1496
1473,1496,1561,1562,1497
1474,1497,1562,1563,1498
1475,1498,1563,1564,1499
1476,1499,1564,1565,1500
1477,1500,1565,1566,1501
1478,1501,1566,1567,1502
1479,1502,1567,1568,1503
1480,1503,1568,1569,1504
1481,1504,1569,1570,1505
1482,1505,1570,1571,1506
1483,1506,1571,1572,1507
1484,1507,1572,1573,1508
1485,1508,1573,1574,1509
1486,1509,1574,1575,1510
1487,1510,1575,1576,1511
1488,1511,1576,1577,1512
1489,1512,1577,1578,1513
1490,1513,1578,1579,1514
1491,1514,1579,1580,1515
1492,1515,1580,1581,1516
1493,1516,1581,1582,1517
1494,1517,1582,1583,1518
1495,1518,1583,1584,1519
1496,1519,1584,1585,1520
1497,1520,1585,1586,1521
1498,1521,1586,1587,1522
1499,1522,1587,1588,1523
1500,1523,1588,1589,1524
1501,1524,1589,1590,1525
1502,1525,1590,1591,1526
1503,1526,1591,1592,1527
1504,1527,1592,1593,1528
1505,1528,1593,1594,1529
1506,1529,1594,1595,1530
1507,1530,1595,1596,1531
1508,1531,1596,1597,1532
1509,1532,1597,1598,1533
1510,1533,1598,1599,1534
1511,1534,1599,1600,1535
1512,1535,1600,1601,1536
1513,1536,1601,1602,1537
1514,1537,1602,1603,1538
1515,1538,1603,1604,1539
1516,1539,1604,1605,1540
1517,1540,1605,1606,1541
1518,1541,1606,1607,1542
1519,1542,1607,1608,1543
1520,1543,1608,1609,1544
1521,1544,1609,1610,1545
1522,1545,1610,1611,1546
1523,1546,1611,1612,1547
1524,1547,1612,1613,1548
1525,1548,1613,1614,1549
1526,1549,1614,1615,1550
1527,1550,1615,1616,1551
1528,1551,1616,1617,1552
1529,1552,1617,1618,1553
1530,1553,1618,1619,1554
1531,1554,1619,1620,1555
1532,1555,1620,1621,1556
1533,1556,1621,1622,1557
1534,1557,1622,1623,1558
1535,1558,1623,1624,1559
# TrailingEdgeFaces,Lower,Upper
0,0,51
1,0,51
2,0,51
3,0,51
4,0,51
5,0,51
6,0,51
7,0,51
8,0,51
9,0,51
10,0,51
11,0,51
12,0,51
13,0,51
14,0,51
15,0,51
16,0,51
17,0,51
18,0,51
19,0,51
20,0,51
21,0,51
22,0,51
23,0,51
24,0,51
25,0,51
26,0,51
27,0,51
28,0,51
29,0,51
30,0,51
31,0,51
32,0,51
33,0,51
34,0,51
35,0,51
36,0,51
37,0,51
38,0,51
39,0,51
40,0,51
41,0,51
42,0,51
43,0,51
44,0,51
45,0,51
46,0,51
47,0,51
48,0,51
49,0,51
50,0,51
51,0,51
52,0,51
53,0,51
54,0,51
55,0,51
56,0,51
57,0,51
58,0,51
59,0,51
60,0,51
61,0,51
62,0,51
63,0,51
64,52,103
65,52,103
66,52,103
67,52,103
68,52,103
69,52,103
70,52,103
71,52,103
72,52,103
73,52,103
74,52,103
75,52,103
76,52,103
77,52,103
78,52,103
79,52,103
80,52,103
81,52,103
82,52,103
83,52,103
84,52,103
85,52,103
86,52,103
87,52,103
88,52,103
89,52,103
90,52,103
91,52,103
92,52,103
93,52,103
94,52,103
95,52,103
96,52,103
97,52,103
98,52,103
99,52,103
100,52,103
101,52,103
102,52,103
103,52,103
104,52,103
105,52,103
106,52,103
107,52,103
108,52,103
109,52,103
110,52,103
111,52,103
112,52,103
113,52,103
114,52,103
115,52,103
116,52,103
117,52,103
118,52,103
119,52,103
120,52,103
121,52,103
122,52,103
123,52,103
124,52,103
125,52,103
126,52,103
127,52,103
128,104,155
129,104,155
130,104,155
131,104,155
132,104,155
133,104,155
134,104,155
135,104,155
136,104,155
137,104,155
138,104,155
139,104,155
140,104,155
141,104,155
142,104,155
143,104,155
144,104,155
145,104,155
146,104,155
147,104,155
148,104,155
149,104,155
150,104,155
151,104,155
152,104,155
153,104,155
154,104,155
155,104,155
156,104,155
157,104,155
158,104,155
159,104,155
160,104,155
161,104,155
162,104,155
163,104,155
164,104,155
165,104,155
166,104,155
167,104,155
168,104,155
169,104,155
170,104,155
171,104,155
172,104,155
173,104,155
174,104,155
175,104,155
176,104,155
177,104,155
178,104,155
179,104,155
180,104,155
181,104,155
182,104,155
183,104,155
184,104,155
185,104,155
186,104,155
187,104,155
188,104,155
189,104,155
190,104,155
191,104,155
192,156,207
193,156,207
194,156,207
195,156,207
196,156,207
197,156,207
198,156,207
199,156,207
200,156,207
201,156,207
202,156,207
203,156,207
204,156,207
205,156,207
206,156,207
207,156,207
208,156,207
209,156,207
210,156,207
211,156,207
212,156,207
213,156,207
214,156,207
215,156,207
216,156,207
217,156,207
218,156,207
219,156,207
220,156,207
221,156,207
222,156,207
223,156,207
224,156,207
225,156,207
226,156,207
227,156,207
228,156,207
229,156,207
230,156,207
231,156,207
232,156,207
233,156,207
234,156,207
235,156,207
236,156,207
237,156,207
238,156,207
239,156,207
240,156,207
241,156,207
242,156,207
243,156,207
244,156,207
245,156,207
246,156,207
247,156,207
248,156,207
249,156,207
250,156,207
251,156,207
252,156,207
253,156,207
254,156,207
255,156,207
256,208,259
257,208,259
258,208,259
259,208,259
260,208,259
261,208,259
262,208,259
263,208,259
264,208,259
265,208,259
266,208,259
267,208,259
268,208,259
269,208,259
270,208,259
271,208,259
272,208,259
273,208,259
274,208,259
275,208,259
276,208,259
277,208,259
278,208,259
279,208,259
280,208,259
281,208,259
282,208,259
283,208,259
284,208,259
285,208,259
286,208,259
287,208,259
288,208,259
289,208,259
290,208,259
291,208,259
292,208,259
293,208,259
294,208,259
295,208,259
296,208,259
297,208,259
298,208,259
299,208,259
300,208,259
301,208,259
302,208,259
303,208,259
304,208,259
305,208,259
306,208,259
307,208,259
308,208,259
309,208,259
310,208,259
311,208,259
312,208,259
313,208,259
314,208,259
315,208,259
316,208,259
317,208,259
318,208,259
319,208,259
320,260,311
321,260,311
322,260,311
323,260,311
324,260,311
325,260,311
326,260,311
327,260,311
328,260,311
329,260,311
330,260,311
331,260,311
332,260,311
333,260,311
334,260,311
335,260,311
336,260,311
337,260,311
338,260,311
339,260,311
340,260,311
341,260,311
342,260,311
343,260,311
344,260,311
345,260,311
346,260,311
347,260,311
348,260,311
349,260,311
350,260,311
351,260,311
352,260,311
353,260,311
354,260,311
355,260,311
356,260,311
357,260,311
358,260,311
359,260,311
360,260,311
361,260,311
362,260,311
363,260,311
364,260,311
365,260,311
366,260,311
367,260,311
368,260,311
369,260,311
370,260,311
371,260,311
372,260,311
373,260,311
374,260,311
375,260,311
376,260,311
377,260,311
378,260,311
379,260,311
380,260,311
381,260,311
382,260,311
383,260,311
384,312,363
385,312,363
386,312,363
387,312,363
388,312,363
389,312,363
390,312,363
391,312,363
392,312,363
393,312,363
394,312,363
395,312,363
396,312,363
397,312,363
398,312,363
399,312,363
400,312,363
401,312,363
402,312,363
403,312,363
404,312,363
405,312,363
406,312,363
407,312,363
408,312,363
409,312,363
410,312,363
411,312,363
412,312,363
413,312,363
414,312,363
415,312,363
416,312,363
417,312,363
418,312,363
419,312,363
420,312,363
421,312,363
422,312,363
423,312,363
424,312,363
425,312,363
426,312,363
427,312,363
428,312,363
429,312,363
430,312,363
431,312,363
432,312,363
433,312,363
434,312,363
435,312,363
436,312,363
437,312,363
438,312,363
439,312,363
440,312,363
441,312,363
442,312,363
443,312,363
444,312,363
445,312,363
446,312,363
447,312,363
448,364,415
449,364,415
450,364,415
451,364,415
452,364,415
453,364,415
454,364,415
455,364,415
456,364,415
457,364,415
458,364,415
459,364,415
460,364,415
461,364,415
462,364,415
463,364,415
464,364,415
465,364,415
466,364,415
467,364,415
468,364,415
469,364,415
470,364,415
471,364,415
472,364,415
473,364,415
474,364,415
475,364,415
476,364,415
477,364,415
478,364,415
479,364,415
480,364,415
481,364,415
482,364,415
483,364,415
484,364,415
485,364,415
486,364,415
487,364,415
488,364,415
489,364,415
490,364,415
491,364,415
492,364,415
493,364,415
494,364,415
495,364,415
496,364,415
497,364,415
498,364,415
499,364,415
500,364,415
501,364,415
502,364,415
503,364,415
504,364,415
505,364,415
506,364,415
507,364,415
508,364,415
509,364,415
510,364,415
511,364,415
512,416,467
513,416,467
514,416,467
515,416,467
516,416,467
517,416,467
518,416,467
519,416,467
520,416,467
521,416,467
522,416,467
523,416,467
524,416,467
525,416,467
526,416,467
527,416,467
528,416,467
529,416,467
530,416,467
531,416,467
532,416,467
533,416,467
534,416,467
535,416,467
536,416,467
537,416,467
538,416,467
539,416,467
540,416,467
541,416,467
542,416,467
543,416,467
544,416,467
545,416,467
546,416,467
547,416,467
548,416,467
549,416,467
550,416,467
551,416,467
552,416,467
553,416,467
554,416,467
555,416,467
556,416,467
557,416,467
558,416,467
559,416,467
560,416,467
561,416,467
562,416,467
563,416,467
564,416,467
565,416,467
566,416,467
567,416,467
568,416,467
569,416,467
570,416,467
571,416,467
572,416,467
573,416,467
574,416,467
575,416,467
576,468,519
577,468,519
578,468,519
579,468,519
580,468,519
581,468,519
582,468,519
583,468,519
584,468,519
585,468,519
586,468,519
587,468,519
588,468,519
589,468,519
590,468,519
591,468,519
592,468,519
593,468,519
594,468,519
595,468,519
596,468,519
597,468,519
598,468,519
599,468,519
600,468,519
601,468,519
602,468,519
603,468,519
604,468,519
605,468,519
606,468,519
607,468,519
608,468,519
609,468,519
610,468,519
611,468,519
612,468,519
613,468,519
614,468,519
615,468,519
616,468,519
617,468,519
618,468,519
619,468,519
620,468,519
621,468,519
622,468,519
623,468,519
624,468,519
625,468,519
626,468,519
627,468,519
628,468,519
629,468,519
630,468,519
631,468,519
632,468,519
633,468,519
634,468,519
635,468,519
636,468,519
637,468,519
638,468,519
639,468,519
640,520,571
641,520,571
642,520,571
643,520,571
644,520,571
645,520,571
646,520,571
647,520,571
648,520,571
649,520,571
650,520,571
651,520,571
652,520,571
653,520,571
654,520,571
655,520,571
656,520,571
657,520,571
658,520,571
659,520,571
660,520,571
661,520,571
662,520,571
663,520,571
664,520,571
665,520,571
666,520,571
667,520,571
668,520,571
669,520,571
670,520,571
671,520,571
672,520,571
673,520,571
674,520,571
675,520,571
676,520,571
677,520,571
678,520,571
679,520,571
680,520,571
681,520,571
682,520,571
683,520,571
684,520,571
685,520,571
686,520,571
687,520,571
688,520,571
689,520,571
690,520,571
691,520,571
692,520,571
693,520,571
694,520,571
695,520,571
696,520,571
697,520,571
698,520,571
699,520,571
700,520,571
701,520,571
702,520,571
703,520,571
704,572,623
705,572,623
706,572,623
707,572,623
708,572,623
709,572,623
710,572,623
711,572,623
712,572,623
713,572,623
714,572,623
715,572,623
716,572,623
717,572,623
718,572,623
719,572,623
720,572,623
721,572,623
722,572,623
723,572,623
724,572,623
725,572,623
726,572,623
727,572,623
728,572,623
729,572,623
730,572,623
731,572,623
732,572,623
733,572,623
734,572,623
735,572,623
736,572,623
737,572,623
738,572,623
739,572,623
740,572,623
741,572,623
742,572,623
743,572,623
744,572,623
745,572,623
746,572,623
747,572,623
748,572,623
749,572,623
750,572,623
751,572,623
752,572,623
753,572,623
754,572,623
755,572,623
756,572,623
757,572,623
758,572,623
759,572,623
760,572,623
761,572,623
762,572,623
763,572,623
764,572,623
765,572,623
766,572,623
767,572,623
768,624,675
769,624,675
770,624,675
771,624,675
772,624,675
773,624,675
774,624,675
775,624,675
776,624,675
777,624,675
778,624,675
779,624,675
780,624,675
781,624,675
782,624,675
783,624,675
784,624,675
785,624,675
786,624,675
787,624,675
788,624,675
789,624,675
790,624,675
791,624,675
792,624,675
793,624,675
794,624,675
795,624,675
796,624,675
797,624,675
798,624,675
799,624,675
800,624,675
801,624,675
802,624,675
803,624,675
804,624,675
805,624,675
806,624,675
807,624,675
808,624,675
809,624,675
810,624,675
811,624,675
812,624,675
813,624,675
814,624,675
815,624,675
816,624,675
817,624,675
818,624,675
819,624,675
820,624,675
821,624,675
822,624,675
823,624,675
824,624,675
825,624,675
826,624,675
827,624,675
828,624,675
829,624,675
830,624,675
831,624,675
832,676,727
833,676,727
834,676,727
835,676,727
836,676,727
837,676,727
838,676,727
839,676,727
840,676,727
841,676,727
842,676,727
843,676,727
844,676,727
845,676,727
846,676,727
847,676,727
848,676,727
849,676,727
850,676,727
851,676,727
852,676,727
853,676,727
854,676,727
855,676,727
856,676,727
857,676,727
858,676,727
859,676,727
860,676,727
861,676,727
862,676,727
863,676,727
864,676,727
865,676,727
866,676,727
867,676,727
868,676,727
869,676,727
870,676,727
871,676,727
872,676,727
873,676,727
874,676,727
875,676,727
876,676,727
877,676,727
878,676,727
879,676,727
880,676,727
881,676,727
882,676,727
883,676,727
884,676,727
885,676,727
886,676,727
887,676,727
888,676,727
889,676,727
890,676,727
891,676,727
892,676,727
893,676,727
894,676,727
895,676,727
896,728,779
897,728,779
898,728,779
899,728,779
900,728,779
901,728,779
902,728,779
903,728,779
904,728,779
905,728,779
906,728,779
907,728,779
908,728,779
909,728,779
910,728,779
911,728,779
912,728,779
913,728,779
914,728,779
915,728,779
916,728,779
917,728,779
918,728,779
919,728,779
920,728,779
921,728,779
922,728,779
923,728,779
924,728,779
925,728,779
926,728,779
927,728,779
928,728,779
929,728,779
930,728,779
931,728,779
932,728,779
933,728,779
934,728,779
935,728,779
936,728,779
937,728,779
938,728,779
939,728,779
940,728,779
941,728,779
942,728,779
943,728,779
944,728,779
945,728,779
946,728,779
947,728,779
948,728,779
949,728,779
950,728,779
951,728,779
952,728,779
953,728,779
954,728,779
955,728,779
956,728,779
957,728,779
958,728,779
959,728,779
960,780,831
961,780,831
962,780,831
963,780,831
964,780,831
965,780,831
966,780,831
967,780,831
968,780,831
969,780,831
970,780,831
971,780,831
972,780,831
973,780,831
974,780,831
975,780,831
976,780,831
977,780,831
978,780,831
979,780,831
980,780,831
981,780,831
982,780,831
983,780,831
984,780,831
985,780,831
986,780,831
987,780,831
988,780,831
989,780,831
990,780,831
991,780,831
992,780,831
993,780,831
994,780,831
995,780,831
996,780,831
997,780,831
998,780,831
999,780,831
1000,780,831
1001,780,831
1002,780,831
1003,780,831
1004,780,831
1005,780,831
1006,780,831
1007,780,831
1008,780,831
1009,780,831
1010,780,831
1011,780,831
1012,780,831
1013,780,831
1014,780,831
1015,780,831
1016,780,831
1017,780,831
1018,780,831
1019,780,831
1020,780,831
1021,780,831
1022,780,831
1023,780,831
1024,832,883
1025,832,883
1026,832,883
1027,832,883
1028,832,883
1029,832,883
1030,832,883
1031,832,883
1032,832,883
1033,832,883
1034,832,883
1035,832,883
1036,832,883
1037,832,883
1038,832,883
1039,832,883
1040,832,883
1041,832,883
1042,832,883
1043,832,883
1044,832,883
1045,832,883
1046,832,883
1047,832,883
1048,832,883
1049,832,883
1050,832,883
1051,832,883
1052,832,883
1053,832,883
1054,832,883
1055,832,883
1056,832,883
1057,832,883
1058,832,883
1059,832,883
1060,832,883
1061,832,883
1062,832,883
1063,832,883
1064,832,883
1065,832,883
1066,832,883
1067,832,883
1068,832,883
1069,832,883
1070,832,883
1071,832,883
1072,832,883
1073,832,883
1074,832,883
1075,832,883
1076,832,883
1077,832,883
1078,832,883
1079,832,883
1080,832,883
1081,832,883
1082,832,883
1083,832,883
1084,832,883
1085,832,883
1086,832,883
1087,832,883
1088,884,935
1089,884,935
1090,884,935
1091,884,935
1092,884,935
1093,884,935
1094,884,935
1095,884,935
1096,884,935
1097,884,935
1098,884,935
1099,884,935
1100,884,935
1101,884,935
1102,884,935
1103,884,935
1104,884,935
1105,884,935
1106,884,935
1107,884,935
1108,884,935
1109,884,935
1110,884,935
1111,884,935
1112,884,935
1113,884,935
1114,884,935
1115,884,935
1116,884,935
1117,884,935
1118,884,935
1119,884,935
1120,884,935
1121,884,935
1122,884,935
1123,884,935
1124,884,935
1125,884,935
1126,884,935
1127,884,935
1128,884,935
1129,884,935
1130,884,935
1131,884,935
1132,884,935
1133,884,935
1134,884,935
1135,884,935
1136,884,935
1137,884,935
1138,884,935
1139,884,935
1140,884,935
1141,884,935
1142,884,935
1143,884,935
1144,884,935
1145,884,935
1146,884,935
1147,884,935
1148,884,935
1149,884,935
1150,884,935
1151,884,935
1152,936,987
1153,936,987
1154,936,987
1155,936,987
1156,936,987
1157,936,987
1158,936,987
1159,936,987
1160,936,987
1161,936,987
1162,936,987
1163,936,987
1164,936,987
1165,936,987
1166,936,987
1167,936,987
1168,936,987
1169,936,987
1170,936,987
1171,936,987
1172,936,987
1173,936,987
1174,936,987
1175,936,987
1176,936,987
1177,936,987
1178,936,987
1179,936,987
1180,936,987
1181,936,987
1182,936,987
1183,936,987
1184,936,987
1185,936,987
1186,936,987
1187,936,987
1188,936,987
1189,936,987
1190,936,987
1191,936,987
1192,936,987
1193,936,987
1194,936,987
1195,936,987
1196,936,987
1197,936,987
1198,936,987
1199,936,987
1200,936,987
1201,936,987
1202,936,987
1203,936,987
1204,936,987
1205,936,987
1206,936,987
1207,936,987
1208,936,987
1209,936,987
1210,936,987
1211,936,987
1212,936,987
1213,936,987
1214,936,987
1215,936,987
1216,988,1039
1217,988,1039
1218,988,1039
1219,988,1039
1220,988,1039
1221,988,1039
1222,988,1039
1223,988,1039
1224,988,1039
1225,988,1039
1226,988,1039
1227,988,1039
1228,988,1039
1229,988,1039
1230,988,1039
1231,988,1039
1232,988,1039
1233,988,1039
1234,988,1039
1235,988,1039
1236,988,1039
1237,988,1039
1238,988,1039
1239,988,1039
1240,988,1039
1241,988,1039
1242,988,1039
1243,988,1039
1244,988,1039
1245,988,1039
1246,988,1039
1247,988,1039
1248,988,1039
1249,988,1039
1250,988,1039
1251,988,1039
1252,988,1039
1253,988,1039
1254,988,1039
1255,988,1039
1256,988,1039
1257,988,1039
1258,988,1039
1259,988,1039
1260,988,1039
1261,988,1039
1262,988,1039
1263,988,1039
1264,988,1039
1265,988,1039
1266,988,1039
1267,988,1039
1268,988,1039
1269,988,1039
1270,988,1039
1271,988,1039
1272,988,1039
1273,988,1039
1274,988,1039
1275,988,1039
1276,988,1039
1277,988,1039
1278,988,1039
1279,988,1039
1280,1040,1091
1281,1040,1091
1282,1040,1091
1283,1040,1091
1284,1040,1091
1285,1040,1091
1286,1040,1091
1287,1040,1091
1288,1040,1091
1289,1040,1091
1290,1040,1091
1291,1040,1091
1292,1040,1091
1293,1040,1091
1294,1040,1091
1295,1040,1091
1296,1040,1091
1297,1040,1091
1298,1040,1091
1299,1040,1091
1300,1040,1091
1301,1040,1091
1302,1040,1091
1303,1040,1091
1304,1040,1091
1305,1040,1091
1306,1040,1091
1307,1040,1091
1308,1040,1091
1309,1040,1091
1310,1040,1091
1311,1040,1091
1312,1040,1091
1313,1040,1091
1314,1040,1091
1315,1040,1091
1316,1040,1091
1317,1040,1091
1318,1040,1091
1319,1040,1091
1320,1040,1091
1321,1040,1091
1322,1040,1091
1323,1040,1091
1324,1040,1091
1325,1040,1091
1326,1040,1091
1327,1040,1091
1328,1040,1091
1329,1040,1091
1330,1040,1091
1331,1040,1091
1332,1040,1091
1333,1040,1091
1334,1040,1091
1335,1040,1091
1336,1040,1091
1337,1040,1091
1338,1040,1091
1339,1040,1091
1340,1040,1091
1341,1040,1091
1342,1040,1091
1343,1040,1091
1344,1092,1143
1345,1092,1143
1346,1092,1143
1347,1092,1143
1348,1092,1143
1349,1092,1143
1350,1092,1143
1351,1092,1143
1352,1092,1143
1353,1092,1143
1354,1092,1143
1355,1092,1143
1356,1092,1143
1357,1092,1143
1358,1092,1143
1359,1092,1143
1360,1092,1143
1361,1092,1143
1362,1092,1143
1363,1092,1143
1364,1092,1143
1365,1092,1143
1366,1092,1143
1367,1092,1143
1368,1092,1143
1369,1092,1143
1370,1092,1143
1371,1092,1143
1372,1092,1143
1373,1092,1143
1374,1092,1143
1375,1092,1143
1376,1092,1143
1377,1092,1143
1378,1092,1143
1379,1092,1143
1380,1092,1143
1381,1092,1143
1382,1092,1143
1383,1092,1143
1384,1092,1143
1385,1092,1143
1386,1092,1143
1387,1092,1143
1388,1092,1143
1389,1092,1143
1390,1092,1143
1391,1092,1143
1392,1092,1143
1393,1092,1143
1394,1092,1143
1395,1092,1143
1396,1092,1143
1397,1092,1143
1398,1092,1143
1399,1092,1143
1400,1092,1143
1401,1092,1143
1402,1092,1143
1403,1092,1143
1404,1092,1143
1405,1092,1143
1406,1092,1143
1407,1092,1143
1408,1144,1195
1409,1144,1195
1410,1144,1195
1411,1144,1195
1412,1144,1195
1413,1144,1195
1414,1144,1195
1415,1144,1195
1416,1144,1195
1417,1144,1195
1418,1144,1195
1419,1144,1195
1420,1144,1195
1421,1144,1195
1422,1144,1195
1423,1144,1195
1424,1144,1195
1425,1144,1195
1426,1144,1195
1427,1144,1195
1428,1144,1195
1429,1144,1195
1430,1144,1195
1431,1144,1195
1432,1144,1195
1433,1144,1195
1434,1144,1195
1435,1144,1195
1436,1144,1195
1437,1144,1195
1438,1144,1195
1439,1144,1195
1440,1144,1195
1441,1144,1195
1442,1144,1195
1443,1144,1195
1444,1144,1195
1445,1144,1195
1446,1144,1195
1447,1144,1195
1448,1144,1195
1449,1144,1195
1450,1144,1195
1451,1144,1195
1452,1144,1195
1453,1144,1195
1454,1144,1195
1455,1144,1195
1456,1144,1195
1457,1144,1195
1458,1144,1195
1459,1144,1195
1460,1144,1195
1461,1144,1195
1462,1144,1195
1463,1144,1195
1464,1144,1195
1465,1144,1195
1466,1144,1195
1467,1144,1195
1468,1144,1195
1469,1144,1195
1470,1144,1195
1471,1144,1195
1472,1196,1247
1473,1196,1247
1474,1196,1247
1475,1196,1247
1476,1196,1247
1477,1196,1247
1478,1196,1247
1479,1196,1247
1480,1196,1247
1481,1196,1247
1482,1196,1247
1483,1196,1247
1484,1196,1247
1485,1196,1247
1486,1196,1247
1487,1196,1247
1488,1196,1247
1489,1196,1247
1490,1196,1247
1491,1196,1247
1492,1196,1247
1493,1196,1247
1494,1196,1247
1495,1196,1247
1496,1196,1247
1497,1196,1247
1498,1196,1247
1499,1196,1247
1500,1196,1247
1501,1196,1247
1502,1196,1247
1503,1196,1247
1504,1196,1247
1505,1196,1247
1506,1196,1247
1507,1196,1247
1508,1196,1247
1509,1196,1247
1510,1196,1247
1511,1196,1247
1512,1196,1247
1513,1196,1247
1514,1196,1247
1515,1196,1247
1516,1196,1247
1517,1196,1247
1518,1196,1247
1519,1196,1247
1520,1196,1247
1521,1196,1247
1522,1196,1247
1523,1196,1247
1524,1196,1247
1525,1196,1247
1526,1196,1247
1527,1196,1247
1528,1196,1247
1529,1196,1247
1530,1196,1247
1531,1196,1247
1532,1196,1247
1533,1196,1247
1534,1196,1247
1535,1196,1247
