x y z A dCp dVx dVy dVz dP dFx dFy dFz mu 
1.2001411442393453 0.16666666666666666 -0.099784159789142651 0.0013669896906639185 -0.55500085268429689 -1.1827401989706745 -0.39512842775875567 0 -0.27750042634214844 -5.1017511793384558e-05 -0 -0.00037589389126525152 0.30963375585946479
1.1953279575719831 0.16666666666666666 -0.098257623700580082 0.0020330838868118928 -0.038027069801325641 -0.93913787632077594 -0.39502799781917819 0 -0.019013534900662821 -1.5854324254875335e-05 -0 -3.5255288311380155e-05 0.31061897239428626
1.1892223033436113 0.16666666666666666 -0.095497186507080695 0.0024340393542550873 0.14615638906245576 -0.83535692094379355 -0.39499674121294848 0 0.07307819453122788 7.3549354754753903e-05 0 0.00016195703040567847 0.31110989212992762
1.1823891933399708 0.16666666666666666 -0.092418695519260463 0.0025623583026815515 0.23951987289085175 -0.7774616451485592 -0.39501078141241164 0 0.11975993644542587 0.00012525452013786945 0 0.00028014138087130197 0.31114986647838139
1.1753131306913638 0.16666666666666666 -0.089349139204410663 0.0025800660900553809 0.28683451469872012 -0.74639003115242364 -0.3950536757170649 0 0.14341725734936006 0.0001434876601448387 0 0.00034107262254540297 0.31079093606401825
1.1680700523587131 0.16666666666666666 -0.086397942189822219 0.0026344182806355603 0.31097318596873336 -0.7300073582961315 -0.39511526275856529 0 0.15548659298436668 0.00015035145879457179 0 0.0003810253253526334 0.3101438658274831
1.1605924331157629 0.16666666666666666 -0.083509437373744555 0.0027097997010345023 0.32839304811700876 -0.71793575420200051 -0.39519008682075502 0 0.16419652405850438 0.00015741456656865487 0 0.00041616340970249919 0.30930131400194139
1.152955710810208 0.16666666666666666 -0.08066549012810445 0.0027229937168740852 0.34577235199734013 -0.70568213966075688 -0.39527252088461179 0 0.17288617599867007 0.00016204080740237251 0 0.0004420014244726496 0.30830140455850019
1.1452797786568585 0.16666666666666666 -0.07790795128804856 0.0027146029287864839 0.35985012011293382 -0.69558936663091075 -0.39535466725090607 0 0.17992506005646691 0.00016212876091407282 0 0.00046073130814151895 0.30715346423546397
1.1375921272453167 0.16666666666666666 -0.075262283605134261 0.0027056352909291537 0.37035265548791085 -0.68795556393074453 -0.39542949633129337 0 0.18517632774395543 0.00015974938900301523 0 0.00047486922378808626 0.30587738595382402
1.1298826960670283 0.16666666666666666 -0.072728545181008825 0.0027045760451131309 0.37801336783189765 -0.68232954343121888 -0.39549086756718765 0 0.18900668391594883 0.00015620854046911493 0 0.00048673082903543134 0.30449216448243888
1.1221431800150796 0.16666666666666666 -0.070306809797670136 0.002701939174281446 0.38271371885022265 -0.67885195541708421 -0.39553293639870046 0 0.19135685942511133 0.00015079289253614394 0 0.00049455664562008837 0.30301069781923617
1.1143356163922562 0.16666666666666666 -0.06798883215614504 0.0027277987145001661 0.38373485906208771 -0.67808982956688202 -0.39554939511503395 0 0.19186742953104385 0.00014530104290863419 0 0.00050280190850979472 0.30144338488425515
1.1064328298226749 0.16666666666666666 -0.065749653471867148 0.002748200562121772 0.38533663559786691 -0.67691711020561351 -0.39553329861468606 0 0.19266831779893345 0.00014170497198081835 0 0.00051017703775181101 0.29981179287593729
1.0985053101077311 0.16666666666666666 -0.063593222425092244 0.0027289316290409387 0.38750652067207325 -0.67534476152425427 -0.39547810610661482 0 0.19375326033603663 0.00013604076462260639 0 0.00051093861065181726 0.29812940978518859
1.0905694717976031 0.16666666666666666 -0.061542983401923407 0.0027354856195284474 0.3855835678001972 -0.67682562270000213 -0.39537767850064209 0 0.1927917839000986 0.00012814714653630011 0 0.00051157314163656443 0.29639260034057519
1.0825658731837731 0.16666666666666666 -0.059582212909666032 0.0027581076908285889 0.38386453085230499 -0.67818353561857481 -0.39522469705673036 0 0.19193226542615249 0.0001233142501795757 0 0.00051480680028121687 0.29461704345666428
1.0745004604945598 0.16666666666666666 -0.057695950387690563 0.0027640029346593189 0.38117940490417657 -0.68028274596908034 -0.39501389929038083 0 0.19058970245208828 0.00011721647280317389 0 0.00051358400103663419 0.2928072373879626
1.0663980781478899 0.16666666666666666 -0.055888505231073596 0.0027704191695248808 0.37841100958631446 -0.68247260136023757 -0.3947405968560565 0 0.18920550479315723 0.00011162055189322268 0 0.00051215623836328044 0.29097492682688531
1.0582631930691395 0.16666666666666666 -0.054158888168837231 0.0027741364997622879 0.37466644004444005 -0.68540596196287262 -0.39440109946767277 0 0.18733322002222003 0.00010549381272931766 0 0.00050886795249908924 0.28912380793166437
1.0500825690865543 0.16666666666666666 -0.052503793634667811 0.002790175834668303 0.37000267332738479 -0.68903437794732092 -0.393991056598197 0 0.1850013366636924 9.9949152159115888e-05 0 0.00050641723993316828 0.28725880063268089
1.0418495611353349 0.16666666666666666 -0.050914032954489576 0.0027999322516903584 0.36519188437077821 -0.69279165911784513 -0.39350709356498936 0 0.1825959421853891 9.4872956716861409e-05 0 0.00050237644570150447 0.28538704331220416
1.0335757726494328 0.16666666666666666 -0.049384945336015312 0.0028093758310269537 0.36024607311146362 -0.69666764085397581 -0.39294799283810089 0 0.18012303655573181 9.0027848966503445e-05 0 0.00049796053327217542 0.28351413665009073
1.0252752419277655 0.16666666666666666 -0.047916373475824128 0.0028102924667954277 0.35515773180032451 -0.70066550786123794 -0.39231379569577857 0 0.17757886590016225 8.5101977745255064e-05 0 0.0004917388613318661 0.28164552065114401
1.0169413730658008 0.16666666666666666 -0.046508437266520403 0.0028243935467522352 0.34856779518478076 -0.70574687939165426 -0.3916038138784671 0 0.17428389759239038 8.0064159246668191e-05 0 0.00048569143052734653 0.2797821552823701
1.0085561203235738 0.16666666666666666 -0.045148384382805481 0.0028388479918542986 0.34289459346003137 -0.71018940605427305 -0.39081506376833464 0 0.17144729673001569 7.6690538411309608e-05 0 0.0004806328376838345 0.27793328004093593
1.000149776333513 0.16666666666666666 -0.043835722579796677 0.0028333259318477078 0.33631339459505027 -0.71527862084690952 -0.38995268939230671 0 0.16815669729752514 7.1936637196511914e-05 0 0.00047098067499143229 0.27609994065442339
0.99170759398017316 0.16666666666666666 -0.042571149697502558 0.0028576098122881088 0.32894488242810893 -0.72091782493433287 -0.3890149190761733 0 0.16447244121405447 6.8297729436787922e-05 0 0.00046500924540264922 0.27428656927221096
0.98321788755165329 0.16666666666666666 -0.041342435434582797 0.0028611770793670979 0.32191734985359388 -0.72631822689323855 -0.38800062297510307 0 0.16095867492679694 6.5009520141627198e-05 0 0.00045591974540709054 0.27249885239800381
0.97468743302655958 0.16666666666666666 -0.040143113484638039 0.002881733909029423 0.31581226701630916 -0.73108616554312256 -0.38691181364122862 0 0.15790613350815458 6.2476897277142916e-05 0 0.00045073405376767239 0.27073575533830269
0.96613657717203894 0.16666666666666666 -0.038970764877638779 0.0028721710785480172 0.3127711087373366 -0.73377436221972836 -0.38575131446528382 0 0.1563855543686683 6.0350323932913923e-05 0 0.00044509324143470949 0.26899518107241949
0.95756160882059271 0.16666666666666666 -0.037827041945921375 0.0028951134568586294 0.31297493731710557 -0.73428186869920842 -0.38451944031803237 0 0.15648746865855279 5.8929217554803475e-05 0 0.00044920009158940161 0.26725286556056171
0.94893771035138119 0.16666666666666666 -0.036699066620359579 0.00290312245356276 0.32282961495148477 -0.72823267403694714 -0.38320693823770047 0 0.16141480747574238 6.0596551443178305e-05 0 0.00046467250116750394 0.26548117596149995
0.94032628027079168 0.16666666666666666 -0.035584205216093547 0.0028857446149378463 0.34422875972698619 -0.7141308203594704 -0.38182248713993222 0 0.17211437986349309 6.3309186932451926e-05 0 0.00049262676177413305 0.26362275541456937
0.93180570687333841 0.16666666666666666 -0.034494762961861297 0.0028408827194086328 0.37738626037122025 -0.6913252949203077 -0.3803722863618344 0 0.18869313018561013 6.7639463252990609e-05 0 0.00053177055452496944 0.26162035294700181
0.92359351737429707 0.16666666666666666 -0.033448328162723889 0.0026781786264093257 0.41967608677527068 -0.66088504584835206 -0.37888635419971362 0 0.20983804338763534 7.116875965209773e-05 0 0.00055745919788786121 0.25946679119866212
0.91615670564815888 0.16666666666666666 -0.032494996410547143 0.0023202667926768283 0.46498311718826391 -0.62653655335122627 -0.37745043399962086 0 0.23249155859413195 6.8909121151644395e-05 0 0.00053502306708614862 0.25727324169768861
0.90999189285213999 0.16666666666666666 -0.031714178145712417 0.0018224543636086905 0.50133014041231228 -0.59762824447174778 -0.37617860252452506 0 0.25066507020615614 5.6186934412168071e-05 0 0.00045335714818925713 0.25524440791387626
0.90526181101140102 0.16666666666666666 -0.031134651517373609 0.0013545172740137741 0.52591602022240758 -0.57737671490445086 -0.37512679038391383 0 0.26295801011120379 4.2651698168898375e-05 0 0.00035361823538156937 0.25356067120332715
0.90174820370798447 0.16666666666666666 -0.030711497829804476 0.0010048136924392843 0.53815936654068652 -0.56723517668365409 -0.37427915757089281 0 0.26907968327034326 3.2263408715351005e-05 0 0.00026844307795801552 0.25225030171929008
0.89910328107242332 0.16666666666666666 -0.030380773790327244 0.00077222573771033398 0.54357531339114429 -0.56290592283048613 -0.37357945426805061 0 0.27178765669557214 2.7336372144151263e-05 0 0.00020809357214749262 0.25124903252749547
0.89703284333946653 0.16666666666666666 -0.030097687898209515 0.00062093225744760017 0.5266536625026994 -0.57813132157830371 -0.37297521701505132 0 0.2633268312513497 2.321069069593216e-05 0 0.00016185231038813466 0.25047067063195594
0.89535172751916403 0.16666666666666666 -0.029789421663611967 0.00051953040798950279 0.52353199286143104 -0.5811909383934909 -0.37240448475798782 0 0.26176599643071552 3.0722632967544963e-05 0 0.00013247968623121345 0.24989009644353202
0.8939535284507758 0.16666666666666666 -0.02938479987297242 0.00045246451777965674 0.54175098364829111 -0.56566016181003853 -0.37185695864505469 0 0.27087549182414555 4.1276299222524162e-05 0 0.00011540190797143656 0.24945634195071728
0.89277606974434098 0.16666666666666666 -0.028870690796752016 0.00040629275590664538 0.57854113114887584 -0.53252346461151967 -0.37131876937379249 0 0.28927056557443792 5.5065055121646026e-05 0 0.0001038306135580555 0.24912660635404096
0.89182062648313942 0.16666666666666666 -0.028224806223812966 0.00036743403850691969 0.65829293754027152 -0.45192257100352717 -0.37077358627239132 0 0.32914646877013576 7.9071319734094631e-05 0 9.1510202609238126e-05 0.24890449735712775
0.89113677700504024 0.16666666666666666 -0.027418539873801641 0.00034643223373117166 0.80130900988111753 -0.24823514463260524 -0.37023006777963352 0 0.40065450494055876 0.00011910636757362404 0 7.1267186752330418e-05 0.24881096142339834
0.89070210615648038 0.16666666666666666 -0.02648985752440472 0.00034074146845125552 0.85761745830664404 -0.075286108384808731 -0.36974929827874825 0 0.42880872915332202 0.00013800869098471247 0 4.7985262854302373e-05 0.24877972603600651
0.89044619584671214 0.16666666666666666 -0.025525379572637757 0.00032646445466259311 0.85463148639518671 0.094725202360836758 -0.36931781657877244 0 0.42731574319759336 0.00013722955655058402 0 2.5084810533740246e-05 0.24874583929991917
0.89035083841508378 0.16666666666666666 -0.024794241989533932 0.00016635308204637997 0.81525548607416454 0.22040246360804289 -0.36900849307480826 0 0.40762774303708227 6.7781086579875451e-05 0 1.9844949161591549e-06 0.24870196820404419
0.89040674237629447 0.16666666666666666 -0.024032817773731313 0.0003439254294757832 0.75457206989620906 0.33088324478110454 -0.36870612746050013 0 0.37728603494810453 0.00012878067032568864 -0 -1.5897968585671897e-05 0.2487116110003896
0.89062834704382321 0.16666666666666666 -0.023016903109668807 0.00035214798946608022 0.62693033037982415 0.48724028833878152 -0.36832943276327634 0 0.31346516518991208 0.00010530615453340572 -0 -3.3101525699286965e-05 0.24872258902891317
0.89103199816754375 0.16666666666666666 -0.021998637772758924 0.00037988721841155276 0.51393903612259018 0.59215726278386194 -0.36798198326784171 0 0.25696951806129509 8.8115215287946805e-05 -0 -4.2015033130888099e-05 0.24875436371917523
0.89162116110677681 0.16666666666666666 -0.020963939900063341 0.00041581711266073607 0.38701078848522574 0.69124907173652195 -0.36764647739121747 0 0.19350539424261287 6.7126470061152661e-05 -0 -4.4365616666148165e-05 0.24879200764965284
0.89240961495805382 0.16666666666666666 -0.01991475816111668 0.00046057299217701814 0.27803135864849271 0.76618698751996905 -0.367322938987728 0 0.13901567932424636 4.9010998279162324e-05 -0 -4.119905089841467e-05 0.24883915644461113
0.89341390204746007 0.16666666666666666 -0.018859814019942515 0.00051212071882504129 0.16900763285220965 0.83444582787428256 -0.36700480581457451 0 0.084503816426104827 2.9638763195113389e-05 -0 -3.153362215417302e-05 0.24888243415433337
0.89467288969105663 0.16666666666666666 -0.017814426432517058 0.00058064868070776632 0.084210939320585876 0.88392735405616385 -0.36668991454726879 0 0.042105469660292938 1.4576336974884847e-05 -0 -1.9628011595176343e-05 0.24893067363591168
0.89622532258267862 0.16666666666666666 -0.016774596972762266 0.0006663008208888469 0.027988615309785247 0.91530263114832666 -0.36637750763818067 0 0.013994307654892624 4.8564912499185487e-06 -0 -7.9598540455409761e-06 0.24899762481775153
0.89812120936205031 0.16666666666666666 -0.015732561218473246 0.00077722220012858367 -0.028010862108170498 0.94552201811738257 -0.36605870480484759 0 -0.014005431054085249 -4.8690885014928904e-06 0 9.7356267675214528e-06 0.24906490067256357
0.90046632168568408 0.16666666666666666 -0.014687126326249316 0.00093590237000729104 -0.080511670449591621 0.97301547584428338 -0.36572196299527115 0 -0.040255835224795811 -1.4061340156767096e-05 0 3.4953174302904354e-05 0.2491192552847388
0.90339987559134372 0.16666666666666666 -0.013649881960676133 0.0011399979603560575 -0.13043713885944608 0.99847526307985313 -0.36535501621992827 0 -0.065218569429723039 -2.2317586883058254e-05 0 7.0920409536073855e-05 0.24914201278557263
0.90706950859445867 0.16666666666666666 -0.012653119698425315 0.0013966936017765588 -0.18366330594006697 1.0249284140427379 -0.36494527264770116 0 -0.091831652970033484 -2.9598384739902094e-05 0 0.00012479879087869591 0.24909522865482153
0.91167145559502072 0.16666666666666666 -0.011734281206095883 0.0017334415944441441 -0.25066113429828607 1.0572710075030449 -0.36447105645274808 0 -0.12533056714914304 -3.6376900994136814e-05 0 0.00021418609168498588 0.24890494101345262
0.91738238973173158 0.16666666666666666 -0.010927914262336231 0.0021128463342183399 -0.35258989520709738 1.1046100306657429 -0.36390462398782975 0 -0.17629494760354869 -4.360308672637241e-05 0 0.0003699232362933849 0.24843397842880685
0.92414211050463424 0.16666666666666666 -0.010270309491161205 0.0024157287320443568 -0.50878278035001445 1.1733920729421141 -0.3632269586727046 0 -0.25439139017500723 -4.8607289350107816e-05 0 0.00061261526973188272 0.24745126052807931
0.93161588142430751 0.16666666666666666 -0.0097923122200561027 0.0025775135194196679 -0.70856074162211025 1.255862320901548 -0.3624507863998746 0 -0.35428037081105512 -4.5203338183511232e-05 0 0.00091204293208252646 0.24574425515971771
0.93940808915355634 0.16666666666666666 -0.0095272652880769686 0.0026209116680832034 -0.89448956686832592 1.3280502145251092 -0.36162438325994772 0 -0.44724478343416296 -2.1962385701100074e-05 0 0.0011719833073491369 0.2432730028458136
0.9473404368835725 0.16666666666666666 -0.0095101252800572147 0.0026680462970265122 -1.0004642967029591 1.3675875912945692 -0.36078868723960528 0 -0.50023214835147956 1.8848392582333649e-05 0 0.0013345094318957551 0.24023585303350184
0.95540214931268386 0.16666666666666666 -0.0097583556590727337 0.0027097105295752488 -1.0216463086996059 1.3755262827606844 -0.35996354556285226 0 -0.51082315434980297 6.5287095965623035e-05 0 0.0013826423401015731 0.23692631540659084
0.96358064453906467 0.16666666666666666 -0.010271961851588941 0.0027540089904595222 -1.0109710177889699 1.3718471508783432 -0.35917462663158994 0 -0.50548550889448496 0.00010847542090566988 0 0.0013878789177244665 0.23352218545421966
0.9718635887596716 0.16666666666666666 -0.01103588825027679 0.0027919231139796512 -1.0105871195439713 1.3718967285254831 -0.35845011620175021 0 -0.50529355977198565 0.00014890383030200679 0 0.0014028603516673588 0.23002389413388546
0.98021029299967322 0.16666666666666666 -0.012029902764640346 0.0028123214543441057 -1.0293781802520248 1.3788931416985706 -0.35781543291013929 0 -0.51468909012601238 0.00018939970582749108 0 0.0014350263205941838 0.22638484530597294
0.98857597936802444 0.16666666666666666 -0.013244612976067034 0.0028237607471675399 -1.0558293106842052 1.3885871792878617 -0.35728833762324919 0 -0.52791465534210258 0.0002332423189870207 0 0.001472344548129298 0.22256562484806577
0.99695658355037398 0.16666666666666666 -0.014680880392702276 0.0028452121631351206 -1.0785028991672809 1.3968323510016005 -0.35687852605980974 0 -0.53925144958364046 0.00027808840291284031 0 0.0015088726376222619 0.21856005158810801
1.0053787090410431 0.16666666666666666 -0.016336400484973784 0.0028773805610112038 -1.092593264272876 1.4019405901401727 -0.35658918378198223 0 -0.54629663213643798 0.00032121514364250329 0 0.0015387335204734753 0.21437367995013454
1.0138636800766103 0.16666666666666666 -0.018201331923037752 0.0029146063842017491 -1.0988511674715999 1.4042136811324619 -0.35641984399303672 0 -0.54942558373579997 0.00036003910381485557 0 0.0015603600534040787 0.21002522233944881
1.0224156650912091 0.16666666666666666 -0.020258640484720439 0.0029496199595978228 -1.0999904395087441 1.4046326565037792 -0.35636714185216362 0 -0.54999521975437204 0.0003939275294877732 0 0.0015737227741842493 0.20553706501069974
1.0310147188869105 0.16666666666666666 -0.022485303819031105 0.0029723502622508815 -1.1007112127827727 1.4048747160461568 -0.35642424860971944 0 -0.55035560639138636 0.00042278544759585872 0 0.00158027101489174 0.20093688648125382
1.0396165107734936 0.16666666666666666 -0.024858330024029797 0.0029765756377465218 -1.1025442916431247 1.4054870288104591 -0.35658169258764927 0 -0.55127214582156236 0.00044863262844584931 0 0.0015783827813690909 0.19624662059385559
1.0481816235991612 0.16666666666666666 -0.027367951583473236 0.0029737589321157847 -1.1017775163884584 1.4051515360921121 -0.35682863815343657 0 -0.55088875819422922 0.0004733609138007075 0 0.001568331165986317 0.19148181271102999
1.0566977018865309 0.16666666666666666 -0.030014985586839057 0.0029717630128707944 -1.0956131398464692 1.4028735763519153 -0.35715384447049714 0 -0.54780656992323462 0.00049599592291507005 0 0.0015505526396843547 0.18665874654785425
1.0651641220281791 0.16666666666666666 -0.032799822047019714 0.0029702121906526693 -1.0839450558491999 1.3986085460493616 -0.35754606803444361 0 -0.54197252792459993 0.00051548958241265873 0 0.0015250052197175212 0.18179328220085378
1.0735860692210983 0.16666666666666666 -0.035724771484537954 0.0029735986014609583 -1.0656344351181239 1.391931786420981 -0.35799488413805614 0 -0.53281721755906197 0.00053219397673500378 0 0.0014923283550998547 0.1768964007660751
1.0819694129362265 0.16666666666666666 -0.038792317390392017 0.0029778965650821831 -1.0400382186635007 1.3825783399615572 -0.35849037997224625 0 -0.52001910933175033 0.00054404415463409647 0 0.0014498495414173593 0.17198469414426423
1.0903266394261999 0.16666666666666666 -0.042004512312211958 0.0029911532472339055 -1.0070114311530336 1.370442804280751 -0.35902360834371982 0 -0.5035057155765168 0.00055147116485946938 0 0.0014014651546803553 0.16707394010693047
1.0986729657925149 0.16666666666666666 -0.045359785788310521 0.0030060079653900411 -0.96894927200784875 1.3563357903272462 -0.35958656243693732 0 -0.48447463600392437 0.00055306946920402329 0 0.0013472285153847353 0.16218281747783647
1.107001577561435 0.16666666666666666 -0.048845285808694711 0.0030131558518388482 -0.92936240608759224 1.3415063374870724 -0.36017100462087925 0 -0.46468120304379612 0.00054929066551119435 0 0.0012879126797769136 0.15733409542936036
1.1152897479104078 0.16666666666666666 -0.052448349745367939 0.0030119683217127617 -0.88736930117273194 1.3255997814517813 -0.36076934541022415 0 -0.44368465058636597 0.00054127839570270657 0 0.0012218374438714567 0.15254472369418479
1.1235300753917126 0.16666666666666666 -0.056169000916924623 0.0030157584147774879 -0.84032326812970481 1.3075667276526204 -0.36137587200243881 0 -0.42016163406485241 0.00052960204030917636 0 0.0011511208678136836 0.14782742497356174
1.131737723917432 0.16666666666666666 -0.060011680139643572 0.0030261441612204898 -0.78873691439004801 1.2875180256897725 -0.36198653001728998 0 -0.394368457195024 0.00051319719196182205 0 0.0010774367376614863 0.14319591016342414
1.139893751388847 0.16666666666666666 -0.0639570961259327 0.0030140948378283294 -0.73794188983001852 1.2674640690891779 -0.36259719165752285 0 -0.36897094491500926 0.00049034885586540138 0 0.00099817546520341595 0.13868307761366386
1.1479285912756994 0.16666666666666666 -0.067976388050580039 0.0029754373515136212 -0.68450015639100181 1.2460269575129395 -0.36320376862313691 0 -0.34225007819550091 0.00046223084650194211 0 0.000907395430380405 0.13431534358649724
1.1558140478016039 0.16666666666666666 -0.072081994509174685 0.0029516278753518588 -0.61838772965663669 1.2190303072300797 -0.36380329810376172 0 -0.30919386482831834 0.00042869925797851485 0 0.00080566851571614053 0.13010366621130501
1.1635754241288576 0.16666666666666666 -0.076300421817994624 0.0029377310586127248 -0.53942663076356467 1.1860204925612741 -0.36439267554147903 0 -0.26971331538178234 0.00038455145143252944 0 0.00069277057605390152 0.12608113936558329
1.1711876105086372 0.16666666666666666 -0.080612945130083241 0.0028950924837761365 -0.45212744647554937 1.1484462643734468 -0.36496386714608403 0 -0.22606372323777468 0.00032761991707494471 0 0.00056657146134960401 0.12230767829762462
1.1785368433451788 0.16666666666666666 -0.084963000034837144 0.0027986471718877875 -0.35383842115027009 1.1046478131876682 -0.36550188777894488 0 -0.17691921057513504 0.00025667431658160997 0 0.00042341045939980155 0.11885637482443408
1.1855154471700535 0.16666666666666666 -0.089339896920040976 0.0026937487646731353 -0.19553768553880979 1.0303343305079111 -0.36599023609329295 0 -0.097768842769404896 0.00014343976612894247 0 0.00022087552693910697 0.1157877445614139
1.1920227625777058 0.16666666666666666 -0.093580333965716134 0.0024842654549840728 -0.023002665320570603 0.94273860620538275 -0.36639675993450449 0 -0.011501332660285302 1.5639815265567553e-05 0 2.3911840780951363e-05 0.11345027538303247
1.1977452154959538 0.16666666666666666 -0.097265977523383951 0.0020536345659487587 0.21635557338635159 0.80571857460607854 -0.36669061229924804 0 0.10817778669317579 -0.00011870016973438544 -0 -0.00018778787930356713 0.11204698372690793
1.2012610470204288 0.16666666666666666 -0.099485905624243254 0.0007183814698520733 0.40283287490209263 0.68015012421152443 -0.36682820724823662 0 0.20141643745104632 -7.7078589496452259e-05 -0 -0.0001224548787515025 0.11188553994728752
1.2001411442393453 0.5 -0.099784159789142651 0.0013669896906639187 -0.44331133024485969 -1.1718625655919186 -0.2646685806989299 0 -0.22165566512242985 -4.0750641930586786e-05 -0 -0.00030024822513651997 0.41959992393574574
1.1953279575719831 0.5 -0.098257623700580082 0.0020330838868118928 0.061062930111012825 -0.93218955236292633 -0.26449897609328132 0 0.030531465055506413 2.5458482575458373e-05 0 5.6612071806972802e-05 0.42054013471302953
1.1892223033436113 0.5 -0.095497186507080695 0.0024340393542550869 0.23820269694165308 -0.83181330104169937 -0.26435569838469192 0 0.11910134847082654 0.000119869235777399 0 0.00026395425939818783 0.42100196539620105
1.1823891933399708 0.5 -0.092418695519260463 0.002562358302681552 0.32919120036840055 -0.77523887240867417 -0.26422242588040645 0 0.16459560018420027 0.00017214724330846158 0 0.00038502056772512361 0.42102206769385109
1.1753131306913638 0.5 -0.089349139204410663 0.0025800660900553805 0.37545091158059551 -0.74485019841184741 -0.26409708507523511 0 0.18772545579029776 0.00018781760925295907 0 0.00044644566984681388 0.42064939619606828
1.1680700523587131 0.5 -0.086397942189822219 0.0026344182806355607 0.39911074274978176 -0.72883921065290469 -0.26397473792972892 0 0.19955537137489088 0.00019296481208205563 0 0.00048901740558189718 0.41999219927553216
1.1605924331157629 0.5 -0.083509437373744555 0.0027097997010345027 0.41636524007174047 -0.7169504532781521 -0.2638499715226662 0 0.20818262003587024 0.00019958386505427455 0 0.00052764813074884505 0.41914132372584495
1.152955710810208 0.5 -0.08066549012810445 0.0027229937168740852 0.43382756510872178 -0.70471493655915851 -0.26372199961645121 0 0.21691378255436089 0.00020330650648483134 0 0.0005545625630444601 0.41813382464201071
1.1452797786568585 0.5 -0.07790795128804856 0.0027146029287864843 0.44825868229338173 -0.69445030523118323 -0.26359076476791582 0 0.22412934114669086 0.00020196081831622793 0 0.00057392452450483514 0.41697770290526764
1.1375921272453167 0.5 -0.075262283605134261 0.0027056352909291537 0.45937693770736621 -0.68645114823469811 -0.26345375947193911 0 0.2296884688536831 0.00019814947735192733 0 0.00058901689134065291 0.41569126192102945
1.1298826960670283 0.5 -0.072728545181008825 0.0027045760451131304 0.46788864196294522 -0.68027955433501719 -0.26330796795920403 0 0.23394432098147261 0.00019334819369565322 0 0.00060245442616241134 0.41429197040350418
1.1221431800150796 0.5 -0.070306809797670136 0.0027019391742814465 0.47367360130237857 -0.67607548891351199 -0.26315077804934783 0 0.23683680065118928 0.00018663196258807518 0 0.00061209832791640783 0.41279131689391091
1.1143356163922562 0.5 -0.06798883215614504 0.0027277987145001665 0.47603999648589235 -0.67439032726067283 -0.26297849724140987 0 0.23801999824294617 0.00018025234435225306 0 0.00062374791632202381 0.41119803361032914
1.1064328298226749 0.5 -0.065749653471867148 0.0027482005621217716 0.47921915858495789 -0.67210408082437478 -0.26278688314728416 0 0.23960957929247895 0.00017622964225706421 0 0.00063447538638898766 0.40953182316959902
1.0985053101077311 0.5 -0.063593222425092244 0.0027289316290409387 0.48316303948607187 -0.66924671184337692 -0.26257532100476649 0 0.24158151974303593 0.00016962261490482527 0 0.00063706451103111425 0.40780498097041884
1.0905694717976031 0.5 -0.061542983401923407 0.0027354856195284478 0.48326980929916041 -0.66925837623060724 -0.26234217454692749 0 0.24163490464958021 0.00016061277564846906 0 0.00064117839878846748 0.40601257584850348
1.0825658731837731 0.5 -0.059582212909666032 0.0027581076908285893 0.48377780383360225 -0.66898072013671772 -0.26208203343944875 0 0.24188890191680112 0.00015541080860168334 0 0.00064880207266264942 0.4041681652060275
1.0745004604945598 0.5 -0.057695950387690563 0.0027640029346593185 0.48348668575313103 -0.66931133283528377 -0.26179315114250984 0 0.24174334287656551 0.00014867698312694857 0 0.00065142823385082121 0.40227507912677773
1.0663980781478899 0.5 -0.055888505231073596 0.0027704191695248812 0.48324533224062272 -0.66961624423651367 -0.26147419225224305 0 0.24162266612031136 0.0001425437138932357 0 0.00065404310471182969 0.40034405834493525
1.0582631930691395 0.5 -0.054158888168837231 0.0027741364997622884 0.48215245860022538 -0.67056831442578602 -0.26112387307164164 0 0.24107622930011269 0.00013575835927156742 0 0.0006548543135360532 0.39837797002155012
1.0500825690865543 0.5 -0.052503793634667811 0.002790175834668303 0.4802527348237362 -0.67213239557822946 -0.26073992404412155 0 0.2401263674118681 0.00012973109960548083 0 0.00065731488438354447 0.39638063073973401
1.0418495611353349 0.5 -0.050914032954489576 0.0027999322516903589 0.47825989770226085 -0.67377538996436526 -0.26032062188022431 0 0.23912994885113042 0.00012424682068796784 0 0.00065791852944159371 0.39435832921973979
1.0335757726494328 0.5 -0.049384945336015312 0.0028093758310269532 0.47614740105005338 -0.67551633248044607 -0.25986589522696896 0 0.23807370052502669 0.00011899234858353063 0 0.00065816848937499191 0.3923164513276024
1.0252752419277655 0.5 -0.047916373475824128 0.0028102924667954272 0.47388330633157383 -0.67737780978795492 -0.25937616790156215 0 0.23694165316578691 0.000113550693053617 0 0.00065612210180089636 0.39026051458403416
1.0169413730658008 0.5 -0.046508437266520403 0.0028243935467522352 0.47017069727979766 -0.68031276377160843 -0.25885101152909956 0 0.23508534863989883 0.00010799569581627936 0 0.00065513189029069423 0.38819129285029791
1.0085561203235738 0.5 -0.045148384382805481 0.0028388479918542986 0.46729377319326959 -0.68263712264947563 -0.25828818321319935 0 0.2336468865966348 0.00010451319952532727 0 0.00065500225586976734 0.38611715453785828
1.000149776333513 0.5 -0.043835722579796677 0.0028333259318477078 0.46347515945505036 -0.68565306133107018 -0.2576911330105896 0 0.23173757972752518 9.9136237007326627e-05 0 0.000649060807419634 0.3840405777215728
0.99170759398017316 0.5 -0.042571149697502558 0.0028576098122881088 0.45888842711746269 -0.68922611052550253 -0.25705824525275406 0 0.22944421355873135 9.5277474468055424e-05 0 0.00064870248061857545 0.38196542999369887
0.98321788755165329 0.5 -0.041342435434582797 0.0028611770793670974 0.45457479476808194 -0.69259672155706964 -0.25638835098404344 0 0.22728739738404097 9.1798995269411866e-05 0 0.0006437976231893069 0.37989701472452825
0.97468743302655958 0.5 -0.040143113484638039 0.002881733909029423 0.45108938695834488 -0.69536834688219118 -0.25568237169578933 0 0.22554469347917244 8.9238665610004547e-05 0 0.00064380446622996142 0.3778347862278057
0.96613657717203894 0.5 -0.038970764877638779 0.0028721710785480177 0.45047504848136144 -0.69608166357358159 -0.25494169756097906 0 0.22523752424068072 8.692080035556027e-05 0 0.00064105473271960261 0.37577734974346333
0.95756160882059271 0.5 -0.037827041945921375 0.0028951134568586294 0.45300177300339428 -0.69454863314007642 -0.25416613307019725 0 0.22650088650169714 8.5294497581387348e-05 0 0.00065017486597373109 0.37370046112526667
0.94893771035138119 0.5 -0.036699066620359579 0.0029031224535627604 0.46471203578067111 -0.68636864020385735 -0.25334966738489451 0 0.23235601789033555 8.7228511506540289e-05 0 0.00066889434546238467 0.3715739435652658
0.94032628027079168 0.5 -0.035584205216093547 0.0028857446149378463 0.48732660083728707 -0.67001373186939261 -0.25249752131290831 0 0.24366330041864354 8.9627173784182494e-05 0 0.00069741449112872519 0.36934275682337614
0.93180570687333841 0.5 -0.034494762961861297 0.0028408827194086328 0.52111058077728856 -0.64465504682842689 -0.25161337369335157 0 0.26055529038864428 9.3399372686642768e-05 0 0.0007342908091995294 0.36695129628953282
0.92359351737429707 0.5 -0.033448328162723889 0.0026781786264093253 0.56348361165415017 -0.61127595884925379 -0.25071515805546196 0 0.28174180582707509 9.5555670168989966e-05 0 0.00074847991599741293 0.36440037657452473
0.91615670564815888 0.5 -0.032494996410547143 0.0023202667926768279 0.60852994547802131 -0.57362284285105281 -0.2498537345757614 0 0.30426497273901065 9.0182336061828334e-05 0 0.00070019221302522429 0.36182393646025235
0.90999189285213999 0.5 -0.031714178145712417 0.0018224543636086907 0.64544990967425331 -0.54083401797424346 -0.24909567504792696 0 0.32272495483712665 7.2339260734215414e-05 0 0.00058368589231094748 0.35945678750928495
0.90526181101140102 0.5 -0.031134651517373609 0.0013545172740137739 0.67203540480582091 -0.51597116213580818 -0.24847204075791438 0 0.33601770240291046 5.4501954955602339e-05 0 0.00045186677116410034 0.35749380972696521
0.90174820370798447 0.5 -0.030711497829804476 0.0010048136924392841 0.68819686661934876 -0.50031317012017107 -0.24797150075150978 0 0.34409843330967438 4.1258367251116654e-05 0 0.00034328434401112066 0.35595874477302386
0.89910328107242332 0.5 -0.030380773790327244 0.00077222573771033409 0.69911793631439734 -0.48948576543508132 -0.24755958701297587 0 0.34955896815719867 3.5158601961729125e-05 0 0.00026763899157311572 0.35477220607433324
0.89703284333946653 0.5 -0.030097687898209515 0.00062093225744760017 0.69370227575066479 -0.49516412934913695 -0.2472047921364923 0 0.34685113787533239 3.0572860503804799e-05 0 0.0002131900412848197 0.35383400549054655
0.89535172751916403 0.5 -0.029789421663611967 0.00051953040798950289 0.70194838832760287 -0.4869359632089883 -0.24687036963988185 0 0.35097419416380143 4.1192712175770899e-05 0 0.00017762792628560627 0.35310257217651031
0.8939535284507758 0.5 -0.02938479987297242 0.00045246451777965679 0.72728473748500377 -0.460356676740863 -0.24655018291436073 0 0.36364236874250189 5.5412215852837155e-05 0 0.00015492366212068175 0.35252419887728653
0.89277606974434098 0.5 -0.028870690796752016 0.00040629275590664538 0.76751995084733848 -0.41454531115811732 -0.24623613493856106 0 0.38375997542366924 7.3051899208003036e-05 0 0.00013774658900443955 0.35205242373943324
0.89182062648313942 0.5 -0.028224806223812966 0.00036743403850691964 0.83605409111698303 -0.32166727358167069 -0.24591883618289911 0 0.41802704555849152 0.00010042322586768547 0 0.0001162210239658194 0.35168656776634283
0.89113677700504024 0.5 -0.027418539873801641 0.00034643223373117171 0.92552476423656915 -0.11897131403681538 -0.24560346536599259 0 0.46276238211828458 0.00013756976573120922 0 8.2314744253955081e-05 0.35144988361433604
0.89070210615648038 0.5 -0.02648985752440472 0.00034074146845125547 0.93796020342290465 0.043071468898575022 -0.24532559007167279 0 0.46898010171145232 0.00015093752886717187 0 5.2480586154334243e-05 0.35129220742774336
0.89044619584671214 0.5 -0.025525379572637757 0.00032646445466259316 0.89741548964129092 0.20620770664584337 -0.2450773185722637 0 0.44870774482064546 0.00014409945297540021 0 2.6340589933853743e-05 0.35114502849175855
0.89035083841508378 0.5 -0.024794241989533932 0.00016635308204638 0.83292352440285955 0.32726195578175943 -0.24490015903432599 0 0.41646176220142977 6.9250023442135226e-05 0 2.0275024553180035e-06 0.35102007688889991
0.89040674237629447 0.5 -0.024032817773731313 0.0003439254294757832 0.75460329691218675 0.43070295113469803 -0.24472774867528857 0 0.37730164845609337 0.0001287859997517439 -0 -1.5898626503104626e-05 0.3509505903563544
0.89062834704382321 0.5 -0.023016903109668807 0.00035214798946608028 0.60842053244051342 0.57601413503101484 -0.24451417914705564 0 0.30421026622025671 0.00010219704408249126 -0 -3.2124220052253593e-05 0.35086319101396851
0.89103199816754375 0.5 -0.021998637772758924 0.00037988721841155282 0.49106627372282119 0.67025528137760726 -0.24431861178101713 0 0.24553313686141059 8.4193663816995782e-05 -0 -4.0145161798927252e-05 0.35080446289398504
0.89162116110677681 0.5 -0.020963939900063341 0.00041581711266073607 0.36284486430422058 0.75997041329265302 -0.24413133067177914 0 0.18142243215211029 6.2934924930368126e-05 -0 -4.1595316301153025e-05 0.35075497566015229
0.89240961495805382 0.5 -0.01991475816111668 0.00046057299217701808 0.25746852368538953 0.82644945490477872 -0.24395240273915048 0 0.12873426184269476 4.5386209068728362e-05 -0 -3.8152023079758994e-05 0.35071838006575756
0.89341390204746007 0.5 -0.018859814019942515 0.00051212071882504129 0.15288035187457816 0.88752002468185542 -0.24377828843877911 0 0.076440175937289079 2.6810531985609013e-05 -0 -2.8524577082418649e-05 0.35067961652989232
0.89467288969105663 0.5 -0.017814426432517058 0.00058064868070776621 0.075319231837400857 0.930234346133752 -0.2436079420620561 0 0.037659615918700429 1.3037243294150582e-05 -0 -1.7555519125801784e-05 0.35064698307079917
0.89622532258267862 0.5 -0.016774596972762266 0.00066630082088884679 0.027526840379378026 0.95562001406722008 -0.24344105720849152 0 0.013763420189689013 4.7763656029677191e-06 -0 -7.8285270396406068e-06 0.35063405229219691
0.89812120936205031 0.5 -0.015732561218473246 0.00077722220012858357 -0.021651884501501018 0.9810555923407287 -0.243273116555206 0 -0.010825942250750509 -3.7637164273911899e-06 0 7.5254615693748824e-06 0.35062020423257251
0.90046632168568408 0.5 -0.014687126326249316 0.00093590237000729093 -0.068379610470352459 1.0046306737634521 -0.24309837474558457 0 -0.034189805235176229 -1.1942479360341428e-05 0 2.9686186240929695e-05 0.35058931157488143
0.90339987559134372 0.5 -0.013649881960676133 0.0011399979603560577 -0.11362563061507691 1.0269468767095697 -0.24291097758548666 0 -0.056812815307538456 -1.9441164576039919e-05 0 6.1779768610988121e-05 0.35051967841980847
0.90706950859445867 0.5 -0.012653119698425315 0.001396693601776559 -0.16370979256832752 1.0510965644591062 -0.24270518072466374 0 -0.081854896284163758 -2.6382762747982565e-05 0 0.00011124042477051116 0.35037030421688237
0.91167145559502072 0.5 -0.011734281206095883 0.0017334415944441441 -0.22966380580511592 1.0820682673031283 -0.24247076256885389 0 -0.11483190290255796 -3.3329688501958129e-05 0 0.0001962441967902389 0.35006191085038629
0.91738238973173158 0.5 -0.010927914262336231 0.0021128463342183395 -0.33349291411822923 1.1290857284432778 -0.24219482228970565 0 -0.16674645705911462 -4.1241455454606301e-05 0 0.00034988744643140276 0.3494505528083961
0.92414211050463424 0.5 -0.010270309491161205 0.0024157287320443568 -0.49475459936642752 1.1984382049097102 -0.24186870070188682 0 -0.24737729968321376 -4.7267087050698626e-05 0 0.00059572421482787115 0.34830053709051123
0.93161588142430751 0.5 -0.0097923122200561027 0.0025775135194196683 -0.70083139243594328 1.2816043225800189 -0.24149897055713165 0 -0.35041569621797164 -4.4710236654345389e-05 0 0.00090209389330470351 0.34640254798588543
0.93940808915355634 0.5 -0.0095272652880769686 0.0026209116680832034 -0.89120084723125981 1.3539080758249515 -0.24110945532524666 0 -0.4456004236156299 -2.1881637829009284e-05 0 0.0011676743420353357 0.34372864261001268
0.9473404368835725 0.5 -0.0095101252800572147 0.0026680462970265122 -0.99802247319386916 1.3928660699492279 -0.24072096788203073 0 -0.49901123659693458 1.8802389493300114e-05 0 0.0013312523076638918 0.34048746222044118
0.95540214931268386 0.5 -0.0097583556590727337 0.0027097105295752488 -1.0164596663171905 1.399533545078502 -0.24034459119603929 0 -0.50822983315859527 6.4955649734107625e-05 0 0.001375623011298809 0.33697767153307279
0.96358064453906467 0.5 -0.010271961851588941 0.0027540089904595222 -1.0002853293891816 1.3938034801817116 -0.23999414164210436 0 -0.50014266469459079 0.00010732886524142447 0 0.0013732094154435071 0.33338364683316873
0.9718635887596716 0.5 -0.01103588825027679 0.0027919231139796516 -0.99258505514631068 1.3910918020700507 -0.23968448710713303 0 -0.49629252757315534 0.00014625133623166417 0 0.0013778705394055159 0.32971299468536602
0.98021029299967322 0.5 -0.012029902764640346 0.0028123214543441062 -1.0028375240661487 1.3948158817232357 -0.2394288624180074 0 -0.50141876203307434 0.00018451637667741842 0 0.0013980267601573695 0.3259255611939974
0.98857597936802444 0.5 -0.013244612976067034 0.0028237607471675403 -1.0197858205914412 1.4009110140544023 -0.23923660107205033 0 -0.50989291029572059 0.00022527998347639345 0 0.0014220822229630802 0.32198644796394904
0.99695658355037398 0.5 -0.014680880392702276 0.002845212163135121 -1.0322848627895325 1.4053859957981554 -0.23911308120627683 0 -0.51614243139476623 0.00026617123520566104 0 0.0014442115870967056 0.31789198613245578
1.0053787090410431 0.5 -0.016336400484973784 0.0028773805610112033 -1.035978111856604 1.4067082458098912 -0.23906070991918049 0 -0.51798905592830202 0.00030457066585704153 0 0.0014590006174451848 0.31364866223366167
1.0138636800766103 0.5 -0.018201331923037752 0.0029146063842017495 -1.0320529676933989 1.4053091083226801 -0.23908006558203992 0 -0.51602648384669947 0.0003381526421205691 0 0.0014655071327733115 0.30927520726862828
1.0224156650912091 0.5 -0.020258640484720439 0.0029496199595978228 -1.0235622562231352 1.402269547516827 -0.23917017441580926 0 -0.51178112811156762 0.00036655714121568562 0 0.0014643793032720783 0.30479328438869524
1.0310147188869105 0.5 -0.022485303819031105 0.0029723502622508819 -1.0153955435076094 1.399327562821663 -0.2393280498295049 0 -0.50769777175380471 0.00039001552302113867 0 0.0014577848643865779 0.30022893622112456
1.0396165107734936 0.5 -0.024858330024029797 0.0029765756377465218 -1.0091283030789526 1.3970485264091055 -0.23954898859544294 0 -0.50456415153947631 0.00041062103942754864 0 0.0014446501150518749 0.29560173412437096
1.0481816235991612 0.5 -0.027367951583473236 0.0029737589321157847 -1.0010979983737003 1.3941236778729009 -0.23982737368331428 0 -0.50054899918685014 0.00043010558507998795 0 0.0014250183614224643 0.29092448135048848
1.0566977018865309 0.5 -0.030014985586839057 0.0029717630128707944 -0.98858168533552271 1.3895704824878718 -0.24015736410517552 0 -0.49429084266776135 0.00044754162538032302 0 0.0013990777273403315 0.28621061464379971
1.0651641220281791 0.5 -0.032799822047019714 0.0029702121906526689 -0.97149899493010317 1.3833447965762229 -0.24053309276602999 0 -0.48574949746505158 0.00046201383410388302 0 0.0013668045536293742 0.28147314233426607
1.0735860692210983 0.5 -0.035724771484537954 0.0029735986014609579 -0.94872245812775957 1.3750149062394885 -0.2409490936836457 0 -0.47436122906387979 0.00047380636470597203 0 0.0013286032983976816 0.27672039706969209
1.0819694129362265 0.5 -0.038792317390392017 0.0029778965650821827 -0.9196136476183443 1.3643092512058441 -0.24139990615676149 0 -0.45980682380917215 0.00048105004271037561 0 0.0012819734903530354 0.27196640849909887
1.0903266394261999 0.5 -0.042004512312211958 0.0029911532472339051 -0.88400185747125737 1.351109057183407 -0.24188049336030049 0 -0.44200092873562868 0.00048410724942756308 0 0.0012302718336574712 0.2672246237242672
1.0986729657925149 0.5 -0.045359785788310521 0.0030060079653900411 -0.84417191986170259 1.3361964363925214 -0.24238606237494181 0 -0.4220859599308513 0.00048184742908921987 0 0.0011737378985466134 0.26251158827981635
1.107001577561435 0.5 -0.048845285808694711 0.0030131558518388486 -0.80345486083515327 1.3207759142686992 -0.2429111877267803 0 -0.40172743041757664 0.00047487422810036734 0 0.0011134296977367319 0.2578477941539703
1.1152897479104078 0.5 -0.052448349745367939 0.0030119683217127622 -0.76089145606738517 1.3044628618728913 -0.24345040164635429 0 -0.38044572803369259 0.00046412931583248536 0 0.0010476874402983608 0.2532480148702812
1.1235300753917126 0.5 -0.056169000916924623 0.0030157584147774879 -0.71385200225801926 1.2862023306300294 -0.2439991125801482 0 -0.35692600112900963 0.00044989528579409061 0 0.00097787359638237684 0.24872325573732626
1.131737723917432 0.5 -0.060011680139643572 0.0030261441612204894 -0.66273235455501789 1.2660670335004893 -0.2445539229664673 0 -0.33136617727750894 0.00043121144347973116 0 0.00090531097633064382 0.24428598566071705
1.139893751388847 0.5 -0.0639570961259327 0.0030140948378283294 -0.61254020770283657 1.2459779867142484 -0.24511031052639284 0 -0.30627010385141828 0.0004070217372913027 0 0.00082855115721972949 0.23996766131098315
1.1479285912756994 0.5 -0.067976388050580039 0.0029754373515136208 -0.55986464447544138 1.2245466094176005 -0.24566287029036352 0 -0.27993232223772069 0.00037806669016240128 0 0.00074217458576937697 0.23579311673874734
1.1558140478016039 0.5 -0.072081994509174685 0.0029516278753518588 -0.49510011276163102 1.1976985342222386 -0.24620790784118254 0 -0.24755005638081551 0.00034322972592590534 0 0.00064504283291817765 0.23177220053546241
1.1635754241288576 0.5 -0.076300421817994624 0.0029377310586127248 -0.41821392848015004 1.1650459409338803 -0.24674254597381395 0 -0.20910696424007502 0.00029814021784332824 0 0.00053710048340929652 0.22793700961813215
1.1711876105086372 0.5 -0.080612945130083241 0.0028950924837761369 -0.3336350017912395 1.1280502417474292 -0.24726029581153164 0 -0.16681750089561975 0.00024175809823581695 0 0.00041808581185628772 0.22434503879056059
1.1785368433451788 0.5 -0.084963000034837144 0.0027986471718877875 -0.2388651265834818 1.0851198469837224 -0.24774996319980475 0 -0.1194325632917409 0.00017327271278705272 0 0.00028583100911574533 0.2210650166542257
1.1855154471700535 0.5 -0.089339896920040976 0.0026937487646731357 -0.086392501901993546 1.012318357193764 -0.24820162286035213 0 -0.043196250950996773 6.3374588044086359e-05 0 9.7587272390023703e-05 0.21815305438702143
1.1920227625777058 0.5 -0.093580333965716134 0.0024842654549840728 0.078767360726846203 0.92705735582486082 -0.24859062388628264 0 0.039383680363423101 -5.355496650305725e-05 -0 -8.1880623927166126e-05 0.21594817268649702
1.1977452154959538 0.5 -0.097265977523383951 0.0020536345659487587 0.3091519690364225 0.79303408481573823 -0.24888746710921783 0 0.15457598451821125 -0.00016961149012238827 -0 -0.00026833139419154954 0.21464333029498558
1.2012610470204288 0.5 -0.099485905624243254 0.0007183814698520734 0.48956256401439835 0.66963938606270823 -0.24903921100734486 0 0.24478128200719917 -9.3673566025781241e-05 -0 -0.00014881934457863785 0.21453010965655112
1.2001411442393453 0.83333333333333326 -0.099784159789142651 0.0013669896906639187 -0.36626238664157018 -1.1568508454766639 -0.16720797816341748 0 -0.18313119332078509 -3.3668048507645434e-05 -0 -0.0002480641121052701 0.48607947632541809
1.1953279575719831 0.83333333333333326 -0.098257623700580082 0.0020330838868118932 0.12525622831492011 -0.9202423751681017 -0.16702617348802137 0 0.062628114157460057 5.2222084662915929e-05 0 0.00011612634013374931 0.4869516231231405
1.1892223033436113 0.83333333333333326 -0.095497186507080695 0.0024340393542550878 0.29609311951931816 -0.82223476275854823 -0.16684386531148146 0 0.14804655975965908 0.00014900106678649613 0 0.00032810308648505593 0.48734702438638894
1.1823891933399708 0.83333333333333326 -0.092418695519260463 0.002562358302681552 0.38530269514869875 -0.76611003412186418 -0.16665149405000071 0 0.19265134757434937 0.00020149018787543515 0 0.00045064832312088888 0.48729815039865237
1.1753131306913638 0.83333333333333326 -0.089349139204410663 0.0025800660900553813 0.43095348565834546 -0.73575755809455756 -0.16645518931048175 0 0.21547674282917273 0.00021558251925619547 0 0.00051244333584807072 0.48685565944750836
1.1680700523587131 0.83333333333333326 -0.086397942189822219 0.0026344182806355607 0.4545289870340623 -0.71960457934570277 -0.16625360853416643 0 0.22726449351703115 0.00021975880670258629 0 0.00055691957693185007 0.48612702444730244
1.1605924331157629 0.83333333333333326 -0.083509437373744555 0.0027097997010345027 0.47185482717604632 -0.70751337967212424 -0.16604213443846758 0 0.23592741358802316 0.0002261826903131626 0 0.00059796854680126902 0.48520129501705223
1.152955710810208 0.83333333333333326 -0.08066549012810445 0.0027229937168740856 0.48936082126162272 -0.69508419868358484 -0.16582260243638702 0 0.24468041063081136 0.00022933129884523403 0 0.00062555082507119268 0.48411607096946768
1.1452797786568585 0.83333333333333326 -0.07790795128804856 0.0027146029287864843 0.50388831105387544 -0.68460841554396024 -0.16559893209955462 0 0.25194415552693772 0.00022702448309482574 0 0.00064514948789294146 0.48288064074740789
1.1375921272453167 0.83333333333333326 -0.075262283605134261 0.0027056352909291541 0.51520359771353985 -0.67634958619038388 -0.16537121740664726 0 0.25760179885676993 0.00022222997115672047 0 0.00066059829439253008 0.48151322560178345
1.1298826960670283 0.83333333333333326 -0.072728545181008825 0.0027045760451131313 0.52399036795490095 -0.66987981109572814 -0.1651383381636459 0 0.26199518397745047 0.0002165314181018832 0 0.00067469112974514393 0.48003080978857493
1.1221431800150796 0.83333333333333326 -0.070306809797670136 0.0027019391742814465 0.53012946596107247 -0.6653410179677306 -0.16489955684777158 0 0.26506473298053623 0.00020887611719556964 0 0.00068505265820555084 0.47844454985213475
1.1143356163922562 0.83333333333333326 -0.06798883215614504 0.0027277987145001665 0.53296793804010978 -0.6632657841917371 -0.16465285141900896 0 0.26648396902005489 0.00020180808546653952 0 0.00069833972622679807 0.47676238304519508
1.1064328298226749 0.83333333333333326 -0.065749653471867148 0.002748200562121772 0.53663796089155447 -0.6605573952154854 -0.1643957625201409 0 0.26831898044577723 0.00019734502299267539 0 0.00071049658906177724 0.4750030483074601
1.0985053101077311 0.83333333333333326 -0.063593222425092244 0.0027289316290409391 0.54104640652808755 -0.65727827658293669 -0.16413062055593694 0 0.27052320326404378 0.00018994355685354302 0 0.00071338541289620657 0.47317962378836631
1.0905694717976031 0.83333333333333326 -0.061542983401923407 0.0027354856195284478 0.54173327799863302 -0.65682359436557525 -0.16385813341440594 0 0.27086663899931651 0.00018004287411763905 0 0.00071874482757637202 0.47128738337186021
1.0825658731837731 0.83333333333333326 -0.059582212909666032 0.0027581076908285893 0.54285783226163242 -0.6560377945144551 -0.16357438646370406 0 0.27142891613081621 0.0001743899244632467 0 0.00072803523423667328 0.46933839908296349
1.0745004604945598 0.83333333333333326 -0.057695950387690563 0.0027640029346593193 0.54319875411103591 -0.65585139152194971 -0.16327950920947301 0 0.27159937705551795 0.00016703904032795382 0 0.00073188159146371533 0.4673360048163025
1.0663980781478899 0.83333333333333326 -0.055888505231073596 0.0027704191695248812 0.54359438731012932 -0.6556257523980995 -0.16297387975469138 0 0.27179719365506466 0.00016034497934916663 0 0.00073572187263923827 0.46529105499504736
1.0582631930691395 0.83333333333333326 -0.054158888168837231 0.0027741364997622884 0.54316252101438045 -0.65603354739835096 -0.16265750420301917 0 0.27158126050719023 0.00015293679697247131 0 0.00073771752791642383 0.46320638997942548
1.0500825690865543 0.83333333333333326 -0.052503793634667811 0.0027901758346683034 0.54195427615072522 -0.65703494114878391 -0.16232932562814656 0 0.27097713807536261 0.00014639859199704666 0 0.00074176488031854268 0.46108541666209529
1.0418495611353349 0.83333333333333326 -0.050914032954489576 0.0027999322516903589 0.54065026289841878 -0.65811050758487788 -0.16198857030036293 0 0.27032513144920939 0.00014045517216051745 0 0.00074374587461184332 0.45893412456568705
1.0335757726494328 0.83333333333333326 -0.049384945336015312 0.0028093758310269541 0.5392129162955257 -0.6592882416608481 -0.16163569566225575 0 0.26960645814776285 0.00013475283316695979 0 0.00074534261824607399 0.45675806680140341
1.0252752419277655 0.83333333333333326 -0.047916373475824128 0.0028102924667954277 0.53761226505526127 -0.6605901389107377 -0.16127121044573012 0 0.26880613252763064 0.00012882126142767309 0 0.00074435896894664772 0.45456296591885215
1.0169413730658008 0.83333333333333326 -0.046508437266520403 0.0028243935467522356 0.53460509051434724 -0.66295381405695641 -0.16089484116337366 0 0.26730254525717362 0.00012279593150115847 0 0.00074491423122285049 0.45234949630176985
1.0085561203235738 0.83333333333333326 -0.045148384382805481 0.002838847991854299 0.53239322534101896 -0.66471418274914384 -0.16050492176602832 0 0.26619661267050948 0.00011907310257050063 0 0.00074625168066153773 0.45012540218306885
1.000149776333513 0.83333333333333326 -0.043835722579796677 0.0028333259318477082 0.52924262405909761 -0.66717628696699471 -0.16010364783425987 0 0.26462131202954881 0.00011320374165207152 0 0.00074116301140406376 0.44789402932814981
0.99170759398017316 0.83333333333333326 -0.042571149697502558 0.0028576098122881093 0.5253624535649386 -0.67017665828392647 -0.15968967758264982 0 0.2626812267824693 0.00010907925499545372 0 0.000742672742897917 0.445658732774047
0.98321788755165329 0.83333333333333326 -0.041342435434582797 0.0028611770793670983 0.52174434286875626 -0.67297198433412175 -0.15926193968628649 0 0.26087217143437813 0.00010536353316132954 0 0.00073892739262576763 0.44342441972069946
0.97468743302655958 0.83333333333333326 -0.040143113484638039 0.0028817339090294234 0.51892989327002093 -0.67516375047282684 -0.15882070638756618 0 0.25946494663501046 0.0001026595006652973 0 0.00074062789461798548 0.44119066980216226
0.96613657717203894 0.83333333333333326 -0.038970764877638779 0.0028721710785480177 0.51890829619216383 -0.67528640747427626 -0.15836657377212471 0 0.25945414809608192 0.00010012524460170894 0 0.00073843961001363978 0.4389563127797389
0.95756160882059271 0.83333333333333326 -0.037827041945921375 0.0028951134568586299 0.52199056101101715 -0.67311016206746987 -0.15789917260862146 0 0.26099528050550858 9.8284212771343021e-05 0 0.00074919164398579044 0.43669695427402655
0.94893771035138119 0.83333333333333326 -0.036699066620359579 0.0029031224535627604 0.53402213619777694 -0.66422771656964352 -0.15741475262153923 0 0.26701106809888847 0.00010023832495283202 0 0.00076865749055620586 0.4343809542180963
0.94032628027079168 0.83333333333333326 -0.035584205216093547 0.0028857446149378467 0.55663796062838911 -0.64710068344276184 -0.15691636262519434 0 0.27831898031419455 0.00010237464391723456 0 0.0007966061762021431 0.43195443628984159
0.93180570687333841 0.83333333333333326 -0.034494762961861297 0.0028408827194086332 0.59012535671744626 -0.62081539832474208 -0.15640615232606925 0 0.29506267835872313 0.00010576898676990543 0 0.00083153872075840223 0.42936260207590288
0.92359351737429707 0.83333333333333326 -0.033448328162723889 0.0026781786264093261 0.63193057026106414 -0.58631594955135158 -0.1558943136892196 0 0.31596528513053207 0.0001071629199016178 0 0.00083939857408932869 0.42661022990230346
0.91615670564815888 0.83333333333333326 -0.032494996410547143 0.0023202667926768288 0.67625160458405464 -0.54735399342456748 -0.15540914161697139 0 0.33812580229202732 0.00010021848541741576 0 0.00077811471907699272 0.42384239808152957
0.90999189285213999 0.83333333333333326 -0.031714178145712417 0.0018224543636086907 0.71285901153855336 -0.5129523784110317 -0.1549865992397807 0 0.35642950576927668 7.9894184086953774e-05 0 0.00064464452160473823 0.42130819127916092
0.90526181101140102 0.83333333333333326 -0.031134651517373609 0.0013545172740137743 0.73980307812226398 -0.48608926774739802 -0.1546419918991426 0 0.36990153906113199 5.999790152646189e-05 0 0.00049743276294343631 0.41920869837527008
0.90174820370798447 0.83333333333333326 -0.030711497829804476 0.0010048136924392845 0.75718048999611209 -0.46796393112467394 -0.1543673189837452 0 0.37859024499805605 4.5394032212180012e-05 0 0.00037769455284385108 0.41756463555362994
0.89910328107242332 0.83333333333333326 -0.030380773790327244 0.0007722257377103342 0.7699562042856426 -0.45418485409275827 -0.15414251206950422 0 0.3849781021428213 3.8721054500694306e-05 0 0.0002947575671664678 0.41628875720281272
0.89703284333946653 0.83333333333333326 -0.030097687898209515 0.00062093225744760028 0.76886419146455842 -0.45545063855286222 -0.15394974627205982 0 0.38443209573227921 3.3885397949113019e-05 0 0.00023628895918407499 0.41527386538961747
0.89535172751916403 0.83333333333333326 -0.029789421663611967 0.00051953040798950289 0.78099557787079787 -0.4419950054520656 -0.15376877864062857 0 0.39049778893539894 4.5831469356928163e-05 0 0.00019763080483158562 0.41447034287011991
0.8939535284507758 0.83333333333333326 -0.02938479987297242 0.00045246451777965679 0.80802118273282342 -0.41034991239806512 -0.15359611538732607 0 0.40401059136641171 6.1563569099618566e-05 0 0.0001721218585349933 0.41382313056029113
0.89277606974434098 0.83333333333333326 -0.028870690796752016 0.00040629275590664543 0.84773391512167784 -0.35878419681458645 -0.15342745841091895 0 0.42386695756083892 8.0686596425676973e-05 0 0.00015214256653846452 0.41328402964641503
0.89182062648313942 0.83333333333333326 -0.028224806223812966 0.00036743403850691969 0.90868128144816307 -0.26044336110004934 -0.1532578683485655 0 0.45434064072408153 0.00010914689197524473 0 0.00012631702913789284 0.41285038814572717
0.89113677700504024 0.83333333333333326 -0.027418539873801641 0.00034643223373117171 0.97312855621337224 -0.058607305111422203 -0.15309025956671563 0 0.48656427810668612 0.00014464558127199369 0 8.6548552049818048e-05 0.41254660500072676
0.89070210615648038 0.83333333333333326 -0.02648985752440472 0.00034074146845125552 0.96702743015542769 0.097881690297898644 -0.15294359924167664 0 0.48351371507771385 0.00015561505714397736 0 5.410695056855658e-05 0.41233011941712172
0.89044619584671214 0.83333333333333326 -0.025525379572637757 0.00032646445466259316 0.91043233151821168 0.25732402660609832 -0.1528136571547592 0 0.45521616575910584 0.00014618958827569605 0 2.6722655206931248e-05 0.412130718348095
0.89035083841508378 0.83333333333333326 -0.024794241989533932 0.00016635308204638 0.8354117449374675 0.37585147672125041 -0.15272171590506661 0 0.41770587246873375 6.9456896372605448e-05 0 2.0335592817798411e-06 0.41196874089359486
0.89040674237629447 0.83333333333333326 -0.024032817773731313 0.00034392542947578325 0.75044503971775689 0.47566599891095357 -0.15263295110259703 0 0.37522251985887844 0.00012807632181606449 -0 -1.5811016790413723e-05 0.41186344345058201
0.89062834704382321 0.83333333333333326 -0.023016903109668807 0.00035214798946608028 0.59795507865174846 0.6154521107271701 -0.15252416447803518 0 0.29897753932587423 0.00010043915067625869 -0 -3.1571650698440984e-05 0.41173204179361694
0.89103199816754375 0.83333333333333326 -0.021998637772758924 0.00037988721841155287 0.48059153748305261 0.70439677233557696 -0.15242588244838476 0 0.24029576874152631 8.2397762797654852e-05 -0 -3.9288841575673746e-05 0.41163343823985332
0.89162116110677681 0.83333333333333326 -0.020963939900063341 0.00041581711266073612 0.35354198632077172 0.7894634882446806 -0.15233323474465241 0 0.17677099316038586 6.1321353993798824e-05 -0 -4.0528865621260945e-05 0.41154622809750563
0.89240961495805382 0.83333333333333326 -0.01991475816111668 0.00046057299217701825 0.25130919639527649 0.85176984573359293 -0.15224629224941691 0 0.12565459819763825 4.4300451042425386e-05 -0 -3.7239325894236924e-05 0.4114740916040448
0.89341390204746007 0.83333333333333326 -0.018859814019942515 0.0005121207188250414 0.15003661880303432 0.90929075916569024 -0.15216338749136857 0 0.075018309401517158 2.631182828995224e-05 -0 -2.7993990370611354e-05 0.41140129311351947
0.89467288969105663 0.83333333333333326 -0.017814426432517058 0.00058064868070776643 0.076792936069784101 0.94872412987084986 -0.15208415213629167 0 0.038396468034892051 1.3292331405812121e-05 -0 -1.789901231082565e-05 0.41133596834394909
0.89622532258267862 0.83333333333333326 -0.016774596972762266 0.00066630082088884701 0.033595215676204826 0.97123539520460223 -0.15200852418714983 0 0.016797607838102413 5.829329860186895e-06 -0 -9.5543495257362369e-06 0.41129166295674591
0.89812120936205031 0.83333333333333326 -0.015732561218473246 0.00077722220012858378 -0.011828970990402921 0.99435649351026789 -0.15193463990929626 0 -0.0059144854952014603 -2.0562132793857692e-06 0 4.1113495957987558e-06 0.41124697837603424
0.90046632168568408 0.83333333333333326 -0.014687126326249316 0.00093590237000729104 -0.055371731100539945 1.0160266735172609 -0.15186023114031241 0 -0.027685865550269972 -9.6706569584991289e-06 0 2.4038971714324178e-05 0.41118483844846188
0.90339987559134372 0.83333333333333326 -0.013649881960676133 0.0011399979603560577 -0.097980608925380741 1.0367943131623802 -0.15178327022280438 0 -0.048990304462690371 -1.6764326262196151e-05 0 5.3273361960734785e-05 0.41108266450923042
0.90706950859445867 0.83333333333333326 -0.012653119698425315 0.001396693601776559 -0.14611528569458687 1.0597649747223001 -0.15170195795186478 0 -0.073057642847293436 -2.3547308049547784e-05 0 9.9284998112416156e-05 0.41089868247126404
0.91167145559502072 0.83333333333333326 -0.011734281206095883 0.0017334415944441444 -0.21096003961524445 1.089942018369791 -0.15161278378563864 0 -0.10548001980762223 -3.061532652952414e-05 0 0.00018026211567817027 0.41055211605935521
0.91738238973173158 0.83333333333333326 -0.010927914262336231 0.0021128463342183403 -0.31472230764752407 1.1365591029047377 -0.15151142944313417 0 -0.15736115382376203 -3.8920185353067997e-05 0 0.00033019407578402702 0.40989719328861063
0.92414211050463424 0.83333333333333326 -0.010270309491161205 0.0024157287320443572 -0.47695275734661569 1.205832620845277 -0.1513950060339711 0 -0.23847637867330784 -4.5566362656239719e-05 0 0.00057428936940486202 0.40869706099600389
0.93161588142430751 0.83333333333333326 -0.0097923122200561027 0.0025775135194196683 -0.68431945489287838 1.288967829176346 -0.15126595863344966 0 -0.34215972744643919 -4.3656841154172096e-05 0 0.00088084011074731196 0.40674356886447216
0.93940808915355634 0.83333333333333326 -0.0095272652880769686 0.0026209116680832038 -0.87524656567966486 1.3610310003265216 -0.15113299384930071 0 -0.43762328283983243 -2.148991265076397e-05 0 0.0011467706307436757 0.4040126397293114
0.9473404368835725 0.83333333333333326 -0.0095101252800572147 0.0026680462970265126 -0.98132955173546144 1.3994739343774159 -0.15100416793472257 0 -0.49066477586773072 1.8487900772382229e-05 0 0.0013089857848049018 0.400716498288189
0.95540214931268386 0.83333333333333326 -0.0097583556590727337 0.0027097105295752493 -0.99776584451020289 1.4053468338766535 -0.1508844624971987 0 -0.49888292225510145 6.3761043217268633e-05 0 0.0013503237768097674 0.39715604287061707
0.96358064453906467 0.83333333333333326 -0.010271961851588941 0.0027540089904595226 -0.97860706616828663 1.3985251209582652 -0.15077981369187476 0 -0.48930353308414332 0.000105002825537009 0 0.0013434491117673814 0.39351827988228927
0.9718635887596716 0.83333333333333326 -0.01103588825027679 0.0027919231139796516 -0.96721270762315026 1.3944544719496279 -0.1506964939301329 0 -0.48360635381157513 0.00014251287602681112 0 0.0013426495676747176 0.3898135522053075
0.98021029299967322 0.83333333333333326 -0.012029902764640346 0.0028123214543441062 -0.97323581357955247 1.3966185639098199 -0.15063996986864028 0 -0.48661790678977623 0.00017906983101935984 0 0.0013567598725374335 0.38600408691797788
0.98857597936802444 0.83333333333333326 -0.013244612976067034 0.0028237607471675403 -0.9855380249964143 1.4010186925468624 -0.1506142361488268 0 -0.49276901249820715 0.00021771433324870552 0 0.001374323977743398 0.38205669222943267
0.99695658355037398 0.83333333333333326 -0.014680880392702276 0.002845212163135121 -0.99312170870269978 1.4037217582456774 -0.1506218248806061 0 -0.49656085435134989 0.00025607314554688899 0 0.0013894206248746921 0.3779687723922926
1.0053787090410431 0.83333333333333326 -0.016336400484973784 0.0028773805610112042 -0.99180617887444811 1.4032485254778362 -0.15066437740463598 0 -0.49590308943722405 0.00029158441172040013 0 0.0013967918924179586 0.37374748656292156
1.0138636800766103 0.83333333333333326 -0.018201331923037752 0.0029146063842017495 -0.98292729147074875 1.4000728148695463 -0.15074284239728919 0 -0.49146364573537438 0.00032205659111286171 0 0.001395749057209118 0.36941193272747547
1.0224156650912091 0.83333333333333326 -0.020258640484720439 0.0029496199595978232 -0.96963602126956561 1.3953057095631312 -0.15085754250316019 0 -0.4848180106347828 0.00034724512926826909 0 0.0013872286835718347 0.36498384795457262
1.0310147188869105 0.83333333333333326 -0.022485303819031105 0.0029723502622508824 -0.95685574149039687 1.3907021123150596 -0.15100786831429833 0 -0.47842787074519844 0.00036753026429878156 0 0.0013737403382011629 0.36048891970092378
1.0396165107734936 0.83333333333333326 -0.024858330024029797 0.0029765756377465227 -0.9461756929995675 1.3868369016643389 -0.15119226561442936 0 -0.47308784649978375 0.00038500520236638976 0 0.0013545282790905623 0.35594594632415089
1.0481816235991612 0.83333333333333326 -0.027367951583473236 0.0029737589321157851 -0.93400831324576283 1.3824195197629268 -0.15140866759932178 0 -0.46700415662288142 0.0004012815855098559 0 0.0013295191861921948 0.35136672849990619
1.0566977018865309 0.83333333333333326 -0.030014985586839057 0.0029717630128707952 -0.91771442354142563 1.3764865523073531 -0.15165485438469278 0 -0.45885721177071281 0.00041545924918414795 0 0.0012987837313615707 0.34676365595130459
1.0651641220281791 0.83333333333333326 -0.032799822047019714 0.0029702121906526697 -0.8972512638104635 1.369002909006463 -0.15192859817132992 0 -0.44862563190523175 0.00042670398910443774 0 0.0012623452206598389 0.34214867737820714
1.0735860692210983 0.83333333333333326 -0.035724771484537954 0.0029735986014609583 -0.87153748942093312 1.3595455794884796 -0.15222781189476262 0 -0.43576874471046656 0.00043525902230923412 0 0.0012205124619975576 0.33752912988850559
1.0819694129362265 0.83333333333333326 -0.038792317390392017 0.0029778965650821831 -0.83998228043474787 1.347854111497639 -0.15255023616388816 0 -0.41999114021737394 0.00043939486209842738 0 0.0011709645878706461 0.33291796491543857
1.0903266394261999 0.83333333333333326 -0.042004512312211958 0.002991153247233906 -0.80244760341711308 1.3338182544936421 -0.15289364733907962 0 -0.40122380170855654 0.00043944557221999904 0 0.0011167721833685335 0.32832760234713082
1.0986729657925149 0.83333333333333326 -0.045359785788310521 0.003006007965390042 -0.76117874702500177 1.3182152303146846 -0.15325584357995931 0 -0.38058937351250088 0.00043447550635353715 0 0.0010583440670448223 0.32377352572779772
1.107001577561435 0.83333333333333326 -0.048845285808694711 0.003013155851838849 -0.71940866163128669 1.3022308836822116 -0.15363393900936431 0 -0.35970433081564335 0.00042519953457717448 0 0.00099695827073184606 0.31927488724721392
1.1152897479104078 0.83333333333333326 -0.052448349745367939 0.0030119683217127622 -0.67618789507560018 1.2854821123376574 -0.15402478351068857 0 -0.33809394753780009 0.00041246175471295194 0 0.00093105732664417341 0.31484499145842099
1.1235300753917126 0.83333333333333326 -0.056169000916924623 0.0030157584147774887 -0.62896088702721098 1.2669308068417031 -0.1544254438317792 0 -0.31448044351360549 0.00039639384231934208 0 0.00086158509415911572 0.31049350002699388
1.131737723917432 0.83333333333333326 -0.060011680139643572 0.0030261441612204898 -0.57808852474129746 1.246641501111116 -0.15483375745850977 0 -0.28904426237064873 0.00037613734337768617 0 0.00078968513177613215 0.30623185880773574
1.139893751388847 0.83333333333333326 -0.0639570961259327 0.0030140948378283299 -0.52838503293902228 1.2264924113369844 -0.15524624913926888 0 -0.26419251646951114 0.00035110216661874674 0 0.00071471884619793012 0.30208995129792576
1.1479285912756994 0.83333333333333326 -0.067976388050580039 0.0029754373515136212 -0.47647150383297276 1.2050900247565086 -0.15565839542193105 0 -0.23823575191648638 0.00032175277754788769 0 0.00063162595544763065 0.29809059044673963
1.1558140478016039 0.83333333333333326 -0.072081994509174685 0.0029516278753518592 -0.4130333513933393 1.1784211402745277 -0.1560671892084339 0 -0.20651667569666965 0.00028633668291093238 0 0.00053812187920207629 0.29424227143876008
1.1635754241288576 0.83333333333333326 -0.076300421817994624 0.0029377310586127252 -0.33807907393668768 1.1461221601527665 -0.15647066160607903 0 -0.16903953696834384 0.00024101294071686771 0 0.00043418552486250076 0.29057617001479263
1.1711876105086372 0.83333333333333326 -0.080612945130083241 0.0028950924837761369 -0.25585199550951376 1.1096150322944998 -0.15686451356374403 0 -0.12792599775475688 0.00018539509203810095 0 0.00032061411028024543 0.2871478755053124
1.1785368433451788 0.83333333333333326 -0.084963000034837144 0.0027986471718877879 -0.16379911025848704 1.0672741954097764 -0.1572415405384385 0 -0.081899555129243518 0.00011881984026945982 0 0.00019600544310130472 0.28402301695763726
1.1855154471700535 0.83333333333333326 -0.089339896920040976 0.0026937487646731357 -0.015677660030638529 0.99540992316998089 -0.15759677942575878 0 -0.0078388300153192647 1.1500595816337021e-05 0 1.7709176678130275e-05 0.28125549313498199
1.1920227625777058 0.83333333333333326 -0.093580333965716134 0.0024842654549840732 0.14395904705178098 0.91164927717531441 -0.1579131038702799 0 0.071979523525890488 -9.7879653088877428e-05 -0 -0.00014964899780554137 0.2791773579738876
1.1977452154959538 0.83333333333333326 -0.097265977523383951 0.0020536345659487591 0.36722328784614922 0.77958992013670181 -0.15816532039325717 0 0.18361164392307461 -0.0002014714292564962 -0 -0.00031873494810493288 0.27797196179971984
1.2012610470204288 0.83333333333333326 -0.099485905624243254 0.0007183814698520734 0.54247669543885546 0.65761978469484406 -0.15830200042656281 0 0.27123834771942773 -0.00010379822781168522 -0 -0.00016490441099581597 0.2779116806188508
1.2001411442393453 1.1666666666666665 -0.099784159789142651 0.0013669896906639183 -0.32522506803878404 -1.1453390455003754 -0.11585999694058829 0 -0.16261253401939202 -2.9895762617163295e-05 -0 -0.0002202701415157008 0.53107190937802407
1.1953279575719831 1.1666666666666665 -0.098257623700580082 0.0020330838868118923 0.15722223460548701 -0.91070673482839803 -0.11571952528726931 0 0.078611117302743505 6.5549417836674283e-05 0 0.00014576235400032495 0.5318909170383771
1.1892223033436113 1.1666666666666665 -0.095497186507080695 0.0024340393542550869 0.32378750960346647 -0.81415942319479451 -0.11557215936224864 0 0.16189375480173324 0.00016293753945171189 0 0.00035879145533226691 0.53223120893718867
1.1823891933399708 1.1666666666666665 -0.092418695519260463 0.0025623583026815511 0.4118153336626672 -0.75819825443391653 -0.11541262197305241 0 0.2059076668313336 0.00021535470681733181 0 0.00048165738752211008 0.53212306372718488
1.1753131306913638 1.1666666666666665 -0.089349139204410663 0.0025800660900553805 0.45705970259041628 -0.7277762337783531 -0.11524778070305565 0 0.22852985129520814 0.00022864203542617576 0 0.00054348602916938558 0.5316195224030561
1.1680700523587131 1.1666666666666665 -0.086397942189822219 0.0026344182806355598 0.4805863230770111 -0.71145683423697126 -0.11507758226733718 0 0.24029316153850555 0.00023235718708754854 0 0.00058884678285045186 0.53082793829830976
1.1605924331157629 1.1666666666666665 -0.083509437373744555 0.0027097997010345019 0.49794776528694262 -0.69917846390734539 -0.11489869590740474 0 0.24897388264347131 0.00023869028926137769 0 0.00063103540420172694 0.52983608001815663
1.152955710810208 1.1666666666666665 -0.08066549012810445 0.0027229937168740848 0.51542948107563635 -0.68659409089371193 -0.11471300394550299 0 0.25771474053781818 0.0002415479687431009 0 0.00065887444017612596 0.52868222626626871
1.1452797786568585 1.1666666666666665 -0.07790795128804856 0.0027146029287864835 0.52994512510494785 -0.67597269125874559 -0.11452421389147675 0 0.26497256255247392 0.00023876425679322807 0 0.00067851112751107789 0.52737699097163737
1.1375921272453167 1.1666666666666665 -0.075262283605134261 0.0027056352909291532 0.54130624989631015 -0.66754907355272719 -0.11433277965039378 0 0.27065312494815508 0.00023348919307876191 0 0.0006940673299108863 0.52593874019212761
1.1298826960670283 1.1666666666666665 -0.072728545181008825 0.0027045760451131304 0.550185007864747 -0.66089900428873771 -0.11413806667982437 0 0.2750925039323735 0.00022735597304262455 0 0.00070841940468084326 0.52438419584593476
1.1221431800150796 1.1666666666666665 -0.070306809797670136 0.0027019391742814456 0.55646638154127426 -0.65616412906055055 -0.11393969542233717 0 0.27823319077063713 0.00021925311568088675 0 0.00071908618243994441 0.52272435479242529
1.1143356163922562 1.1666666666666665 -0.06798883215614504 0.0027277987145001657 0.55952920776851467 -0.65386150315862013 -0.1137362163896581 0 0.27976460388425733 0.00021186549907224557 0 0.00073314255113701677 0.52096660122300176
1.1064328298226749 1.1666666666666665 -0.065749653471867148 0.0027482005621217711 0.56342371495820986 -0.65091332786969314 -0.11352587653654782 0 0.28171185747910493 0.0002071953050028749 0 0.00074596032492606147 0.51912899818302627
1.0985053101077311 1.1666666666666665 -0.063593222425092244 0.0027289316290409382 0.56802475349240944 -0.64740706994009922 -0.11331077750666943 0 0.28401237674620472 0.00019941476508744563 0 0.0007489571475130239 0.51722539467437678
1.0905694717976031 1.1666666666666665 -0.061542983401923407 0.0027354856195284469 0.56898961856826746 -0.64669981276635702 -0.11309170438052175 0 0.28449480928413373 0.00018910140918163883 0 0.00075490718753967127 0.51525133145810742
1.0825658731837731 1.1666666666666665 -0.059582212909666032 0.0027581076908285884 0.57041423801924995 -0.6456369813079168 -0.1128656296148246 0 0.28520711900962498 0.00018324225970271215 0 0.00076499156631515907 0.51321775618183019
1.0745004604945598 1.1666666666666665 -0.057695950387690563 0.0027640029346593185 0.57106554491098138 -0.64517307857752559 -0.11263282722109326 0 0.28553277245549069 0.00017560835672828418 0 0.00076942805313229528 0.51112808526642639
1.0663980781478899 1.1666666666666665 -0.055888505231073596 0.0027704191695248803 0.57177557877076446 -0.64466431704236982 -0.11239368114591872 0 0.28588778938538223 0.00016865763427768862 0 0.00077386339771498276 0.50899331151472949
1.0582631930691395 1.1666666666666665 -0.054158888168837231 0.0027741364997622875 0.57167874337817315 -0.64478214668413791 -0.11214829441066727 0 0.28583937168908657 0.00016096603231427746 0 0.00077644795620231642 0.50681630615689621
1.0500825690865543 1.1666666666666665 -0.052503793634667811 0.0027901758346683026 0.57083398024341725 -0.6454806999147964 -0.11189587031739552 0 0.28541699012170862 0.00015419989222202282 0 0.00078129210833877648 0.50460018115849836
1.0418495611353349 1.1666666666666665 -0.050914032954489576 0.002799932251690358 0.56989808064918068 -0.64625022368259666 -0.111635871210884 0 0.28494904032459034 0.00014805344327848511 0 0.00078398065351847109 0.50235070941998172
1.0335757726494328 1.1666666666666665 -0.049384945336015312 0.0028093758310269532 0.56882790981310971 -0.64712372235508964 -0.1113686587518373 0 0.28441395490655486 0.00014215381367041716 0 0.00078627879788988422 0.50007358176910621
1.0252752419277655 1.1666666666666665 -0.047916373475824128 0.0028102924667954268 0.5675962205800964 -0.64812173630093239 -0.11109452891195114 0 0.2837981102900482 0.00013600593935332171 0 0.00078587369558167741 0.49777465488118755
1.0169413730658008 1.1666666666666665 -0.046508437266520403 0.0028243935467522343 0.56499912496999771 -0.65017019520840225 -0.11081332181949241 0 0.28249956248499886 0.00012977727874098559 0 0.00078726502288573659 0.495454520292547
1.0085561203235738 1.1666666666666665 -0.045148384382805481 0.0028388479918542977 0.56318089038590147 -0.65161615722770705 -0.11052372258431573 0 0.28159044519295073 0.00012595895803090262 0 0.0007894065250318267 0.49312043571521047
1.000149776333513 1.1666666666666665 -0.043835722579796677 0.0028333259318477069 0.56043762897336813 -0.65376779020098208 -0.11022725399081884 0 0.28021881448668406 0.00011987627919272854 0 0.00078484918241897316 0.49077634294441269
0.99170759398017316 1.1666666666666665 -0.042571149697502558 0.002857609812288108 0.55700206883749626 -0.65644106579507377 -0.10992296529993777 0 0.27850103441874813 0.0001156484828473005 0 0.00078739973033155656 0.48842521504879871
0.98321788755165329 1.1666666666666665 -0.041342435434582797 0.0028611770793670974 0.55383262594055649 -0.65890290165047782 -0.10960994597218025 0 0.27691631297027824 0.00011184359360422005 0 0.00078437285201246804 0.48607164118205254
0.97468743302655958 1.1666666666666665 -0.040143113484638039 0.0028817339090294225 0.55145744287157084 -0.66075608872349156 -0.10928837240650291 0 0.27572872143578542 0.00010909440072264133 0 0.00078705191237242705 0.4837152571528498
0.96613657717203894 1.1666666666666665 -0.038970764877638779 0.0028721710785480168 0.55182367194290916 -0.66053336482872771 -0.10895871697633806 0 0.27591183597145458 0.00010647638616638353 0 0.00078528028959266036 0.48135506559154645
0.95756160882059271 1.1666666666666665 -0.037827041945921375 0.002895113456858629 0.5552709623285802 -0.65797460294841059 -0.10862071416770012 0 0.2776354811642901 0.00010455049091605837 0 0.00079695763907834465 0.47896657619768096
0.94893771035138119 1.1666666666666665 -0.036699066620359579 0.0029031224535627596 0.56750416280616611 -0.64867024719931221 -0.10827163798621102 0 0.28375208140308306 0.00010652304994035218 0 0.00081685064362431936 0.47651711197962526
0.94032628027079168 1.1666666666666665 -0.035584205216093547 0.0028857446149378454 0.59009360103023845 -0.6310792401623776 -0.1079138156393224 0 0.29504680051511922 0.00010852767248412542 0 0.00084448463878997063 0.47395366524017235
0.93180570687333841 1.1666666666666665 -0.034494762961861297 0.0028408827194086319 0.62333642606073059 -0.60423241332631838 -0.10754889411389836 0 0.31166821303036529 0.00011172145282478488 0 0.00087833604916053671 0.47122206450691229
0.92359351737429707 1.1666666666666665 -0.033448328162723889 0.0026781786264093253 0.66469413367595898 -0.56904955181279282 -0.1071842987834534 0 0.33234706683797949 0.00011271897192244571 0 0.00088291868485274093 0.46832991903400445
0.91615670564815888 1.1666666666666665 -0.032494996410547143 0.0023202667926768279 0.70844319245522391 -0.52928441293623751 -0.10684015054050845 0 0.35422159622761196 0.00010498918342058659 0 0.00081515529418723428 0.46543003087156659
0.90999189285213999 1.1666666666666665 -0.031714178145712417 0.0018224543636086903 0.74473761236542302 -0.49387372816396441 -0.1065416738370647 0 0.37236880618271151 8.3467001097991441e-05 0 0.00067347261390185626 0.46278118700247206
0.90526181101140102 1.1666666666666665 -0.031134651517373609 0.0013545172740137739 0.77179173900705822 -0.4657346358421891 -0.10629915319458255 0 0.38589586950352911 6.2592176384848025e-05 0 0.00051894147037835452 0.46058847099306027
0.90174820370798447 1.1666666666666665 -0.030711497829804476 0.0010048136924392841 0.7898133561820373 -0.44601352319656018 -0.10610646042420872 0 0.39490667809101865 4.7350418302935258e-05 0 0.00039397238351295542 0.45887029076218733
0.89910328107242332 1.1666666666666665 -0.030380773790327244 0.00077222573771033387 0.80361228445743071 -0.4303051127841887 -0.10594916448163214 0 0.40180614222871536 4.0413616892370378e-05 0 0.00030764191598602151 0.45753388078733603
0.89703284333946653 1.1666666666666665 -0.030097687898209515 0.00062093225744760017 0.80504851176713843 -0.42866626025094468 -0.1058145810147684 0 0.40252425588356922 3.548011403367346e-05 0 0.00024740920054528798 0.45646716967191975
0.89535172751916403 1.1666666666666665 -0.029789421663611967 0.00051953040798950279 0.81928293874965052 -0.41176084549945496 -0.10568853941617089 0 0.40964146937482526 4.8078301549833453e-05 0 0.00020731941531769617 0.45561509127026267
0.8939535284507758 1.1666666666666665 -0.02938479987297242 0.00045246451777965668 0.84687994337857553 -0.37679618147963928 -0.10556843393641509 0 0.42343997168928776 6.4524239001921492e-05 0 0.00018039941640803344 0.45492160913550389
0.89277606974434098 1.1666666666666665 -0.028870690796752016 0.00040629275590664527 0.88552574452410171 -0.32148758922088139 -0.1054513416360557 0 0.44276287226205086 8.4283590757021731e-05 0 0.00015892505549744789 0.45433739601337919
0.89182062648313942 1.1666666666666665 -0.028224806223812966 0.00036743403850691958 0.94066385092714733 -0.21963814801004289 -0.10533391197316806 0 0.47033192546357366 0.0001129885008289565 0 0.00013076296991301593 0.45385847999871981
0.89113677700504024 1.1666666666666665 -0.027418539873801641 0.0003464322337311716 0.98858587264074216 -0.01852756067024669 -0.10521813938132589 0 0.49429293632037108 0.00014694315285723427 0 8.7923301919013531e-05 0.45351005665881311
0.89070210615648038 1.1666666666666665 -0.02648985752440472 0.00034074146845125542 0.9709681811840517 0.13409774161358934 -0.10511714660360304 0 0.48548409059202585 0.0001562492068871867 0 5.4327442784660998e-05 0.45325460692219444
0.89044619584671214 1.1666666666666665 -0.025525379572637757 0.00032646445466259305 0.90434435985987927 0.29090334413733709 -0.10502801773733893 0 0.45217217992993963 0.00014521203284477061 0 2.6543963433909633e-05 0.45302079992826466
0.89035083841508378 1.1666666666666665 -0.024794241989533932 0.00016635308204637994 0.8228195472866856 0.40763066527807601 -0.10496520108239484 0 0.4114097736433428 6.8409969545643953e-05 0 2.0029073540736162e-06 0.4528345541589443
0.89040674237629447 1.1666666666666665 -0.024032817773731313 0.00034392542947578309 0.73404421003992604 0.50492651417382439 -0.10490474366941036 0 0.36702210501996302 0.00012527723883370723 -0 -1.5465470108526887e-05 0.45270589109141907
0.89062834704382321 1.1666666666666665 -0.023016903109668807 0.00035214798946608017 0.57822407666232278 0.64092619469821377 -0.10483098915561503 0 0.28911203833116139 9.7124913281908053e-05 -0 -3.0529866248436838e-05 0.45254596733265862
0.89103199816754375 1.1666666666666665 -0.021998637772758924 0.00037988721841155271 0.4615610947380574 0.72626665362961174 -0.10476475116940882 0 0.2307805473690287 7.9134979779358819e-05 -0 -3.7733083740155428e-05 0.45242171785957486
0.89162116110677681 1.1666666666666665 -0.020963939900063341 0.00041581711266073601 0.33588746275625003 0.80817688556573175 -0.10470271668406723 0 0.16794373137812502 5.8259202026055863e-05 -0 -3.8505010348510702e-05 0.45231046548992054
0.89240961495805382 1.1666666666666665 -0.01991475816111668 0.00046057299217701808 0.23620461355605504 0.86766631011705797 -0.10464492692813318 0 0.11810230677802752 4.1637835260021929e-05 -0 -3.5001109024681717e-05 0.4522159082320355
0.89341390204746007 1.1666666666666665 -0.018859814019942515 0.00051212071882504118 0.13750516315884598 0.92279776445316108 -0.10459026131242934 0 0.068752581579422989 2.4114194727135844e-05 -0 -2.5655858177072086e-05 0.45212187485747135
0.89467288969105663 1.1666666666666665 -0.017814426432517058 0.00058064868070776621 0.067392269786011205 0.96004136776847526 -0.10453852106866607 0 0.033696134893005603 1.1665140441713524e-05 -0 -1.5707890963540403e-05 0.45203641782832693
0.89622532258267862 1.1666666666666665 -0.016774596972762266 0.00066630082088884679 0.027407554063755168 0.9806499685672363 -0.1044896410431355 0 0.013703777031877584 4.7556674390305086e-06 -0 -7.7946024724021437e-06 0.45197306841696344
0.89812120936205031 1.1666666666666665 -0.015732561218473246 0.00077722220012858357 -0.015407235721534018 1.002246980828007 -0.10444244895002575 0 -0.0077036178607670092 -2.678217971364381e-06 0 5.3550331983650728e-06 0.45190996417210333
0.90046632168568408 1.1666666666666665 -0.014687126326249316 0.00093590237000729082 -0.056754318162907103 1.0226709628614665 -0.10439549742641267 0 -0.028377159081453551 -9.9121253924755651e-06 0 2.4639205274378258e-05 0.45182946566842302
0.90339987559134372 1.1666666666666665 -0.013649881960676133 0.0011399979603560575 -0.097550813744135878 1.0424310020551366 -0.1043475907649984 0 -0.048775406872067939 -1.6690788990655041e-05 0 5.3039676596757555e-05 0.45170852523501137
0.90706950859445867 1.1666666666666665 -0.012653119698425315 0.0013966936017765586 -0.14433984277472334 1.0646416505730341 -0.1042976444597344 0 -0.072169921387361669 -2.3261185340621888e-05 0 9.8078588761680514e-05 0.45150494285145887
0.91167145559502072 1.1666666666666665 -0.011734281206095883 0.0017334415944441439 -0.2083790344464278 1.0943090641990356 -0.10424349599979293 0 -0.1041895172232139 -3.0240761203494479e-05 0 0.00017805668637906817 0.45113710004081203
0.91738238973173158 1.1666666666666665 -0.010927914262336231 0.0021128463342183395 -0.31198021518076757 1.1406692052185516 -0.10418243348494542 0 -0.15599010759038379 -3.8581084042267546e-05 0 0.00032731718188177113 0.45045817243715219
0.92414211050463424 1.1666666666666665 -0.010270309491161205 0.0024157287320443564 -0.47468446318849411 1.2098946452804662 -0.10411248969335579 0 -0.23734223159424706 -4.5349657935220793e-05 0 0.000571558161331049 0.44923054111315863
0.93161588142430751 1.1666666666666665 -0.0097923122200561027 0.0025775135194196675 -0.68276014032836407 1.293033997305522 -0.10403471603492472 0 -0.34138007016418204 -4.3557363128572117e-05 0 0.0008788329972510109 0.44724652040818519
0.93940808915355634 1.1666666666666665 -0.0095272652880769686 0.002620911668083203 -0.87405482151369518 1.3650085781397796 -0.10395385090756569 0 -0.43702741075684759 -2.1460651778418971e-05 0 0.0011452091767917448 0.4444839718428798
0.9473404368835725 1.1666666666666665 -0.0095101252800572147 0.0026680462970265118 -0.97984615332581337 1.4032306658503693 -0.10387421115437047 0 -0.48992307666290669 1.8459954072361842e-05 0 0.0013070070943354279 0.44115690751025621
0.95540214931268386 1.1666666666666665 -0.0097583556590727337 0.002709710529575248 -0.99533105550558343 1.4087430425745207 -0.10379834056219579 0 -0.49766552775279171 6.3605450912919184e-05 0 0.001347028661525412 0.4375673131978719
0.96358064453906467 1.1666666666666665 -0.010271961851588941 0.0027540089904595218 -0.97469872587751505 1.4014060561969968 -0.10372941497904539 0 -0.48734936293875752 0.000104583467463806 0 0.0013380836729987029 0.43390352262775189
0.9718635887596716 1.1666666666666665 -0.01103588825027679 0.0027919231139796508 -0.96145695274279674 1.3966779456956786 -0.10367096387174068 0 -0.48072847637139837 0.00014166480075315145 0 0.0013346596377029126 0.43017732397212127
0.98021029299967322 1.1666666666666665 -0.012029902764640346 0.0028123214543441053 -0.96535370138731458 1.3980755830042129 -0.10362608549368682 0 -0.48267685069365729 0.00017761956739501949 0 0.0013457716481173579 0.42635220777309091
0.98857597936802444 1.1666666666666665 -0.013244612976067034 0.0028237607471675395 -0.97530480718286383 1.4016320618921299 -0.10359715371997638 0 -0.48765240359143192 0.00021545372215429941 0 0.0013600538468565811 0.42239593872983355
0.99695658355037398 1.1666666666666665 -0.014680880392702276 0.0028452121631351202 -0.98038042605661979 1.4034423480754632 -0.10358572143423207 0 -0.4901902130283099 0.00025278784798779547 0 0.0013715950142363473 0.41830653605285983
1.0053787090410431 1.1666666666666665 -0.016336400484973784 0.0028773805610112033 -0.97648483813005282 1.402053261413553 -0.10359290656059404 0 -0.48824241906502641 0.00028708003957301923 0 0.0013752143654892281 0.41409158050341899
1.0138636800766103 1.1666666666666665 -0.018201331923037752 0.0029146063842017487 -0.96502929313658892 1.3979600553635021 -0.10361938401989752 0 -0.48251464656829446 0.00031619230350861947 0 0.0013703340397224681 0.40977043553348774
1.0224156650912091 1.1666666666666665 -0.020258640484720439 0.0029496199595978223 -0.9492125184632163 1.3922880339841437 -0.1036655626897587 0 -0.47460625923160815 0.00033993108387748831 0 0.0013580094009848674 0.40536497939080202
1.0310147188869105 1.1666666666666665 -0.022485303819031105 0.0029723502622508811 -0.93397682946153937 1.3868008579467557 -0.10373143139705364 0 -0.46698841473076969 0.00035874242698932742 0 0.0013408935014363617 0.40090084843065676
1.0396165107734936 1.1666666666666665 -0.024858330024029797 0.0029765756377465214 -0.92091813506014142 1.3820782437990253 -0.10381648750339852 0 -0.46045906753007071 0.00037472773352239343 0 0.0013183700087578483 0.39639657786732385
1.0481816235991612 1.1666666666666665 -0.027367951583473236 0.0029737589321157843 -0.90648577526859175 1.3768392849364708 -0.10391996306879425 0 -0.45324288763429588 0.00038945697161712225 0 0.001290342080619983 0.39186359308336965
1.0566977018865309 1.1666666666666665 -0.030014985586839057 0.0029717630128707939 -0.88808148241887519 1.3701302771292521 -0.10404088673494742 0 -0.44404074120943759 0.00040204409611029274 0 0.0012568460862128271 0.38731385090026155
1.0651641220281791 1.1666666666666665 -0.032799822047019714 0.0029702121906526689 -0.86567866153572393 1.3619197973793742 -0.10417834247984757 0 -0.43283933076786196 0.00041168906978314809 0 0.0012179256414484902 0.382758874448486
1.0735860692210983 1.1666666666666665 -0.035724771484537954 0.0029735986014609575 -0.83821842238215849 1.3517889497141935 -0.10433148044936479 0 -0.41910921119107925 0.00041861897558767699 0 0.0011738520061519047 0.37820560499953382
1.0819694129362265 1.1666666666666665 -0.038792317390392017 0.0029778965650821823 -0.80514203085928804 1.3394856945697839 -0.10449930574980638 0 -0.40257101542964402 0.00042116992210354938 0 0.0011223960651342807 0.37366656594169095
1.0903266394261999 1.1666666666666665 -0.042004512312211958 0.0029911532472339051 -0.76632837796233266 1.324903881319293 -0.10468086371159298 0 -0.38316418898116633 0.00041966554716848332 0 0.0010665047938206724 0.36915372195032026
1.0986729657925149 1.1666666666666665 -0.045359785788310521 0.0030060079653900407 -0.72400014613817465 1.3088167640037469 -0.10487528021862448 0 -0.36200007306908732 0.00041325422093410884 0 0.0010066508848279143 0.36468215066645587
1.107001577561435 1.1666666666666665 -0.048845285808694711 0.0030131558518388477 -0.6813428223933895 1.2924011603626868 -0.10508122137932203 0 -0.34067141119669475 0.00040270108829694462 0 0.00094420653825406692 0.36027042016021316
1.1152897479104078 1.1666666666666665 -0.052448349745367939 0.0030119683217127613 -0.63741600848856073 1.2752758474965968 -0.10529729949242474 0 -0.31870800424428036 0.00038881164134700066 0 0.00087767150099190519 0.3559312038774069
1.1235300753917126 1.1666666666666665 -0.056169000916924623 0.0030157584147774874 -0.5897086904825406 1.2564130582607831 -0.10552211860234147 0 -0.2948543452412703 0.00037165569193711826 0 0.0008078152840589384 0.35167355162517905
1.131737723917432 1.1666666666666665 -0.060011680139643572 0.0030261441612204889 -0.53856580801208565 1.2358728616350358 -0.1057548007709969 0 -0.26928290400604282 0.00035042161120630747 0 0.00073569599268636103 0.34750849063305689
1.139893751388847 1.1666666666666665 -0.0639570961259327 0.0030140948378283286 -0.48869864608829783 1.2155097684563625 -0.10599362657942102 0 -0.24434932304414891 0.00032473129019354869 0 0.00066103714279701646 0.34346516073716238
1.1479285912756994 1.1666666666666665 -0.067976388050580039 0.0029754373515136203 -0.43674838717292186 1.1939272328157238 -0.10623629282834755 0 -0.21837419358646093 0.0002949284595867645 0 0.00057896771395380612 0.33956538035336803
1.1558140478016039 1.1666666666666665 -0.072081994509174685 0.0029516278753518579 -0.3735696217353921 1.1671466730466391 -0.10648129099308462 0 -0.18678481086769605 0.00025897832696357133 0 0.00048670642741781186 0.335816993341085
1.1635754241288576 1.1666666666666665 -0.076300421817994624 0.0029377310586127239 -0.29919923176188501 1.1348164676798802 -0.10672776791652895 0 -0.1495996158809425 0.00021329591881414045 0 0.00038425322800463821 0.33225078402218483
1.1711876105086372 1.1666666666666665 -0.080612945130083241 0.0028950924837761361 -0.21777675561279852 1.0983321135783115 -0.1069734728584493 0 -0.10888837780639926 0.00015780506839585101 0 0.0002729011380250091 0.32892138116638991
1.1785368433451788 1.1666666666666665 -0.084963000034837144 0.002798647171887787 -0.12670578661731446 1.0560354593539985 -0.10721424907307744 0 -0.063352893308657232 9.1912351070328824e-05 0 0.00015161879579342393 0.32589271034651801
1.1855154471700535 1.1666666666666665 -0.089339896920040976 0.0026937487646731349 0.019428170923739274 0.98439161690581778 -0.10744753902165653 0 0.0097140854618696371 -1.4251842482103891e-05 -0 -2.194568007910803e-05 0.32321757400419393
1.1920227625777058 1.1666666666666665 -0.093580333965716134 0.0024842654549840724 0.17622764907802657 0.90121098186059789 -0.10766205039767032 0 0.088113824539013286 -0.00011981950082110014 -0 -0.00018319300947211323 0.3212235752666836
1.1977452154959538 1.1666666666666665 -0.097265977523383951 0.0020536345659487583 0.395374838283721 0.77006228691239409 -0.10783893541542727 0 0.1976874191418605 -0.00021691634598743106 -0 -0.0003431693542680628 0.32008687722382367
1.2012610470204288 1.1666666666666665 -0.099485905624243254 0.00071838146985207319 0.56743041893967416 0.64878264785539408 -0.10793820872179427 0 0.28371520946983708 -0.00010857290716374913 -0 -0.00017248995174006117 0.32006477660759297
1.2001411442393453 1.5 -0.099784159789142651 0.0013669896906639183 -0.29904371719020073 -1.1366355433493929 -0.084281426097516779 0 -0.14952185859510037 -2.748908635851594e-05 -0 -0.00020253789876065607 0.56331947428581031
1.1953279575719831 1.5 -0.098257623700580082 0.0020330838868118923 0.17684551932543868 -0.90336550900305479 -0.084173854718748678 0 0.088422759662719341 7.3730798114494389e-05 0 0.00016395530349742448 0.56409797331465339
1.1892223033436113 1.5 -0.095497186507080695 0.0024340393542550865 0.34040136644558538 -0.80779501439113366 -0.084058600269351871 0 0.17020068322279269 0.00017129802549384812 0 0.0003772013991944187 0.56439513062788804
1.1823891933399708 1.5 -0.092418695519260463 0.0025623583026815511 0.42761536501043185 -0.75189093490214365 -0.083932454995362407 0 0.21380768250521592 0.00022361717506575723 0 0.00050013703410070381 0.56423989838068733
1.1753131306913638 1.5 -0.089349139204410663 0.0025800660900553805 0.47258682890588899 -0.72138096339254387 -0.083801412571365946 0 0.23629341445294449 0.0002364094096772162 0 0.00056194921062638207 0.56368751324954547
1.1680700523587131 1.5 -0.086397942189822219 0.0026344182806355598 0.49609549851679902 -0.70491456146053966 -0.083665778691744921 0 0.24804774925839951 0.00023985567009922372 0 0.00060784967083093013 0.56284541262552723
1.1605924331157629 1.5 -0.083509437373744555 0.0027097997010345019 0.51349471911579481 -0.69248044827108823 -0.083523108457946763 0 0.2567473595578974 0.00024614269123049507 0 0.00065073762796377535 0.56180042562198873
1.152955710810208 1.5 -0.08066549012810445 0.0027229937168740852 0.53095721732656642 -0.67977304947870709 -0.083374959525344475 0 0.26547860866328321 0.00024882479959639932 0 0.00067872357357878592 0.56059140693313636
1.1452797786568585 1.5 -0.07790795128804856 0.0027146029287864835 0.54545396379466116 -0.66904389258790553 -0.083224431485964451 0 0.27272698189733058 0.00024575169033692212 0 0.00069836774874834444 0.55923011667505906
1.1375921272453167 1.5 -0.075262283605134261 0.0027056352909291532 0.55683512956973713 -0.66050277174044447 -0.083072010650117184 0 0.27841756478486857 0.00024018748186641252 0 0.0007139785872693732 0.55773507870204597
1.1298826960670283 1.5 -0.072728545181008825 0.0027045760451131304 0.56576442995139486 -0.65372800094289463 -0.082917252920075915 0 0.28288221497569743 0.00023379394321141974 0 0.00072847950221553996 0.5561228542417912
1.1221431800150796 1.5 -0.070306809797670136 0.0027019391742814456 0.57213201029928107 -0.64885960075459082 -0.082759943265519456 0 0.28606600514964053 0.00022542552434424518 0 0.00073932988008779761 0.55440434680035955
1.1143356163922562 1.5 -0.06798883215614504 0.0027277987145001657 0.57534089984474857 -0.6464027397075951 -0.082599020900773992 0 0.28767044992237428 0.00021785258962336813 0 0.00075386036909114032 0.55258652730496716
1.1064328298226749 1.5 -0.065749653471867148 0.0027482005621217716 0.57937735772745302 -0.64329419081923966 -0.08243316280943376 0 0.28968867886372651 0.00021306215049006822 0 0.00076708258909057524 0.55068696599849198
1.0985053101077311 1.5 -0.063593222425092244 0.0027289316290409387 0.58409142619489374 -0.63964146266557509 -0.082264044661990124 0 0.29204571309744687 0.000205055244209181 0 0.00077014152246023101 0.54872014212614595
1.0905694717976031 1.5 -0.061542983401923407 0.0027354856195284469 0.58523398753034428 -0.63876979444090554 -0.082092400254706516 0 0.29261699376517214 0.00019450015981214202 0 0.00077645941008702669 0.54668185295887473
1.0825658731837731 1.5 -0.059582212909666032 0.0027581076908285884 0.58685212943977971 -0.63752463490082156 -0.081915874253983903 0 0.29342606471988986 0.0001885228368129631 0 0.00078703668277013293 0.54458215215951322
1.0745004604945598 1.5 -0.057695950387690563 0.0027640029346593185 0.58770262539376561 -0.6368805368468311 -0.081734670684640534 0 0.2938513126968828 0.00018072442508571481 0 0.00079184410775115597 0.54242455629703135
1.0663980781478899 1.5 -0.055888505231073596 0.0027704191695248803 0.58861404044342114 -0.6361884094829422 -0.081549170419711353 0 0.29430702022171057 0.00017362450452543731 0 0.00079665322933092852 0.54022017575899317
1.0582631930691395 1.5 -0.054158888168837231 0.0027741364997622875 0.5887348774065031 -0.63611772693821989 -0.081359449779660933 0 0.29436743870325155 0.00016576848168459564 0 0.00079961341505557489 0.53797191958653701
1.0500825690865543 1.5 -0.052503793634667811 0.002790175834668303 0.58812905143612049 -0.63661857245724585 -0.081164904770337457 0 0.29406452571806024 0.00015887182522914662 0 0.00080496361897704368 0.53568266354035898
1.0418495611353349 1.5 -0.050914032954489576 0.0027999322516903584 0.58743480189528774 -0.63718901432963371 -0.080965166104578892 0 0.29371740094764387 0.00015260929642567164 0 0.00080810505514381653 0.5333580387062764
1.0335757726494328 1.5 -0.049384945336015312 0.0028093758310269532 0.58660962324303778 -0.63786215069876917 -0.080760469679805838 0 0.29330481162151889 0.00014659758011375013 0 0.00081085808455797306 0.53100383930262829
1.0252752419277655 1.5 -0.047916373475824128 0.0028102924667954272 0.58562507542075959 -0.63865989344857765 -0.080551009177364588 0 0.29281253771037979 0.0001403259669524538 0 0.00081083581172518727 0.52862598519348625
1.0169413730658008 1.5 -0.046508437266520403 0.0028243935467522348 0.58330530445771478 -0.64050035909658454 -0.080336701073864619 0 0.29165265222885739 0.00013398211031162942 0 0.00081277269922791376 0.52622504418143146
1.0085561203235738 1.5 -0.045148384382805481 0.0028388479918542982 0.58175670630905285 -0.64173564585848963 -0.080116505949363107 0 0.29087835315452643 0.00013011355641695714 0 0.00081544411002068865 0.52380788390594601
1.000149776333513 1.5 -0.043835722579796677 0.0028333259318477073 0.57929380364787664 -0.64367968180091872 -0.079891573953649084 0 0.28964690182393832 0.00012390957021911618 0 0.00081125578417401108 0.52137886532202904
0.99170759398017316 1.5 -0.042571149697502558 0.0028576098122881084 0.57616768938200202 -0.64613187521018844 -0.079661223034569614 0 0.28808384469100101 0.00011962777675445797 0 0.00081449299495780266 0.51894070964067218
0.98321788755165329 1.5 -0.041342435434582797 0.0028611770793670974 0.57331347936821275 -0.64836582550503186 -0.0794246620953835 0 0.28665673968410638 0.00011577764976446516 0 0.000811962870814155 0.5164977170354863
0.97468743302655958 1.5 -0.040143113484638039 0.002881733909029423 0.57124447021020885 -0.64998902371829037 -0.079182061324108682 0 0.28562223510510443 0.0001130088530842789 0 0.0008152923829805415 0.51404958473983087
0.96613657717203894 1.5 -0.038970764877638779 0.0028721710785480168 0.57187856920901403 -0.64953128104147662 -0.078933806063082243 0 0.28593928460450702 0.0001103460515946797 0 0.00081381968783454509 0.51159545743063095
0.95756160882059271 1.5 -0.037827041945921375 0.0028951134568586294 0.5755773874782435 -0.64670868417308258 -0.078679669145698947 0 0.28778869373912175 0.00010837393363534682 0 0.00082610261827468221 0.50911076371915998
0.94893771035138119 1.5 -0.036699066620359579 0.0029031224535627596 0.58793802360469349 -0.63711275070550311 -0.078417595498548098 0 0.29396901180234675 0.00011035857629764376 0 0.00084626260822114638 0.50656204620890366
0.94032628027079168 1.5 -0.035584205216093547 0.0028857446149378459 0.61048212947960345 -0.61920153597579741 -0.07814939773030756 0 0.30524106473980173 0.00011227744969594877 0 0.00087366272011971352 0.50389698004938988
0.93180570687333841 1.5 -0.034494762961861297 0.0028408827194086324 0.64351301136790195 -0.59196475206075749 -0.077876318285752949 0 0.32175650568395098 0.00011533773021419704 0 0.00090676663894051675 0.50106186481850179
0.92359351737429707 1.5 -0.033448328162723889 0.0026781786264093253 0.68450261900937148 -0.55630477563690217 -0.077603979242075086 0 0.34225130950468574 0.00011607809905927644 0 0.00090923045884535973 0.49806642909127241
0.91615670564815888 1.5 -0.032494996410547143 0.0023202667926768275 0.72778572039702583 -0.51597642147209166 -0.077347346999289898 0 0.36389286019851291 0.00010785568878830949 0 0.00083741136810062825 0.49506916510853521
0.90999189285213999 1.5 -0.031714178145712417 0.0018224543636086901 0.76379375131082861 -0.47985201586002119 -0.077125168163482277 0 0.3818968756554143 8.5602731513469886e-05 0 0.00069070524388233588 0.49233597383720407
0.90526181101140102 1.5 -0.031134651517373609 0.0013545172740137739 0.79085805066614923 -0.45080087600159524 -0.076944912307735758 0 0.39542902533307461 6.4138450958750134e-05 0 0.00053176137930843726 0.4900748005049918
0.90174820370798447 1.5 -0.030711497829804476 0.0010048136924392841 0.80926177412552736 -0.42992987707977104 -0.076801866309651662 0 0.40463088706276368 4.851637823226103e-05 0 0.00040367358635129646 0.48830227583643576
0.89910328107242332 1.5 -0.030380773790327244 0.00077222573771033377 0.82369157686133199 -0.41282902305228941 -0.076685206294045585 0 0.41184578843066599 4.1423403385653046e-05 0 0.00031532874719337464 0.48692153352390083
0.89703284333946653 1.5 -0.030097687898209515 0.00062093225744760017 0.82678073280011866 -0.40908914798627649 -0.076585482956913961 0 0.41339036640005933 3.6437896911580532e-05 0 0.00025408799238609372 0.48581691939946309
0.89535172751916403 1.5 -0.029789421663611967 0.00051953040798950268 0.84230299025152799 -0.38967416921697939 -0.076492166876935011 0 0.421151495125764 4.9429196247444324e-05 0 0.00021314463563198223 0.48492936914756718
0.8939535284507758 1.5 -0.02938479987297242 0.00045246451777965663 0.87005628048029038 -0.35228718224841554 -0.076403277044778992 0 0.43502814024014519 6.6290056608103314e-05 0 0.00018533635902937522 0.4842020865179012
0.89277606974434098 1.5 -0.028870690796752016 0.00040629275590664527 0.90757962763904731 -0.29427223175504902 -0.076316616662791284 0 0.45378981381952366 8.6382660683060087e-05 0 0.00016288305967705597 0.48358492407045217
0.89182062648313942 1.5 -0.028224806223812966 0.00036743403850691964 0.95813122755558866 -0.18988890156379518 -0.076229767855521199 0 0.47906561377779433 0.0001150866070724537 0 0.00013319113385518608 0.48307299612783922
0.89113677700504024 1.5 -0.027418539873801641 0.0003464322337311716 0.99408821498912547 0.010669976623129351 -0.076144183032825552 0 0.49704410749456274 0.00014776101962546103 0 8.8412671756219857e-05 0.48269203125494403
0.89070210615648038 1.5 -0.02648985752440472 0.00034074146845125547 0.96847084303060627 0.16044492033249749 -0.07606960305465163 0 0.48423542151530313 0.00015584733264108205 0 5.4187712154683194e-05 0.48240821715285709
0.89044619584671214 1.5 -0.025525379572637757 0.00032646445466259305 0.89481601828967094 0.31528938474548729 -0.076003852383554657 0 0.44740800914483547 0.00014368205166673389 0 2.6264291263161977e-05 0.4821493968396543
0.89035083841508378 1.5 -0.024794241989533932 0.00016635308204637994 0.80874485354842662 0.43068038633411532 -0.075957562353399177 0 0.40437242677421331 6.7239786638378769e-05 0 1.9686467343695118e-06 0.48194554161519143
0.89040674237629447 1.5 -0.024032817773731313 0.00034392542947578314 0.71742736255189121 0.52612721158639064 -0.075913073158963049 0 0.35871368127594561 0.0001224412887057053 -0 -1.5115372178989139e-05 0.48179993923018893
0.89062834704382321 1.5 -0.023016903109668807 0.00035214798946608017 0.55951116393729172 0.65934382204280295 -0.075858818845911974 0 0.27975558196864586 9.3981685424359069e-05 -0 -2.9541836268932016e-05 0.48161936789736032
0.89103199816754375 1.5 -0.021998637772758924 0.00037988721841155265 0.44363371862145107 0.74203712456789517 -0.075810204732337585 0 0.22181685931072553 7.6061318323360824e-05 -0 -3.6267502710989464e-05 0.48147660568612588
0.89162116110677681 1.5 -0.020963939900063341 0.00041581711266073607 0.31916959511628851 0.82163867072252372 -0.07576476527407526 0 0.15958479755814425 5.5359511694392082e-05 -0 -3.6588530164345892e-05 0.48134803922021713
0.89240961495805382 1.5 -0.01991475816111668 0.00046057299217701803 0.22150074537900688 0.87907073358597376 -0.075722519593652296 0 0.11075037268950344 3.9045856925544063e-05 -0 -3.2822270578635546e-05 0.48123737622280027
0.89341390204746007 1.5 -0.018859814019942515 0.00051212071882504129 0.12479962769171826 0.93245509640519986 -0.07568266311547979 0 0.062399813845859131 2.1886032894311332e-05 -0 -2.3285245986809638e-05 0.48112813398847237
0.89467288969105663 1.5 -0.017814426432517058 0.00058064868070776621 0.057052689723730898 0.96810388971996386 -0.075645019567352659 0 0.028526344861865449 9.8754299316235863e-06 -0 -1.3297926189497316e-05 0.48102831572305982
0.89622532258267862 1.5 -0.016774596972762266 0.00066630082088884679 0.019457333029401447 0.98733270057178824 -0.07560955860351308 0 0.0097286665147007234 3.3761715811286526e-06 -0 -5.5335903300429303e-06 0.48095142365216959
0.89812120936205031 1.5 -0.015732561218473246 0.00077722220012858357 -0.021420308482786199 1.007823726266849 -0.075575427596472622 0 -0.010710154241393099 -3.7234618959315198e-06 0 7.4449735901827524e-06 0.48087527767605143
0.90046632168568408 1.5 -0.014687126326249316 0.00093590237000729082 -0.061147412795780065 1.0273465236978365 -0.075541598088409087 0 -0.030573706397890033 -1.0679378110357881e-05 0 2.6546414522112117e-05 0.480781836732737
0.90339987559134372 1.5 -0.013649881960676133 0.0011399979603560573 -0.10061264111784629 1.0463800957112082 -0.075507194473434472 0 -0.050306320558923145 -1.7214662781748698e-05 0 5.4704432916706359e-05 0.48064772501922937
0.90706950859445867 1.5 -0.012653119698425315 0.0013966936017765586 -0.14641651668572497 1.0680452121315482 -0.075471461683215821 0 -0.073208258342862487 -2.3595853134401019e-05 0 9.9489683873008348e-05 0.48043044544442032
0.91167145559502072 1.5 -0.011734281206095883 0.0017334415944441441 -0.20986690351289528 1.0973498969053057 -0.075432799728037334 0 -0.10493345175644764 -3.0456686444057379e-05 0 0.00017932804765802271 0.48004778005921717
0.91738238973173158 1.5 -0.010927914262336231 0.002112846334218339 -0.31334179014285857 1.1435288555691341 -0.075389300458388542 0 -0.15667089507142928 -3.8749463431363872e-05 0 0.00032874569195332859 0.47935214894524092
0.92414211050463424 1.5 -0.010270309491161205 0.0024157287320443564 -0.47637970523891604 1.212725720009026 -0.075339453591763014 0 -0.23818985261945802 -4.5511615304938848e-05 0 0.00057359936871087742 0.4781053874582411
0.93161588142430751 1.5 -0.0097923122200561027 0.0025775135194196675 -0.68499030265199701 1.2958868148018854 -0.075283901829149485 0 -0.3424951513259985 -4.3699638555077571e-05 0 0.0008817036104041045 0.47610004622108865
0.93940808915355634 1.5 -0.0095272652880769686 0.002620911668083203 -0.876633689250093 1.3678358014640857 -0.075225723547171358 0 -0.4383168446250465 -2.1523970669993284e-05 0 0.0011485880758318992 0.47331520700102186
0.9473404368835725 1.5 -0.0095101252800572147 0.0026680462970265122 -0.98236777557059241 1.405957896077892 -0.075167612884937618 0 -0.4911838877852962 1.8507460541278901e-05 0 0.0013103706613117067 0.46996597239110266
0.95540214931268386 1.5 -0.0097583556590727337 0.0027097105295752484 -0.99737761943725456 1.4112887545643205 -0.075111055627941972 0 -0.49868880971862728 6.3736234154310119e-05 0 0.0013497983734301663 0.4663549365787476
0.96358064453906467 1.5 -0.010271961851588941 0.0027540089904595218 -0.97593607515621228 1.4036745951604108 -0.075058017942582891 0 -0.48796803757810614 0.00010471623287592192 0 0.0013397823280022075 0.46267122320165288
0.9718635887596716 1.5 -0.01103588825027679 0.0027919231139796508 -0.96165103127301665 1.3985794289965532 -0.075010746301392026 0 -0.48082551563650833 0.00014169339703740073 0 0.0013349290504728658 0.45892752811980131
0.98021029299967322 1.5 -0.012029902764640346 0.0028123214543441053 -0.96433539879449715 1.3995408879475357 -0.074971339574002469 0 -0.48216769939724857 0.00017743220553402127 0 0.0013443520619525683 0.45508814391376912
0.98857597936802444 1.5 -0.013244612976067034 0.0028237607471675395 -0.97293023663862077 1.4026097190986349 -0.07494139396000972 0 -0.48646511831931039 0.00021492915787602737 0 0.0013567425294309461 0.45112146137608361
0.99695658355037398 1.5 -0.014680880392702276 0.0028452121631351206 -0.97653259214825194 1.4038943274492217 -0.074922022824729817 0 -0.48826629607412597 0.00025179569675011401 0 0.0013662117266226249 0.44702592001511399
1.0053787090410431 1.5 -0.016336400484973784 0.0028773805610112033 -0.97109837996927983 1.4019580150028341 -0.074913978259020658 0 -0.48554918998463992 0.00028549645674451948 0 0.0013676284467401087 0.44280942426998426
1.0138636800766103 1.5 -0.018201331923037752 0.0029146063842017487 -0.95809197125280243 1.3973114525411419 -0.074917793948878139 0 -0.47904598562640122 0.00031391928671812837 0 0.0013604830969692532 0.43849152207407383
1.0224156650912091 1.5 -0.020258640484720439 0.0029496199595978228 -0.94073936986915996 1.3910874478108621 -0.074933853579153012 0 -0.47036968493457998 0.00033689668796571109 0 0.0013458871257063035 0.43409422308107842
1.0310147188869105 1.5 -0.022485303819031105 0.0029723502622508806 -0.9239954213273236 1.3850545405528942 -0.074962263980850735 0 -0.4619977106636618 0.00035490854753334134 0 0.0013265633758056537 0.42964320729895955
1.0396165107734936 1.5 -0.024858330024029797 0.0029765756377465218 -0.90945988173408954 1.3797950711965936 -0.07500295484630326 0 -0.45472994086704477 0.00037006529379454901 0 0.001301966577266264 0.42515693799308324
1.0481816235991612 1.5 -0.027367951583473236 0.0029737589321157847 -0.89360517184032018 1.3740348663776669 -0.075055698110318536 0 -0.44680258592016009 0.00038392302840407032 0 0.0012720071159898407 0.42064670387910236
1.0566977018865309 1.5 -0.030014985586839057 0.0029717630128707944 -0.87385545252373475 1.3668256822295395 -0.075119950222885548 0 -0.43692772626186738 0.00039560381845147767 0 0.0012367128773237575 0.41612424710793622
1.0651641220281791 1.5 -0.032799822047019714 0.0029702121906526689 -0.85018927029260261 1.3581365676989829 -0.075195304184692655 0 -0.4250946351463013 0.00040432281096711658 0 0.0011961335751730449 0.41160090569810553
1.0735860692210983 1.5 -0.035724771484537954 0.0029735986014609579 -0.82156829880528859 1.347553716257635 -0.075281343010908178 0 -0.41078414940264429 0.00041030365169471235 0 0.0011505349560352526 0.40708345018808212
1.0819694129362265 1.5 -0.038792317390392017 0.0029778965650821827 -0.78744961548315406 1.3348287668259864 -0.075377574496466995 0 -0.39372480774157703 0.00041191501685678528 0 0.0010977322211914915 0.40258416874864283
1.0903266394261999 1.5 -0.042004512312211958 0.0029911532472339051 -0.74771667510582795 1.3198556378099537 -0.07548357733380312 0 -0.37385833755291398 0.00040947319270579087 0 0.0010406027511866674 0.39811484482152615
1.0986729657925149 1.5 -0.045359785788310521 0.0030060079653900411 -0.70458867410651194 1.3034084068779221 -0.075598935088193986 0 -0.35229433705325597 0.00040217428843075545 0 0.00097966114511485606 0.39369037920688071
1.107001577561435 1.5 -0.048845285808694711 0.0030131558518388473 -0.66122280114152243 1.2866580093023747 -0.075722970356245298 0 -0.33061140057076122 0.00039080934424624343 0 0.00091632416393170994 0.38932903483342862
1.1152897479104078 1.5 -0.052448349745367939 0.0030119683217127609 -0.61668335403120067 1.2692239265832597 -0.075854981509277344 0 -0.30834167701560034 0.000376165116468906 0 0.00084912427325552447 0.38504319112003749
1.1235300753917126 1.5 -0.056169000916924623 0.0030157584147774879 -0.56848589182684695 1.2500843032390403 -0.075994253876264184 0 -0.28424294591342347 0.00035828031855951079 0 0.00077874313131425649 0.38084157909522154
1.131737723917432 1.5 -0.060011680139643572 0.0030261441612204894 -0.51696738142661225 1.2292965552933182 -0.076140400383727255 0 -0.25848369071330612 0.00033636844382915965 0 0.00070619193644871241 0.37673505932173368
1.139893751388847 1.5 -0.0639570961259327 0.003014094837828329 -0.46677931508188775 1.2087012775865769 -0.076292441581487805 0 -0.23338965754094387 0.00031016629662365669 0 0.00063138800818926186 0.37275236901753978
1.1479285912756994 1.5 -0.067976388050580039 0.0029754373515136208 -0.4145747766335055 1.1868994520449383 -0.076449116207649562 0 -0.20728738831675275 0.00027995501265042202 0 0.00054957366241029115 0.36891478566563801
1.1558140478016039 1.5 -0.072081994509174685 0.0029516278753518583 -0.35131614732389793 1.1599341035729493 -0.076609547005033043 0 -0.17565807366194897 0.00024355103513656737 0 0.00045771341407230021 0.36522979876748318
1.1635754241288576 1.5 -0.076300421817994624 0.0029377310586127243 -0.2770598853668873 1.1274598617203866 -0.076773338968250435 0 -0.13852994268344365 0.00019751301655380411 0 0.0003558202829462732 0.36172801529247861
1.1711876105086372 1.5 -0.080612945130083241 0.0028950924837761365 -0.19588517705214348 1.0908554152391465 -0.076939197393609229 0 -0.097942588526071739 0.0001419420253344533 0 0.0002454682897141054 0.35846352407761195
1.1785368433451788 1.5 -0.084963000034837144 0.0027986471718877875 -0.10516226129752093 1.0484355834420682 -0.077104401106623033 0 -0.052581130648760466 7.6284682316210575e-05 0 0.0001258393625620306 0.35549918300635558
1.1855154471700535 1.5 -0.089339896920040976 0.0026937487646731349 0.039948787334521452 0.97677067417543961 -0.077267475281231526 0 0.019974393667260726 -2.9305065653246116e-05 -0 -4.5125365111982164e-05 0.35288718581608636
1.1920227625777058 1.5 -0.093580333965716134 0.0024842654549840724 0.19509787035962256 0.89381665083153994 -0.077420438752738199 0 0.09754893517981128 -0.0001326496129299182 -0 -0.00020280907224129715 0.35095205823900116
1.1977452154959538 1.5 -0.097265977523383951 0.0020536345659487587 0.41160465464921192 0.76313923433598652 -0.07754904491914992 0 0.20580232732460596 -0.00022582058601780698 -0 -0.00035725617786617467 0.3498645854100047
1.2012610470204288 1.5 -0.099485905624243254 0.00071838146985207319 0.58150639521243841 0.64223697157330129 -0.077622658624374369 0 0.2907531976062192 -0.00011126622358474355 -0 -0.00017676882785763054 0.34987048643338031
1.2001411442393453 1.8333333333333333 -0.099784159789142651 0.0013669896906639192 -0.28080513915372673 -1.1299611921965642 -0.063188949061096747 0 -0.14040256957686337 -2.58125360152687e-05 -0 -0.00019018517887542215 0.58725952677636861
1.1953279575719831 1.8333333333333333 -0.098257623700580082 0.0020330838868118936 0.19018848836494551 -0.89767988447543368 -0.063105757607579763 0 0.095094244182472754 7.9293776245082062e-05 0 0.00017632570760363933 0.58800682018420958
1.1892223033436113 1.8333333333333333 -0.095497186507080695 0.0024340393542550882 0.35152747128256101 -0.80280854843898597 -0.063015579587331449 0 0.17576373564128051 0.00017689694482226446 0 0.00038953032241794506 0.58827027578342328
1.1823891933399708 1.8333333333333333 -0.092418695519260463 0.0025623583026815528 0.43814407661027199 -0.74692533499523983 -0.062916351864811773 0 0.219072038305136 0.00022912305941343719 0 0.0005124513684846365 0.58807803372409317
1.1753131306913638 1.8333333333333333 -0.089349139204410663 0.0025800660900553822 0.48292110310309699 -0.71633331652577348 -0.06281302836266546 0 0.2414605515515485 0.00024157908329689942 0 0.00057423761324852608 0.58748713078396675
1.1680700523587131 1.8333333333333333 -0.086397942189822219 0.0026344182806355616 0.50642421044444363 -0.69974548883541665 -0.062705983845563654 0 0.25321210522222182 0.00024484946691470368 0 0.00062050510544804931 0.58660512409280641
1.1605924331157629 1.8333333333333333 -0.083509437373744555 0.0027097997010345036 0.52385619428866215 -0.68718693298404265 -0.062593329096019903 0 0.26192809714433107 0.00025110944412828386 0 0.00066386843832110063 0.5855181523234545
1.152955710810208 1.8333333333333333 -0.08066549012810445 0.0027229937168740869 0.54130519677543165 -0.67438231911583246 -0.062476322623213905 0 0.27065259838771583 0.00025367421839808023 0 0.00069195141447003078 0.58426553261649838
1.1452797786568585 1.8333333333333333 -0.07790795128804856 0.0027146029287864852 0.55578444497974688 -0.66357147406914996 -0.062357468052741019 0 0.27789222248987344 0.00025040603952446308 0 0.00071159430014880616 0.58285994529561369
1.1375921272453167 1.8333333333333333 -0.075262283605134261 0.002705635290929155 0.56717617543161203 -0.65494301651810549 -0.062237204970600646 0 0.28358808771580601 0.00024464802976206725 0 0.00072723796140594134 0.58132008062553908
1.1298826960670283 1.8333333333333333 -0.072728545181008825 0.0027045760451131322 0.5761389643276611 -0.64807618187886473 -0.062115200664986554 0 0.28806948216383055 0.00023808106904048284 0 0.00074183777509032977 0.57966236445931874
1.1221431800150796 1.8333333333333333 -0.070306809797670136 0.0027019391742814473 0.58256384872154998 -0.64311214093851432 -0.061991333716338817 0 0.29128192436077499 0.00022953576918963389 0 0.00075281028270641223 0.57789765030277163
1.1143356163922562 1.8333333333333333 -0.06798883215614504 0.0027277987145001674 0.58587473198783324 -0.64054509195014342 -0.06186479766999238 0 0.29293736599391662 0.00022184122073172179 0 0.00076766268801105905 0.57603261515685111
1.1064328298226749 1.8333333333333333 -0.065749653471867148 0.0027482005621217733 0.59001096605726144 -0.63732085844115061 -0.061734571664290042 0 0.29500548302863072 0.00021697258887361985 0 0.00078116124732637384 0.57408444005598214
1.0985053101077311 1.8333333333333333 -0.063593222425092244 0.0027289316290409404 0.59480087785241986 -0.63356476971703235 -0.061601986339597854 0 0.29740043892620993 0.00020881497963157319 0 0.00078426224574831718 0.57206809111570356
1.0905694717976031 1.8333333333333333 -0.061542983401923407 0.0027354856195284487 0.59606555655646676 -0.63257898611840901 -0.061467631847493105 0 0.29803277827823338 0.00019809998817393534 0 0.00079083019831111998 0.56997959829457845
1.0825658731837731 1.8333333333333333 -0.059582212909666032 0.0027581076908285902 0.59781960471446116 -0.63120444997025948 -0.061329745012359445 0 0.29890980235723058 0.00019204607452095754 0 0.00080174533751556116 0.56782833901781948
1.0745004604945598 1.8333333333333333 -0.057695950387690563 0.0027640029346593202 0.59881062663042672 -0.63043267289471827 -0.06118838383545034 0 0.29940531331521336 0.00018414024637118553 0 0.00080681052945507411 0.56561786572285344
1.0663980781478899 1.8333333333333333 -0.055888505231073596 0.0027704191695248821 0.59986230987932498 -0.62961204605876597 -0.061043931544169767 0 0.29993115493966249 0.0001769424260723074 0 0.00081187707646129402 0.56335942512787041
1.0582631930691395 1.8333333333333333 -0.054158888168837231 0.0027741364997622892 0.60013616208818144 -0.62940881946230531 -0.060896435814304713 0 0.30006808104409072 0.0001689787104708728 0 0.00081509851799443673 0.56105593934333686
1.0500825690865543 1.8333333333333333 -0.052503793634667811 0.0027901758346683047 0.59969819861949691 -0.62977122211987169 -0.060745445674110568 0 0.29984909930974846 0.00016199700927655859 0 0.00082079814128548729 0.55871011767205669
1.0418495611353349 1.8333333333333333 -0.050914032954489576 0.0027999322516903602 0.59917568728795001 -0.63020082741541184 -0.060590674505077886 0 0.299587843643975 0.00015565945323185298 0 0.00082425641152764583 0.55632748682303435
1.0335757726494328 1.8333333333333333 -0.049384945336015312 0.002809375831026955 0.59852566921059147 -0.63073153408735072 -0.060432298460555436 0 0.29926283460529574 0.00014957547790838606 0 0.0008273293830602694 0.5539138948889768
1.0252752419277655 1.8333333333333333 -0.047916373475824128 0.002810292466795429 0.59771784320065846 -0.63138706342523054 -0.060270498078292455 0 0.29885892160032923 0.00014322360471263106 0 0.00082757903121894599 0.5514753276660973
1.0169413730658008 1.8333333333333333 -0.046508437266520403 0.0028243935467522365 0.59559922243425611 -0.63307831110220669 -0.060105154335726781 0 0.29779961121712806 0.00013680595755235779 0 0.00082990294100956507 0.54901232100845676
1.0085561203235738 1.8333333333333333 -0.045148384382805481 0.0028388479918542999 0.59424427733018326 -0.63416359145040624 -0.059935481549237946 0 0.29712213866509163 0.00013290648043304143 0 0.00083294784676701946 0.54653143968145257
1.000149776333513 1.8333333333333333 -0.043835722579796677 0.0028333259318477091 0.5919822373066288 -0.63596086123963114 -0.059762410131434414 0 0.2959911186533144 0.00012662359607526957 0 0.0008290249457513514 0.54403739224684544
0.99170759398017316 1.8333333333333333 -0.042571149697502558 0.0028576098122881101 0.5890810443623109 -0.63825429318510007 -0.05958534105363001 0 0.29454052218115545 0.00012230893360376418 0 0.00083274781446034509 0.54153269707184515
0.98321788755165329 1.8333333333333333 -0.041342435434582797 0.0028611770793670992 0.58645704931536202 -0.64032347427003344 -0.05940369503146993 0 0.29322852465768101 0.00011843192476890561 0 0.00083057762726257271 0.53902141591230823
0.97468743302655958 1.8333333333333333 -0.040143113484638039 0.0028817339090294247 0.58461053922840422 -0.6417809085282955 -0.05921761748155125 0 0.29230526961420211 0.00011565305221225608 0 0.00083436872389797254 0.53650329803558894
0.96613657717203894 1.8333333333333333 -0.038970764877638779 0.0028721710785480185 0.58543809582566408 -0.64115339285117745 -0.059027375087832082 0 0.29271904791283204 0.00011296241161269864 0 0.00083311575926035429 0.53397760296693464
0.95756160882059271 1.8333333333333333 -0.037827041945921375 0.0028951134568586312 0.58931759619662583 -0.63813878184400652 -0.058832804709801303 0 0.29465879809831291 0.00011096104094737288 0 0.00084582337632535455 0.53141968896148029
0.94893771035138119 1.8333333333333333 -0.036699066620359579 0.0029031224535627613 0.60176327174395827 -0.62833030929147138 -0.0586323347797581 0 0.30088163587197914 0.00011295363672979025 0 0.00086616230866560248 0.52879550897865735
0.94032628027079168 1.8333333333333333 -0.035584205216093547 0.0028857446149378476 0.62426026969174342 -0.61018519708700736 -0.058427352876427266 0 0.31213013484587171 0.00011481147054581544 0 0.00089338065595215223 0.52605326372704408
0.93180570687333841 1.8333333333333333 -0.034494762961861297 0.0028408827194086341 0.65711423349247178 -0.58266314167415645 -0.058218810035331921 0 0.32855711674623589 0.00011777549613388283 0 0.00092593196155794704 0.5231396100307476
0.92359351737429707 1.8333333333333333 -0.033448328162723889 0.002678178626409327 0.69780569475590148 -0.5466525609760583 -0.058011057759838398 0 0.34890284737795074 0.00011833403746099304 0 0.00092690104377690825 0.52006590519538787
0.91615670564815888 1.8333333333333333 -0.032494996410547143 0.0023202667926768292 0.74071314585893566 -0.50590930756118258 -0.057815453505348426 0 0.37035657292946783 0.00010977149496363985 0 0.00085228603895315836 0.51699492887109322
0.90999189285213999 1.8333333333333333 -0.031714178145712417 0.0018224543636086912 0.77647566616932273 -0.46925604776410706 -0.057646296216559208 0 0.38823783308466137 8.7024066200805673e-05 0 0.00070217360831998483 0.51419796577812693
0.90526181101140102 1.8333333333333333 -0.031134651517373609 0.0013545172740137747 0.80351039677218083 -0.43952508700201043 -0.057509139479689143 0 0.40175519838609042 6.5164554036984383e-05 0 0.00054026863166701698 0.51188507919821746
0.90174820370798447 1.8333333333333333 -0.030711497829804476 0.0010048136924392847 0.82215303872076995 -0.41779439776221095 -0.057400370013977721 0 0.41107651936038497 4.9289227622893389e-05 0 0.00041010396917444229 0.51007153496862179
0.89910328107242332 1.8333333333333333 -0.030380773790327244 0.00077222573771033431 0.83699558194597978 -0.39964958039520715 -0.057311699887152547 0 0.41849779097298989 4.2092461058145116e-05 0 0.00032042183709964989 0.50865735165003312
0.89703284333946653 1.8333333333333333 -0.030097687898209515 0.00062093225744760049 0.84122777674923954 -0.39433015312523834 -0.057235946633094933 0 0.42061388837461977 3.7074607320049161e-05 0 0.00025852788829478721 0.50752415830986242
0.89535172751916403 1.8333333333333333 -0.029789421663611967 0.00051953040798950311 0.85757899183586983 -0.37303238716559783 -0.057165079285046924 0 0.42878949591793492 5.0325643830947801e-05 0 0.00021701022536547705 0.50660986918821937
0.8939535284507758 1.8333333333333333 -0.02938479987297242 0.0004524645177796569 0.88530146290615463 -0.3338239029060841 -0.057097626416468816 0 0.44265073145307732 6.7451595267939855e-05 0 0.0001885838347007061 0.50585712716535658
0.89277606974434098 1.8333333333333333 -0.028870690796752016 0.00040629275590664554 0.92180243163330589 -0.2737607404239123 -0.057031792618200468 0 0.46090121581665294 8.7736375127481692e-05 0 0.00016543562229660096 0.50521514045524007
0.89182062648313942 1.8333333333333333 -0.028224806223812966 0.00036743403850691985 0.96870868484012129 -0.16747002263548944 -0.056965837818356943 0 0.48435434242006065 0.00011635712580237381 0 0.00013466152067539858 0.50467832523573397
0.89113677700504024 1.8333333333333333 -0.027418539873801641 0.00034643223373117182 0.99569564373886787 0.03265959716299538 -0.056900852140218366 0 0.49784782186943394 0.00014799994742628996 0 8.8555633988625062e-05 0.5042728453473635
0.89070210615648038 1.8333333333333333 -0.02648985752440472 0.00034074146845125569 0.96426942873719212 0.18027562555709234 -0.056844261740363285 0 0.48213471436859606 0.00015517123669492054 0 5.3952635352926684e-05 0.50396767562529554
0.89044619584671214 1.8333333333333333 -0.025525379572637757 0.00032646445466259327 0.885459699215292 0.33363857352100745 -0.056794392712443804 0 0.442729849607646 0.00014217969241837709 0 2.5989668229713999e-05 0.50369003485063446
0.89035083841508378 1.8333333333333333 -0.024794241989533932 0.00016635308204638005 0.7960674443875857 0.44800774651839054 -0.056759269480216812 0 0.39803372219379285 6.6185775248553833e-05 0 1.9377873848042534e-06 0.50347292906121044
0.89040674237629447 1.8333333333333333 -0.024032817773731313 0.00034392542947578336 0.70295930592816291 0.54205433528616598 -0.056725582141656142 0 0.35147965296408146 0.00011997206660665521 -0 -1.4810546809914204e-05 0.50331460653072779
0.89062834704382321 1.8333333333333333 -0.023016903109668807 0.00035214798946608039 0.54361511048936928 0.67318033301011226 -0.056684466646737527 0 0.27180755524468464 9.1311608416210472e-05 -0 -2.8702534681138605e-05 0.50311851322993328
0.89103199816754375 1.8333333333333333 -0.021998637772758924 0.00037988721841155293 0.428474011705962 0.75386804493555182 -0.056647675319352872 0 0.214237005852981 7.3462175731199675e-05 -0 -3.5028181422779541e-05 0.50296185434779994
0.89162116110677681 1.8333333333333333 -0.020963939900063341 0.00041581711266073628 0.3050295255326676 0.83172435625138419 -0.056613334873976552 0 0.1525147627663338 5.2906936764161763e-05 -0 -3.4967560089493501e-05 0.50282030900597074
0.89240961495805382 1.8333333333333333 -0.01991475816111668 0.00046057299217701835 0.20896293062219506 0.88760104407464857 -0.056581409803916252 0 0.10448146531109753 3.6835707608367811e-05 -0 -3.0964400765562287e-05 0.50269758796113706
0.89341390204746007 1.8333333333333333 -0.018859814019942515 0.00051212071882504161 0.11381954715299225 0.93967143041730306 -0.056551354577121994 0 0.056909773576496125 1.9960463016439888e-05 -0 -2.1236570994518924e-05 0.50257698360112457
0.89467288969105663 1.8333333333333333 -0.017814426432517058 0.00058064868070776664 0.047887281156039907 0.97412415629897497 -0.05652297726385537 0 0.023943640578019953 8.2889604672875995e-06 -0 -1.1161639062283317e-05 0.50246643087322873
0.89622532258267862 1.8333333333333333 -0.016774596972762266 0.00066630082088884723 0.012123043738623607 0.99231301721570653 -0.056496301875763114 0 0.0060615218693118034 2.1035501466348591e-06 -0 -3.4477467955842859e-06 0.50237944081930552
0.89812120936205031 1.8333333333333333 -0.015732561218473246 0.000777222200128584 -0.027275906817030737 1.0119718249188119 -0.056470632965465631 0 -0.013637953408515369 -4.7413322638097928e-06 0 9.4801812058061439e-06 0.50229358256975176
0.90046632168568408 1.8333333333333333 -0.014687126326249316 0.00093590237000729147 -0.06576787919933591 1.030816088885719 -0.056445284069489524 0 -0.032883939599667955 -1.1486341242789613e-05 0 2.855233449200416e-05 0.50219053106069578
0.90339987559134372 1.8333333333333333 -0.013649881960676133 0.0011399979603560581 -0.10422252012891153 1.0493042246669733 -0.056419537617332767 0 -0.052111260064455767 -1.7832307335832264e-05 0 5.6667172210737489e-05 0.50204665488396771
0.90706950859445867 1.8333333333333333 -0.012653119698425315 0.0013966936017765594 -0.14928020776844031 1.0705606256053359 -0.056392860115019795 0 -0.074640103884220155 -2.405735321471699e-05 0 0.00010143555532916961 0.50181925064026944
0.91167145559502072 1.8333333333333333 -0.011734281206095883 0.001733441594444145 -0.2122819639949387 1.0995931332168432 -0.056364043301598485 0 -0.10614098199746935 -3.0807169243459408e-05 0 0.00018139167976947805 0.50142563319283695
0.91738238973173158 1.8333333333333333 -0.010927914262336231 0.0021128463342183408 -0.31565328704783879 1.1456352052896523 -0.056331726839986336 0 -0.1578266435239194 -3.9035315071996977e-05 0 0.00033117082218932209 0.50071770607607791
0.92414211050463424 1.8333333333333333 -0.010270309491161205 0.0024157287320443581 -0.47893834755145992 1.2148124354430028 -0.056294708849946119 0 -0.23946917377572996 -4.5756058851443521e-05 0 0.00057668017924728812 0.49945684350766734
0.93161588142430751 1.8333333333333333 -0.0097923122200561027 0.0025775135194196692 -0.68795178622446684 1.2979935804255174 -0.056253456770344198 0 -0.34397589311223342 -4.3888569348992042e-05 0 0.00088551556328561273 0.49743578829428486
0.93940808915355634 1.8333333333333333 -0.0095272652880769686 0.0026209116680832047 -0.87989022001853989 1.3699381908028467 -0.056210082710870954 0 -0.43994511000926995 -2.1603928209391476e-05 0 0.0011528548664595994 0.49463445420766072
0.9473404368835725 1.8333333333333333 -0.0095101252800572147 0.0026680462970265139 -0.98564925801777759 1.4080108631631822 -0.0561664244210726 0 -0.49282462900888879 1.8569282506960657e-05 0 0.0013147477982978055 0.49126864943354798
0.95540214931268386 1.8333333333333333 -0.0097583556590727337 0.0027097105295752501 -1.0003951556368573 1.4132392989581517 -0.056123431088352722 0 -0.50019757781842866 6.3929066227176904e-05 0 0.0013538821480954624 0.48764135028316657
0.96358064453906467 1.8333333333333333 -0.010271961851588941 0.0027540089904595235 -0.97846241881992024 1.4054597752760796 -0.056082429519700286 0 -0.48923120940996012 0.00010498730512967705 0 0.0013432505373258104 0.48394220125614051
0.9718635887596716 1.8333333333333333 -0.01103588825027679 0.0027919231139796525 -0.96352384980482353 1.4001367129887501 -0.056044935060021152 0 -0.48176192490241176 0.00014196934539202903 0 0.0013375288291691608 0.48018448817304932
0.98021029299967322 1.8333333333333333 -0.012029902764640346 0.002812321454344107 -0.96543456223909607 1.400820174944795 -0.056012495987323725 0 -0.48271728111954804 0.00017763444532990707 0 0.0013458843738899061 0.47633310082242591
0.98857597936802444 1.8333333333333333 -0.013244612976067034 0.0028237607471675412 -0.97315303248544582 1.4035735015629769 -0.055986232197656985 0 -0.48657651624272291 0.00021497837550945396 0 0.0013570532162503971 0.47235686803650673
0.99695658355037398 1.8333333333333333 -0.014680880392702276 0.0028452121631351223 -0.97579825582401547 1.4045162693200124 -0.05596699955696894 0 -0.48789912791200774 0.00025160635055942202 0 0.0013651843580478097 0.4682545512693464
1.0053787090410431 1.8333333333333333 -0.016336400484973784 0.0028773805610112051 -0.96935763162258382 1.4022220362251145 -0.055955274525976664 0 -0.48467881581129191 0.00028498468832299128 0 0.0013651768959944141 0.46403423267609945
1.0138636800766103 1.8333333333333333 -0.018201331923037752 0.0029146063842017504 -0.95532053739005507 1.3972079187842061 -0.055951488601843138 0 -0.47766026869502753 0.00031301122510454202 0 0.001356547682585491 0.45971563149940653
1.0224156650912091 1.8333333333333333 -0.020258640484720439 0.0029496199595978245 -0.93694266313946439 1.3906155429760214 -0.055956007478818078 0 -0.4684713315697322 0.00033553701496447449 0 0.0013404552931804788 0.45532088177690405
1.0310147188869105 1.8333333333333333 -0.022485303819031105 0.0029723502622508828 -0.91918562285441308 1.3842156991350065 -0.055968929975462253 0 -0.45959281142720654 0.00035306109401728782 0 0.0013196580358527754 0.45087569108455727
1.0396165107734936 1.8333333333333333 -0.024858330024029797 0.0029765756377465235 -0.90364094687762431 1.3785884191227378 -0.055990334329194591 0 -0.45182047343881215 0.00036769753037751621 0 0.0012936362937094334 0.44639854776485938
1.0481816235991612 1.8333333333333333 -0.027367951583473236 0.0029737589321157864 -0.88680582514513673 1.3724676921386267 -0.056020167625672641 0 -0.44340291257256836 0.00038100179892079888 0 0.0012623285491541734 0.44190072515691536
1.0566977018865309 1.8333333333333333 -0.030014985586839057 0.0029717630128707961 -0.86612269513244766 1.3649103231164965 -0.056058050112974642 0 -0.43306134756622383 0.000392103115512202 0 0.0012257691902237849 0.43739381771551861
1.0651641220281791 1.8333333333333333 -0.032799822047019714 0.0029702121906526706 -0.84157113966720654 1.3558847648829153 -0.05610386818756808 0 -0.42078556983360327 0.00040022430382112253 0 0.001184008703974994 0.43288907723828113
1.0735860692210983 1.8333333333333333 -0.035724771484537954 0.0029735986014609596 -0.81212226125600728 1.3449790367301917 -0.056157386088857106 0 -0.40606113062800364 0.00040558615747524046 0 0.0011373066019078194 0.42839316700680596
1.0819694129362265 1.8333333333333333 -0.038792317390392017 0.0029778965650821844 -0.77724172565047223 1.3319464044193063 -0.056218336910245366 0 -0.38862086282523611 0.00040657526809086429 0 0.0010835020668306542 0.42391828227266898
1.0903266394261999 1.8333333333333333 -0.042004512312211958 0.0029911532472339068 -0.73682359688682597 1.3166834936110066 -0.056286539591098896 0 -0.36841179844341299 0.00040350780011093242 0 0.0010254427747664809 0.41947610683952236
1.0986729657925149 1.8333333333333333 -0.045359785788310521 0.0030060079653900429 -0.69308122022100438 1.2999632973995703 -0.05636173910589358 0 -0.34654061011050219 0.00039560591421735735 0 0.00096366116404060997 0.41508144072525188
1.107001577561435 1.8333333333333333 -0.048845285808694711 0.0030131558518388495 -0.6491540048529667 1.2829528936892483 -0.056443577379107754 0 -0.32457700242648335 0.00038367619887492662 0 0.00089959919671993109 0.41075240039771005
1.1152897479104078 1.8333333333333333 -0.052448349745367939 0.0030119683217127635 -0.60410965857835142 1.2652722356752486 -0.056531656686406119 0 -0.30205482928917571 0.00036849540139787765 0 0.00083181128767914343 0.40650119155025849
1.1235300753917126 1.8333333333333333 -0.056169000916924623 0.0030157584147774896 -0.55548146853090263 1.245903290713128 -0.056625601286887969 0 -0.27774073426545132 0.00035008446183177222 0 0.00076092895955728347 0.40233638754268852
1.131737723917432 1.8333333333333333 -0.060011680139643572 0.0030261441612204911 -0.50360676089761625 1.2249036748880315 -0.056725198487194435 0 -0.25180338044880812 0.00032767526260072625 0 0.00068794095423492009 0.39826875755554175
1.139893751388847 1.8333333333333333 -0.0639570961259327 0.0030140948378283307 -0.45309135159757208 1.2041020404606924 -0.056829813970919726 0 -0.22654567579878604 0.00030107089585272671 0 0.00061287301465529802 0.39432678845815428
1.1479285912756994 1.8333333333333333 -0.067976388050580039 0.0029754373515136225 -0.40059740577855751 1.18209787479999 -0.056938740519130573 0 -0.20029870288927876 0.00027051634137791541 0 0.00053104480989785 0.39053145782513443
1.1558140478016039 1.8333333333333333 -0.072081994509174685 0.0029516278753518601 -0.33716512175397328 1.1549503284973091 -0.057051384364722076 0 -0.16858256087698664 0.00023374079170752955 0 0.00043927670321920368 0.38689002467777373
1.1635754241288576 1.8333333333333333 -0.076300421817994624 0.0029377310586127261 -0.26286135067889549 1.1223160092459565 -0.057167526351288973 0 -0.13143067533944774 0.00018739103367217751 0 0.00033758550087591475 0.38343301000101848
1.1711876105086372 1.8333333333333333 -0.080612945130083241 0.0028950924837761382 -0.18172925382456806 1.0855632286606873 -0.057286389346444401 0 -0.09086462691228403 0.00013168438132259323 0 0.00022772917174566356 0.3802141794287961
1.1785368433451788 1.8333333333333333 -0.084963000034837144 0.0027986471718877892 -0.091114949643152476 1.042985855701821 -0.057406048889403545 0 -0.045557474821576238 6.6094765384711903e-05 0 0.00010903005547329481 0.37729564441760005
1.1855154471700535 1.8333333333333333 -0.089339896920040976 0.0026937487646731366 0.053404683812964482 0.97122918529531566 -0.057525523184347518 0 0.026702341906482241 -3.9175851627850736e-05 -0 -6.032488134295594e-05 0.37472922419168164
1.1920227625777058 1.8333333333333333 -0.093580333965716134 0.0024842654549840741 0.20748392898302592 0.88836581707198092 -0.057638928468577495 0 0.10374196449151296 -0.00014107105740336742 -0 -0.00021568468720064256 0.37283720110184243
1.1977452154959538 1.8333333333333333 -0.097265977523383951 0.0020536345659487596 0.42216521359554737 0.75795871350182675 -0.057735388031156916 0 0.21108260679777369 -0.00023161447484535081 -0 -0.00036642231552444211 0.37178624050325698
1.2012610470204288 1.8333333333333333 -0.099485905624243254 0.00071838146985207362 0.59053326883583235 0.63728086458263067 -0.057791269245296518 0 0.29526663441791617 -0.00011299343784604998 -0 -0.00017951285592467087 0.37181321569050924
1.2001411442393453 2.1666666666666665 -0.099784159789142651 0.0013669896906639174 -0.26748030429990122 -1.1247875895803996 -0.048303029157763633 0 -0.13374015214995061 -2.4587673177649502e-05 -0 -0.00018116046477012582 0.60544544032654146
1.1953279575719831 2.1666666666666665 -0.098257623700580082 0.002033083886811891 0.19978397797188541 -0.89324638741252804 -0.048238090785006016 0 0.099891988985942703 8.3294347533049247e-05 0 0.00018522178490722676 0.60616847838637322
1.1892223033436113 2.1666666666666665 -0.095497186507080695 0.0024340393542550852 0.35945210668819683 -0.79889161158858124 -0.04816727359112899 0 0.17972605334409841 0.00018088480894842382 0 0.00039831167248808094 0.60640551701944234
1.1823891933399708 2.1666666666666665 -0.092418695519260463 0.0025623583026815494 0.44561895365671 -0.74301311459729358 -0.04808906195507523 0 0.222809476828355 0.00023303197154770399 0 0.00052119395152110299 0.60618413295722851
1.1753131306913638 2.1666666666666665 -0.089349139204410663 0.0025800660900553787 0.49024668798062532 -0.71235425936195118 -0.048007511789933788 0 0.24512334399031266 0.00024524367378167051 0 0.00058294840751427787 0.60556286549132243
1.1680700523587131 2.1666666666666665 -0.086397942189822219 0.0026344182806355581 0.51374742732276168 -0.6956694305265041 -0.047923022736131415 0 0.25687371366138084 0.00024839014627358171 0 0.00062947800478339367 0.60464940185590299
1.1605924331157629 2.1666666666666665 -0.083509437373744555 0.0027097997010345001 0.53120827997480324 -0.68301069867534425 -0.047834145965145625 0 0.26560413998740162 0.00025463365205014905 0 0.00067318553277578874 0.60352931168600199
1.152955710810208 2.1666666666666665 -0.08066549012810445 0.002722993716874083 0.54864706534703833 -0.67012958235629294 -0.047741779438370817 0 0.27432353267351917 0.00025711487033081275 0 0.00070133653837654169 0.60224228868194563
1.1452797786568585 2.1666666666666665 -0.07790795128804856 0.0027146029287864817 0.56311169914424397 -0.65925561874232264 -0.047647980150614 0 0.28155584957212199 0.00025370729905501278 0 0.00072097569314440754 0.60080176204355307
1.1375921272453167 2.1666666666666665 -0.075262283605134261 0.0027056352909291515 0.57450965981987567 -0.65056056069794066 -0.047553097107395796 0 0.28725482990993784 0.00024781128411687875 0 0.00073664101546134857 0.5992265486824464
1.1298826960670283 2.1666666666666665 -0.072728545181008825 0.0027045760451131287 0.58349447441041602 -0.64362517609234904 -0.047456909820137505 0 0.29174723720520801 0.000241120626876818 0 0.00075130874576285242 0.5975329880184489
1.1221431800150796 2.1666666666666665 -0.070306809797670136 0.0027019391742814439 0.5899605122543794 -0.63858952600038499 -0.047359318282933049 0 0.2949802561271897 0.0002324501258857636 0 0.00076236852147706837 0.59573190261125208
1.1143356163922562 2.1666666666666665 -0.06798883215614504 0.0027277987145001639 0.5933474284533915 -0.63593953634963096 -0.047259683177364731 0 0.29667371422669575 0.00022467075410390234 0 0.00077745404773735597 0.59382972575162873
1.1064328298226749 2.1666666666666665 -0.065749653471867148 0.0027482005621217694 0.59755549778119721 -0.63262998507590495 -0.047157228519741079 0 0.2987777488905986 0.00021974703998411404 0 0.00079115003762182472 0.59184334710801867
1.0985053101077311 2.1666666666666665 -0.063593222425092244 0.0027289316290409365 0.60239911733262386 -0.62879797576509744 -0.047053037533108188 0 0.30119955866631193 0.00021148247102469801 0 0.00079428074535106349 0.58978813301921118
1.0905694717976031 2.1666666666666665 -0.061542983401923407 0.0027354856195284452 0.60375301222959454 -0.62772837919418212 -0.046947520963843803 0 0.30187650611479727 0.00020065488311994092 0 0.00080102953297760983 0.58766027419053679
1.0825658731837731 2.1666666666666665 -0.059582212909666032 0.0027581076908285867 0.60560650365287905 -0.62625839009311202 -0.046839355088477919 0 0.30280325182643952 0.00019454757056093549 0 0.00081218847097646978 0.58546864883441951
1.0745004604945598 2.1666666666666665 -0.057695950387690563 0.0027640029346593167 0.60670171466284795 -0.62539166067940721 -0.046728536140192345 0 0.30335085733142397 0.00018656683472784713 0 0.00081744262686663709 0.58321681218733157
1.0663980781478899 2.1666666666666665 -0.055888505231073596 0.0027704191695248786 0.60785588610259911 -0.6244766757205249 -0.046615398512114936 0 0.30392794305129955 0.00017930030511662415 0 0.00082269589469297674 0.58091613012177301
1.0582631930691395 2.1666666666666665 -0.054158888168837231 0.0027741364997622858 0.60824187216448145 -0.62417615786833969 -0.046500019185330199 0 0.30412093608224072 0.00017126101325925662 0 0.00082610760674438832 0.57856954346274014
1.0500825690865543 2.1666666666666665 -0.052503793634667811 0.0027901758346683008 0.60792832216681947 -0.62443605329619578 -0.046382035068020688 0 0.30396416108340973 0.00016422021989101742 0 0.0008320625908465202 0.57617962732309935
1.0418495611353349 2.1666666666666665 -0.050914032954489576 0.0027999322516903563 0.60753208396401925 -0.6247622078795475 -0.046261210981273559 0 0.30376604198200963 0.00015783035596569531 0 0.00083575189387722845 0.57375182170966166
1.0335757726494328 2.1666666666666665 -0.049384945336015312 0.0028093758310269515 0.60700920139548709 -0.62518965931007808 -0.046137712299825558 0 0.30350460069774354 0.00015169556806689244 0 0.00083905599030496467 0.5712920382763319
1.0252752419277655 2.1666666666666665 -0.047916373475824128 0.0028102924667954251 0.60633123761400742 -0.62574091191741532 -0.046011667419841362 0 0.30316561880700371 0.00014528752401958274 0 0.00083950483314236676 0.5688063172456812
1.0169413730658008 2.1666666666666665 -0.046508437266520403 0.0028243935467522326 0.60436198373138628 -0.62732190267781252 -0.045882967311442535 0 0.30218099186569314 0.00013881871698000941 0 0.00084211289880993002 0.56629514707191597
1.0085561203235738 2.1666666666666665 -0.045148384382805481 0.002838847991854296 0.6031493490752885 -0.62829729908038956 -0.045751009748408678 0 0.30157467453764425 0.00013489815589176518 0 0.00084543002054362798 0.56376487160543798
1.000149776333513 2.1666666666666665 -0.043835722579796677 0.0028333259318477052 0.60103798478955539 -0.62998503893155844 -0.045616509432960861 0 0.3005189923947777 0.00012856059897700309 0 0.00084170681370726759 0.56122047207631864
0.99170759398017316 2.1666666666666665 -0.042571149697502558 0.0028576098122881062 0.59830608244259276 -0.63215945819986863 -0.045478972788045531 0 0.29915304122129638 0.00012422429750971826 0 0.00084578868612509791 0.55866427034309218
0.98321788755165329 2.1666666666666665 -0.041342435434582797 0.0028611770793670953 0.59585231524208315 -0.63410736289835956 -0.045338031232124043 0 0.29792615762104158 0.00012032924943865966 0 0.00084388379808962002 0.55610018038979958
0.97468743302655958 2.1666666666666665 -0.040143113484638039 0.0028817339090294208 0.59417163885238233 -0.63544148950835289 -0.045193744689098918 0 0.29708581942619117 0.0001175445171787924 0 0.00084801453073349146 0.55352799639419836
0.96613657717203894 2.1666666666666665 -0.038970764877638779 0.0028721710785480151 0.59514328813801387 -0.63468696414579262 -0.045046302904716617 0 0.29757164406900694 0.00011483506379673835 0 0.00084692686707811104 0.550947040822519
0.95756160882059271 2.1666666666666665 -0.037827041945921375 0.0028951134568586273 0.59915564092854634 -0.63152889530262091 -0.044895584073547545 0 0.29957782046427317 0.00011281342019310712 0 0.00085994351844447057 0.54833263352569417
0.94893771035138119 2.1666666666666665 -0.036699066620359579 0.0029031224535627578 0.61166071512479858 -0.62156060276112235 -0.044740384111355391 0 0.30583035756239929 0.00011481143077719547 0 0.00088040842970883357 0.54565026939540906
0.94032628027079168 2.1666666666666665 -0.035584205216093547 0.0028857446149378437 0.63411519237013048 -0.60323898378889884 -0.044581790758180528 0 0.31705759618506524 0.00011662394880168704 0 0.0009074840639603565 0.54284854863367471
0.93180570687333841 2.1666666666666665 -0.034494762961861297 0.0028408827194086302 0.66682408425019757 -0.57550215829796247 -0.04442050814870719 0 0.33341204212509878 0.00011951580616232191 0 0.00093961399840982135 0.5398744048420564
0.92359351737429707 2.1666666666666665 -0.033448328162723889 0.0026781786264093235 0.70727517637926507 -0.53922711349660901 -0.04425995583877184 0 0.35363758818963253 0.00011993987415962756 0 0.00093947943410344677 0.53674046759783134
0.91615670564815888 2.1666666666666665 -0.032494996410547143 0.0023202667926768262 0.74988011747276784 -0.49817094471996498 -0.044108869448783061 0 0.37494005873638392 0.00011113001301339393 0 0.00086283382249072236 0.53361280077876749
0.90999189285213999 2.1666666666666665 -0.031714178145712417 0.001822454363608689 0.78543822312008937 -0.46111569617516063 -0.043978308525994991 0 0.39271911156004469 8.8028551187772214e-05 0 0.00071027852548363507 0.53076683798157687
0.90526181101140102 2.1666666666666665 -0.031134651517373609 0.001354517274013773 0.81242965018260838 -0.43086605158695812 -0.043872490324306235 0 0.40621482509130419 6.5887903944052343e-05 0 0.00054626580712971201 0.52841422682478456
0.90174820370798447 2.1666666666666665 -0.030711497829804476 0.0010048136924392834 0.83122851584168533 -0.40847771581912073 -0.04378858113148143 0 0.41561425792084267 4.9833315203345706e-05 0 0.00041463097207311171 0.52656918917908757
0.89910328107242332 2.1666666666666665 -0.030380773790327244 0.00077222573771033333 0.84634993063003305 -0.38953640658662314 -0.043720216302621462 0 0.42317496531501653 4.2562890730894801e-05 0 0.00032400290449697839 0.52512933344866919
0.89703284333946653 2.1666666666666665 -0.030097687898209515 0.00062093225744759973 0.85139676405053666 -0.3830102876891176 -0.043661830856742301 0 0.42569838202526833 3.7522775130787658e-05 0 0.00026165304284360603 0.5239742171548597
0.89535172751916403 2.1666666666666665 -0.029789421663611967 0.00051953040798950235 0.86829989965430565 -0.36027560383266599 -0.043607219914851503 0 0.43414994982715283 5.095478306307841e-05 0 0.00021972314935726048 0.52303942200426512
0.8939535284507758 2.1666666666666665 -0.02938479987297242 0.00045246451777965636 0.89592157551994145 -0.31965819743564461 -0.043555267101154926 0 0.44796078775997072 6.8260747367805921e-05 0 0.00019084609410676941 0.52226717079554708
0.89277606974434098 2.1666666666666665 -0.028870690796752016 0.00040629275590664505 0.93153198220083977 -0.25802204249364274 -0.043504521449718503 0 0.46576599110041988 8.866242551433339e-05 0 0.00016718178199153039 0.52160611914925248
0.89182062648313942 2.1666666666666665 -0.028224806223812966 0.00036743403850691937 0.97552939132324223 -0.1502743716482014 -0.043453675362344846 0 0.48776469566162112 0.00011717639976444055 0 0.0001356096764228089 0.52105022134007717
0.89113677700504024 2.1666666666666665 -0.027418539873801641 0.00034643223373117139 0.99566348822558026 0.049524133248698476 -0.043403594325642503 0 0.49783174411279013 0.00014799516783896714 0 8.8552774126895794e-05 0.52062593268175628
0.89070210615648038 2.1666666666666665 -0.02648985752440472 0.0003407414684512552 0.95990874416221372 0.19547676813526807 -0.043359992587371943 0 0.47995437208110686 0.00015446951080984068 0 5.3708647088079247e-05 0.52030439164643261
0.89044619584671214 2.1666666666666665 -0.025525379572637757 0.00032646445466259284 0.87722126578083737 0.34770961194133132 -0.043321587953022267 0 0.43861063289041868 0.00014085683387071168 0 2.5747856940184004e-05 0.52001232531461683
0.89035083841508378 2.1666666666666665 -0.024794241989533932 0.00016635308204637983 0.7853396342631408 0.46128727468334013 -0.043294525659439691 0 0.3926698171315704 6.5293855305323446e-05 0 1.9116737492419814e-06 0.51978505460200264
0.89040674237629447 2.1666666666666665 -0.024032817773731313 0.00034392542947578287 0.690935073553683 0.55424972274338313 -0.043268594675583361 0 0.3454675367768415 0.00011791992504574308 -0 -1.4557210016541226e-05 0.51961699399129302
0.89062834704382321 2.1666666666666665 -0.023016903109668807 0.00035214798946607995 0.53058618917858347 0.68377216670130181 -0.043236961803804042 0 0.26529309458929173 8.9123126643242138e-05 -0 -2.8014615860331678e-05 0.51940901232851866
0.89103199816754375 2.1666666666666665 -0.021998637772758924 0.00037988721841155244 0.41609677111931775 0.76291299615321972 -0.043208670208646445 0 0.20804838555965888 7.134008898100627e-05 -0 -3.4016329555600468e-05 0.51924172256569445
0.89162116110677681 2.1666666666666665 -0.020963939900063341 0.00041581711266073574 0.29348578472893683 0.83943403873523026 -0.043182286689372629 0 0.14674289236446841 5.0904691362972005e-05 -0 -3.3644224423848976e-05 0.51909026246953482
0.89240961495805382 2.1666666666666665 -0.01991475816111668 0.00046057299217701776 0.19868421994322827 0.89412146218525235 -0.043157744571259871 0 0.099342109971614134 3.5023790154711931e-05 -0 -2.9441287953786885e-05 0.51895831609207776
0.89341390204746007 2.1666666666666665 -0.018859814019942515 0.00051212071882504086 0.10477882060491728 0.94517753799564463 -0.043134685156779151 0 0.052389410302458639 1.8374996438699636e-05 -0 -1.9549742712535359e-05 0.51882903703988703
0.89467288969105663 2.1666666666666665 -0.017814426432517058 0.00058064868070776589 0.040266702657929976 0.9787106681487564 -0.043112937662433293 0 0.020133351328964988 6.9698905100087978e-06 -0 -9.3854232365290796e-06 0.51871030056563006
0.89622532258267862 2.1666666666666665 -0.016774596972762266 0.00066630082088884636 0.0059172083197202019 0.99610532874837199 -0.043092525098646695 0 0.0029586041598601009 1.0267342671510986e-06 -0 -1.6828311819186931e-06 0.51861562490267832
0.89812120936205031 2.1666666666666665 -0.015732561218473246 0.00077722220012858313 -0.032336916291825446 1.0151264172049028 -0.043072884562831482 0 -0.016168458145912723 -5.6210803752569355e-06 0 1.12392166515277e-05 0.51852236631969517
0.90046632168568408 2.1666666666666665 -0.014687126326249316 0.00093590237000729017 -0.069865509382412094 1.0334466131483202 -0.043053538236457745 0 -0.034932754691206047 -1.2201991179241292e-05 0 3.0331271399139549e-05 0.51841202611239667
0.90339987559134372 2.1666666666666665 -0.013649881960676133 0.0011399979603560566 -0.10754360218516168 1.0515187506640127 -0.043033930649610419 0 -0.05377180109258084 -1.8400539190534266e-05 0 5.8472888754289996e-05 0.51826075009745121
0.90706950859445867 2.1666666666666665 -0.012653119698425315 0.0013966936017765577 -0.15202319106256956 1.0724611957975163 -0.043013655635520121 0 -0.076011595531284781 -2.4499400549426567e-05 0 0.00010329940612263989 0.51802568552110018
0.91167145559502072 2.1666666666666665 -0.011734281206095883 0.0017334415944441428 -0.21467233548135534 1.1012829053902156 -0.042991833836680371 0 -0.10733616774067767 -3.115406908153761e-05 0 0.00018343421551313862 0.51762380892694948
0.91738238973173158 2.1666666666666665 -0.010927914262336231 0.0021128463342183382 -0.31795431475980607 1.1472175532566937 -0.042967432545257089 0 -0.15897715737990303 -3.931987203817364e-05 0 0.00033358496856612509 0.51690663350523181
0.92414211050463424 2.1666666666666665 -0.010270309491161205 0.0024157287320443546 -0.48141858362567702 1.2163777309361308 -0.042939484258045807 0 -0.24070929181283851 -4.5993011746022772e-05 0 0.00057966658238490924 0.51563519335820518
0.93161588142430751 2.1666666666666665 -0.0097923122200561027 0.0025775135194196657 -0.69074132420572876 1.2995769293503345 -0.042908378040710543 0 -0.34537066210286438 -4.4066530702670789e-05 0 0.00088910619179511838 0.51360235073465144
0.93940808915355634 2.1666666666666665 -0.0095272652880769686 0.0026209116680832012 -0.88291900643695853 1.3715249509830592 -0.042875578921756974 0 -0.44145950321847927 -2.1678293945998586e-05 0 0.0011568232605643387 0.51078859547493582
0.9473404368835725 2.1666666666666665 -0.0095101252800572147 0.00266804629702651 -0.98872254337319188 1.4095698162046832 -0.042842462789705549 0 -0.49436127168659594 1.862718211326071e-05 0 0.0013188472232420253 0.50741025533848438
0.95540214931268386 2.1666666666666665 -0.0097583556590727337 0.0027097105295752462 -1.0033057515290373 1.41473428096312 -0.042809646071896523 0 -0.50165287576451867 6.4115064406499535e-05 0 0.0013578211953774657 0.50377055730431608
0.96358064453906467 2.1666666666666665 -0.010271961851588941 0.00275400899045952 -0.98104614835854731 1.4068461842468718 -0.042778057793268875 0 -0.49052307417927365 0.0001052645347873796 0 0.001346797526994815 0.50005950954811973
0.9718635887596716 2.1666666666666665 -0.01103588825027679 0.002791923113979649 -0.96566388191950803 1.4013694805745645 -0.042748810903738076 0 -0.48283194095975401 0.00014228466603354825 0 0.0013404995440604599 0.49629081815981541
0.98021029299967322 2.1666666666666665 -0.012029902764640346 0.0028123214543441036 -0.96704686687860653 1.4018636204703205 -0.04272302049775592 0 -0.48352343343930326 0.00017793110017482773 0 0.0013481320411116316 0.49242980790531826
0.98857597936802444 2.1666666666666665 -0.013244612976067034 0.0028237607471675377 -0.97416317713723433 1.4044001415293235 -0.042701517650436865 0 -0.48708158856861716 0.00021520152567085885 0 0.0013584618539495318 0.48844561617452159
0.99695658355037398 2.1666666666666665 -0.014680880392702276 0.0028452121631351184 -0.97614221038149807 1.4051050515954062 -0.042684943042821055 0 -0.48807110519074903 0.00025169503810364499 0 0.0013656655654889483 0.48433725305309328
1.0053787090410431 2.1666666666666665 -0.016336400484973784 0.0028773805610112012 -0.96899697657253925 1.4025604922566197 -0.0426736702593975 0 -0.48449848828626962 0.00028487865814003663 0 0.0013646689741235952 0.48011294062063536
1.0138636800766103 2.1666666666666665 -0.018201331923037752 0.0029146063842017469 -0.95423272327579212 1.3972874311404775 -0.04266799799190954 0 -0.47711636163789606 0.00031265480229642151 0 0.0013550029950612176 0.47579251447530257
1.0224156650912091 2.1666666666666665 -0.020258640484720439 0.0029496199595978206 -0.935123966908189 1.3904328049922607 -0.042668275211718225 0 -0.4675619834540945 0.00033488570520073195 0 0.0013378533399491751 0.47139822806695714
1.0310147188869105 2.1666666666666665 -0.022485303819031105 0.0029723502622508789 -0.91664257635100288 1.383770738286288 -0.04267458510195838 0 -0.45832128817550144 0.00035208430460902541 0 0.0013160070303645122 0.46695582728260104
1.0396165107734936 2.1666666666666665 -0.024858330024029797 0.0029765756377465192 -0.9003791383374653 1.3778813279987703 -0.042687050610348054 0 -0.45018956916873265 0.00036637027871973612 0 0.0012889667466672559 0.46248382754587963
1.0481816235991612 2.1666666666666665 -0.027367951583473236 0.0029737589321157825 -0.88284860666700093 1.3715045890527884 -0.042705607057422157 0 -0.44142430333350047 0.00037930164391939699 0 0.001256695625104114 0.45799348229621745
1.0566977018865309 2.1666666666666665 -0.030014985586839057 0.0029717630128707918 -0.86149274227045991 1.3636960399954479 -0.042729998492790217 0 -0.43074637113522996 0.00039000708575560628 0 0.0012192167079919844 0.45349628051658597
1.0651641220281791 2.1666666666666665 -0.032799822047019714 0.0029702121906526667 -0.836287568041304 1.3544220661897808 -0.042760199479293021 0 -0.418143784020652 0.00039771160622968356 0 0.0011765752328181539 0.44900348448981758
1.0735860692210983 2.1666666666666665 -0.035724771484537954 0.0029735986014609557 -0.80622468540841363 1.3432770298914023 -0.042796102328909902 0 -0.40311234270420682 0.00040264081877371865 0 0.0011290475598070054 0.44452170758065351
1.0819694129362265 2.1666666666666665 -0.038792317390392017 0.0029778965650821805 -0.77077239773777761 1.3300140388783181 -0.042837531725827993 0 -0.38538619886888881 0.00040319116164924126 0 0.0010744835981444229 0.44006306002213974
1.0903266394261999 2.1666666666666665 -0.042004512312211958 0.0029911532472339029 -0.72982940272537355 1.3145304558415183 -0.042884535563112142 0 -0.36491470136268678 0.00039967755918004881 0 0.0010157089037307547 0.43563920454892541
1.0986729657925149 2.1666666666666665 -0.045359785788310521 0.0030060079653900385 -0.68561143668892277 1.2976008103339463 -0.04293685723954041 0 -0.34280571834446139 0.0003913422140087829 0 0.00095327516585793975 0.43126487194414309
1.107001577561435 2.1666666666666665 -0.048845285808694711 0.0030131558518388456 -0.64124189971293344 1.280387983151259 -0.042994328867708646 0 -0.32062094985646672 0.00037899982562215027 0 0.00088863458219837308 0.42695808641950045
1.1152897479104078 2.1666666666666665 -0.052448349745367939 0.0030119683217127591 -0.59578989759068501 1.2625117892776159 -0.043056701287000322 0 -0.29789494879534251 0.00036342050543958497 0 0.00082035563388837282 0.42273096224430823
1.1235300753917126 2.1666666666666665 -0.056169000916924623 0.0030157584147774853 -0.54680360823613294 1.2429577428919276 -0.043123747763123804 0 -0.27340180411806647 0.00034461536119880122 0 0.00074904155092284791 0.41859197995314684
1.131737723917432 2.1666666666666665 -0.060011680139643572 0.0030261441612204872 -0.49462281275842535 1.2217843408371429 -0.043195338215757689 0 -0.24731140637921267 0.00032182979388530649 0 0.00067566862920763764 0.41455185831319663
1.139893751388847 2.1666666666666665 -0.0639570961259327 0.0030140948378283268 -0.44381724584202997 1.20081008547987 -0.043271057900833965 0 -0.22190862292101499 0.00029490842261590779 0 0.00060032841601621433 0.41063891166481958
1.1479285912756994 2.1666666666666665 -0.067976388050580039 0.0029754373515136186 -0.39105624222620916 1.1786335221805864 -0.043350462724108002 0 -0.19552812111310458 0.00026407336241839491 0 0.00051839673651601123 0.40687394601172505
1.1558140478016039 2.1666666666666665 -0.072081994509174685 0.0029516278753518562 -0.32744157980215394 1.1513275563625776 -0.043433141290145333 0 -0.16372078990107697 0.00022699991536125622 0 0.00042660835416225186 0.40326405501063123
1.1635754241288576 2.1666666666666665 -0.076300421817994624 0.0029377310586127222 -0.25304337758732443 1.1185479339850164 -0.043518926516813994 0 -0.12652168879366221 0.00018039190610380921 0 0.00032497655188001173 0.39983969952667126
1.1711876105086372 2.1666666666666665 -0.080612945130083241 0.0028950924837761343 -0.17187816703580672 1.0816545507998563 -0.04360733619206552 0 -0.085939083517903359 0.0001245461014813877 0 0.00021538454484610581 0.39665445030857488
1.1785368433451788 2.1666666666666665 -0.084963000034837144 0.0027986471718877853 -0.081280081559226058 1.0389276489742072 -0.043696930740643097 0 -0.040640040779613029 5.8960554136804285e-05 0 9.7261446513265248e-05 0.39376988226595794
1.1855154471700535 2.1666666666666665 -0.089339896920040976 0.0026937487646731331 0.062861703724994555 0.96706824838673033 -0.043786975657456872 0 0.031430851862497278 -4.6113198363445079e-05 -0 -7.1007345189183003e-05 0.39123753460565136
1.1920227625777058 2.1666666666666665 -0.093580333965716134 0.0024842654549840706 0.21620302996490104 0.88423532881015143 -0.043873150321150738 0 0.10810151498245052 -0.00014699928905556657 -0 -0.000224748408796643 0.38937801055138616
1.1977452154959538 2.1666666666666665 -0.097265977523383951 0.002053634565948757 0.42956081471721985 0.7539945918421106 -0.04394702214745777 0 0.21478040735860993 -0.00023567195806471143 -0 -0.00037284139791310714 0.38835484409744264
1.2012610470204288 2.1666666666666665 -0.099485905624243254 0.00071838146985207275 0.59679019726187343 0.633462450948856 -0.043990066787797044 0 0.29839509863093672 -0.00011419064703057014 -0 -0.00018141486407619977 0.38839799926357799
1.2001411442393453 2.5 -0.099784159789142651 0.0013669896906639192 -0.25743241804531181 -1.1207309830590677 -0.037342759094200595 0 -0.1287162090226559 -2.3664038280490742e-05 -0 -0.00017435517961612883 0.6194615462148777
1.1953279575719831 2.5 -0.098257623700580082 0.0020330838868118936 0.20693143649884616 -0.8897628258614424 -0.037291784835461084 0 0.10346571824942308 8.6274280661653417e-05 0 0.00019184826736769913 0.62016554737421359
1.1892223033436113 2.5 -0.095497186507080695 0.0024340393542550882 0.36530853527135465 -0.7958045881555621 -0.037236033612639115 0 0.18265426763567733 0.00018383190244342337 0 0.00040480122650754936 0.62038179151084261
1.1823891933399708 2.5 -0.092418695519260463 0.0025623583026815528 0.4511318566567597 -0.73992311127217603 -0.037174356060910685 0 0.22556592832837985 0.00023591488899210575 0 0.00052764181841583632 0.62013740836080999
1.1753131306913638 2.5 -0.089349139204410663 0.0025800660900553822 0.49564584081944585 -0.70920872294382387 -0.037109924291820584 0 0.24782292040972292 0.00024794457540928857 0 0.00058936849688251316 0.61949213864392261
1.1680700523587131 2.5 -0.086397942189822219 0.0026344182806355616 0.51914070741483032 -0.6924500675491071 -0.0370431712520225 0 0.25957035370741516 0.00025099772649630835 0 0.00063608621537684722 0.61855380591689402
1.1605924331157629 2.5 -0.083509437373744555 0.0027097997010345036 0.53662233190680886 -0.67971366438454517 -0.036972997472817681 0 0.26831116595340443 0.00025722886727514761 0 0.00068004661075916721 0.61740758296688492
1.152955710810208 2.5 -0.08066549012810445 0.0027229937168740869 0.55405521240911249 -0.66677070125011695 -0.036900129340081911 0 0.27702760620455624 0.00025964931390742391 0 0.00070824978257141911 0.61609338557541227
1.1452797786568585 2.5 -0.07790795128804856 0.0027146029287864852 0.56850753591204806 -0.65584777220718748 -0.036826129023033345 0 0.28425376795602403 0.00025613836765930902 0 0.00072788421086775483 0.61462526539602302
1.1375921272453167 2.5 -0.075262283605134261 0.002705635290929155 0.57990854856487872 -0.64710184442977647 -0.036751249920276403 0 0.28995427428243936 0.00025014006228419981 0 0.00074356351505644566 0.61302214536380295
1.1298826960670283 2.5 -0.072728545181008825 0.0027045760451131322 0.58890919824970678 -0.64011383147109102 -0.036675393790563955 0 0.29445459912485339 0.00024335818295275865 0 0.00075828075587564903 0.61130030433941041
1.1221431800150796 2.5 -0.070306809797670136 0.0027019391742814473 0.59540629116527954 -0.63502304060934467 -0.036598452562683681 0 0.29770314558263977 0.00023459581524478147 0 0.00076940575588574074 0.60947052915806033
1.1143356163922562 2.5 -0.06798883215614504 0.0027277987145001674 0.5988506283969991 -0.63230978691329498 -0.036519925748342286 0 0.29942531419849955 0.00022675453844680889 0 0.00078466480633593706 0.6075390706084276
1.1064328298226749 2.5 -0.065749653471867148 0.0027482005621217733 0.60311205723228434 -0.62893571034276774 -0.03643919625010611 0 0.30155602861614217 0.00022179042757975362 0 0.00079850679734556483 0.60552259240247619
1.0985053101077311 2.5 -0.063593222425092244 0.0027289316290409404 0.60799547034479151 -0.62504614730323715 -0.036357164308956413 0 0.30399773517239576 0.00021344716607435296 0 0.00080165969945948808 0.60343678280444235
1.0905694717976031 2.5 -0.061542983401923407 0.0027354856195284487 0.60941732966309392 -0.62391254340358304 -0.036274075047865284 0 0.30470866483154696 0.00020253739621644038 0 0.00080854466823405827 0.60127794560380765
1.0825658731837731 2.5 -0.059582212909666032 0.0027581076908285906 0.61134655900688761 -0.6223695050629322 -0.036188950811444909 0 0.30567327950344381 0.00019639152999213722 0 0.00081988655009743866 0.59905457574347143
1.0745004604945598 2.5 -0.057695950387690563 0.0027640029346593202 0.61252109561062951 -0.62143025590388512 -0.036101820405657736 0 0.30626054780531475 0.00018835635247151566 0 0.00082528339924905309 0.59677022314964834
1.0663980781478899 2.5 -0.055888505231073596 0.0027704191695248825 0.61375120572911346 -0.62044489111907231 -0.03601293316475368 0 0.30687560286455673 0.00018103925777293814 0 0.00083067485050392423 0.59443635746928036
1.0582631930691395 2.5 -0.054158888168837231 0.0027741364997622897 0.61421956210474171 -0.62007259496413314 -0.035922344991723143 0 0.30710978105237086 0.00017294413519309472 0 0.00083422644130083884 0.592055952133557
1.0500825690865543 2.5 -0.052503793634667811 0.0027901758346683047 0.61399833440621721 -0.62025631028386963 -0.035829808076834391 0 0.3069991672031086 0.00016585991771121811 0 0.0008403705276973356 0.58963147438407049
1.0418495611353349 2.5 -0.050914032954489576 0.0027999322516903602 0.61369629330698694 -0.62050520343572235 -0.035735125607809615 0 0.30684814665349347 0.00015943175181050374 0 0.00084423169234157879 0.58716829414388338
1.0335757726494328 2.5 -0.049384945336015312 0.002809375831026955 0.61326939228346089 -0.6208546623404807 -0.035638405781217852 0 0.30663469614173045 0.00015326003069904908 0 0.00084770931986394337 0.58467236975552717
1.0252752419277655 2.5 -0.047916373475824128 0.002810292466795429 0.61268952973428359 -0.62132712612681118 -0.035539732760871356 0 0.30634476486714179 0.00014681108154365733 0 0.00084830830001718686 0.58214977261265821
1.0169413730658008 2.5 -0.046508437266520403 0.0028243935467522365 0.61083325722763826 -0.62282486731887254 -0.035439066319395696 0 0.30541662861381913 0.00014030513390919837 0 0.000851129916805131 0.57960096588275178
1.0085561203235738 2.5 -0.045148384382805481 0.0028388479918542999 0.60972937968167207 -0.62371627992539835 -0.035335852534642227 0 0.30486468984083603 0.00013636982123613385 0 0.0008546532012023853 0.57703211284705835
1.000149776333513 2.5 -0.043835722579796677 0.0028333259318477091 0.60773246290127425 -0.62532098320464236 -0.03523074030878609 0 0.30386623145063713 0.00012999253196237416 0 0.00085108190809971517 0.57444839853548602
0.99170759398017316 2.5 -0.042571149697502558 0.0028576098122881101 0.60512658323329216 -0.62740717894541276 -0.03512333376071624 0 0.30256329161664608 0.0001256404153534985 0 0.00085543041060653848 0.5718520122638755
0.98321788755165329 2.5 -0.041342435434582797 0.0028611770793670992 0.60280119409160471 -0.62926375431555992 -0.035013331933448522 0 0.30140059704580235 0.00012173253907103021 0 0.00085372524055110828 0.56924677006705759
0.97468743302655958 2.5 -0.040143113484638039 0.0028817339090294247 0.60124732832841332 -0.63050345715254175 -0.034900747703733082 0 0.30062366416420666 0.00011894429537213335 0 0.00085811310679851922 0.56663246116165489
0.96613657717203894 2.5 -0.038970764877638779 0.0028721710785480185 0.60232867242380961 -0.62965171302297152 -0.034785742243453099 0 0.3011643362119048 0.00011622150984983097 0 0.00085715212731915502 0.56400847157007905
0.95756160882059271 2.5 -0.037827041945921375 0.0028951134568586312 0.60644176120696835 -0.62638355152816216 -0.034668215529470969 0 0.30322088060348418 0.00011418530437878111 0 0.00087040098805675091 0.56135007834384532
0.94893771035138119 2.5 -0.036699066620359579 0.0029031224535627613 0.61898823568711037 -0.61629396567917083 -0.034547245625817791 0 0.30949411784355518 0.00011618683890625404 0 0.00089095547108717103 0.55862243171956094
0.94032628027079168 2.5 -0.035584205216093547 0.0028857446149378476 0.64140517998603241 -0.59783762766630999 -0.034423697655627694 0 0.32070258999301621 0.00011796469438342313 0 0.00091791678607063009 0.5557744575658311
0.93180570687333841 2.5 -0.034494762961861297 0.0028408827194086341 0.67399637333755813 -0.56993619639954607 -0.034298085894987229 0 0.33699818666877907 0.00012080130549048296 0 0.00094972038686563819 0.55275328212988573
0.92359351737429707 2.5 -0.033448328162723889 0.002678178626409327 0.71425426545407156 -0.53345846499695337 -0.034173098616055608 0 0.35712713272703578 0.0001211233895625948 0 0.00094874981552432909 0.54957254242123577
0.91615670564815888 2.5 -0.032494996410547143 0.0023202667926768292 0.75661685304727688 -0.49216193175454148 -0.034055541169700505 0 0.37830842652363844 0.00011212837727805291 0 0.00087058530592310564 0.54640084183694859
0.90999189285213999 2.5 -0.031714178145712417 0.0018224543636086914 0.7920057010540954 -0.4547982251826661 -0.033953988228211607 0 0.3960028505270477 8.8764605979187557e-05 0 0.00071621755213882186 0.54351683812879026
0.90526181101140102 2.5 -0.031134651517373609 0.0013545172740137747 0.81895291068298115 -0.42414596113081027 -0.033871713470683906 0 0.40947645534149058 6.641693924102119e-05 0 0.00055065195202429228 0.54113340608108829
0.90174820370798447 2.5 -0.030711497829804476 0.001004813692439285 0.83785485358415857 -0.40125087915294666 -0.033806484508579204 0 0.41892742679207928 5.023057344349426e-05 0 0.00041793630244506714 0.53926392238960941
0.89910328107242332 2.5 -0.030380773790327244 0.00077222573771033431 0.85316995187800992 -0.38169458793146227 -0.03375336525179834 0 0.42658497593900496 4.2905869218461968e-05 0 0.0003266137710110585 0.53780416251844743
0.89703284333946653 2.5 -0.030097687898209515 0.00062093225744760049 0.8588140102473717 -0.37423222882372109 -0.03370799107419948 0 0.42940700512368585 3.7849668152801827e-05 0 0.00026393252653307786 0.53663204554769062
0.89535172751916403 2.5 -0.029789421663611967 0.00051953040798950311 0.87609749005502535 -0.35038427355721902 -0.033665572752510309 0 0.43804874502751268 5.1412372114328637e-05 0 0.000221696328348674 0.53568134913145371
0.8939535284507758 2.5 -0.02938479987297242 0.00045246451777965696 0.90358490658500912 -0.3086817756854856 -0.033625210403006478 0 0.45179245329250456 6.8844620689000299e-05 0 0.00019247851020386665 0.53489397189945986
0.89277606974434098 2.5 -0.028870690796752016 0.00040629275590664554 0.93844629792474465 -0.24581638309012266 -0.033585828555290416 0 0.46922314896237233 8.932052423189435e-05 0 0.00016842269228346004 0.53421815475505241
0.89182062648313942 2.5 -0.028224806223812966 0.00036743403850691985 0.98012313366641379 -0.13693616082187071 -0.033546299243775834 0 0.4900615668332069 0.00011772818036070563 0 0.00013624825883587428 0.53364744214396387
0.89113677700504024 2.5 -0.027418539873801641 0.00034643223373117182 0.99495858050343089 0.062599312117510297 -0.033507396481726404 0 0.49747929025171544 0.00014789039053430145 0 8.8490080721907187e-05 0.53320857489779183
0.89070210615648038 2.5 -0.02648985752440472 0.00034074146845125569 0.95592252482603923 0.20726070453946063 -0.033473504862310821 0 0.47796126241301962 0.00015382804425941686 0 5.3485610837139524e-05 0.53287433735021017
0.89044619584671214 2.5 -0.025525379572637757 0.00032646445466259327 0.87027841149706031 0.35861275476658816 -0.033443693301705213 0 0.43513920574853016 0.00013974200855743353 0 2.5544072985293124e-05 0.53257109348598264
0.89035083841508378 2.5 -0.024794241989533932 0.00016635308204638005 0.77649569150601128 0.4715795095576813 -0.033422666849392935 0 0.38824784575300564 6.4558561817615651e-05 0 1.8901458236528642e-06 0.53233594616750357
0.89040674237629447 2.5 -0.024032817773731313 0.00034392542947578336 0.68112947493251652 0.56369743270074235 -0.033402536341953282 0 0.34056473746625826 0.00011624643140112405 -0 -1.4350617293245176e-05 0.53216033631445003
0.89062834704382321 2.5 -0.023016903109668807 0.00035214798946608039 0.52006286830821447 0.69197040492717699 -0.033377992700344694 0 0.26003143415410723 8.7355513241752639e-05 -0 -2.7458991161138546e-05 0.53194315443246931
0.89103199816754375 2.5 -0.021998637772758924 0.00037988721841155293 0.40611860655702681 0.76991477891460125 -0.033356058697841917 0 0.2030593032785134 6.9629325530893373e-05 -0 -3.3200604566440306e-05 0.53176763448689757
0.89162116110677681 2.5 -0.020963939900063341 0.00041581711266073628 0.28418779887730916 0.84539986940574163 -0.033335595561589604 0 0.14209389943865458 4.9291968959699497e-05 -0 -3.2578334561514261e-05 0.53160850013221916
0.89240961495805382 2.5 -0.01991475816111668 0.00046057299217701835 0.19039889584365621 0.89916133722274605 -0.033316569453456291 0 0.095199447921828106 3.356326423720274e-05 -0 -2.8213557776344286e-05 0.53146941767531031
0.89341390204746007 2.5 -0.018859814019942515 0.00051212071882504161 0.097478014782051092 0.94942781666444842 -0.033298741143283295 0 0.048739007391025546 1.709465867367897e-05 -0 -1.8187550672128743e-05 0.53133344037231067
0.89467288969105663 2.5 -0.017814426432517058 0.00058064868070776664 0.034081649439801076 0.98224776081270693 -0.033281931113175567 0 0.017040824719900538 5.8993001491552518e-06 -0 -7.9438017885120672e-06 0.53120838931485093
0.89622532258267862 2.5 -0.016774596972762266 0.00066630082088884723 0.00084091010341769135 0.99902575119340886 -0.033266174246935454 0 0.00042045505170884567 1.4591191861457819e-07 -0 -2.3915158411875555e-07 0.53110779088506999
0.89812120936205031 2.5 -0.015732561218473246 0.000777222200128584 -0.03652098143526028 1.0175536105740721 -0.033251030704774372 0 -0.01826049071763014 -6.348390495192639e-06 0 1.269345595520112e-05 0.53100883894497275
0.90046632168568408 2.5 -0.014687126326249316 0.00093590237000729147 -0.073297803043530507 1.0354676054633229 -0.033236141165646049 0 -0.036648901521765254 -1.2801440282922728e-05 0 3.1821360449905701e-05 0.53089288988500094
0.90339987559134372 2.5 -0.013649881960676133 0.0011399979603560581 -0.11036412512537019 1.0532143581042195 -0.0332210928249973 0 -0.055182062562685097 -1.8883126177064191e-05 0 6.0006444640095164e-05 0.53073594198370799
0.90706950859445867 2.5 -0.012653119698425315 0.0013966936017765596 -0.1543890840230866 1.073911761918426 -0.033205596461267917 0 -0.077194542011543299 -2.4880677635453029e-05 0 0.00010490702490805651 0.53049502106394952
0.91167145559502072 2.5 -0.011734281206095883 0.001733441594444145 -0.21675720850499247 1.1025677767762092 -0.033188945746432164 0 -0.10837860425249624 -3.1456633816108523e-05 0 0.00018521570750966394 0.53008685575062386
0.91738238973173158 2.5 -0.010927914262336231 0.0021128463342183408 -0.31996947291792321 1.1484203064310938 -0.033170358675115752 0 -0.15998473645896161 -3.9569076899487504e-05 0 0.00033569919202410588 0.5293626611062493
0.92414211050463424 2.5 -0.010270309491161205 0.0024157287320443577 -0.48357077595371223 1.2175680330456684 -0.033149070258673086 0 -0.24178538797685611 -4.6198624512936686e-05 0 0.00058225799454443149 0.52808316634636454
0.93161588142430751 2.5 -0.0097923122200561027 0.0025775135194196692 -0.69312591916123001 1.3007800074467235 -0.033125388875180739 0 -0.346562959580615 -4.4218658312729303e-05 0 0.00089217558704564629 0.52604137365475856
0.93940808915355634 2.5 -0.0095272652880769686 0.0026209116680832047 -0.88548919227070089 1.372732148960538 -0.033100445327582488 0 -0.44274459613535044 -2.1741399670978483e-05 0 0.0011601907843516519 0.52321817348883204
0.9473404368835725 2.5 -0.0095101252800572147 0.0026680462970265139 -0.99133496557752632 1.4107590144716045 -0.033075197121612381 0 -0.49566748278876316 1.8676399221217881e-05 0 0.0013223319073864463 0.51983029129335168
0.95540214931268386 2.5 -0.0097583556590727337 0.0027097105295752501 -1.0058114298549943 1.4158810400010831 -0.033050119824984958 0 -0.50290571492749714 6.4275186808873848e-05 0 0.0013612122485380791 0.51618111433109759
0.96358064453906467 2.5 -0.010271961851588941 0.0027540089904595235 -0.98332255970723392 1.4079175595081046 -0.033025828316286421 0 -0.49166127985361696 0.00010550878974114022 0 0.0013499226248100051 0.5124609064516531
0.9718635887596716 2.5 -0.01103588825027679 0.0027919231139796529 -0.96762494902722551 1.4023322498428779 -0.033003182844050599 0 -0.48381247451361276 0.00014257361727602042 0 0.0013432218262261172 0.50868369544220804
0.98021029299967322 2.5 -0.012029902764640346 0.002812321454344107 -0.96863076712914231 1.4026913024643677 -0.03298298227810962 0 -0.48431538356457116 0.00017822252877441037 0 0.0013503401105969977 0.50481511448759653
0.98857597936802444 2.5 -0.013244612976067034 0.0028237607471675412 -0.97531336179081318 1.4050717458533732 -0.032965903527233748 0 -0.48765668089540659 0.00021545561194517384 0 0.0013600657761809985 0.5008245464701313
0.99695658355037398 2.5 -0.014680880392702276 0.0028452121631351223 -0.97681077019087481 1.4056048197194806 -0.032952404650362865 0 -0.48840538509543741 0.00025186742403768861 0 0.0013666009098480256 0.49671117996456043
1.0053787090410431 2.5 -0.016336400484973784 0.0028773805610112051 -0.96915411226996229 1.402878785364833 -0.032942766174883779 0 -0.48457705613498114 0.00028492485498864443 0 0.001364890273277449 0.49248334618236445
1.0138636800766103 2.5 -0.018201331923037752 0.0029146063842017504 -0.95385764815768415 1.3974164694351123 -0.032937199473997203 0 -0.47692882407884207 0.00031253190875689223 0 0.0013544703913304808 0.48816096349401289
1.0224156650912091 2.5 -0.020258640484720439 0.0029496199595978245 -0.93421174251419936 1.3903693605263205 -0.03293605659197793 0 -0.46710587125709968 0.0003345590202687949 0 0.0013365482483298087 0.48376639858471621
1.0310147188869105 2.5 -0.022485303819031105 0.0029723502622508828 -0.91519535318147982 1.3835137692094903 -0.032939392666364337 0 -0.45759767659073991 0.00035152842320399229 0 0.0013139292784525522 0.47932541448586286
1.0396165107734936 2.5 -0.024858330024029797 0.0029765756377465235 -0.89839823090536353 1.3774297474504023 -0.032947257003953817 0 -0.44919911545268176 0.00036556423426899881 0 0.001286130914849875 0.47485658150509141
1.0481816235991612 2.5 -0.027367951583473236 0.0029737589321157864 -0.88035135611726356 1.370862873539024 -0.032959643044083525 0 -0.44017567805863178 0.0003782287405567587 0 0.0012531409002997217 0.47037112986186347
1.0566977018865309 2.5 -0.030014985586839057 0.0029717630128707961 -0.8584994828364767 1.3628690473133909 -0.032976396279264408 0 -0.42924974141823835 0.00038865200482285096 0 0.0012149805354345147 0.46588048337737875
1.0651641220281791 2.5 -0.032799822047019714 0.0029702121906526706 -0.83281539415651129 1.3534129299236675 -0.032997504025992136 0 -0.41640769707825565 0.00039606035143934448 0 0.0011716902220240176 0.46139587689114314
1.0735860692210983 2.5 -0.035724771484537954 0.0029735986014609596 -0.80229564135912157 1.342089837267725 -0.033022871798393499 0 -0.40114782067956078 0.00040067859466716812 0 0.0011235452752993325 0.4569239018927459
1.0819694129362265 2.5 -0.038792317390392017 0.0029778965650821844 -0.76640264259608393 1.3286497588512181 -0.033052396292614028 0 -0.38320132129804196 0.00040090534205207759 0 0.0010683920071099793 0.45247663675655431
1.0903266394261999 2.5 -0.042004512312211958 0.0029911532472339068 -0.72505099660883143 1.3129951636059329 -0.033086204923818141 0 -0.36252549830441572 0.00039706075354533688 0 0.0010090587610808582 0.44806579721493045
1.0986729657925149 2.5 -0.045359785788310521 0.0030060079653900429 -0.68046171709834935 1.2959029728249041 -0.033124041449155317 0 -0.34023085854917468 0.00038840279007526209 0 0.00094611498804566066 0.44370601221827882
1.107001577561435 2.5 -0.048845285808694711 0.0030131558518388495 -0.63574052645133627 1.2785306189836936 -0.033165988188348011 0 -0.31787026322566814 0.00037574829214038504 0 0.00088101076576962056 0.43941528630951582
1.1152897479104078 2.5 -0.052448349745367939 0.0030119683217127635 -0.58996306532136633 1.2604999178538949 -0.033211781218275116 0 -0.29498153266068317 0.00035986624858328295 0 0.00081233254605289987 0.43520565907492537
1.1235300753917126 2.5 -0.056169000916924623 0.0030157584147774896 -0.54068715809160595 1.2407984702622936 -0.033261303136799862 0 -0.27034357904580297 0.00034076055365170083 0 0.00074066290229399733 0.43108555271810439
1.131737723917432 2.5 -0.060011680139643572 0.0030261441612204911 -0.48825274961576337 1.2194846854164152 -0.033314436068920594 0 -0.24412637480788169 0.0003176850677316417 0 0.00066696694436709186 0.42706564969938021
1.139893751388847 2.5 -0.0639570961259327 0.0030140948378283307 -0.43720290115414406 1.198369425998119 -0.033370945253059614 0 -0.21860145057707203 0.00029051331184268541 0 0.00059138153730281518 0.42317416039204359
1.1479285912756994 2.5 -0.067976388050580039 0.0029754373515136225 -0.38421344898799559 1.1760509566758381 -0.033430469482817637 0 -0.19210672449399779 0.00025945254519665239 0 0.0005093257096398016 0.4194317663078731
1.1558140478016039 2.5 -0.072081994509174685 0.0029516278753518601 -0.32043329028708367 1.148612869906257 -0.033492765977080452 0 -0.16021664514354184 0.00022214139639213423 0 0.00041747758079705187 0.41584545220453728
1.1635754241288576 2.5 -0.076300421817994624 0.0029377310586127261 -0.24593473658842191 1.1157099169853681 -0.033557677644985739 0 -0.12296736829421095 0.00017532423228508963 0 0.00031584712252128886 0.41244562767889448
1.1711876105086372 2.5 -0.080612945130083241 0.0028950924837761382 -0.16471627686959978 1.0786962721952578 -0.033624830433091529 0 -0.082358138434799888 0.00011935646329276823 0 0.00020640981303293211 0.40928573689017311
1.1785368433451788 2.5 -0.084963000034837144 0.0027986471718877892 -0.074105049240282828 1.0358425656823702 -0.033693150058244803 0 -0.037052524620141414 5.3755787195642827e-05 0 8.8675652691056381e-05 0.40642693157802878
1.1855154471700535 2.5 -0.089339896920040976 0.0026937487646731366 0.069784658706841696 0.96388560571903092 -0.033762114578550433 0 0.034892329353420848 -5.1191641635293411e-05 -0 -7.8827379088928267e-05 0.40392054129665289
1.1920227625777058 2.5 -0.093580333965716134 0.0024842654549840741 0.2225973936293828 0.88105518269176564 -0.033828559274623221 0 0.1112986968146914 -0.00015134690117179922 -0 -0.00023139550832662059 0.40208596798260959
1.1977452154959538 2.5 -0.097265977523383951 0.0020536345659487596 0.4349548870764276 0.75093066829356614 -0.033885754230215115 0 0.2174774435382138 -0.00023863133320155722 -0 -0.00037752323436081851 0.40108425526822883
1.2012610470204288 2.5 -0.099485905624243254 0.00071838146985207362 0.60131168587735107 0.63050598973114447 -0.033919183890520149 0 0.30065584293867553 -0.00011505579480429652 -0 -0.00018278932573184115 0.40113992688237393
1.2001411442393453 2.833333333333333 -0.099784159789142651 0.0013669896906639192 -0.24975578053824399 -1.1175491507805067 -0.028977165631103426 0 -0.12487789026912199 -2.2958376401493324e-05 -0 -0.00016915590626292927 0.63034061305600853
1.1953279575719831 2.833333333333333 -0.098257623700580082 0.0020330838868118936 0.212349558661312 -0.88702484521932656 -0.028937264941899753 0 0.106174779330656 8.8533215311760623e-05 0 0.00019687146426248994 0.63102966827668061
1.1892223033436113 2.833333333333333 -0.095497186507080695 0.0024340393542550882 0.36972397775517452 -0.79337329613127905 -0.028893515373095379 0 0.18486198887758726 0.00018605385762256307 0 0.00040969401263338175 0.63122953942786841
1.1823891933399708 2.833333333333333 -0.092418695519260463 0.0025623583026815528 0.45528236346589246 -0.73748600033674727 -0.02884503148576496 0 0.22764118173294623 0.00023808535498489534 0 0.00053249623276898706 0.63096703699783563
1.1753131306913638 2.833333333333333 -0.089349139204410663 0.0025800660900553822 0.49971032577485985 -0.70672523675863863 -0.028794338915598079 0 0.24985516288742993 0.00024997781550439646 0 0.00059420154336750641 0.63030281501920282
1.1680700523587131 2.833333333333333 -0.086397942189822219 0.0026344182806355616 0.52320175006294645 -0.68990735562795613 -0.02874179165421676 0 0.26160087503147322 0.00025296118737950043 0 0.00064106207878271957 0.62934484935725132
1.1605924331157629 2.833333333333333 -0.083509437373744555 0.0027097997010345036 0.54069566410769432 -0.67711256063694103 -0.028686514601648016 0 0.27034783205384716 0.00025918141111421226 0 0.00068520863178029266 0.62817797666788044
1.152955710810208 2.833333333333333 -0.08066549012810445 0.0027229937168740865 0.55811877001431498 -0.66412468555667414 -0.028629216194889569 0 0.27905938500715749 0.00026155363665465768 0 0.00071344423562572209 0.6268423749086669
1.1452797786568585 2.833333333333333 -0.07790795128804856 0.0027146029287864852 0.57256408389049507 -0.65316124397720088 -0.028571060107395695 0 0.28628204194524753 0.00025796602606644722 0 0.00073307798058516434 0.62535251472557529
1.1375921272453167 2.833333333333333 -0.075262283605134261 0.002705635290929155 0.58396833900502909 -0.64437467018798322 -0.028512197654666352 0 0.29198416950251455 0.00025189122845699227 0 0.00074876901178095733 0.62372738196263067
1.1298826960670283 2.833333333333333 -0.072728545181008825 0.0027045760451131322 0.5929795706197154 -0.63734675023826415 -0.028452580568524739 0 0.2964897853098577 0.00024504020528633814 0 0.00076352177613242002 0.62198325054549153
1.1221431800150796 2.833333333333333 -0.070306809797670136 0.0027019391742814473 0.59950046214362507 -0.63221311837622618 -0.028392090613104277 0 0.29975023107181253 0.00023620895805611576 0 0.00077469639315823964 0.62013087098637454
1.1143356163922562 2.833333333333333 -0.06798883215614504 0.0027277987145001674 0.60299044251683354 -0.6294497189533399 -0.028330351087267176 0 0.30149522125841677 0.00022832207732125477 0 0.00079008914137137295 0.61817634291719026
1.1064328298226749 2.833333333333333 -0.065749653471867148 0.0027482005621217729 0.60729300214931481 -0.62602554445765057 -0.028266862881957518 0 0.3036465010746574 0.00022332794212570877 0 0.00080404227436934835 0.61613614460808941
1.0985053101077311 2.833333333333333 -0.063593222425092244 0.00272893162904094 0.61220801928401225 -0.62209051384944991 -0.028202363278902642 0 0.30610400964200613 0.0002149260531333573 0 0.000807214067676506 0.61402624255851546
1.0905694717976031 2.833333333333333 -0.061542983401923407 0.0027354856195284487 0.61368400068606377 -0.62090603595686589 -0.028137054328186868 0 0.30684200034303188 0.00020395540715482672 0 0.00081420547559678659 0.61184299088911365
1.0825658731837731 2.833333333333333 -0.059582212909666032 0.0027581076908285902 0.61566872794660688 -0.61930875795902351 -0.028070168660781554 0 0.30783436397330344 0.00019778000165105166 0 0.00082568307929796491 0.60959461604204945
1.0745004604945598 2.833333333333333 -0.057695950387690563 0.0027640029346593202 0.61690091943035386 -0.61831624635583027 -0.028001786765888666 0 0.30845045971517693 0.00018970319202539046 0 0.00083118457704677549 0.60728469245777006
1.0663980781478899 2.833333333333333 -0.055888505231073596 0.0027704191695248821 0.61818907705822157 -0.61727686015876604 -0.027932075725116252 0 0.30909453852911078 0.00018234830437686143 0 0.00083668123887180226 0.6049247522316088
1.0582631930691395 2.833333333333333 -0.054158888168837231 0.0027741364997622892 0.61872006511992184 -0.61684981717003029 -0.027861046954095421 0 0.30936003255996092 0.00017421132961332306 0 0.00084033897637144446 0.60251777345722224
1.0500825690865543 2.833333333333333 -0.052503793634667811 0.0027901758346683043 0.61856767755050668 -0.61697659644019809 -0.027788520913541233 0 0.30928383877525334 0.00016709423845027855 0 0.00084662452073643751 0.60006616604098895
1.0418495611353349 2.833333333333333 -0.050914032954489576 0.0027999322516903597 0.61833723352852721 -0.61716665455956887 -0.027714382028517063 0 0.3091686167642636 0.00016063741858352734 0 0.00085061600467981069 0.59757523878153473
1.0335757726494328 2.833333333333333 -0.049384945336015312 0.002809375831026955 0.6179841231842631 -0.61745605634139644 -0.027638655956236279 0 0.30899206159213155 0.00015443827277616341 0 0.00085422639274504561 0.59505097546381047
1.0252752419277655 2.833333333333333 -0.047916373475824128 0.0028102924667954285 0.61747833725048773 -0.6178689425312176 -0.027561433287605637 0 0.30873916862524386 0.00014795856322342949 0 0.00085493871389898178 0.59249947241959544
1.0169413730658008 2.833333333333333 -0.046508437266520403 0.0028243935467522361 0.61570985417118829 -0.6193019028989909 -0.027482701732189321 0 0.30785492708559414 0.00014142526215874942 0 0.00085792492592053852 0.58992119128484644
1.0085561203235738 2.833333333333333 -0.045148384382805481 0.0028388479918542995 0.61468887698195407 -0.62012922307254548 -0.027402001924805918 0 0.30734443849097703 0.00013747904408613598 0 0.00086160489220709539 0.58732210662853279
1.000149776333513 2.833333333333333 -0.043835722579796677 0.0028333259318477086 0.61277628150963204 -0.62167301926001839 -0.027319875814153693 0 0.30638814075481602 0.00013107139279618462 0 0.00085814538261746076 0.58470763228217604
0.99170759398017316 2.833333333333333 -0.042571149697502558 0.0028576098122881106 0.61026762796776624 -0.62369108684659935 -0.027236009625887302 0 0.30513381398388312 0.00012670783333460747 0 0.00086269799086166393 0.58207982618356968
0.98321788755165329 2.833333333333333 -0.041342435434582797 0.0028611770793670992 0.60804191513999972 -0.62547658364921221 -0.027150104355422654 0 0.30402095756999986 0.0001227908751958375 0 0.00086114748171711101 0.57944240167876526
0.97468743302655958 2.833333333333333 -0.040143113484638039 0.0028817339090294243 0.60658560315970711 -0.6266434665151448 -0.027062200837615912 0 0.30329280157985355 0.00012000036216593737 0 0.00086573200734841671 0.57679516153002042
0.96613657717203894 2.833333333333333 -0.038970764877638779 0.002872171078548019 0.60775081403048814 -0.62571692786596245 -0.026972433177111968 0 0.30387540701524407 0.00011726773180969872 0 0.00086486818073910616 0.57413753565148773
0.95756160882059271 2.833333333333333 -0.037827041945921375 0.0028951134568586307 0.6119399580806526 -0.62236441799952025 -0.026880720367315883 0 0.3059699790403263 0.00011522054522747627 0 0.00087829232453374517 0.57144477721200815
0.94893771035138119 2.833333333333333 -0.036699066620359579 0.0029031224535627613 0.6245163027013596 -0.61218149964920343 -0.026786354471869452 0 0.3122581513506798 0.0001172244816183721 0 0.00089891242610977255 0.56868176647928759
0.94032628027079168 2.833333333333333 -0.035584205216093547 0.0028857446149378472 0.64690157076517096 -0.59362115280682493 -0.026690001407366892 0 0.32345078538258548 0.0001189755687553561 0 0.00092578268662211127 0.56579768040409317
0.93180570687333841 2.833333333333333 -0.034494762961861297 0.0028408827194086345 0.6793981970228955 -0.56559231369136209 -0.026592060287920782 0 0.33969909851144775 0.00012176948184725893 0 0.00095733203328268691 0.56273979543871455
0.92359351737429707 2.833333333333333 -0.033448328162723889 0.002678178626409327 0.71950086904311394 -0.52895856679062492 -0.026494632960168199 0 0.35975043452155697 0.00012201310971007209 0 0.00095571892222482422 0.55952253334186841
0.91615670564815888 2.833333333333333 -0.032494996410547143 0.0023202667926768296 0.76166966809722547 -0.48747636935180916 -0.026403053352842161 0 0.38083483404861274 0.00011287718950706294 0 0.00087639922153748284 0.55631649489190116
0.90999189285213999 2.833333333333333 -0.031714178145712417 0.0018224543636086916 0.79692159974868293 -0.44987270406150243 -0.026323950913740245 0 0.39846079987434146 8.9315558844902938e-05 0 0.0007206630415146104 0.55340283013371794
0.90526181101140102 2.833333333333333 -0.031134651517373609 0.0013545172740137747 0.82382496164752106 -0.41890984334998205 -0.026259883795866034 0 0.41191248082376053 6.6812061730568421e-05 0 0.0005539278477919115 0.55099536913857383
0.90174820370798447 2.833333333333333 -0.030711497829804476 0.0010048136924392847 0.84279719983926138 -0.39562088175164312 -0.026209122129348346 0 0.42139859991963069 5.0526874032418608e-05 0 0.00042040162911880392 0.54910684551814037
0.89910328107242332 2.833333333333333 -0.030380773790327244 0.00077222573771033431 0.85825202098714992 -0.37558384777184994 -0.026167772273197065 0 0.42912601049357496 4.3161446190055927e-05 0 0.00032855930806685997 0.54763157694986808
0.89703284333946653 2.833333333333333 -0.030097687898209515 0.0006209322574476006 0.86433724572311355 -0.36739603925898212 -0.026132443699334883 0 0.43216862286155677 3.8093088296619002e-05 0 0.00026562993886724531 0.54644621120432602
0.89535172751916403 2.833333333333333 -0.029789421663611967 0.000519530407989503 0.88188798043260519 -0.34268183288653997 -0.026099443996304879 0 0.44094399021630259 5.1752177728881723e-05 0 0.00022316161100342411 0.54548313717260533
0.8939535284507758 2.833333333333333 -0.02938479987297242 0.00045246451777965701 0.9092382788262604 -0.30013693337335501 -0.026068034045126871 0 0.4546191394131302 6.9275354164876547e-05 0 0.00019368277187168989 0.54468397773088473
0.89277606974434098 2.833333333333333 -0.028870690796752016 0.00040629275590664559 0.943477618902268 -0.23631426953858703 -0.026037417502050752 0 0.471738809451134 8.9799401103469339e-05 0 0.00016932566203958852 0.54399667151944608
0.89182062648313942 2.833333333333333 -0.028224806223812966 0.00036743403850691991 0.98330954378388424 -0.12654686267188991 -0.026006686909668959 0 0.49165477189194212 0.00011811091825569794 0 0.00013669120606926767 0.54341442083592773
0.89113677700504024 2.833333333333333 -0.027418539873801641 0.00034643223373117187 0.99402707054095785 0.072788437324654676 -0.025976390258791067 0 0.49701353527047892 0.00014775193113022558 0 8.8407233663358514e-05 0.54296419700290721
0.89070210615648038 2.833333333333333 -0.02648985752440472 0.00034074146845125563 0.95248093074436324 0.21643860000147716 -0.025949984297438732 0 0.47624046537218162 0.00015327421936987847 0 5.3293047363708e-05 0.54262006155463982
0.89044619584671214 2.833333333333333 -0.025525379572637757 0.00032646445466259327 0.8645610818581585 0.36710586926356781 -0.025926798762704775 0 0.43228054092907925 0.0001388239677135262 0 2.5376260152471196e-05 0.54230812084908697
0.89035083841508378 2.833333333333333 -0.024794241989533932 0.00016635308204638005 0.76931782964788753 0.4795944328295968 -0.025910429386057261 0 0.38465891482394376 6.3961787819311489e-05 0 1.8726734722125409e-06 0.54206683250159793
0.89040674237629447 2.833333333333333 -0.024032817773731313 0.0003439254294757833 0.67323377288965847 0.57104788549536145 -0.025894779041693305 0 0.33661688644482923 0.00011489889437671358 -0 -1.4184263901638127e-05 0.54188535155259521
0.89062834704382321 2.833333333333333 -0.023016903109668807 0.00035214798946608044 0.51164315573488339 0.69834611261915036 -0.025875688490116743 0 0.2558215778674417 8.5941245163771983e-05 -0 -2.7014435652143039e-05 0.54166100746208179
0.89103199816754375 2.833333333333333 -0.021998637772758924 0.00037988721841155293 0.39815436588657493 0.77535602418515714 -0.025858651805751653 0 0.19907718294328747 6.8263850772298673e-05 -0 -3.2549519881073883e-05 0.5414790950309224
0.89162116110677681 2.833333333333333 -0.020963939900063341 0.00041581711266073628 0.27676640511910333 0.85003867347297213 -0.025842764581337618 0 0.13838320255955167 4.8004738782287411e-05 -0 -3.1727570912537395e-05 0.54131399284392789
0.89240961495805382 2.833333333333333 -0.01991475816111668 0.0004605729921770183 0.18379204886011935 0.90307301242659244 -0.025827995792168167 0 0.091896024430059675 3.2398618034289365e-05 -0 -2.7234546536475829e-05 0.54116936239438196
0.89341390204746007 2.833333333333333 -0.018859814019942515 0.00051212071882504161 0.091658432918722887 0.95271989352847397 -0.025814173555826169 0 0.045829216459361444 1.6074082230882492e-05 -0 -1.7101726958273497e-05 0.54102819780207589
0.89467288969105663 2.833333333333333 -0.017814426432517058 0.00058064868070776664 0.029136147402222368 0.98498637194327732 -0.025801156636813326 0 0.014568073701111184 5.0432676100180864e-06 -0 -6.791096782241775e-06 0.54089825464108043
0.89622532258267862 2.833333333333333 -0.016774596972762266 0.00066630082088884723 -0.0032358021847884721 1.0012845402766581 -0.025788981906037966 0 -0.0016179010923942361 -5.6146561103358562e-07 0 9.2024963815033719e-07 0.54079307440063529
0.89812120936205031 2.833333333333333 -0.015732561218473246 0.00077722220012858411 -0.039895765650999948 1.0194269453391525 -0.02577729170189642 0 -0.019947882825499974 -6.9350244572756793e-06 0 1.3866416623761922e-05 0.54068972012287808
0.90046632168568408 2.833333333333333 -0.014687126326249316 0.00093590237000729147 -0.076079484964539645 1.0370224712323026 -0.025765851893302504 0 -0.038039742482269823 -1.3287260232761282e-05 0 3.302899423141002e-05 0.54056945355616071
0.90339987559134372 2.833333333333333 -0.013649881960676133 0.0011399979603560581 -0.11266436067290919 1.0545146158038137 -0.02575433417979207 0 -0.056332180336454596 -1.9276692818686237e-05 0 6.1257113341412549e-05 0.54040814531411607
0.90706950859445867 2.833333333333333 -0.012653119698425315 0.0013966936017765594 -0.15633223245683348 1.0750207252869981 -0.025742429183160727 0 -0.078166116228416738 -2.5193827040307726e-05 0 0.00010622738976693895 0.54016274982861212
0.91167145559502072 2.833333333333333 -0.011734281206095883 0.001733441594444145 -0.21848682304462419 1.1035509984242546 -0.025729689493946838 0 -0.10924341152231209 -3.1707642082876085e-05 0 0.00018669363658471713 0.53974977275790426
0.91738238973173158 2.833333333333333 -0.010927914262336231 0.0021128463342183408 -0.32164144982704412 1.1493390120670917 -0.025715465535080095 0 -0.16082072491352206 -3.9775842195838586e-05 0 0.00033745336342163429 0.53902020595530897
0.92414211050463424 2.833333333333333 -0.010270309491161205 0.0024157287320443581 -0.48534460955510506 1.2184761627990008 -0.025699226558941975 0 -0.24267230477755253 -4.6368090238688111e-05 0 0.00058439383245433311 0.5377345735306539
0.93161588142430751 2.833333333333333 -0.0097923122200561027 0.0025775135194196692 -0.69507496558111592 1.3016971393715906 -0.025681178573691687 0 -0.34753748279055796 -4.4342999670185501e-05 0 0.00089468435433564348 0.53568594331810526
0.93940808915355634 2.833333333333333 -0.0095272652880769686 0.0026209116680832047 -0.88757943310347409 1.3736523889927421 -0.02566217679789435 0 -0.44378971655173705 -2.1792721315274767e-05 0 0.0011629294718166455 0.53285555902665749
0.9473404368835725 2.833333333333333 -0.0095101252800572147 0.0026680462970265135 -0.9934623980016859 1.4116673966958617 -0.025642915349361538 0 -0.49673119900084295 1.871647929369532e-05 0 0.0013251696684590981 0.52946038675289264
0.95540214931268386 2.833333333333333 -0.0097583556590727337 0.0027097105295752497 -1.007863126933787 1.416759171456329 -0.025623759056066737 0 -0.5039315634668935 6.4406298077945051e-05 0 0.0013639889073739652 0.52580397052097272
0.96358064453906467 2.833333333333333 -0.010271961851588941 0.0027540089904595235 -0.98521070246770992 1.4087423748977745 -0.025605148605074297 0 -0.49260535123385496 0.00010571138415489558 0 0.0013525147006309814 0.52207672842564401
0.9718635887596716 2.833333333333333 -0.01103588825027679 0.0027919231139796525 -0.96928424327513785 1.4030785835206891 -0.025587726368599472 0 -0.48464212163756892 0.00014281810413354509 0 0.0013455251982631526 0.51829294005584914
0.98021029299967322 2.833333333333333 -0.012029902764640346 0.002812321454344107 -0.97001286229223505 1.40333849521152 -0.025572057987220131 0 -0.48500643114611752 0.00017847682639052196 0 0.0013522668494522147 0.51441846275739134
0.98857597936802444 2.833333333333333 -0.013244612976067034 0.0028237607471675412 -0.97637360781755067 1.4056032015409414 -0.025558709580223226 0 -0.48818680390877534 0.00021568982995699693 0 0.001361544279800235 0.51042288519267742
0.99695658355037398 2.833333333333333 -0.014680880392702276 0.0028452121631351219 -0.97751481679735797 1.4060092869956129 -0.02554802691885048 0 -0.48875740839867898 0.00025204896012491121 0 0.0013675859017854169 0.50630552282000185
1.0053787090410431 2.833333333333333 -0.016336400484973784 0.0028773805610112051 -0.96948044035435776 1.4031493638083847 -0.025540227064044525 0 -0.48474022017717888 0.00028502079327229608 0 0.0013653498514009379 0.50207478473722456
1.0138636800766103 2.833333333333333 -0.018201331923037752 0.0029146063842017509 -0.95378517115335959 1.3975453887161464 -0.025535419158391675 0 -0.47689258557667979 0.00031250816163220726 0 0.0013543674745518615 0.49775064745796738
1.0224156650912091 2.833333333333333 -0.020258640484720439 0.0029496199595978245 -0.93372998077456315 1.3903517518113415 -0.02553403629857668 0 -0.46686499038728158 0.0003343864922130225 0 0.0013358590065017299 0.49335559912827576
1.0310147188869105 2.833333333333333 -0.022485303819031105 0.0029723502622508828 -0.91431525404099667 1.3833521495932539 -0.02553594049022671 0 -0.45715762702049834 0.00035119037530848918 0 0.0013126657361666328 0.4889154223935106
1.0396165107734936 2.833333333333333 -0.024858330024029797 0.0029765756377465235 -0.89712556182269809 1.3771249800938166 -0.025541163331052535 0 -0.44856278091134905 0.00036504637672801321 0 0.0012843089844460939 0.48444866554851551
1.0481816235991612 2.833333333333333 -0.027367951583473236 0.0029737589321157864 -0.87869209194636411 1.3704157395183549 -0.025549810698406041 0 -0.43934604597318205 0.00037751586450647561 0 0.0012507790117395376 0.4799665776589398
1.0566977018865309 2.833333333333333 -0.030014985586839057 0.0029717630128707961 -0.85646119794944919 1.3622803654429623 -0.025561765941310693 0 -0.4282305989747246 0.00038772925120030249 0 0.001212095878526829 0.47548054470276224
1.0651641220281791 2.833333333333333 -0.032799822047019714 0.0029702121906526706 -0.83040873176203567 1.3526842000017236 -0.025577076215482976 0 -0.41520436588101783 0.00039491581981752297 0 0.0011683042822165817 0.47100182050714567
1.0735860692210983 2.833333333333333 -0.035724771484537954 0.0029735986014609601 -0.79954290652886839 1.341226218737563 -0.025595638296539526 0 -0.3997714532644342 0.00039930383720069516 0 0.0011196903095569742 0.46653695544624918
1.0819694129362265 2.833333333333333 -0.038792317390392017 0.0029778965650821849 -0.76331904600977318 1.3276531161730327 -0.025617359852429505 0 -0.38165952300488659 0.00039929231219612885 0 0.0010640933659481922 0.46209799088388243
1.0903266394261999 2.833333333333333 -0.042004512312211958 0.0029911532472339073 -0.72166051654781294 1.3118700351859032 -0.025642295707484979 0 -0.36083025827390647 0.00039520401991666128 0 0.0010043402052470731 0.4576966744981375
1.0986729657925149 2.833333333333333 -0.045359785788310521 0.0030060079653900429 -0.67677850262569672 1.2946503528933098 -0.025670340452068435 0 -0.33838925131284836 0.00038630043700869405 0 0.00094099384114025781 0.45334756624357997
1.107001577561435 2.833333333333333 -0.048845285808694711 0.0030131558518388495 -0.63177364739128827 1.2771503736059366 -0.025701567841370742 0 -0.31588682369564414 0.00037340370662172908 0 0.00087551345513265917 0.44906874521173246
1.1152897479104078 2.833333333333333 -0.052448349745367939 0.0030119683217127631 -0.58573592367172611 1.2589970580122321 -0.02573580362589557 0 -0.29286796183586306 0.00035728777257842053 0 0.00080651210585821066 0.44487214972315831
1.1235300753917126 2.833333333333333 -0.056169000916924623 0.0030157584147774896 -0.53622601455733232 1.2391778580720436 -0.025773059991283081 0 -0.26811300727866616 0.00033794898004964899 0 0.00073455178338133892 0.44076618204434675
1.131737723917432 2.833333333333333 -0.060011680139643572 0.0030261441612204915 -0.48358385247817659 1.2177510140849903 -0.025813178284632709 0 -0.2417919262390883 0.00031464721714185277 0 0.00066058909998245488 0.43676148235914369
1.139893751388847 2.833333333333333 -0.0639570961259327 0.0030140948378283303 -0.43233342804839348 1.1965219988441076 -0.025856030834117843 0 -0.21616671402419674 0.00028727763624413367 0 0.00058479485527593127 0.43288620850019266
1.1479285912756994 2.833333333333333 -0.067976388050580039 0.0029754373515136229 -0.37915487190043695 1.1740885794133915 -0.025901343430044282 0 -0.18957743595021848 0.00025603657757787822 0 0.00050261989709816696 0.42916092566693681
1.1558140478016039 2.833333333333333 -0.072081994509174685 0.0029516278753518596 -0.3152319805785464 1.1465420333872647 -0.025948916253724676 0 -0.1576159902892732 0.0002185355719140119 0 0.00041070103709851498 0.4255925656620182
1.1635754241288576 2.833333333333333 -0.076300421817994624 0.0029377310586127256 -0.24064611727754937 1.1135394866225352 -0.025998634771271074 0 -0.12032305863877468 0.00017155403238006944 0 0.0003090550962519576 0.42221148462332841
1.1711876105086372 2.833333333333333 -0.080612945130083241 0.0028950924837761378 -0.15937610266546143 1.0764281180453699 -0.0260501314155007 0 -0.079688051332730714 0.00011548687421215889 0 0.00019971791603290393 0.4190710039306359
1.1785368433451788 2.833333333333333 -0.084963000034837144 0.0027986471718877888 -0.068737808819960167 1.0334681698822361 -0.026102694501175066 0 -0.034368904409980083 4.9862392119050925e-05 0 8.2253100485757885e-05 0.41623198230478781
1.1855154471700535 2.833333333333333 -0.089339896920040976 0.0026937487646731366 0.074979293262235402 0.96142424133020721 -0.026155972939275886 0 0.037489646631117701 -5.5002248085389234e-05 -0 -8.4695136199364925e-05 0.41374561099135165
1.1920227625777058 2.833333333333333 -0.093580333965716134 0.0024842654549840741 0.22739954009570196 0.87858615202229939 -0.026207506156577669 0 0.11369977004785098 -0.00015461194383380178 -0 -0.00023638745861190969 0.41193038340113497
1.1977452154959538 2.833333333333333 -0.097265977523383951 0.0020536345659487596 0.43899428056710488 0.74854295242319391 -0.026252005836946739 0 0.21949714028355244 -0.00024084748453735458 -0 -0.00038102926439006286 0.41094534691758605
1.2012610470204288 2.833333333333333 -0.099485905624243254 0.00071838146985207362 0.60468130622615557 0.62819436021833619 -0.026278119485984137 0 0.30234065311307778 -0.00011570054253916676 -0 -0.00018381363749227464 0.41101078852392475
1.2001411442393453 3.1666666666666665 -0.099784159789142651 0.0013669896906639174 -0.24388125848296682 -1.1150696999631449 -0.022379068503154399 0 -0.12194062924148341 -2.2418370928013271e-05 -0 -0.00016517717912403984 0.63877965663561331
1.1953279575719831 3.1666666666666665 -0.098257623700580082 0.002033083886811891 0.21647351953981775 -0.88488815352469585 -0.022348069532660206 0 0.10823675976990887 9.0252585574151101e-05 0 0.00020069483089358108 0.63945705733548008
1.1892223033436113 3.1666666666666665 -0.095497186507080695 0.0024340393542550852 0.3730762272009005 -0.79147069219259603 -0.022314035925229944 0 0.18653811360045025 0.00018774078889728646 0 0.00041340866629232501 0.63964413509290619
1.1823891933399708 3.1666666666666665 -0.092418695519260463 0.0025623583026815494 0.45843103471201185 -0.73557646326044956 -0.022276265064787627 0 0.22921551735600593 0.00023973192109752949 0 0.00053617890469157708 0.63936742935131996
1.1753131306913638 3.1666666666666665 -0.089349139204410663 0.0025800660900553787 0.50279235286304225 -0.70477881093822636 -0.02223678909954312 0 0.25139617643152112 0.00025151958552412616 0 0.00059786635707664544 0.63868836458765466
1.1680700523587131 3.1666666666666665 -0.086397942189822219 0.0026344182806355581 0.52628345621782846 -0.68791270477412225 -0.022195819257752311 0 0.26314172810891423 0.00025445115190656805 0 0.00064483799305213487 0.63771500035303852
1.1605924331157629 3.1666666666666665 -0.083509437373744555 0.0027097997010345001 0.54378745512953464 -0.67507170168838015 -0.022152707509920141 0 0.27189372756476732 0.00026066345510513848 0 0.00068912677286492947 0.63653192603465025
1.152955710810208 3.1666666666666665 -0.08066549012810445 0.002722993716874083 0.56120076699186661 -0.66205020141448556 -0.022108003418954292 0 0.2806003834959333 0.00026299796635820169 0 0.00071738395795004604 0.63517952970533864
1.1452797786568585 3.1666666666666665 -0.07790795128804856 0.0027146029287864817 0.57563721283923508 -0.65105761958159236 -0.02206270938745768 0 0.28781860641961754 0.00025935060970485734 0 0.00073701263738115447 0.63367263880095348
1.1375921272453167 3.1666666666666665 -0.075262283605134261 0.0027056352909291515 0.58704346569980936 -0.64223966794643361 -0.022016884798839828 0 0.29352173284990468 0.00025321766584934932 0 0.00075271196454492807 0.63203027713358051
1.1298826960670283 3.1666666666666665 -0.072728545181008825 0.0027045760451131287 0.59606538522919317 -0.63517864638249566 -0.021970479068681256 0 0.29803269261459658 0.00024631537340822062 0 0.0007674950776898091 0.63026869138509356
1.1221431800150796 3.1666666666666665 -0.070306809797670136 0.0027019391742814439 0.60260690791304894 -0.6300098886863954 -0.021923326488164297 0 0.30130345395652447 0.00023743292761875721 0 0.00077871065584038791 0.62839858956679651
1.1143356163922562 3.1666666666666665 -0.06798883215614504 0.0027277987145001639 0.60613327589733479 -0.6272066661838589 -0.021875145649677893 0 0.30306663794866739 0.00022951210985828029 0 0.00079420714781391064 0.62642597133327238
1.1064328298226749 3.1666666666666665 -0.065749653471867148 0.0027482005621217694 0.61046919193929639 -0.62374229413322113 -0.021825640199772942 0 0.30523459596964819 0.00022449596468991854 0 0.00080824747820592571 0.62436716765711453
1.0985053101077311 3.1666666666666665 -0.063593222425092244 0.0027289316290409365 0.61540709151534112 -0.61977313828724157 -0.021775342528710981 0 0.30770354575767056 0.00021604914193113552 0 0.00081143213739676449 0.62223835832371077
1.0905694717976031 3.1666666666666665 -0.061542983401923407 0.0027354856195284452 0.61692266334742352 -0.61855103619681717 -0.02172446253466985 0 0.30846133167371176 0.00020503176365262713 0 0.00081850237248434006 0.62003598182259889
1.0825658731837731 3.1666666666666665 -0.059582212909666032 0.0027581076908285867 0.61894976435796023 -0.61691210412473585 -0.021672365501506575 0 0.30947488217898012 0.0001988340155344899 0 0.00083008332917982881 0.61776802151732579
1.0745004604945598 3.1666666666666665 -0.057695950387690563 0.0027640029346593167 0.62022529559785022 -0.61587930388949508 -0.021619145282381558 0 0.31011264779892511 0.00019072547088833881 0 0.00083566369210673634 0.61543808099357411
1.0663980781478899 3.1666666666666665 -0.055888505231073596 0.0027704191695248786 0.62155716080599688 -0.61479898744470685 -0.021564884209434407 0 0.31077858040299844 0.00018334179388225446 0 0.00084123973494896044 0.61305774128602453
1.0582631930691395 3.1666666666666665 -0.054158888168837231 0.0027741364997622858 0.62213678581868914 -0.61432934993681509 -0.021509625462128801 0 0.31106839290934457 0.00017517336638795734 0 0.00084497952988895817 0.61062998343628727
1.0500825690865543 3.1666666666666665 -0.052503793634667811 0.0027901758346683008 0.62203683188611758 -0.61441266841401188 -0.021453228341113063 0 0.31101841594305879 0.00016803136420516884 0 0.00085137270146643819 0.60815715499309797
1.0418495611353349 3.1666666666666665 -0.050914032954489576 0.0027999322516903563 0.62186068771800906 -0.61455800473802347 -0.021395585862754241 0 0.31093034385900453 0.00016155277440362844 0 0.0008554630466543426 0.60564454882956142
1.0335757726494328 3.1666666666666665 -0.049384945336015312 0.0028093758310269515 0.62156449340779085 -0.61480098475392586 -0.021336722752384785 0 0.31078224670389543 0.00015533303070355408 0 0.0008591754628359988 0.60309814039301801
1.0252752419277655 3.1666666666666665 -0.047916373475824128 0.0028102924667954251 0.62111508341490551 -0.61516844620260813 -0.021276733343332011 0 0.31055754170745276 0.00014882999093973034 0 0.00085997402429129185 0.60052406147106197
1.0169413730658008 3.1666666666666665 -0.046508437266520403 0.0028243935467522326 0.61941187680636145 -0.61655333975998183 -0.021215617465703152 0 0.30970593840318072 0.00014227559696848157 0 0.00086308329308572177 0.59792276703754466
1.0085561203235738 3.1666666666666665 -0.045148384382805481 0.002838847991854296 0.61845353619626597 -0.61733217450396705 -0.021153016946470135 0 0.30922676809813299 0.00013832103386254892 0 0.00086688178742678589 0.59530011413026229
1.000149776333513 3.1666666666666665 -0.043835722579796677 0.0028333259318477052 0.61660628468087708 -0.61882869711109456 -0.021089308924383529 0 0.30830314234043854 0.00013189062138778751 0 0.00086350900329924764 0.59266164907825514
0.99170759398017316 3.1666666666666665 -0.042571149697502558 0.0028576098122881062 0.6141723719789427 -0.6207943369144977 -0.021024254468264825 0 0.30708618598947135 0.00012751856231761109 0 0.00086821788845886725 0.59000935201446703
0.98321788755165329 3.1666666666666665 -0.041342435434582797 0.0028611770793670953 0.61202425854439957 -0.62252431175300127 -0.020957641376176662 0 0.30601212927219978 0.00012359508855643115 0 0.00086678752874123986 0.58734683963733936
0.97468743302655958 3.1666666666666665 -0.040143113484638039 0.0028817339090294208 0.6106428281365891 -0.62363515151815174 -0.020889462758597089 0 0.30532141406829455 0.00012080299985479503 0 0.00087152256601845943 0.58467392838673216
0.96613657717203894 3.1666666666666665 -0.038970764877638779 0.0028721710785480151 0.61187224328410894 -0.62265101783814414 -0.020819863136298623 0 0.30593612164205447 0.00011806297658638759 0 0.00087073323749976134 0.58199009368815369
0.95756160882059271 3.1666666666666665 -0.037827041945921375 0.0028951134568586273 0.61611963460443664 -0.61923327944442308 -0.020748759579031596 0 0.30805981730221832 0.00011600752539045711 0 0.00088429124282858379 0.57927055858872256
0.94893771035138119 3.1666666666666665 -0.036699066620359579 0.0029031224535627578 0.62871775660190021 -0.60897845780418203 -0.02067562159984181 0 0.31435887830095011 0.00011801311316154224 0 0.00090495988892633369 0.5764800013674739
0.94032628027079168 3.1666666666666665 -0.035584205216093547 0.0028857446149378437 0.65107703079474255 -0.59033767410932558 -0.020600964357261432 0 0.32553851539737128 0.00011974350278780223 0 0.00093175819940296135 0.57356779183740902
0.93180570687333841 3.1666666666666665 -0.034494762961861297 0.0028408827194086302 0.68349811542279926 -0.56221046407989594 -0.020525073843200282 0 0.34174905771139963 0.00012250431591270079 0 0.00096310918022724933 0.57048132232183291
0.92359351737429707 3.1666666666666665 -0.033448328162723889 0.0026781786264093235 0.72347699048382708 -0.52545677524059631 -0.020449617843040991 0 0.36173849524191354 0.00012268738122584022 0 0.00096100043703801173 0.56723563106134789
0.91615670564815888 3.1666666666666665 -0.032494996410547143 0.0023202667926768262 0.76549208710266514 -0.48383119095811 -0.020378703427641632 0 0.38274604355133257 0.00011344366068548092 0 0.00088079740776055395 0.56400287740551003
0.90999189285213999 3.1666666666666665 -0.031714178145712417 0.001822454363608689 0.80063351418113315 -0.44604224729751213 -0.020317466491961023 0 0.40031675709056658 8.9731574312451056e-05 0 0.00072401975759003661 0.56106613873795042
0.90526181101140102 3.1666666666666665 -0.031134651517373609 0.001354517274013773 0.82749769312222488 -0.41483914865507021 -0.020267896311943302 0 0.41374884656111244 6.7109919617172042e-05 0 0.00055639733868622851 0.5586399952783323
0.90174820370798447 3.1666666666666665 -0.030711497829804476 0.0010048136924392834 0.84651903276963147 -0.39124387519256698 -0.020228627107926934 0 0.42325951638481574 5.0750003135930487e-05 0 0.0004222581429130281 0.55673667047584163
0.89910328107242332 3.1666666666666665 -0.030380773790327244 0.00077222573771033333 0.86207568715168881 -0.37083204977040096 -0.020196626237916727 0 0.4310378435758444 4.3353738147865256e-05 0 0.00033002309851369653 0.55524934403391213
0.89703284333946653 3.1666666666666665 -0.030097687898209515 0.00062093225744759973 0.8684907102834134 -0.36208077735640753 -0.02016929313501652 0 0.4342453551417067 3.8276139869387886e-05 0 0.00026690639032493581 0.55405367468058053
0.89535172751916403 3.1666666666666665 -0.029789421663611967 0.00051953040798950235 0.88623094539534919 -0.33669464439665797 -0.020143759312968957 0 0.4431154726976746 5.2007037642622606e-05 0 0.00022426059758575819 0.55308097846232362
0.8939535284507758 3.1666666666666665 -0.02938479987297242 0.00045246451777965636 0.91345371097910733 -0.29349871580301601 -0.020119464278979527 0 0.45672685548955366 6.9596530210965765e-05 0 0.00019458072854928833 0.55227266126287777
0.89277606974434098 3.1666666666666665 -0.028870690796752016 0.00040629275590664505 0.94718248074987677 -0.22894033769199285 -0.020095796266870181 0 0.47359124037493838 9.0152026717920411e-05 0 0.00016999057254996313 0.5515764330897529
0.89182062648313942 3.1666666666666665 -0.028224806223812966 0.00036743403850691937 0.98556135350136609 -0.11847260719571656 -0.020072066233534844 0 0.49278067675068304 0.00011838139596554021 0 0.0001370042332213651 0.5509852334170765
0.89113677700504024 3.1666666666666665 -0.027418539873801641 0.00034643223373117139 0.99308217604851823 0.080720983600570784 -0.020048609877946644 0 0.49654108802425911 0.00014761148225301692 0 8.8323196205369566e-05 0.55052616840365254
0.89070210615648038 3.1666666666666665 -0.02648985752440472 0.0003407414684512552 0.94961147165800164 0.22357862401316295 -0.020028160833662923 0 0.47480573582900082 0.00015281246303725315 0 5.3132495888017829e-05 0.55017432688183598
0.89044619584671214 3.1666666666666665 -0.025525379572637757 0.00032646445466259284 0.85994309860078155 0.37370642555701383 -0.020010219804352733 0 0.42997154930039078 0.00013808245069167968 0 2.5240714906475252e-05 0.54985562599445248
0.89035083841508378 3.1666666666666665 -0.024794241989533932 0.00016635308204637983 0.76357645585892608 0.48582264399522923 -0.019997567916091852 0 0.38178822792946304 6.3484444752598672e-05 0 1.8586978200512394e-06 0.54960956575820841
0.89040674237629447 3.1666666666666665 -0.024032817773731313 0.00034392542947578287 0.66694897541696252 0.57675957408101564 -0.019985451931916576 0 0.33347448770848126 0.00011382628585635526 -0 -1.4051850422827565e-05 0.54942352234224556
0.89062834704382321 3.1666666666666665 -0.023016903109668807 0.00035214798946607995 0.50497141111961219 0.70329919696249099 -0.019970689329691749 0 0.2524857055598061 8.4820585123225538e-05 -0 -2.6662171747942223e-05 0.54919361342588047
0.89103199816754375 3.1666666666666665 -0.021998637772758924 0.00037988721841155244 0.39186029237423992 0.77957770936130333 -0.019957522209514734 0 0.19593014618711996 6.7184727367387051e-05 -0 -3.2034973040763535e-05 0.549006735690732
0.89162116110677681 3.1666666666666665 -0.020963939900063341 0.00041581711266073574 0.27091381139535908 0.85363245921420239 -0.01994525458734463 0 0.13545690569767954 4.698961473648312e-05 -0 -3.1056649229277213e-05 0.5488370098531109
0.89240961495805382 3.1666666666666665 -0.01991475816111668 0.00046057299217701776 0.1785741381413275 0.90610623164994297 -0.0199338612369102 0 0.089287069070663749 3.1478811669630839e-05 -0 -2.6461349691587972e-05 0.54868808153675575
0.89341390204746007 3.1666666666666665 -0.018859814019942515 0.00051212071882504086 0.087057818226315753 0.95527234229858882 -0.019923197862091558 0 0.043528909113157876 1.5267275300810541e-05 -0 -1.6243339423113063e-05 0.54854288940952811
0.89467288969105663 3.1666666666666665 -0.017814426432517058 0.00058064868070776589 0.025231257553100406 0.98710293683004924 -0.019913175246338555 0 0.012615628776550203 4.3673579152702059e-06 -0 -5.88093922011473e-06 0.5484091604060598
0.89622532258267862 3.1666666666666665 -0.016774596972762266 0.00066630082088884636 -0.0064573439258661658 1.0030260120854786 -0.019903843994757465 0 -0.0032286719629330829 -1.1204567974007541e-06 0 1.8364436612119626e-06 0.54830044548909529
0.89812120936205031 3.1666666666666665 -0.015732561218473246 0.00077722220012858313 -0.042565231101394652 1.0208669959685319 -0.019894915018168858 0 -0.021282615550697326 -7.3990538569940757e-06 0 1.4794232383001091e-05 0.54819370007957036
0.90046632168568408 3.1666666666666665 -0.014687126326249316 0.00093590237000729017 -0.078276931077945422 1.0382107071521032 -0.019886141724211204 0 -0.039138465538972711 -1.3671043566335374e-05 0 3.3982989057181242e-05 0.54807012448053594
0.90339987559134372 3.1666666666666665 -0.013649881960676133 0.0011399979603560566 -0.11449823751381238 1.0555108373347573 -0.019877368605828272 0 -0.057249118756906192 -1.959046622775943e-05 0 6.2254216603051187e-05 0.54790549810356937
0.90706950859445867 3.1666666666666665 -0.012653119698425315 0.0013966936017765577 -0.15790131370546034 1.0758747915061013 -0.019868233619609144 0 -0.078950656852730172 -2.5446693394026597e-05 0 0.00010729357684016383 0.54765664051939
0.91167145559502072 3.1666666666666665 -0.011734281206095883 0.0017334415944441428 -0.21988006739489196 1.1043032676408122 -0.019858511341903407 0 -0.10994003369744598 -3.1909835023286264e-05 0 0.00018788414249613962 0.54723998207992175
0.91738238973173158 3.1666666666666665 -0.010927914262336231 0.0021128463342183382 -0.32298920294654576 1.1500414220800625 -0.019847681139450058 0 -0.16149460147327288 -3.9942512304523447e-05 0 0.00033886737216796427 0.54650630479630269
0.92414211050463424 3.1666666666666665 -0.010270309491161205 0.0024157287320443546 -0.48676415222744507 1.2191680409856633 -0.01983532370860196 0 -0.24338207611372253 -4.6503708274683266e-05 0 0.00058610307567304588 0.54521598405232585
0.93161588142430751 3.1666666666666665 -0.0097923122200561027 0.0025775135194196657 -0.69662697541175822 1.3023955151484117 -0.019821643046466986 0 -0.34831348770587911 -4.4442011683013097e-05 0 0.00089668206534813705 0.54316215937055301
0.93940808915355634 3.1666666666666665 -0.0095272652880769686 0.0026209116680832012 -0.88924113868473831 1.3743539618249971 -0.019807228495491314 0 -0.44462056934236915 -2.1833521141509903e-05 0 0.0011651066813393764 0.54032629135409493
0.9473404368835725 3.1666666666666665 -0.0095101252800572147 0.00266804629702651 -0.99515324732221555 1.4123602587260917 -0.019792596933773932 0 -0.49757662366110778 1.8748334295313986e-05 0 0.0013274250756471365 0.53692556819292603
0.95540214931268386 3.1666666666666665 -0.0097583556590727337 0.0027097105295752462 -1.0094990578053631 1.4174300291744708 -0.019778023152529123 0 -0.50474952890268154 6.4510840300528491e-05 0 0.001366202890108751 0.53326362036847541
0.96358064453906467 3.1666666666666665 -0.010271961851588941 0.00275400899045952 -0.98672338739704735 1.4093731858820184 -0.019763863838248897 0 -0.49336169369852367 0.00010587369260045941 0 0.0013545913412919342 0.52953100552170262
0.9718635887596716 3.1666666666666665 -0.01103588825027679 0.002791923113979649 -0.97062946854186172 1.4036521587693713 -0.019750587939235443 0 -0.48531473427093086 0.00014301631484785185 0 0.0013473925911422523 0.52574217968794101
0.98021029299967322 3.1666666666666665 -0.012029902764640346 0.0028123214543441036 -0.97115428983655461 1.403839263702122 -0.019738579605402474 0 -0.4855771449182773 0.00017868684253936274 0 0.0013538580805474247 0.52186315314574327
0.98857597936802444 3.1666666666666665 -0.013244612976067034 0.0028237607471675377 -0.9772735758026363 1.4060172012572052 -0.01972829367918021 0 -0.48863678790131815 0.00021588864108842797 0 0.0013627992771212238 0.51786368619028011
0.99695658355037398 3.1666666666666665 -0.014680880392702276 0.0028452121631351184 -0.97814469172044238 1.4063270646656489 -0.019720012914345209 0 -0.48907234586022119 0.0002522113712890632 0 0.0013684671242997918 0.51374319791046075
1.0053787090410431 3.1666666666666665 -0.016336400484973784 0.0028773805610112012 -0.96982725258960056 1.4033668842523039 -0.019713974068694008 0 -0.48491362629480028 0.00028512275375988357 0 0.0013658382779994961 0.50951016422506079
1.0138636800766103 3.1666666666666665 -0.018201331923037752 0.0029146063842017469 -0.95382566604535879 1.3976541697830114 -0.01971009217431606 0 -0.47691283302267939 0.00031252142980268895 0 0.0013544249769814089 0.505184576266274
1.0224156650912091 3.1666666666666665 -0.020258640484720439 0.0029496199595978206 -0.93346410581708872 1.3903509158779066 -0.019708793330768349 0 -0.46673205290854436 0.00033429127732624781 0 0.0013354786273087511 0.50078908945043399
1.0310147188869105 3.1666666666666665 -0.022485303819031105 0.0029723502622508789 -0.91376209264061248 1.3832474877497893 -0.019709902955341741 0 -0.45688104632030624 0.0003509779048734298 0 0.0013118715724319181 0.49634937481268065
1.0396165107734936 3.1666666666666665 -0.024858330024029797 0.0029765756377465192 -0.89627445267679806 1.3769117005738525 -0.019713485222547195 0 -0.44813722633839903 0.00036470005473794511 0 0.0012830905517435358 0.4918840237257931
1.0481816235991612 3.1666666666666665 -0.027367951583473236 0.0029737589321157825 -0.87754371630804706 1.3700930075592395 -0.019719709564924377 0 -0.43877185815402353 0.00037702248346224932 0 0.0012491443502248086 0.48740433699413416
1.0566977018865309 3.1666666666666665 -0.030014985586839057 0.0029717630128707918 -0.85502339957696516 1.361849546980276 -0.019728430413543125 0 -0.42751169978848258 0.00038707834432013621 0 0.0012100610525643516 0.48292166067158587
1.0651641220281791 3.1666666666666665 -0.032799822047019714 0.0029702121906526667 -0.82868937359105965 1.3521463374619347 -0.01973969805583466 0 -0.41434468679552983 0.0003940981480907209 0 0.0011658853125730974 0.47844726103479845
1.0735860692210983 3.1666666666666665 -0.035724771484537954 0.0029735986014609557 -0.79755785725506678 1.3405848193831864 -0.019753462846197434 0 -0.39877892862753339 0.00039831247352829004 0 0.0011169104206758141 0.47398766075710558
1.0819694129362265 3.1666666666666665 -0.038792317390392017 0.0029778965650821805 -0.76108225339173297 1.3269104773111129 -0.019769638178973221 0 -0.38054112669586648 0.00039812224562825043 0 0.0010609751990449795 0.46955487665817397
1.0903266394261999 3.1666666666666665 -0.042004512312211958 0.0029911532472339029 -0.71918557846419096 1.3110278421929891 -0.019788265689187779 0 -0.35959278923209548 0.00039384866590010565 0 0.001000895815861922 0.46516066101992043
1.0986729657925149 3.1666666666666665 -0.045359785788310521 0.0030060079653900385 -0.67408069648826929 1.2937110530935829 -0.019809280445339181 0 -0.33704034824413465 0.00038476054812952598 0 0.00093724280745632513 0.46081957251965777
1.107001577561435 3.1666666666666665 -0.048845285808694711 0.0030131558518388456 -0.62886288956543646 1.276115023926834 -0.019832681958131999 0 -0.31443144478271823 0.00037168333134849707 0 0.00087147971986736362 0.45654966487042964
1.1152897479104078 3.1666666666666665 -0.052448349745367939 0.0030119683217127591 -0.58261532901099033 1.2578636539739594 -0.019858424465948561 0 -0.29130766450549517 0.00035538426918995579 0 0.0008022152934728889 0.45236286149218907
1.1235300753917126 3.1666666666666665 -0.056169000916924623 0.0030157584147774853 -0.53291430766475179 1.2379494470562298 -0.019886533079616787 0 -0.26645715383237589 0.00033586182288795262 0 0.00073001522577700471 0.44826759271229311
1.131737723917432 3.1666666666666665 -0.060011680139643572 0.0030261441612204872 -0.48010469554644764 1.2164324940886782 -0.019916899147350692 0 -0.24005234777322382 0.00031238347934134809 0 0.00065583647407393628 0.44427443522246868
1.139893751388847 3.1666666666666665 -0.0639570961259327 0.0030140948378283268 -0.42868870306909757 1.1951111757430135 -0.01994945320677784 0 -0.21434435153454878 0.00028485578332024865 0 0.00057986482609357151 0.44041151428145547
1.1479285912756994 3.1666666666666665 -0.067976388050580039 0.0029754373515136186 -0.37535608845624902 1.1725854880178856 -0.019984037282438433 0 -0.18767804422812451 0.000253471326320168 0 0.00049758410754271152 0.43669932859456928
1.1558140478016039 3.1666666666666665 -0.072081994509174685 0.0029516278753518562 -0.31131766535120486 1.1449527714870966 -0.02002039997655038 0 -0.15565883267560243 0.00021582196044829408 0 0.00040560125845153454 0.43314472970702039
1.1635754241288576 3.1666666666666665 -0.076300421817994624 0.0029377310586127222 -0.23666031671754717 1.1118713842863357 -0.020058452650560183 0 -0.11833015835877359 0.00016871259796979586 0 0.00030393624376579036 0.42977805085974186
1.1711876105086372 3.1666666666666665 -0.080612945130083241 0.0028950924837761343 -0.15534438203346967 1.0746815607409885 -0.020097886376001781 0 -0.077672191016734837 0.0001125654148107908 0 0.00019466567275940348 0.42665249116717358
1.1785368433451788 3.1666666666666665 -0.084963000034837144 0.0027986471718877853 -0.064672559792031015 1.0316331756027182 -0.020138291583003828 0 -0.032336279896015507 4.6913461325764756e-05 0 7.7388538426910355e-05 0.42382872791214549
1.1855154471700535 3.1666666666666665 -0.089339896920040976 0.0026937487646731331 0.078921002555250808 0.95951643597747482 -0.020179359103640482 0 0.039460501277625404 -5.78937513655903e-05 -0 -8.9147613555514926e-05 0.42135785658950348
1.1920227625777058 3.1666666666666665 -0.093580333965716134 0.0024842654549840706 0.23104709731090434 0.8766664629678016 -0.020219183876205766 0 0.11552354865545217 -0.00015709196604954615 -0 -0.00024017918475119856 0.41955763875366137
1.1977452154959538 3.1666666666666665 -0.097265977523383951 0.002053634565948757 0.44206066395974974 0.74667873041801447 -0.020253631318662355 0 0.22103033197987487 -0.00024252980879404292 -0 -0.00038369076104311222 0.41858559249285998
1.2012610470204288 3.1666666666666665 -0.099485905624243254 0.00071838146985207275 0.60723181764700396 0.62638418798919104 -0.02027390909809719 0 0.30361590882350198 -0.00011618856085907501 -0 -0.00018458895297979568 0.41865867320636335
1.2001411442393453 3.5 -0.099784159789142651 0.0013669896906639192 -0.23939830893887581 -1.1131527818430758 -0.017005681812194862 0 -0.11969915446943791 -2.2006283396744391e-05 -0 -0.00016214094352129458 0.64525999205811146
1.1953279575719831 3.5 -0.098257623700580082 0.0020330838868118936 0.21960613724363875 -0.8832357973606153 -0.01698202040745983 0 0.10980306862181938 9.1558642998570749e-05 0 0.00020359911305085904 0.64592838129845409
1.1892223033436113 3.5 -0.095497186507080695 0.0024340393542550882 0.37561313172657851 -0.78999959582638957 -0.016956027469977764 0 0.18780656586328925 0.00018901741930759533 0 0.00041621982990985276 0.64610556337802172
1.1823891933399708 3.5 -0.092418695519260463 0.0025623583026815528 0.46080999614758622 -0.73410045229507481 -0.016927190924084623 0 0.23040499807379311 0.00024097597516888094 0 0.0005389613274340326 0.64581788037436072
1.1753131306913638 3.5 -0.089349139204410663 0.0025800660900553822 0.50512098521642401 -0.70327342131139137 -0.01689703111632973 0 0.25256049260821201 0.00025268447325765218 0 0.00060063531514484183 0.64512734108556491
1.1680700523587131 3.5 -0.086397942189822219 0.0026344182806355616 0.52861297077863656 -0.68636912584486964 -0.016865713987640585 0 0.26430648538931828 0.00025557744165855976 0 0.00064769227143848785 0.64414206219575287
1.1605924331157629 3.5 -0.083509437373744555 0.0027097997010345036 0.54612578734284711 -0.67349155245529879 -0.016832748691296917 0 0.27306289367142356 0.00026178433008700188 0 0.00069209007648079308 0.64294644834116055
1.152955710810208 3.5 -0.08066549012810445 0.0027229937168740869 0.56353021337552711 -0.66044499816087021 -0.016798542459424914 0 0.28176510668776356 0.00026408962499032941 0 0.00072036169348576316 0.64158104385463643
1.1452797786568585 3.5 -0.07790795128804856 0.0027146029287864852 0.57795794864474781 -0.64943130683953054 -0.016763921138913285 0 0.2889789743223739 0.00026039620618941242 0 0.00073998397345626681 0.64006098765054709
1.1375921272453167 3.5 -0.075262283605134261 0.002705635290929155 0.58936496382329473 -0.64058971259506481 -0.016728905943833861 0 0.29468248191164736 0.00025421903009314008 0 0.00075568860855055296 0.63840530516185723
1.1298826960670283 3.5 -0.072728545181008825 0.0027045760451131322 0.59839597907716047 -0.6335024476876937 -0.016693402784947742 0 0.29919798953858023 0.00024727845750629226 0 0.00077049595536319041 0.63663023659127904
1.1221431800150796 3.5 -0.070306809797670136 0.0027019391742814473 0.60495774960928905 -0.62830309801866324 -0.016657353056861557 0 0.30247887480464453 0.0002383591818965911 0 0.00078174849934171205 0.63474642197848408
1.1143356163922562 3.5 -0.06798883215614504 0.0027277987145001674 0.60851239222360554 -0.62546891828896534 -0.016620470234806561 0 0.30425619611180277 0.00023041296125409335 0 0.00079732446749745435 0.63275977335030886
1.1064328298226749 3.5 -0.065749653471867148 0.0027482005621217733 0.61287113285199279 -0.62197579043013373 -0.016582619419669209 0 0.3064355664259964 0.00022537926240492881 0 0.00081142759394496893 0.63068657140793805
1.0985053101077311 3.5 -0.063593222425092244 0.0027289316290409404 0.61782634666477831 -0.61798053706468969 -0.016544157411587601 0 0.30891317333238916 0.00021689846265940591 0 0.00081462199562862682 0.62854313757765612
1.0905694717976031 3.5 -0.061542983401923407 0.0027354856195284487 0.61937227061339994 -0.6167295240705597 -0.016505257535132434 0 0.30968613530669997 0.00020584588076622839 0 0.00082175238983331865 0.62632596591222689
1.0825658731837731 3.5 -0.059582212909666032 0.0027581076908285906 0.62143045439395261 -0.61505970045169389 -0.016465433074168145 0 0.31071522719697631 0.00019963092279507282 0 0.00083341022186533863 0.62404285970972051
1.0745004604945598 3.5 -0.057695950387690563 0.0027640029346593202 0.62273938702639253 -0.6139957978597661 -0.016424773488748934 0 0.31136969351319627 0.00019149857910396394 0 0.00083905106592135177 0.62169745597935777
1.0663980781478899 3.5 -0.055888505231073596 0.0027704191695248825 0.62410555982952931 -0.61288337238769586 -0.016383284809698306 0 0.31205277991476466 0.00018409349956270468 0 0.00084468883770939102 0.61930134170456508
1.0582631930691395 3.5 -0.054158888168837231 0.0027741364997622897 0.62472032538081879 -0.61238276003161674 -0.016341047556399091 0 0.31236016269040939 0.00017590080661108982 0 0.00084848846569603458 0.61685752376530811
1.0500825690865543 3.5 -0.052503793634667811 0.0027901758346683047 0.62466036767815725 -0.61243285968270234 -0.016297996892571442 0 0.31233018383907862 0.00016874006226865964 0 0.00085496349648076365 0.61436831826839766
1.0418495611353349 3.5 -0.050914032954489576 0.0027999322516903602 0.62452654149563447 -0.6125432778319374 -0.01625396220222769 0 0.31226327074781723 0.00016224533478320532 0 0.00085913033008226257 0.61183896269003757
1.0335757726494328 3.5 -0.049384945336015312 0.002809375831026955 0.62427238052257206 -0.61275189703692723 -0.016209014623807971 0 0.31213619026128603 0.00015600974939775761 0 0.00086291851796515347 0.60927545729873367
1.0252752419277655 3.5 -0.047916373475824128 0.002810292466795429 0.62386374931222643 -0.61308645301664177 -0.01616328602873357 0 0.31193187465611322 0.00014948861915778231 0 0.00086377973008764113 0.60668396131515012
1.0169413730658008 3.5 -0.046508437266520403 0.0028243935467522365 0.6222095371988654 -0.61443528109017509 -0.016116704153521622 0 0.3111047685994327 0.0001429182046054403 0 0.00086698152951759011 0.60406493626198188
1.0085561203235738 3.5 -0.045148384382805481 0.0028388479918542999 0.62129917299641435 -0.61517689704062839 -0.016068987244060418 0 0.31064958649820718 0.00013895747847990017 0 0.00087087049566645866 0.60142411792617956
1.000149776333513 3.5 -0.043835722579796677 0.0028333259318477091 0.61950232322457788 -0.61663686442449406 -0.016020430960191234 0 0.30975116161228894 0.00013251007716140077 0 0.00086756467937410681 0.5987671715650984
0.99170759398017316 3.5 -0.042571149697502558 0.0028576098122881101 0.61712543707207024 -0.61856244249455428 -0.015970837896021276 0 0.30856271853603512 0.00012813169737917806 0 0.00087239245582238487 0.59609599582907957
0.98321788755165329 3.5 -0.041342435434582797 0.0028611770793670992 0.61503644783749456 -0.6202500324228355 -0.01592009553919127 0 0.30751822391874728 0.00012420338438332262 0 0.0008710535820504225 0.59341416259621638
0.97468743302655958 3.5 -0.040143113484638039 0.0028817339090294247 0.61371299490358711 -0.6213173163019462 -0.015868130317095219 0 0.30685649745179355 0.00012141036857906177 0 0.00087590437400111366 0.59072147003575182
0.96613657717203894 3.5 -0.038970764877638779 0.0028721710785480185 0.61499114705573232 -0.62028923563244631 -0.015815090982449265 0 0.30749557352786616 0.00011866478042208385 0 0.00087517163654192128 0.58801744440902015
0.95756160882059271 3.5 -0.037827041945921375 0.0028951134568586312 0.61928248624207649 -0.61682177904789348 -0.015760921613761469 0 0.30964124312103825 0.0001166030503032371 0 0.00088883075406705832 0.58527728359802922
0.94893771035138119 3.5 -0.036699066620359579 0.0029031224535627613 0.63189600481624564 -0.60651244155197548 -0.015705203800519429 0 0.31594800240812282 0.00011860968445643027 0 0.00090953457624959344 0.58246551421251547
0.94032628027079168 3.5 -0.035584205216093547 0.0028857446149378476 0.6542347039551637 -0.58780985477925918 -0.015648343976998047 0 0.32711735197758185 0.00012032424949979486 0 0.00093627715448676529 0.57953165664226747
0.93180570687333841 3.5 -0.034494762961861297 0.0028408827194086341 0.68659642962516265 -0.55960745652557731 -0.01559054122894471 0 0.34329821481258133 0.00012305963106760571 0 0.00096747497844116193 0.57642317800084808
0.92359351737429707 3.5 -0.033448328162723889 0.002678178626409327 0.72647864928411432 -0.52276196692999566 -0.015533082352444105 0 0.36323932464205716 0.00012319640316072524 0 0.00096498756511099559 0.57315561190389575
0.91615670564815888 3.5 -0.032494996410547143 0.0023202667926768292 0.76837398924261247 -0.48102641127761292 -0.015479095928648047 0 0.38418699462130623 0.00011387075004930503 0 0.000884113407987145 0.56990229717699559
0.90999189285213999 3.5 -0.031714178145712417 0.0018224543636086914 0.80342738111232626 -0.44309644171259627 -0.015432505606984058 0 0.40171369055616313 9.0044698949023341e-05 0 0.00072654627543176215 0.56694780779502529
0.90526181101140102 3.5 -0.031134651517373609 0.0013545172740137747 0.83025818380093663 -0.41170962705801817 -0.015394777907166812 0 0.41512909190046832 6.7333794933190617e-05 0 0.00055825345221967998 0.56450730001320271
0.90174820370798447 3.5 -0.030711497829804476 0.001004813692439285 0.84931483698872368 -0.3878776646632095 -0.015364903731919233 0 0.42465741849436184 5.0917615519579113e-05 0 0.00042365273777953728 0.562592596923425
0.89910328107242332 3.5 -0.030380773790327244 0.00077222573771033431 0.86494448493689946 -0.36717867918507296 -0.015340554585993373 0 0.43247224246844973 4.3498009828221051e-05 0 0.00033112134261012032 0.56109599444181257
0.89703284333946653 3.5 -0.030097687898209515 0.00062093225744760049 0.87160550719618213 -0.35799413069414465 -0.015319764761953068 0 0.43580275359809106 3.8413415260922016e-05 0 0.00026786363625829911 0.55989240662767037
0.89535172751916403 3.5 -0.029789421663611967 0.00051953040798950311 0.88948112887330899 -0.33209150984896596 -0.015300333752082285 0 0.4447405644366545 5.2197769432526816e-05 0 0.00022508305598987739 0.55891231004791797
0.8939535284507758 3.5 -0.02938479987297242 0.00045246451777965696 0.91659376005337934 -0.28839678406781444 -0.015281848250883686 0 0.45829688002668967 6.9835772241114532e-05 0 0.00019524961086834719 0.55809695391687109
0.89277606974434098 3.5 -0.028870690796752016 0.00040629275590664554 0.94991472458145354 -0.22327626553516089 -0.01526383527226316 0 0.47495736229072677 9.0412079372937084e-05 0 0.00017048092757944843 0.55739386903069288
0.89182062648313942 3.5 -0.028224806223812966 0.00036743403850691985 0.98716319623211013 -0.1122691812873477 -0.015245809291686783 0 0.49358159811605506 0.00011857380243309213 0 0.00013722690757267495 0.55679579832495096
0.89113677700504024 3.5 -0.027418539873801641 0.00034643223373117182 0.99223034687399569 0.086820280623040147 -0.015228000477438995 0 0.49611517343699785 0.00014748486658101102 0 8.8247435833137264e-05 0.55632993692153831
0.89070210615648038 3.5 -0.02648985752440472 0.00034074146845125569 0.94729524590555725 0.22907059358901274 -0.01521240438655491 0 0.47364762295277862 0.00015243973358658304 0 5.3002898827598449e-05 0.55597216877708178
0.89044619584671214 3.5 -0.025525379572637757 0.00032646445466259327 0.85629644641980951 0.37877770769461783 -0.015198741191333187 0 0.42814822320990475 0.00013749690186782386 0 2.5133679791927873e-05 0.55564826738532214
0.89035083841508378 3.5 -0.024794241989533932 0.00016635308204638005 0.75906968772439054 0.49061145835176301 -0.015189114838126627 0 0.37953484386219527 6.3109747928915451e-05 0 1.8477274449920542e-06 0.55539854444565917
0.89040674237629447 3.5 -0.024032817773731313 0.00034392542947578336 0.66202769313666887 0.58115564050209501 -0.015179867454324092 0 0.33101384656833444 0.00011298638459814251 -0 -1.3948164646193825e-05 0.55520898617387293
0.89062834704382321 3.5 -0.023016903109668807 0.00035214798946608039 0.49977320938105774 0.7071044497097646 -0.015168645938027914 0 0.24988660469052887 8.3947437647262276e-05 -0 -2.6387709977469946e-05 0.55497480034854296
0.89103199816754375 3.5 -0.021998637772758924 0.00037988721841155293 0.38696115587681557 0.78282121842991848 -0.015158631174424507 0 0.19348057793840778 6.6344766911274558e-05 -0 -3.1634463704471545e-05 0.55478410983726556
0.89162116110677681 3.5 -0.020963939900063341 0.00041581711266073628 0.26636144194961209 0.85639305055811465 -0.015149290615547983 0 0.13318072097480604 4.6200012739848122e-05 -0 -3.0534780889267382e-05 0.55461082923549099
0.89240961495805382 3.5 -0.01991475816111668 0.00046057299217701835 0.17452444553716795 0.90843068837624619 -0.015140636680521402 0 0.087262222768583975 3.0764937241154876e-05 -0 -2.5861260937093813e-05 0.55445860321898877
0.89341390204746007 3.5 -0.018859814019942515 0.00051212071882504161 0.083491297976288625 0.95722500374458941 -0.015132555299161464 0 0.041745648988144313 1.4641816868329188e-05 -0 -1.5577894318228929e-05 0.55431032971013694
0.89467288969105663 3.5 -0.017814426432517058 0.00058064868070776664 0.022208827877131854 0.98871755642144732 -0.015125004028767484 0 0.011104413938565927 3.8441960339843216e-06 -0 -5.1764667940363165e-06 0.55417370480530614
0.89622532258267862 3.5 -0.016774596972762266 0.00066630082088884723 -0.0089396460782418252 1.0043461023514044 -0.015117961826386086 0 -0.0044698230391209126 -1.5511775940259344e-06 0 2.5424008016830946e-06 0.5540623037304736
0.89812120936205031 3.5 -0.015732561218473246 0.000777222200128584 -0.044634539737727019 1.0219619319568287 -0.015111233198948859 0 -0.02231726986886351 -7.7587588474473016e-06 0 1.551345396469831e-05 0.55395299680165733
0.90046632168568408 3.5 -0.014687126326249316 0.00093590237000729147 -0.079999305382941532 1.0391203765702319 -0.015104581407006767 0 -0.039999652691470766 -1.3971855744800739e-05 0 3.4730737165762217e-05 0.55382688137230152
0.90339987559134372 3.5 -0.013649881960676133 0.0011399979603560581 -0.11593243300524825 1.0562691352219948 -0.015097913187834933 0 -0.057966216502624124 -1.9835854793985989e-05 0 6.3034007792100779e-05 0.55365972438466826
0.90706950859445867 3.5 -0.012653119698425315 0.0013966936017765596 -0.15913084863299232 1.07652362231701 -0.015091031325120741 0 -0.079565424316496158 -2.5644839929884559e-05 0 0.00010812904297485932 0.55340823890835156
0.91167145559502072 3.5 -0.011734281206095883 0.001733441594444145 -0.22097440650057965 1.1048741503782402 -0.015083710635697412 0 -0.11048720325028982 -3.2068649693191375e-05 0 0.00018881923846417439 0.5529887803191732
0.91738238973173158 3.5 -0.010927914262336231 0.0021128463342183408 -0.32404555254948764 1.1505730223411859 -0.015075569977837764 0 -0.16202277627474382 -4.0073145949947143e-05 0 0.00033997565198281296 0.55225199338160902
0.92414211050463424 3.5 -0.010270309491161205 0.0024157287320443577 -0.48787426661890976 1.219691466726023 -0.015066274079288842 0 -0.24393713330945488 -4.6609764638069923e-05 0 0.00058743974242676919 0.55095812266972188
0.93161588142430751 3.5 -0.0097923122200561027 0.0025775135194196692 -0.69783288179085856 1.3029221767482737 -0.015055999747570437 0 -0.34891644089542928 -4.4518943681457396e-05 0 0.00089823428003518659 0.54890037201574993
0.93940808915355634 3.5 -0.0095272652880769686 0.0026209116680832047 -0.89053103511681919 1.3748835137511244 -0.015045222902334732 0 -0.4452655175584096 -2.1865191944619482e-05 0 0.0011667967369225869 0.5460603780236517
0.9473404368835725 3.5 -0.0095101252800572147 0.0026680462970265139 -0.99646907572750565 1.412884654524027 -0.015034252160534554 0 -0.49823453786375282 1.8773124035873096e-05 0 0.0013291802461448791 0.5426554513754086
0.95540214931268386 3.5 -0.0097583556590727337 0.0027097105295752501 -1.0107728748343003 1.4179376483083979 -0.015023326660582479 0 -0.50538643741715017 6.4592242067365807e-05 0 0.0013679268070286828 0.53898931928932547
0.96358064453906467 3.5 -0.010271961851588941 0.0027540089904595235 -0.98790430106229654 1.4098506729351059 -0.015012697516627318 0 -0.49395215053114827 0.00010600040257002061 0 0.0013562125204858127 0.53525263765114328
0.9718635887596716 3.5 -0.01103588825027679 0.0027919231139796529 -0.9716856200034607 1.4040870833461374 -0.015002745881933344 0 -0.48584281000173035 0.00014317193230523875 0 0.001348858702259425 0.53145999868200611
0.98021029299967322 3.5 -0.012029902764640346 0.002812321454344107 -0.97205998670268245 1.4042204865498014 -0.014993727239136445 0 -0.48602999335134123 0.00017885348558980291 0 0.0013551206863285739 0.52757751582765966
0.98857597936802444 3.5 -0.013244612976067034 0.0028237607471675412 -0.97799894156285383 1.4063336592409148 -0.014986008438285459 0 -0.48899947078142691 0.00021604888099682526 0 0.0013638107931983495 0.52357508097879757
0.99695658355037398 3.5 -0.014680880392702276 0.0028452121631351223 -0.97866035323818035 1.4065688603477695 -0.014979797667430017 0 -0.48933017661909017 0.00025234433290467171 0 0.0013691885572741419 0.519452198096232
1.0053787090410431 3.5 -0.016336400484973784 0.0028773805610112051 -0.97013010753424433 1.4035333450221317 -0.014975211024562007 0 -0.48506505376712217 0.00028521179109676644 0 0.001366264798160662 0.5152174341163539
1.0138636800766103 3.5 -0.018201331923037752 0.0029146063842017504 -0.95391294293843254 1.3977441741067154 -0.014972197205780469 0 -0.47695647146921627 0.00031255002611791039 0 0.0013545489094861653 0.51089070890751143
1.0224156650912091 3.5 -0.020258640484720439 0.0029496199595978245 -0.93332444655945079 1.3903597785573998 -0.014971063064094237 0 -0.4666622232797254 0.00033424126268579742 0 0.0013352788210681927 0.50649479468212133
1.0310147188869105 3.5 -0.022485303819031105 0.0029723502622508828 -0.91340248809803226 1.3831768992754832 -0.014971753694617257 0 -0.45670124404901613 0.00035083978002676142 0 0.0013113552947481245 0.50205535769707177
1.0396165107734936 3.5 -0.024858330024029797 0.0029765756377465235 -0.89568877167498617 1.37675870897382 -0.014974275933297252 0 -0.44784438583749309 0.00036446173723064438 0 0.0012822521012471344 0.49759098903021365
1.0481816235991612 3.5 -0.027367951583473236 0.0029737589321157864 -0.87673331446571101 1.3698572736521391 -0.014978794612378332 0 -0.43836665723285551 0.00037667430740045158 0 0.0012479907793383081 0.49311305070222272
1.0566977018865309 3.5 -0.030014985586839057 0.0029717630128707961 -0.85399656341577579 1.3615329625569341 -0.014985168891742506 0 -0.42699828170788789 0.00038661348447962494 0 0.0012086078356738745 0.48863283164512433
1.0651641220281791 3.5 -0.032799822047019714 0.0029702121906526706 -0.82744789359677973 1.3517481607560617 -0.014993448215264771 0 -0.41372394679838986 0.00039350773993269565 0 0.001164138671024032 0.48416161921103545
1.0735860692210983 3.5 -0.035724771484537954 0.0029735986014609596 -0.79611360319582913 1.3401076429844303 -0.015003613249606862 0 -0.39805680159791457 0.00039759119117679058 0 0.001114887868463218 0.47970593067704748
1.0819694129362265 3.5 -0.038792317390392017 0.0029778965650821844 -0.75944504856049511 1.3263557518016238 -0.015015599330183841 0 -0.37972252428024755 0.00039726582352530334 0 0.0010586928784233147 0.47527774966986458
1.0903266394261999 3.5 -0.042004512312211958 0.0029911532472339068 -0.71736884259055955 1.3103980149557148 -0.015029470738581019 0 -0.35868442129527978 0.0003928537641368498 0 0.0009983674512938699 0.47088885162426269
1.0986729657925149 3.5 -0.045359785788310521 0.0030060079653900429 -0.67209555740248716 1.2930078123703763 -0.01504508396988935 0 -0.33604777870124358 0.00038362744462020187 0 0.00093448266710570882 0.46655375320713943
1.107001577561435 3.5 -0.048845285808694711 0.0030131558518388495 -0.62671123912430127 1.2753369592977966 -0.015062515505441187 0 -0.31335561956215063 0.00037041161915633559 0 0.00086849795745968193 0.46229053318382046
1.1152897479104078 3.5 -0.052448349745367939 0.0030119683217127635 -0.58030488413545722 1.2570113062418025 -0.015081780920525254 0 -0.29015244206772861 0.00035397494176118977 0 0.0007990339933566967 0.45811109936712402
1.1235300753917126 3.5 -0.056169000916924623 0.0030157584147774896 -0.53045835538228592 1.2370247617861445 -0.015102784849765542 0 -0.26522917769114296 0.00033431399315500901 0 0.00072665092773847439 0.45402387076409129
1.131737723917432 3.5 -0.060011680139643572 0.0030261441612204911 -0.47751445729215347 1.215436413500254 -0.01512554229748625 0 -0.23875722864607674 0.00031069812269788032 0 0.00065229813600004222 0.45003941512404416
1.139893751388847 3.5 -0.0639570961259327 0.0030140948378283307 -0.42596290110383483 1.1940407784997116 -0.01514993015289373 0 -0.21298145055191742 0.00028304453789103226 0 0.00057617777609380162 0.44618584397137789
1.1479285912756994 3.5 -0.067976388050580039 0.0029754373515136225 -0.37250573589688485 1.1714416009341173 -0.015176017191514013 0 -0.18625286794844242 0.00025154653366082051 0 0.00049380558848294048 0.44248361718856244
1.1558140478016039 3.5 -0.072081994509174685 0.0029516278753518601 -0.3083780900729165 1.1437425169304447 -0.01520345482210797 0 -0.15418904503645825 0.00021378409054865398 0 0.00040177142299763712 0.43893949897971846
1.1635754241288576 3.5 -0.076300421817994624 0.0029377310586127261 -0.23366626170435256 1.1106008477347118 -0.01523216055889323 0 -0.11683313085217628 0.0001665781683081328 0 0.00030009106242334969 0.43558378639036854
1.1711876105086372 3.5 -0.080612945130083241 0.0028950924837761382 -0.15230826141617104 1.0733477224933072 -0.015261980035415429 0 -0.076154130708085521 0.00011036538560968228 0 0.00019086103911376736 0.43246959484797043
1.1785368433451788 3.5 -0.084963000034837144 0.0027986471718877892 -0.061603150488054981 1.03022778348691 -0.015292632857149128 0 -0.03080157524402749 4.4686912459629391e-05 0 7.3715619021330744e-05 0.42965751002679037
1.1855154471700535 3.5 -0.089339896920040976 0.0026937487646731366 0.081901705266540059 0.95805191663761979 -0.015323829822963958 0 0.04095085263327003 -6.0080293047461596e-05 -0 -9.2514556762348534e-05 0.42719851706044532
1.1920227625777058 3.5 -0.093580333965716134 0.0024842654549840741 0.23380405079529842 0.87519152113566046 -0.015354170018283901 0 0.11690202539764921 -0.00015896645505291968 -0 -0.00024304510623640899 0.42540983931860549
1.1977452154959538 3.5 -0.097265977523383951 0.0020536345659487596 0.44437299404265662 0.74524522765776235 -0.015380396960852446 0 0.22218649702132831 -0.00024379843325805385 -0 -0.00038569776994851082 0.4244477677966943
1.2012610470204288 3.5 -0.099485905624243254 0.00071838146985207362 0.60915083542914084 0.62498970591126135 -0.015395846057107726 0 0.30457541771457042 -0.00011655574832832445 -0 -0.00018517230430108679 0.42452672792265622
1.2001411442393453 3.833333333333333 -0.099784159789142651 0.0013669896906639192 -0.23606523802467905 -1.1117146171767534 -0.012483908851946625 0 -0.11803261901233952 -2.1699896507695866e-05 -0 -0.00015988350375387654 0.65011677784374322
1.1953279575719831 3.833333333333333 -0.098257623700580082 0.0020330838868118936 0.22192881275487564 -0.88199533656955431 -0.012466495685755318 0 0.11096440637743782 9.2527017656055509e-05 0 0.00020575248945430688 0.65077840427378664
1.1892223033436113 3.833333333333333 -0.095497186507080695 0.0024340393542550882 0.37749053050517867 -0.78889450040701059 -0.012447358048778511 0 0.18874526525258933 0.00018996217081431461 0 0.00041830019008445591 0.65094815340622469
1.1823891933399708 3.833333333333333 -0.092418695519260463 0.0025623583026815528 0.4625700524164652 -0.73299081728424165 -0.012426156304918791 0 0.2312850262082326 0.00024189637897802351 0 0.00054101988143885886 0.65065222330070971
1.1753131306913638 3.833333333333333 -0.089349139204410663 0.0025800660900553822 0.5068442529434245 -0.70214093218912788 -0.012403967154024099 0 0.25342212647171225 0.00025354653009279328 0 0.00060268443898760281 0.64995305199854114
1.1680700523587131 3.833333333333333 -0.086397942189822219 0.0026344182806355616 0.53033718565801147 -0.68520765286141361 -0.012380904738391051 0 0.26516859282900573 0.00025641107694959541 0 0.00064980489582230764 0.64895880967813224
1.1605924331157629 3.833333333333333 -0.083509437373744555 0.0027097997010345036 0.54785739009619716 -0.67230195889054589 -0.012356616678428479 0 0.27392869504809858 0.00026261437048661035 0 0.00069428448866526665 0.64775375849551486
1.152955710810208 3.833333333333333 -0.08066549012810445 0.0027229937168740865 0.56525570282639348 -0.65923609833878749 -0.012331416003810557 0 0.28262785141319674 0.00026489824864739039 0 0.00072256738977926358 0.64637855801162192
1.1452797786568585 3.833333333333333 -0.07790795128804856 0.0027146029287864852 0.57967618208357308 -0.64820705306869153 -0.012305863172871868 0 0.28983809104178654 0.00026117034809691118 0 0.000742183900302794 0.64484858622689567
1.1375921272453167 3.833333333333333 -0.075262283605134261 0.002705635290929155 0.59108624486676264 -0.63934572494970821 -0.01228002938796775 0 0.29554312243338132 0.00025496149431182975 0 0.00075789564927490236 0.64318288109613642
1.1298826960670283 3.833333333333333 -0.072728545181008825 0.0027045760451131322 0.60012426570210353 -0.63223854540150048 -0.012253815997116956 0 0.30006213285105177 0.00024799264688203599 0 0.00077272130095505176 0.64139762657505872
1.1221431800150796 3.833333333333333 -0.070306809797670136 0.0027019391742814473 0.60669813284632979 -0.62701862937450004 -0.012227247073384529 0 0.30334906642316489 0.00023904490965995223 0 0.00078399748612585478 0.63950349160470421
1.1143356163922562 3.833333333333333 -0.06798883215614504 0.0027277987145001674 0.61027396677235157 -0.62416119017326133 -0.012200078243449552 0 0.30513698338617579 0.00023107998071570732 0 0.00079963263164823458 0.63750628482314342
1.1064328298226749 3.833333333333333 -0.065749653471867148 0.0027482005621217729 0.61465073229740508 -0.62064571603371887 -0.012172217200961632 0 0.30732536614870254 0.00022603369820535033 0 0.0008137837435803041 0.63542224727022734
1.0985053101077311 3.833333333333333 -0.063593222425092244 0.00272893162904094 0.61961923925824203 -0.61663059217075389 -0.01214386844886768 0 0.30980961962912101 0.00021752788814333838 0 0.00081698597662477486 0.63326779659810251
1.0905694717976031 3.833333333333333 -0.061542983401923407 0.0027354856195284487 0.62118756116603047 -0.61535815648616543 -0.012115200366376601 0 0.31059378058301523 0.00020644918527368199 0 0.00082416082724752298 0.63103948684602051
1.0825658731837731 3.833333333333333 -0.059582212909666032 0.0027581076908285902 0.62326926776755909 -0.61366494523240522 -0.012085827458222519 0 0.31163463388377954 0.0002002216309073409 0 0.00083587628359570675 0.62874497690010456
1.0745004604945598 3.833333333333333 -0.057695950387690563 0.0027640029346593202 0.6246038602160946 -0.61257717553271007 -0.012055861656170964 0 0.3123019301080473 0.00019207192322518658 0 0.00084156317331297067 0.6263879299860734
1.0663980781478899 3.833333333333333 -0.055888505231073596 0.0027704191695248821 0.62599622106195218 -0.61144024404502129 -0.012025260920771341 0 0.31299811053097609 0.00018465119118599242 0 0.00084724773245686553 0.62397993115915673
1.0582631930691395 3.833333333333333 -0.054158888168837231 0.0027741364997622892 0.62663631958938937 -0.61091719706890601 -0.011994112559168834 0 0.31331815979469468 0.0001764402879006481 0 0.00085109074854207683 0.62152401514055333
1.0500825690865543 3.833333333333333 -0.052503793634667811 0.0027901758346683043 0.62660568748185097 -0.61094288920979722 -0.011962384466921671 0 0.31330284374092549 0.00016926555324230319 0 0.0008576260272049733 0.61902248625481227
1.0418495611353349 3.833333333333333 -0.050914032954489576 0.0027999322516903597 0.6265038606386184 -0.61102685346544394 -0.01192994993704578 0 0.3132519303193092 0.00016275902120805826 0 0.00086185043040645608 0.61648052363104655
1.0335757726494328 3.833333333333333 -0.049384945336015312 0.002809375831026955 0.62627831413837909 -0.61121203395213231 -0.011896865709857273 0 0.31313915706918954 0.00015651104532318143 0 0.00086569127760805127 0.61390415014222333
1.0252752419277655 3.833333333333333 -0.047916373475824128 0.0028102924667954285 0.62589879441074747 -0.61152307334888145 -0.011863235275043304 0 0.31294939720537374 0.00014997625140446611 0 0.0008665973817108593 0.61129958549021768
1.0169413730658008 3.833333333333333 -0.046508437266520403 0.0028243935467522361 0.62428240930642209 -0.61284391684118877 -0.011828959562361529 0 0.31214120465321105 0.00014339433224778145 0 0.00086986985205664085 0.60866723647322574
1.0085561203235738 3.833333333333333 -0.045148384382805481 0.0028388479918542995 0.62340812454066463 -0.61355747903433722 -0.011793870457328612 0 0.31170406227033232 0.0001394291587936079 0 0.00087382659758402606 0.60601277229296924
1.000149776333513 3.833333333333333 -0.043835722579796677 0.0028333259318477086 0.62164918923157353 -0.61498988361050366 -0.011758138677769269 0 0.31082459461578676 0.00013296928670683301 0 0.00087057119775054077 0.60334193638504929
0.99170759398017316 3.833333333333333 -0.042571149697502558 0.0028576098122881106 0.61931412031965904 -0.6168861176135132 -0.011721671214797068 0 0.30965706015982952 0.00012858612638613892 0 0.00087548646335907049 0.60065657727848121
0.98321788755165329 3.833333333333333 -0.041342435434582797 0.0028611770793670992 0.61726948260158188 -0.61854182822867343 -0.011684354066372037 0 0.30863474130079094 0.00012465433404024203 0 0.00087421614735356905 0.59796023666346687
0.97468743302655958 3.833333333333333 -0.040143113484638039 0.0028817339090294243 0.61599001391770314 -0.61957594642737313 -0.011646144895273113 0 0.30799500695885157 0.00012186082949493138 0 0.00087915418446742315 0.5952526819314623
0.96613657717203894 3.833333333333333 -0.038970764877638779 0.002872171078548019 0.61730398718735335 -0.61851538957133367 -0.011607139013034961 0 0.30865199359367668 0.0001191110513443307 0 0.00087846295560031957 0.5925334876764532
0.95756160882059271 3.833333333333333 -0.037827041945921375 0.0028951134568586307 0.62162798236527861 -0.61501074388096488 -0.011567305032013264 0 0.3108139911826393 0.00011704467752266547 0 0.00089219714845760164 0.58977783966456354
0.94893771035138119 3.833333333333333 -0.036699066620359579 0.0029031224535627613 0.63425311397812079 -0.60466025985477878 -0.011526325270031956 0 0.31712655698906039 0.00011905212430695706 0 0.00091292733750521107 0.58695013723448686
0.94032628027079168 3.833333333333333 -0.035584205216093547 0.0028857446149378472 0.65657572695068167 -0.58591157957088325 -0.011484510179840379 0 0.32828786347534084 0.00012075480115548439 0 0.00093962739918577131 0.58400002115540772
0.93180570687333841 3.833333333333333 -0.034494762961861297 0.0028408827194086345 0.68889269221083471 -0.55765256922961548 -0.011442019960400795 0 0.34444634610541736 0.00012347119339801491 0 0.00097071061512628309 0.58087501647446271
0.92359351737429707 3.833333333333333 -0.033448328162723889 0.002678178626409327 0.72870115489512155 -0.52073879303500559 -0.011399760230987942 0 0.36435057744756078 0.00012357329613280421 0 0.00096793973759414409 0.57759101929631063
0.91615670564815888 3.833333333333333 -0.032494996410547143 0.0023202667926768296 0.77050410167492012 -0.47892258912322988 -0.011360103546261723 0 0.38525205083746006 0.00011418642640450718 0 0.00088656437716138757 0.57432227469127539
0.90999189285213999 3.833333333333333 -0.031714178145712417 0.0018224543636086916 0.80549157366672375 -0.44088564374456285 -0.011325876267143273 0 0.40274578683336187 9.0276044807408463e-05 0 0.00072841294247277734 0.57135447580927312
0.90526181101140102 3.833333333333333 -0.031134651517373609 0.0013545172740137747 0.83229629510603598 -0.40936054569322122 -0.011298164616972039 0 0.41614814755301799 6.7499085407101176e-05 0 0.00055962384843410919 0.56890318054977684
0.90174820370798447 3.833333333333333 -0.030711497829804476 0.0010048136924392847 0.85137624176029492 -0.3853525727178263 -0.011276211219088794 0 0.42568812088014746 5.1041199626458994e-05 0 0.0004246810016660417 0.56697993963045445
0.89910328107242332 3.833333333333333 -0.030380773790327244 0.00077222573771033431 0.86705818645200161 -0.36443801054618707 -0.01125833101021979 0 0.43352909322600081 4.3604307759335721e-05 0 0.00033193051787598578 0.56547638042457438
0.89703284333946653 3.833333333333333 -0.030097687898209515 0.0006209322574476006 0.87390005968478479 -0.35492750511683691 -0.011243061271418562 0 0.4369500298423924 3.8514540823868739e-05 0 0.00026856880295138237 0.56426685118854925
0.89535172751916403 3.833333333333333 -0.029789421663611967 0.000519530407989503 0.89187216492138643 -0.32863619652551512 -0.011228776062269973 0 0.44593608246069322 5.2338083537335862e-05 0 0.00022568810727563644 0.56328120096371181
0.8939535284507758 3.833333333333333 -0.02938479987297242 0.00045246451777965701 0.91889717163805584 -0.2845646637339152 -0.011215191302335347 0 0.45944858581902792 7.001127041033146e-05 0 0.00019574027558283484 0.56246056009680023
0.89277606974434098 3.833333333333333 -0.028870690796752016 0.00040629275590664559 0.95190127692835924 -0.2190279417783727 -0.011201954828090509 0 0.47595063846417962 9.060115774367829e-05 0 0.00017083745356859429 0.56175232327126168
0.89182062648313942 3.833333333333333 -0.028224806223812966 0.00036743403850691991 0.98829060792629708 -0.10762994180975283 -0.011188730925896406 0 0.49414530396314854 0.00011870922228261403 0 0.00013738363061598238 0.56114910627820103
0.89113677700504024 3.833333333333333 -0.027418539873801641 0.00034643223373117187 0.99152156719372986 0.09139768384080954 -0.011175696613884022 0 0.49576078359686493 0.00014737951374947485 0 8.8184398062168929e-05 0.5606781687219452
0.89070210615648038 3.833333333333333 -0.02648985752440472 0.00034074146845125563 0.94549032047946857 0.233206002036875 -0.011164234613643917 0 0.47274516023973429 0.00015214928311479416 0 5.2901909954104323e-05 0.56031592980620593
0.89044619584671214 3.833333333333333 -0.025525379572637757 0.00032646445466259327 0.85349997742100969 0.38259065250068236 -0.011154156090555988 0 0.42674998871050485 0.00013704786832913291 0 2.5051598923021141e-05 0.55998812012200794
0.89035083841508378 3.833333333333333 -0.024794241989533932 0.00016635308204638005 0.75562486793304884 0.4942174372506612 -0.011147052719886816 0 0.37781243396652442 6.2823342461528324e-05 0 1.839342064605445e-06 0.55973564231695949
0.89040674237629447 3.833333333333333 -0.024032817773731313 0.0003439254294757833 0.65828035816834451 0.58446174953989205 -0.011140249387870069 0 0.32914017908417226 0.0001123468375907611 -0 -1.3869212593788006e-05 0.55954343397846162
0.89062834704382321 3.833333333333333 -0.023016903109668807 0.00035214798946608044 0.49583505123883176 0.70995846854651934 -0.011132012407878153 0 0.24791752561941588 8.3285941034630726e-05 -0 -2.6179777713491318e-05 0.55930604405123241
0.89103199816754375 3.833333333333333 -0.021998637772758924 0.00037988721841155293 0.38324561322745831 0.78525831978394967 -0.011124656517393593 0 0.19162280661372916 6.570773446686306e-05 -0 -3.133071435573607e-05 0.559112489807015
0.89162116110677681 3.833333333333333 -0.020963939900063341 0.00041581711266073628 0.26291318344949033 0.85846561431622059 -0.011117804962477504 0 0.13145659172474516 4.560191721419749e-05 -0 -3.0139484118908668e-05 0.55893653693014289
0.89240961495805382 3.833333333333333 -0.01991475816111668 0.0004605729921770183 0.17146385976605627 0.91017178363604934 -0.011111458352360557 0 0.085731929883028135 3.0225421250259656e-05 -0 -2.5407739328682686e-05 0.55878183932377001
0.89341390204746007 3.833333333333333 -0.018859814019942515 0.00051212071882504161 0.080813038507422164 0.95867806250167409 -0.011105582857918749 0 0.040406519253711082 1.4172132175199275e-05 -0 -1.5078181845503371e-05 0.55863125960896909
0.89467288969105663 3.833333333333333 -0.017814426432517058 0.00058064868070776664 0.019942968779005144 0.98991606677719346 -0.011100088169284327 0 0.0099714843895025718 3.4519913392217047e-06 -0 -4.6483369689816878e-06 0.55849249642523813
0.89622532258267862 3.833333333333333 -0.016774596972762266 0.00066630082088884723 -0.010821794496390202 1.005335116869458 -0.011094921606915062 0 -0.0054108972481951012 -1.8777617148412978e-06 0 3.0776765391458594e-06 0.55837908670668601
0.89812120936205031 3.833333333333333 -0.015732561218473246 0.00077722220012858411 -0.046206207252793341 1.0227820976773749 -0.011089992040670026 0 -0.02310310362639667 -8.0319595863687626e-06 0 1.6059712350828471e-05 0.55826785554553626
0.90046632168568408 3.833333333333333 -0.014687126326249316 0.00093590237000729147 -0.081312981455372357 1.0398029145579404 -0.011085140151788528 0 -0.040656490727686179 -1.4201288894145478e-05 0 3.5301053847565234e-05 0.55813984541854045
0.90339987559134372 3.833333333333333 -0.013649881960676133 0.0011399979603560581 -0.11703262186679875 1.0568395573777827 -0.011080244958081808 0 -0.058516310933399374 -2.0024095357372494e-05 0 6.3632195128241788e-05 0.55797077356212599
0.90706950859445867 3.833333333333333 -0.012653119698425315 0.0013966936017765594 -0.16006624970820571 1.0770067728172634 -0.01107524329075533 0 -0.080033124854102855 -2.5795585125113254e-05 0 0.00010876464583834774 0.5577173280694705
0.91167145559502072 3.833333333333333 -0.011734281206095883 0.001733441594444145 -0.22180805871168596 1.1052988354053592 -0.011069921555392614 0 -0.11090402935584298 -3.218963248548525e-05 0 0.00018953158148225444 0.55729578917038669
0.91738238973173158 3.833333333333333 -0.010927914262336231 0.0021128463342183408 -0.32485276374501915 1.1509693096003641 -0.01106400031996797 0 -0.16242638187250957 -4.0172969853705322e-05 0 0.00034082254573071199 0.55655668478152787
0.92414211050463424 3.833333333333333 -0.010270309491161205 0.0024157287320443581 -0.48872121973309102 1.2200815370170763 -0.011057249347813169 0 -0.24436060986654551 -4.6690679513095106e-05 0 0.00058845954189824009 0.55526016677185175
0.93161588142430751 3.833333333333333 -0.0097923122200561027 0.0025775135194196692 -0.69874816174405052 1.3033134941755486 -0.011049780268074303 0 -0.34937408087202526 -4.4577334877619365e-05 0 0.0008994124071358702 0.55319949253559997
0.93940808915355634 3.833333333333333 -0.0095272652880769686 0.0026209116680832047 -0.89150521527266191 1.375275714280511 -0.011041964630101164 0 -0.44575260763633096 -2.1889110971869714e-05 0 0.0011680731328955389 0.55035643995565142
0.9473404368835725 3.833333333333333 -0.0095101252800572147 0.0026680462970265135 -0.99746198229302152 1.4132728797713994 -0.011034019923737381 0 -0.49873099114651076 1.8791830043479859e-05 0 0.0013305046743938818 0.54694840296661573
0.95540214931268386 3.833333333333333 -0.0097583556590727337 0.0027097105295752497 -1.0117363903654444 1.418314075116367 -0.011026091431181226 0 -0.50586819518272219 6.4653814384918855e-05 0 0.0013692307782341392 0.5432791714755304
0.96358064453906467 3.833333333333333 -0.010271961851588941 0.0027540089904595235 -0.98879840410901387 1.410204594833155 -0.011018385565553134 0 -0.49439920205450694 0.00010609633826216125 0 0.0013574399609830943 0.5395394705327875
0.9718635887596716 3.833333333333333 -0.01103588825027679 0.0027919231139796525 -0.97248534986636992 1.4044088094145719 -0.011011171832027109 0 -0.48624267493318496 0.0001432897676085897 0 0.0013499688582222532 0.53574401027589658
0.98021029299967322 3.833333333333333 -0.012029902764640346 0.002812321454344107 -0.97274534544520619 1.4045014213131986 -0.011004679659636429 0 -0.48637267272260309 0.00017897958768397056 0 0.0013560761251103926 0.53185897130516757
0.98857597936802444 3.833333333333333 -0.013244612976067034 0.0028237607471675412 -0.97854671153889128 1.4065652245139337 -0.010999123917764041 0 -0.48927335576944564 0.00021616988837764862 0 0.001364574653539871 0.52785435848247042
0.99695658355037398 3.833333333333333 -0.014680880392702276 0.0028452121631351219 -0.9790635613626022 1.4067489752798197 -0.010994631043358027 0 -0.4895317806813011 0.00025244829878501236 0 0.0013697526630421252 0.52372972968874743
1.0053787090410431 3.833333333333333 -0.016336400484973784 0.0028773805610112051 -0.9703850715731841 1.4036610222255423 -0.010991190014266192 0 -0.48519253578659205 0.00028528674882629832 0 0.001366623872050334 0.51949363824143546
1.0138636800766103 3.833333333333333 -0.018201331923037752 0.0029146063842017509 -0.95400260611996379 1.3978132382509447 -0.010988953106248712 0 -0.4770013030599819 0.00031257940430167114 0 0.0013546762305018444 0.51516604107012764
1.0224156650912091 3.833333333333333 -0.020258640484720439 0.0029496199595978245 -0.93324479404741201 1.3903683166138256 -0.010988093731337644 0 -0.466622397023706 0.00033421273760398041 0 0.0013351648646484694 0.51076979815983015
1.0310147188869105 3.833333333333333 -0.022485303819031105 0.0029723502622508828 -0.91316244350566644 1.3831275050462031 -0.010988552695045348 0 -0.45658122175283322 0.00035074757840362198 0 0.0013110106671044776 0.50633054394242549
1.0396165107734936 3.833333333333333 -0.024858330024029797 0.0029765756377465235 -0.89528250537983167 1.3766487272921504 -0.01099031504253271 0 -0.44764125268991584 0.00036429642476453698 0 0.001281670497650995 0.50186687434799127
1.0481816235991612 3.833333333333333 -0.027367951583473236 0.0029737589321157864 -0.87616049420086228 1.369685962794092 -0.010993521987218018 0 -0.43808024710043114 0.0003764282044259589 0 0.0012471753952335246 0.49739020006905305
1.0566977018865309 3.833333333333333 -0.030014985586839057 0.0029717630128707961 -0.85326306806209784 1.3613016235744895 -0.010998077811901855 0 -0.42663153403104892 0.0003862814231966137 0 0.0012075697656512743 0.49291177326608088
1.0651641220281791 3.833333333333333 -0.032799822047019714 0.0029702121906526706 -0.82655615734075782 1.3514566470164309 -0.01100402543908178 0 -0.41327807867037891 0.00039308365870481564 0 0.0011628840848826897 0.4884428931783083
1.0735860692210983 3.833333333333333 -0.035724771484537954 0.0029735986014609601 -0.79507072793669886 1.3397572461115392 -0.011011331814242502 0 -0.39753536396834943 0.00039707036347724881 0 0.001113427412354872 0.48399006959017682
1.0819694129362265 3.833333333333333 -0.038792317390392017 0.0029778965650821849 -0.75825577460466498 1.3259465807025452 -0.011019969505115811 0 -0.37912788730233249 0.00039664371413324718 0 0.001057034989060657 0.47956527621162987
1.0903266394261999 3.833333333333333 -0.042004512312211958 0.0029911532472339073 -0.71604611286938735 1.3099329951089025 -0.01103001334575383 0 -0.35802305643469368 0.00039212939569617202 0 0.00099652659869186905 0.47518030817897444
1.0986729657925149 3.833333333333333 -0.045359785788310521 0.0030060079653900429 -0.67064983807520218 1.2924890433813097 -0.011041323039800524 0 -0.33532491903760109 0.00038280223813720132 0 0.00093247253679318461 0.47084962849958401
1.107001577561435 3.833333333333333 -0.048845285808694711 0.0030131558518388495 -0.62513756654130792 1.2747609096181864 -0.011053951814705181 0 -0.31256878327065396 0.0003694815151896299 0 0.00086631715817171988 0.4665913418740571
1.1152897479104078 3.833333333333333 -0.052448349745367939 0.0030119683217127631 -0.57861000653842232 1.2563787276444343 -0.011067938424778722 0 -0.28930500326921116 0.00035294109866404509 0 0.00079670028076589676 0.46241738210587258
1.1235300753917126 3.833333333333333 -0.056169000916924623 0.0030157584147774896 -0.52865477229581703 1.2363381149137906 -0.01108322639088578 0 -0.26432738614790852 0.00033317731002520948 0 0.00072418028077865493 0.45833611594547014
1.131737723917432 3.833333333333333 -0.060011680139643572 0.0030261441612204915 -0.47561490211084911 1.2146981914825334 -0.011099807201552913 0 -0.23780745105542456 0.00030946216382840639 0 0.00064970329036747134 0.45435813008745951
1.139893751388847 3.833333333333333 -0.0639570961259327 0.0030140948378283303 -0.42395895690560237 1.1932457239396785 -0.01111751794578501 0 -0.21197947845280118 0.00028171295371297756 0 0.00057346714540610179 0.45051146771671796
1.1479285912756994 3.833333333333333 -0.067976388050580039 0.0029754373515136229 -0.37040149131160582 1.1705885135143452 -0.011136576667956127 0 -0.18520074565580291 0.00025012557451739408 0 0.00049101613415885096 0.44681667338891196
1.1558140478016039 3.833333333333333 -0.072081994509174685 0.0029516278753518596 -0.30620922460589894 1.142840651889085 -0.011156567376663356 0 -0.15310461230294947 0.00021228051767394326 0 0.00039894570939143361 0.44328036625509237
1.1635754241288576 3.833333333333333 -0.076300421817994624 0.0029377310586127256 -0.23145208642447912 1.1096518145216745 -0.011177519994807105 0 -0.11572604321223956 0.00016499970653216132 0 0.00029724745886979323 0.43993282456567068
1.1711876105086372 3.833333333333333 -0.080612945130083241 0.0028950924837761378 -0.15005628093258161 1.0723482899481311 -0.011199373995919953 0 -0.075028140466290805 0.00010873355886472515 0 0.00018803902978108006 0.43682714452411719
1.1785368433451788 3.833333333333333 -0.084963000034837144 0.0027986471718877888 -0.059323378153521178 1.0291731862860265 -0.011221888583873194 0 -0.029661689076760589 4.3033166085717044e-05 0 7.0987595737838919e-05 0.43402381648357824
1.1855154471700535 3.833333333333333 -0.089339896920040976 0.0026937487646731366 0.084118736509939063 0.95695079151009255 -0.011244826288932541 0 0.042059368254969531 -6.1706631429126618e-05 -0 -9.501887168648641e-05 0.43157374313814612
1.1920227625777058 3.833333333333333 -0.093580333965716134 0.0024842654549840741 0.23585518481444367 0.87408115486555293 -0.01126720437631277 0 0.11792759240722184 -0.00016036104810104203 -0 -0.00024517731089194225 0.42979375209918397
1.1977452154959538 3.833333333333333 -0.097265977523383951 0.0020536345659487596 0.4460881840632589 0.74416693755452923 -0.01128649580048947 0 0.22304409203162945 -0.00024473944597792798 -0 -0.00038718648545294746 0.42883919046676161
1.2012610470204288 3.833333333333333 -0.099485905624243254 0.00071838146985207362 0.61056874826277896 0.62394199264587147 -0.011297856005467604 0 0.30528437413138948 -0.00011682705369602142 -0 -0.00018560332757386599 0.4289225705777685
1.2001411442393453 4.1666666666666661 -0.099784159789142651 0.0013669896906639174 -0.23369206195662406 -1.1106840403963287 -0.0085454295100105809 0 -0.11684603097831203 -2.1481746323864237e-05 -0 -0.00015827618660730936 0.65358259795940921
1.1953279575719831 4.1666666666666661 -0.098257623700580082 0.002033083886811891 0.22357849039710975 -0.88110651439738918 -0.0085334570587600172 0 0.11178924519855488 9.321480465601736e-05 0 0.00020728192259763481 0.65423937842229096
1.1892223033436113 4.1666666666666661 -0.095497186507080695 0.0024340393542550852 0.37881936135637995 -0.7881040814697734 -0.0085202942616335858 0 0.18940968067818997 0.00019063086995439987 0 0.00041977267787614568 0.65440380207720739
1.1823891933399708 4.1666666666666661 -0.092418695519260463 0.0025623583026815498 0.46381261629052695 -0.73219876800710426 -0.0085057532501077154 0 0.23190630814526347 0.00024254616531895528 0 0.00054247317863419817 0.65410198457763991
1.1753131306913638 4.1666666666666661 -0.089349139204410663 0.0025800660900553787 0.50806167211157693 -0.70133176046605128 -0.0084905624084851122 0 0.25403083605578847 0.00025415553848927947 0 0.00060413206236324397 0.65339665252158097
1.1680700523587131 4.1666666666666661 -0.086397942189822219 0.0026344182806355581 0.53155685483036175 -0.68437659488976443 -0.0084747588006685564 0 0.26577842741518087 0.00025700077100549373 0 0.00065129931676979023 0.65239599868801357
1.1605924331157629 4.1666666666666661 -0.083509437373744555 0.0027097997010345001 0.54908209751597248 -0.67145093874793793 -0.0084580930794420067 0 0.27454104875798624 0.00026320143159756462 0 0.00069583652644019463 0.65118419279344619
1.152955710810208 4.1666666666666661 -0.08066549012810445 0.002722993716874083 0.56647785766855474 -0.65836987740429675 -0.0084407853957151318 0 0.28323892883427737 0.00026547099240856864 0 0.0007241296725298672 0.6498019878571768
1.1452797786568585 4.1666666666666661 -0.07790795128804856 0.0027146029287864817 0.58089576905326856 -0.64732780012845637 -0.0084231898699197432 0 0.29044788452663428 0.00026171982720827426 0 0.00074374538901304777 0.64826489643246166
1.1375921272453167 4.1666666666666661 -0.075262283605134261 0.0027056352909291511 0.59230610547549878 -0.63845379115640277 -0.0084054198299434151 0 0.29615305273774939 0.00025548767384376149 0 0.00075945976458990298 0.64659199142050239
1.1298826960670283 4.1666666666666661 -0.072728545181008825 0.0027045760451131287 0.60134750037946483 -0.63133362899449874 -0.0083874025283034431 0 0.30067375018973241 0.00024849813086715971 0 0.00077429634056815175 0.64479944725602367
1.1221431800150796 4.1666666666666661 -0.070306809797670136 0.0027019391742814439 0.60792988304838858 -0.62609909261453234 -0.0083691802986114432 0 0.30396494152419429 0.00023953023110703369 0 0.0007855891987250316 0.64289792002740709
1.1143356163922562 4.1666666666666661 -0.06798883215614504 0.0027277987145001639 0.61151914170827226 -0.62322638474076919 -0.0083505481663478914 0 0.30575957085413613 0.00023155146568122509 0 0.00080126416529555371 0.64089315884594189
1.1064328298226749 4.1666666666666661 -0.065749653471867148 0.0027482005621217694 0.61590876604126199 -0.61969494184403295 -0.0083314471527226024 0 0.307954383020631 0.00022649633170540012 0 0.00081544935195890147 0.63880138287524579
1.0985053101077311 4.1666666666666661 -0.063593222425092244 0.0027289316290409365 0.62088821355271562 -0.6156644351714633 -0.0083120221539331168 0 0.31044410677635781 0.00021797338318431755 0 0.00081865915611565492 0.63663904987690123
1.0905694717976031 4.1666666666666661 -0.061542983401923407 0.0027354856195284452 0.62247395906598568 -0.61437551878205454 -0.0082923371431510278 0 0.31123697953299284 0.00020687671443715214 0 0.00082586755613856162 0.63440276615647795
1.0825658731837731 4.1666666666666661 -0.059582212909666032 0.0027581076908285867 0.62457236858797871 -0.61266565327366862 -0.0082721648176420342 0 0.31228618429398936 0.00020064024447453231 0 0.00083762389273874004 0.63210007801520218
1.0745004604945598 4.1666666666666661 -0.057695950387690563 0.0027640029346593167 0.62592481498948516 -0.61156119613169579 -0.0082515693346406627 0 0.31296240749474258 0.00019247813000676281 0 0.00084334296841464076 0.62973469708347174
1.0663980781478899 4.1666666666666661 -0.055888505231073596 0.0027704191695248786 0.62733646827780076 -0.61040624978600366 -0.0082305494583381177 0 0.31366823413890038 0.00018504652623205738 0 0.0008490616753791284 0.62731818231841263
1.0582631930691395 4.1666666666666661 -0.054158888168837231 0.0027741364997622858 0.62799457190384134 -0.60986723002888077 -0.008209131078187824 0 0.31399728595192067 0.00017682272731871522 0 0.00085293551231155123 0.624853598804754
1.0500825690865543 4.1666666666666661 -0.052503793634667811 0.0027901758346683008 0.62798374706946847 -0.6098763973210688 -0.0081873635075894718 0 0.31399187353473423 0.00016963780970782652 0 0.00085951215717951755 0.62234324124634544
1.0418495611353349 4.1666666666666661 -0.050914032954489576 0.0027999322516903563 0.62790257004302696 -0.6099432439400847 -0.0081651165833278565 0 0.31395128502151348 0.0001631223909938148 0 0.00086377456587941796 0.61979226264806808
1.0335757726494328 4.1666666666666661 -0.049384945336015312 0.0028093758310269515 0.6276978561233143 -0.61011133757407443 -0.0081424591039510018 0 0.31384892806165715 0.00015686579814621013 0 0.00086765348049263756 0.61720670110530518
1.0252752419277655 4.1666666666666661 -0.047916373475824128 0.0028102924667954251 0.62734003461825316 -0.61040481728313867 -0.0081193854006936204 0 0.31367001730912658 0.0001503215976579263 0 0.00086859287203835879 0.61459278483184565
1.0169413730658008 4.1666666666666661 -0.046508437266520403 0.0028243935467522326 0.62574939533736129 -0.61170667913157983 -0.008095885896748865 0 0.31287469766868065 0.00014373129109715373 0 0.00087191393803868751 0.61195090930355622
1.0085561203235738 4.1666666666666661 -0.045148384382805481 0.002838847991854296 0.6249009120726492 -0.61240014150555011 -0.0080718406409610571 0 0.3124504560363246 0.00013976303013991966 0 0.00087591902692307321 0.60928669823106529
1.000149776333513 4.1666666666666661 -0.043835722579796677 0.0028333259318477052 0.62316883269998002 -0.61381300695978025 -0.0080473465821175299 0 0.31158441634999001 0.00013329433483935351 0 0.00087269933988819745 0.60660593068361124
0.99170759398017316 4.1666666666666661 -0.042571149697502558 0.0028576098122881062 0.62086341255746313 -0.61568841901171667 -0.0080223523601009577 0 0.31043170627873157 0.00012890780076907788 0 0.00087767660296267553 0.60391044330561094
0.98321788755165329 4.1666666666666661 -0.041342435434582797 0.0028611770793670957 0.61885021672264151 -0.61732150030018995 -0.0079967833833968754 0 0.30942510836132076 0.00012497355500403374 0 0.00087645488316062388 0.60120373197379773
0.97468743302655958 4.1666666666666661 -0.040143113484638039 0.0028817339090294208 0.61760153443546961 -0.61833238218087017 -0.0079706154756513641 0 0.30880076721773481 0.00012217963535639991 0 0.00088145418117928256 0.59848556663260055
0.96613657717203894 4.1666666666666661 -0.038970764877638779 0.0028721710785480151 0.61894186376937621 -0.61724794901224422 -0.0079439077790362505 0 0.30947093188468811 0.00011942708559278224 0 0.0008807937584673273 0.59575553708437679
0.95756160882059271 4.1666666666666661 -0.037827041945921375 0.0028951134568586273 0.6232894785960571 -0.61371642372622959 -0.0079166061307825979 0 0.31164473929802855 0.00011735751622371066 0 0.00089458182585521893 0.59298882028603805
0.94893771035138119 4.1666666666666661 -0.036699066620359579 0.0029031224535627574 0.63592267331206631 -0.60333663737534438 -0.0078885162448892859 0 0.31796133665603316 0.00011936550800343739 0 0.00091533045752772893 0.59014973105920343
0.94032628027079168 4.1666666666666661 -0.035584205216093547 0.0028857446149378437 0.65823298524070828 -0.58455558970409716 -0.0078598540054459192 0 0.32911649262035414 0.00012105959752102286 0 0.00094199910626070087 0.58718799676216105
0.93180570687333841 4.1666666666666661 -0.034494762961861297 0.0028408827194086302 0.69051785315946712 -0.55625607988988812 -0.0078307359850340857 0 0.34525892657973356 0.00012376247325053796 0 0.00097300061036351289 0.58405119130778194
0.92359351737429707 4.1666666666666661 -0.033448328162723889 0.0026781786264093235 0.73027257436446269 -0.51929428812950884 -0.007801791563740332 0 0.36513628718223134 0.00012383977777912682 0 0.00097002706700015059 0.5807554520578877
0.91615670564815888 4.1666666666666661 -0.032494996410547143 0.0023202667926768262 0.77200921772434961 -0.47742050355621984 -0.0077746420995390402 0 0.3860046088621748 0.00011440948014638174 0 0.000888296207361923 0.57747569954117006
0.90999189285213999 4.1666666666666661 -0.031714178145712417 0.001822454363608689 0.80694791390984155 -0.43930855315360501 -0.0077512074056033083 0 0.40347395695492078 9.0439265182817172e-05 0 0.00072972992345235628 0.5744983919731208
0.90526181101140102 4.1666666666666661 -0.031134651517373609 0.001354517274013773 0.83373365461151105 -0.4076843849364773 -0.0077322485381102184 0 0.41686682730575553 6.7615655014092318e-05 0 0.00056059030793028449 0.57203940975785073
0.90174820370798447 4.1666666666666661 -0.030711497829804476 0.0010048136924392834 0.85282966399805471 -0.38355023236217689 -0.0077172052496604611 0 0.42641483199902736 5.1128334327828614e-05 0 0.00042540599348693027 0.57011007106948419
0.89910328107242332 4.1666666666666661 -0.030380773790327244 0.00077222573771033333 0.86854685871267145 -0.36248279246495085 -0.0077049629551296786 0 0.43427342935633573 4.3679173004161574e-05 0 0.00033250041706170641 0.56860154844862576
0.89703284333946653 4.1666666666666661 -0.030097687898209515 0.00062093225744759973 0.87551719867936506 -0.35273729000129961 -0.0076945151357290511 0 0.43775859933968253 3.8585811405824133e-05 0 0.00026906578550581401 0.56738778080861607
0.89535172751916403 4.1666666666666661 -0.029789421663611967 0.00051953040798950235 0.89355508519278581 -0.32616845301619868 -0.0076847292882693524 0 0.44677754259639291 5.2436843006703185e-05 0 0.00022611396997848372 0.56639816075609795
0.8939535284507758 4.1666666666666661 -0.02938479987297242 0.00045246451777965636 0.92051206640335703 -0.28183154794360776 -0.0076754270469372972 0 0.46025603320167852 7.0134310112255987e-05 0 0.00019608427484211385 0.56557374811842798
0.89277606974434098 4.1666666666666661 -0.028870690796752016 0.00040629275590664505 0.95328562343953893 -0.21599908142671553 -0.0076663800633826589 0 0.47664281171976947 9.0732918672748494e-05 0 0.00017108590184632897 0.56486183891608654
0.89182062648313942 4.1666666666666661 -0.028224806223812966 0.00036743403850691937 0.98905767301101533 -0.10432493691285927 -0.0076573185327877807 0 0.49452883650550766 0.00011880135884539887 0 0.00013749026138370593 0.56425495227554856
0.89113677700504024 4.1666666666666661 -0.027418539873801641 0.00034643223373117139 0.99098284968109718 0.094650155910165346 -0.0076484184694764461 0 0.49549142484054859 0.00014729943891531361 0 8.8136485357948451e-05 0.56378040133079432
0.89070210615648038 4.1666666666666661 -0.02648985752440472 0.0003407414684512552 0.94417075091637892 0.23615856987001352 -0.0076406125782598729 0 0.47208537545818946 0.00015193693661193144 0 5.2828077627434486e-05 0.56341499185284438
0.89044619584671214 4.1666666666666661 -0.025525379572637757 0.00032646445466259284 0.85146065656470793 0.38533241531147666 -0.007633684923791793 0 0.42573032828235396 0.00013672041128919251 0 2.4991741571505061e-05 0.56308437144569279
0.89035083841508378 4.1666666666666661 -0.024794241989533932 0.00016635308204637983 0.75313424326248124 0.49679730126010324 -0.007628774357454569 0 0.37656712163124062 6.2616269648996001e-05 0 1.8332793859958166e-06 0.56282991292558371
0.89040674237629447 4.1666666666666661 -0.024032817773731313 0.00034392542947578287 0.65558759475267292 0.58681707370642289 -0.0076241231599261097 0 0.32779379737633646 0.00011188727131268976 -0 -1.3812479155195594e-05 0.56263581909911964
0.89062834704382321 4.1666666666666661 -0.023016903109668807 0.00035214798946607995 0.49300653085744439 0.71199398035033001 -0.0076184701515080713 0 0.2465032654287222 8.2810831457139265e-05 -0 -2.6030433622834945e-05 0.56239614195379506
0.89103199816754375 4.1666666666666661 -0.021998637772758924 0.00037988721841155244 0.38058688002522512 0.78699120409300494 -0.0076134522404197593 0 0.19029344001261256 6.525189275794071e-05 -0 -3.1113360242258311e-05 0.56220054751552795
0.89162116110677681 4.1666666666666661 -0.020963939900063341 0.00041581711266073574 0.26044875840622905 0.85993799067075449 -0.0076087972056237954 0 0.13022437920311453 4.5174466200410638e-05 -0 -2.9856970710949823e-05 0.56202269921047598
0.89240961495805382 4.1666666666666661 -0.01991475816111668 0.00046057299217701776 0.16929008685900493 0.9114011657590696 -0.0076044851241878738 0 0.084645043429502465 2.984223145208482e-05 -0 -2.5085626812042304e-05 0.56186624212056246
0.89341390204746007 4.1666666666666661 -0.018859814019942515 0.00051212071882504086 0.078914332014080824 0.95970198524241268 -0.007600493910990767 0 0.039457166007040412 1.3839157201327048e-05 -0 -1.4723919188058419e-05 0.5617140516154161
0.89467288969105663 4.1666666666666661 -0.017814426432517058 0.00058064868070776578 0.018313967709549406 0.99077157901988222 -0.0075967425189882292 0 0.0091569838547747029 3.1700224084342239e-06 -0 -4.2686469650724672e-06 0.56157376358482902
0.89622532258267862 4.1666666666666661 -0.016774596972762266 0.00066630082088884636 -0.012172533969428079 1.0060392026143519 -0.0075932056805640942 0 -0.0060862669847140394 -2.1121375265462283e-06 0 3.4618216259938445e-06 0.56145891813508364
0.89812120936205031 4.1666666666666661 -0.015732561218473246 0.00077722220012858302 -0.047328301337478562 1.0233624457657411 -0.0075898573003120289 0 -0.023664150668739281 -8.2270116124090487e-06 0 1.6449714242392953e-05 0.56134632482877067
0.90046632168568408 4.1666666666666661 -0.014687126326249316 0.00093590237000729017 -0.082249987771553013 1.0402847839983054 -0.0075865639885329119 0 -0.041124993885776506 -1.4364936778573649e-05 0 3.5707843880730508e-05 0.5612169748068272
0.90339987559134372 4.1666666666666661 -0.013649881960676133 0.0011399979603560566 -0.11781516177832452 1.0572405857706981 -0.0075832432082528194 0 -0.058907580889162259 -2.0157986690911732e-05 0 6.4057672499863089e-05 0.56104655435672279
0.90706950859445867 4.1666666666666661 -0.012653119698425315 0.0013966936017765577 -0.16073273477355388 1.0773464068016696 -0.0075798763238816829 0 -0.080366367386776938 -2.5902992978231206e-05 0 0.00010921752089615204 0.56079173443552177
0.91167145559502072 4.1666666666666661 -0.011734281206095883 0.0017334415944441428 -0.22240444933183867 1.1055980507366254 -0.0075762483600270158 0 -0.11120222466591934 -3.2276182969683174e-05 0 0.00019004118811275834 0.56036872802276827
0.91738238973173158 4.1666666666666661 -0.010927914262336231 0.0021128463342183377 -0.32542805397266705 1.1512474605286289 -0.0075722255018023082 0 -0.16271402698633353 -4.024411321325682e-05 0 0.00034142611726158156 0.55962799359492099
0.92414211050463424 4.1666666666666661 -0.010270309491161205 0.0024157287320443546 -0.48932407222453556 1.2203551952661689 -0.0075676688224607918 0 -0.24466203611226778 -4.6748273886605324e-05 0 0.00058918542464411522 0.55832962223493066
0.93161588142430751 4.1666666666666661 -0.0097923122200561027 0.0025775135194196657 -0.6994007694248412 1.3035887298398519 -0.0075625960729769886 0 -0.3497003847124206 -4.4618968634562152e-05 0 0.00090025242858741787 0.55626689219446612
0.93940808915355634 4.1666666666666661 -0.0095272652880769686 0.0026209116680832012 -0.89219907102586093 1.3755515105308149 -0.007557307870810325 0 -0.44609953551293047 -2.1906147199274816e-05 0 0.0011689822406040873 0.55342168777705247
0.9473404368835725 4.1666666666666661 -0.0095101252800572147 0.00266804629702651 -0.99816996896995058 1.413546227575009 -0.0075519188562465636 0 -0.49908498448497529 1.8805168261419043e-05 0 0.001331449050821037 0.55001146465790018
0.95540214931268386 4.1666666666666661 -0.0097583556590727337 0.0027097105295752462 -1.0124229991618345 1.418578883606715 -0.007546532114858449 0 -0.50621149958091727 6.4697691305922711e-05 0 0.0013701599984396933 0.54634004691011295
0.96358064453906467 4.1666666666666661 -0.010271961851588941 0.0027540089904595196 -0.98943562583917388 1.4104533858232726 -0.0075413698251902131 0 -0.49471781291958694 0.0001061647110386038 0 0.0013583147502595834 0.5425982280281787
0.9718635887596716 4.1666666666666661 -0.01103588825027679 0.002791923113979649 -0.97305285059472224 1.4046337784941354 -0.0075365050262310431 0 -0.48652642529736112 0.00014337338536950952 0 0.001350756642131181 0.53880077990335751
0.98021029299967322 4.1666666666666661 -0.012029902764640346 0.0028123214543441036 -0.97323073126014448 1.4046971197335125 -0.007532135986465403 0 -0.48661536563007224 0.00017906889590161651 0 0.0013567527874230787 0.53491396893408394
0.98857597936802444 4.1666666666666661 -0.013244612976067034 0.0028237607471675377 -0.9789431294018518 1.4067289905390103 -0.0075283848831426119 0 -0.4894715647009259 0.0002162574606970651 0 0.0013651274547108586 0.53090783025730692
0.99695658355037398 4.1666666666666661 -0.014680880392702276 0.0028452121631351184 -0.9793646634559825 1.4068788268045547 -0.0075253003277275226 0 -0.48968233172799125 0.00025252593696320009 0 0.0013701739180152746 0.52678195212513734
1.0053787090410431 4.1666666666666661 -0.016336400484973784 0.0028773805610112016 -0.97057934559353254 1.4037530948430545 -0.0075229191195232397 0 -0.48528967279676627 0.00028534386409452523 0 0.0013668974742745473 0.52254489412586469
1.0138636800766103 4.1666666666666661 -0.018201331923037752 0.0029146063842017469 -0.95407725909054975 1.3978629001183991 -0.0075214069912774547 0 -0.47703862954527487 0.00031260386438272859 0 0.0013547822371355145 0.51821667764501056
1.0224156650912091 4.1666666666666661 -0.020258640484720439 0.0029496199595978202 -0.93320022223352495 1.3903753665715879 -0.007520788818174748 0 -0.46660011111676247 0.00033419677558840349 0 0.0013351010971136947 0.51382019050301309
1.0310147188869105 4.1666666666666661 -0.022485303819031105 0.0029723502622508789 -0.91300544706293607 1.3830939520233039 -0.0075210996200686378 0 -0.45650272353146804 0.00035068727574608533 0 0.0013107852701747392 0.50938105949376866
1.0396165107734936 4.1666666666666661 -0.024858330024029797 0.0029765756377465192 -0.89501011095383576 1.3765731097485965 -0.0075222650122472295 0 -0.44750505547691788 0.00036418558565518293 0 0.0012812805426396692 0.50491786572523545
1.0481816235991612 4.1666666666666661 -0.027367951583473236 0.0029737589321157821 -0.87577092125073186 1.3695671960400655 -0.007524412381357674 0 -0.43788546062536593 0.00037626083070038961 0 0.0012466208555101878 0.50044206536036806
1.0566977018865309 4.1666666666666661 -0.030014985586839057 0.0029717630128707918 -0.85275936031250432 1.3611402198468556 -0.0075274316840342175 0 -0.42637968015625216 0.00038605338924826695 0 0.0012068568996291735 0.49596488351972556
1.0651641220281791 4.1666666666666661 -0.032799822047019714 0.0029702121906526667 -0.82594018596034235 1.3512525534780537 -0.0075314460352590698 0 -0.41297009298017118 0.00039279072242732116 0 0.0011620174730878736 0.4914976361704233
1.0735860692210983 4.1666666666666661 -0.035724771484537954 0.0029735986014609557 -0.79434910969145944 1.3395119681865475 -0.0075363636099381164 0 -0.39717455484572972 0.00039670997639612327 0 0.0011124168487568491 0.48704681855320914
1.0819694129362265 4.1666666666666661 -0.038792317390392017 0.0029778965650821805 -0.75742962370638844 1.3256593601392261 -0.0075421867946851824 0 -0.37871481185319422 0.00039621155446931556 0 0.0010558833059017933 0.48262439600660845
1.0903266394261999 4.1666666666666661 -0.042004512312211958 0.0029911532472339029 -0.71512250305334635 1.3096050992933355 -0.0075489706741602696 0 -0.35756125152667317 0.00039162359788159798 0 0.00099524120417333645 0.47824219385476524
1.0986729657925149 4.1666666666666661 -0.045359785788310521 0.0030060079653900385 -0.66963780729587929 1.292122557728772 -0.0075566596016639603 0 -0.33481890364793965 0.00038222457804486346 0 0.00093106540768566508 0.47391463523367311
1.107001577561435 4.1666666666666661 -0.048845285808694711 0.0030131558518388456 -0.62403752911688803 1.2743548549042414 -0.0075652428168487256 0 -0.31201876455844402 0.00036883134870453293 0 0.00086479272363696759 0.46965983439362391
1.1152897479104078 4.1666666666666661 -0.052448349745367939 0.0030119683217127591 -0.57742208973849429 1.2559318110156155 -0.0075746826686390583 0 -0.28871104486924715 0.0003522164920105988 0 0.00079506461315328179 0.46548972498364316
1.1235300753917126 4.1666666666666661 -0.056169000916924623 0.0030157584147774853 -0.52738603630276559 1.2358513269492917 -0.0075851157170211941 0 -0.2636930181513828 0.00033237770682960881 0 0.00072244229668046471 0.46141268835801513
1.131737723917432 4.1666666666666661 -0.060011680139643572 0.0030261441612204872 -0.47427852327642728 1.2141749536572695 -0.0075963930779483751 0 -0.23713926163821364 0.00030859263958944868 0 0.00064787775941365061 0.4574392865917461
1.139893751388847 4.1666666666666661 -0.0639570961259327 0.0030140948378283268 -0.42254780651440993 1.1926818177239067 -0.0076084285636247844 0 -0.21127390325720496 0.00028077527015101731 0 0.00057155835595043688 0.45359752260190123
1.1479285912756994 4.1666666666666661 -0.067976388050580039 0.0029754373515136186 -0.36892230830269179 1.1699847101039924 -0.0076214451102598326 0 -0.1844611541513459 0.00024912670839887224 0 0.00048905528157108509 0.44990800163386652
1.1558140478016039 4.1666666666666661 -0.072081994509174685 0.0029516278753518562 -0.30468419434019411 1.1422022156017979 -0.0076349862172770937 0 -0.15234209717009706 0.00021122328559777383 0 0.00039695881862425247 0.44637721056416069
1.1635754241288576 4.1666666666666661 -0.076300421817994624 0.0029377310586127222 -0.22988932689956143 1.1089773741991258 -0.0076492100228425491 0 -0.11494466344978072 0.00016388563205145475 0 0.00029524045040085902 0.44303546638690661
1.1711876105086372 4.1666666666666661 -0.080612945130083241 0.0028950924837761343 -0.1484619271169989 1.0716357534673089 -0.007664137756606986 0 -0.074230963558499452 0.00010757826057677299 0 0.00018604110778310209 0.43993584417858372
1.1785368433451788 4.1666666666666661 -0.084963000034837144 0.0027986471718877853 -0.057706565795980769 1.0284199484111454 -0.0076795511586158754 0 -0.028853282897990384 4.18603307402412e-05 0 6.9052884236346093e-05 0.43713876908270582
1.1855154471700535 4.1666666666666661 -0.089339896920040976 0.0026937487646731331 0.085694230851714792 0.95616240844409983 -0.0076953119926121954 0 0.042847115425857396 -6.2862360256022817e-05 -0 -9.6798519133833337e-05 0.43469506791973367
1.1920227625777058 4.1666666666666661 -0.093580333965716134 0.0024842654549840706 0.23730961436977371 0.87328742780371948 -0.0077106465481001068 0 0.11865480718488686 -0.00016134993392123421 -0 -0.00024668922646648453 0.43292130890281399
1.1977452154959538 4.1666666666666661 -0.097265977523383951 0.002053634565948757 0.44729974554241991 0.74339800730997152 -0.0077238063895738148 0 0.22364987277120996 -0.00024540415061654241 -0 -0.00038823807177104593 0.43197209833035394
1.2012610470204288 4.1666666666666661 -0.099485905624243254 0.00071838146985207275 0.61156933226247545 0.62319410336775083 -0.0077315758542231246 0 0.30578466613123773 -0.00011701850679772772 -0 -0.00018590748942359889 0.43205863192630128
1.2001411442393453 4.5 -0.099784159789142651 0.0013669896906639172 -0.23216355080471396 -1.1100174301367711 -0.0049855388146514013 0 -0.11608177540235698 -2.1341240529428546e-05 -0 -0.00015724094854964704 0.65581373085041694
1.1953279575719831 4.5 -0.098257623700580082 0.002033083886811891 0.22464011812077789 -0.88053114431225532 -0.0049785314473641418 0 0.11232005906038894 9.3657420672895228e-05 0 0.00020826616860114805 0.65646737564629332
1.1892223033436113 4.5 -0.095497186507080695 0.0024340393542550852 0.37967332304635826 -0.78759251385294715 -0.0049708225111191207 0 0.18983666152317913 0.00019106060369157056 0 0.00042071895946038765 0.65662834958064709
1.1823891933399708 4.5 -0.092418695519260463 0.0025623583026815494 0.46460843900094584 -0.73168773143175814 -0.0049623251910260614 0 0.23230421950047292 0.0002429623328398597 0 0.00054340396934619503 0.65632272546744819
1.1753131306913638 4.5 -0.089349139204410663 0.0025800660900553787 0.5088393682904957 -0.70081102655218674 -0.0049534606463086262 0 0.25441968414524785 0.00025454457746227005 0 0.00060505681465662111 0.65561342693753122
1.1680700523587131 4.5 -0.086397942189822219 0.0026344182806355581 0.53233656220824621 -0.68384135020682268 -0.004944243022295557 0 0.26616828110412311 0.00025737774930133174 0 0.00065225466684736293 0.65460864887857795
1.1605924331157629 4.5 -0.083509437373744555 0.0027097997010344997 0.54986734689746375 -0.6709011132797903 -0.0049345012386436283 0 0.27493367344873187 0.00026357783935572059 0 0.00069683165122113005 0.65339248721514287
1.152955710810208 4.5 -0.08066549012810445 0.0027229937168740835 0.56726301958052505 -0.65780903845813599 -0.0049243621168161712 0 0.28363150979026253 0.00026583894626439991 0 0.00072513334642550372 0.65200574827543201
1.1452797786568585 4.5 -0.07790795128804856 0.0027146029287864817 0.58167817051861226 -0.64675936913649013 -0.0049140528647026883 0 0.29083908525930613 0.00026207233446900189 0 0.00074474713065622545 0.6504640461401755
1.1375921272453167 4.5 -0.075262283605134261 0.0027056352909291515 0.5930887868164314 -0.63787707857882348 -0.0049036524463053508 0 0.2965443934082157 0.00025582527872965963 0 0.00076046332504865679 0.64878649431609869
1.1298826960670283 4.5 -0.072728545181008825 0.0027045760451131287 0.60213116516735021 -0.63074946870320814 -0.0048931138623944815 0 0.30106558258367511 0.00024882196897223712 0 0.00077530538904196911 0.64698922826059435
1.1221431800150796 4.5 -0.070306809797670136 0.0027019391742814439 0.60871705325690395 -0.62550708075601791 -0.0048824857583604653 0 0.30435852662845198 0.00023984038375329084 0 0.00078660640881884523 0.64508294513711184
1.1143356163922562 4.5 -0.06798883215614504 0.0027277987145001635 0.6123162233300723 -0.62262351705968166 -0.004871619254421632 0 0.30615811166503615 0.00023185328030190855 0 0.00080230856913642099 0.64307331693404202
1.1064328298226749 4.5 -0.065749653471867148 0.0027482005621217698 0.61671332124299216 -0.61908242966284144 -0.0048604567440501002 0 0.30835666062149608 0.00022679220150283405 0 0.00081651456494829123 0.64097654537204241
1.0985053101077311 4.5 -0.063593222425092244 0.0027289316290409369 0.62169996435914232 -0.61504188613954192 -0.0048491169064534979 0 0.31084998217957116 0.00021825836213176287 0 0.00081972947314802862 0.63880914470072458
1.0905694717976031 4.5 -0.061542983401923407 0.0027354856195284448 0.62329779919888573 -0.61374163792148484 -0.0048376319173041183 0 0.31164889959944286 0.0002071505143888345 0 0.00082696058634054443 0.6365677116081212
1.0825658731837731 4.5 -0.059582212909666032 0.0027581076908285863 0.62540804373337266 -0.61202015281046007 -0.0048258491986864927 0 0.31270402186668633 0.00020090870025949153 0 0.00083874462990796888 0.63425975344519925
1.0745004604945598 4.5 -0.057695950387690563 0.0027640029346593167 0.62677269540505387 -0.61090435594671333 -0.004813780248149534 0 0.31338634770252694 0.0001927388617000106 0 0.00084448536438521489 0.63188897620916717
1.0663980781478899 4.5 -0.055888505231073596 0.002770419169524879 0.62819676669251401 -0.60973779544132856 -0.0048014703825556724 0 0.314098383346257 0.00018530028994772764 0 0.00085022603685061722 0.62946696413138215
1.0582631930691395 4.5 -0.054158888168837231 0.0027741364997622862 0.62886530684292019 -0.60918942798047693 -0.0047889449672284135 0 0.3144326534214601 0.00017706789779245495 0 0.00085411813519489777 0.62699676919267855
1.0500825690865543 4.5 -0.052503793634667811 0.0027901758346683004 0.62886570922354801 -0.60918919745153843 -0.0047762417026911298 0 0.314432854611774 0.00016987605493114864 0 0.00086071928586261019 0.62448072859320525
1.0418495611353349 4.5 -0.050914032954489576 0.0027999322516903558 0.62879799872615527 -0.60924487092718027 -0.0047632470824148111 0 0.31439899936307764 0.00016335501381576999 0 0.00086500636291122828 0.62192393468659846
1.0335757726494328 4.5 -0.049384945336015312 0.0028093758310269511 0.62860663787891302 -0.6094020015000513 -0.0047500198755809795 0 0.31430331893945651 0.00015709290864856728 0 0.00086890967030683116 0.619332456211524
1.0252752419277655 4.5 -0.047916373475824128 0.0028102924667954251 0.62826313090874608 -0.60968388056330447 -0.0047365464765120489 0 0.31413156545437304 0.00015054278760519857 0 0.00086987095858454119 0.61671250909068009
1.0169413730658008 4.5 -0.046508437266520403 0.0028243935467522326 0.62668889689778151 -0.610973647570211 -0.0047228251047627288 0 0.31334444844889076 0.0001439470895833739 0 0.00087322303160145128 0.61406449373772498
1.0085561203235738 4.5 -0.045148384382805481 0.002838847991854296 0.62585679198927924 -0.61165434304609478 -0.0047087836615114396 0 0.31292839599463962 0.00013997681871186302 0 0.00087725887679407572 0.61139399938694328
1.000149776333513 4.5 -0.043835722579796677 0.0028333259318477052 0.62414239081156775 -0.61305429696568148 -0.0046944819039330564 0 0.31207119540578387 0.00013350257660964439 0 0.00087406273208103912 0.60870683410646098
0.99170759398017316 4.5 -0.042571149697502558 0.0028576098122881067 0.6218556709592844 -0.6149166022460153 -0.004679884927149258 0 0.3109278354796422 0.0001291138200734633 0 0.00087907929792868178 0.60600481218521518
0.98321788755165329 4.5 -0.041342435434582797 0.0028611770793670953 0.61986193275000079 -0.6165357291836453 -0.0046649640931042836 0 0.30993096637500039 0.0001251778657486647 0 0.00087788773949417547 0.60329142558573146
0.97468743302655958 4.5 -0.040143113484638039 0.0028817339090294208 0.61863271799367059 -0.61753191198263468 -0.0046496977752282665 0 0.30931635899683529 0.00012238363360462588 0 0.00088292590851197182 0.60056642558189655
0.96613657717203894 4.5 -0.038970764877638779 0.0028721710785480151 0.61999016993507916 -0.6164319548355166 -0.0046341258705906883 0 0.30999508496753958 0.00011962936008334005 0 0.00088228556501938503 0.5978294261958107
0.95756160882059271 4.5 -0.037827041945921375 0.0028951134568586273 0.62435400154742027 -0.61288226497597798 -0.0046181955886317903 0 0.31217700077371013 0.00011755795241560102 0 0.00089610969198836827 0.59505557708508527
0.94893771035138119 4.5 -0.036699066620359579 0.0029031224535627574 0.63699258847311824 -0.60248338978634841 -0.0046017994776715197 0 0.31849629423655912 0.00011956633582744685 0 0.00091687046541702292 0.59220914806441305
0.94032628027079168 4.5 -0.035584205216093547 0.0028857446149378437 0.65929522288636622 -0.58368120951837676 -0.0045850593015325678 0 0.32964761144318311 0.00012125496005182645 0 0.00094351927759103976 0.589239923825705
0.93180570687333841 4.5 -0.034494762961861297 0.0028408827194086306 0.69155823074827494 -0.55535655403909145 -0.0045680562114218566 0 0.34577911537413747 0.00012394894156980899 0 0.00097446659422517103 0.5860955071311521
0.92359351737429707 4.5 -0.033448328162723889 0.0026781786264093235 0.73127775622768576 -0.51836428365949294 -0.0045511755069479352 0 0.36563887811384288 0.00012401023673231629 0 0.00097136225833666296 0.58279221367213752
0.91615670564815888 4.5 -0.032494996410547143 0.0023202667926768262 0.77297120110466777 -0.47645380632418327 -0.0045353428238528613 0 0.38648560055233389 0.00011455204323491077 0 0.00088940309335325967 0.57950536942430142
0.90999189285213999 4.5 -0.031714178145712417 0.001822454363608689 0.80787851861658821 -0.4382933215184206 -0.0045216916925235216 0 0.40393925930829411 9.0543563371588804e-05 0 0.00073057147727474399 0.57652194741300866
0.90526181101140102 4.5 -0.031134651517373609 0.001354517274013773 0.83465276067652927 -0.40660409928818964 -0.004510628061669064 0 0.41732638033826464 6.7690194356806728e-05 0 0.00056120830139757367 0.57405801290851699
0.90174820370798447 4.5 -0.030711497829804476 0.0010048136924392837 0.85375864170443028 -0.38238866569581875 -0.004501848835882216 0 0.42687932085221514 5.1184027844083677e-05 0 0.00042586938342373818 0.5721247431302281
0.89910328107242332 4.5 -0.030380773790327244 0.00077222573771033322 0.86949695710551922 -0.36122408627508429 -0.004494706799249115 0 0.43474847855275961 4.3726953399261585e-05 0 0.00033286413734772498 0.57061302239466083
0.89703284333946653 4.5 -0.030097687898209515 0.00062093225744759963 0.87654836088287502 -0.35132818188424342 -0.0044886223985668326 0 0.43827418044143751 3.8631256806980686e-05 0 0.00026938268444131155 0.56939652794570195
0.89535172751916403 4.5 -0.029789421663611967 0.00051953040798950246 0.8946279622729042 -0.32457963765324449 -0.0044829173519427166 0 0.4473139811364521 5.2499803072565858e-05 0 0.00022638546135031356 0.56840435382255805
0.8939535284507758 4.5 -0.02938479987297242 0.00045246451777965636 0.92153867338558004 -0.28007370231111672 -0.0044774868133730548 0 0.46076933669279002 7.0212527851145549e-05 0 0.00019630295908646447 0.5675775114614251
0.89277606974434098 4.5 -0.028870690796752016 0.000406292755906645 0.95416387331891328 -0.21404701803836879 -0.0044722198032948078 0 0.47708193665945664 9.0816509752819632e-05 0 0.00017124352110436104 0.56686324331351678
0.89182062648313942 4.5 -0.028224806223812966 0.00036743403850691937 0.98953589768297845 -0.10219661810685254 -0.0044669412961955588 0 0.49476794884148922 0.00011885880113861686 0 0.00013755674005016039 0.56625398530005955
0.89113677700504024 4.5 -0.027418539873801641 0.00034643223373117139 0.99062199235335024 0.096737274882224056 -0.0044617591834108412 0 0.49531099617667512 0.00014724580117383027 0 8.8104391264096557e-05 0.56577711436826283
0.89070210615648038 4.5 -0.02648985752440472 0.00034074146845125525 0.94331007813344125 0.23805473127030943 -0.0044572173359024199 0 0.47165503906672063 0.00015179843625493785 0 5.2779921413587869e-05 0.56540967152504584
0.89044619584671214 4.5 -0.025525379572637757 0.00032646445466259284 0.85012549462193121 0.38711067470131033 -0.0044531910317381794 0 0.42506274731096561 0.00013650602218201921 0 2.4952552418168712e-05 0.5650772434045358
0.89035083841508378 4.5 -0.024794241989533932 0.00016635308204637983 0.75150642932153444 0.49847142875354322 -0.0044503252540470271 0 0.37575321466076722 6.2480931709476496e-05 0 1.8293169612768883e-06 0.56482149188859587
0.89040674237629447 4.5 -0.024032817773731313 0.00034392542947578292 0.65383843415312981 0.58833815529456168 -0.0044475691633042323 0 0.32691921707656491 0.00011158874704509076 -0 -1.3775626346335792e-05 0.5646261827517457
0.89062834704382321 4.5 -0.023016903109668807 0.00035214798946607995 0.49117605169265144 0.71330512189491591 -0.0044442531237342993 0 0.24558802584632572 8.250336392453308e-05 -0 -2.5933785478409241e-05 0.56438502415223779
0.89103199816754375 4.5 -0.021998637772758924 0.00037988721841155249 0.37888201663685261 0.78809787301776146 -0.0044413858228770529 0 0.18944100831842631 6.4959592710767117e-05 -0 -3.0973985945480779e-05 0.56418812463396151
0.89162116110677681 4.5 -0.020963939900063341 0.00041581711266073574 0.25887604818832466 0.86087411957879467 -0.0044386992588491435 0 0.12943802409416233 4.4901681853053724e-05 -0 -2.9676680494939103e-05 0.56400906840055876
0.89240961495805382 4.5 -0.01991475816111668 0.0004605729921770177 0.16789000078832861 0.91218984827500293 -0.0044362051010478519 0 0.083945000394164304 2.9595426140863249e-05 -0 -2.4878160224214411e-05 0.5638514960732286
0.89341390204746007 4.5 -0.018859814019942515 0.00051212071882504086 0.077680771411659078 0.96036428992663425 -0.0044338721285718139 0 0.038840385705829539 1.3622828447619392e-05 -0 -1.4493760151542852e-05 0.5636982555496296
0.89467288969105663 4.5 -0.017814426432517058 0.00058064868070776589 0.017265041199616471 0.99131998809267141 -0.0044317049009759309 0 0.0086325205998082355 2.988460411928448e-06 -0 -4.0241616064532874e-06 0.56355699143789695
0.89622532258267862 4.5 -0.016774596972762266 0.00066630082088884636 -0.013042560278418103 1.006490406586557 -0.0044296419319666434 0 -0.0065212801392090514 -2.2631015921151226e-06 0 3.7092537464717778e-06 0.56344122382706208
0.89812120936205031 4.5 -0.015732561218473246 0.00077722220012858292 -0.048049095311853973 1.0237331149728675 -0.0044277104471440619 0 -0.024024547655926987 -8.3523062084490936e-06 0 1.6700237810132425e-05 0.56332776041241095
0.90046632168568408 4.5 -0.014687126326249316 0.00093590237000729017 -0.082853570399041399 1.0405930917110306 -0.0044258199601825863 0 -0.041426785199520699 -1.4470352311383186e-05 0 3.5969882025846567e-05 0.56319755474422906
0.90339987559134372 4.5 -0.013649881960676133 0.0011399979603560566 -0.11831842810430748 1.0574965045809643 -0.0044239013720946858 0 -0.059159214052153741 -2.0244094758396599e-05 0 6.4331305103709825e-05 0.56302626903429454
0.90706950859445867 4.5 -0.012653119698425315 0.0013966936017765579 -0.16116272214159766 1.0775635333731093 -0.0044219550040251361 0 -0.080581361070798829 -2.5972287884404854e-05 0 0.00010950969631655143 0.56277057895205829
0.91167145559502072 4.5 -0.011734281206095883 0.0017334415944441426 -0.22279464503386781 1.1057916212717207 -0.0044198822526499322 0 -0.11139732251693391 -3.2332809659978766e-05 0 0.00019037460435075574 0.5623466214104047
0.91738238973173158 4.5 -0.010927914262336231 0.0021128463342183377 -0.32580174420383479 1.1514261718447856 -0.004417577922012461 0 -0.16290087210191739 -4.0290325676460947e-05 0 0.00034181817812765832 0.56160483511606274
0.92414211050463424 4.5 -0.010270309491161205 0.0024157287320443551 -0.48971507084610355 1.2205308596222904 -0.0044149242096044759 0 -0.24485753542305178 -4.6785628498176449e-05 0 0.00058965621834089065 0.56030527932015894
0.93161588142430751 4.5 -0.0097923122200561027 0.0025775135194196657 -0.69982358043795134 1.3037653603527233 -0.0044119816732355764 0 -0.34991179021897567 -4.46459422842306e-05 0 0.00090079666110477546 0.55824122325091796
0.93940808915355634 4.5 -0.0095272652880769686 0.0026209116680832012 -0.89264766937555251 1.375728254666521 -0.0044089327234963956 0 -0.44632383468777626 -2.1917161626212516e-05 0 0.0011695700057351929 0.55539464520285831
0.9473404368835725 4.5 -0.0095101252800572147 0.0026680462970265105 -0.99862928293217879 1.4137219923663256 -0.0044058179678406638 0 -0.49931464146608939 1.8813821573593355e-05 0 0.0013320617251731505 0.55198301553744678
0.95540214931268386 4.5 -0.0097583556590727337 0.0027097105295752467 -1.0128618285548132 1.41874678661878 -0.0044027279838078524 0 -0.50643091427740661 6.4725734177949936e-05 0 0.0013707538870424778 0.54831019288543603
0.96358064453906467 4.5 -0.010271961851588941 0.0027540089904595196 -0.98983892290612641 1.4106096429731609 -0.0043997792283172353 0 -0.4949194614530632 0.00010620798410807655 0 0.0013588684036155696 0.54456705041624764
0.9718635887596716 4.5 -0.01103588825027679 0.0027919231139796495 -0.9734181149219796 1.4047771287360373 -0.0043969878456027621 0 -0.4867090574609898 0.00014342720483380853 0 0.0013512636888099662 0.54076834696005061
0.98021029299967322 4.5 -0.012029902764640346 0.0028123214543441031 -0.97354602592705719 1.404822663143376 -0.00439443350273071 0 -0.4867730129635286 0.00017912690831950901 0 0.0013571923305904419 0.53688039529614451
0.98857597936802444 4.5 -0.013244612976067034 0.0028237607471675373 -0.97920158712979877 1.4068341391413033 -0.0043922746210721016 0 -0.48960079356489938 0.00021631455636510197 0 0.0013654878717051715 0.53287328173789883
0.99695658355037398 4.5 -0.014680880392702276 0.002845212163135118 -0.97956277279961346 1.4069625071556122 -0.0043904735516095313 0 -0.48978138639980673 0.00025257701880175142 0 0.0013704510816354121 0.52874659657389911
1.0053787090410431 4.5 -0.016336400484973784 0.0028773805610112012 -0.97070662034911481 1.4038117239354622 -0.004389087656978141 0 -0.48535331017455741 0.00028538128202508842 0 0.0013670767193231196 0.52450891765445096
1.0138636800766103 4.5 -0.018201331923037752 0.0029146063842017465 -0.9541294037396848 1.3978948985371988 -0.0043882095847170739 0 -0.4770647018698424 0.00031262094960163631 0 0.0013548562821289745 0.52018031239764595
1.0224156650912091 4.5 -0.020258640484720439 0.0029496199595978206 -0.93317649793309032 1.3903802518656043 -0.0043878417506756813 0 -0.46658824896654516 0.00033418827946450706 0 0.0013350671554806092 0.51578365737194665
1.0310147188869105 4.5 -0.022485303819031105 0.0029723502622508789 -0.91290846201495435 1.3830723796676263 -0.0043880081453703708 0 -0.45645423100747717 0.0003506500235890755 0 0.0013106460305100356 0.51134461035580459
1.0396165107734936 4.5 -0.024858330024029797 0.0029765756377465196 -0.89484033156135911 1.3765249983818046 -0.0043886662360869575 0 -0.44742016578067956 0.00036411650128761601 0 0.001281037489483667 0.50688171768948942
1.0481816235991612 4.5 -0.027367951583473236 0.0029737589321157821 -0.87553006472720063 1.369492896419136 -0.0043899185330184441 0 -0.43776503236360031 0.00037615735058541379 0 0.0012462780069888064 0.50240647498995816
1.0566977018865309 4.5 -0.030014985586839057 0.0029717630128707922 -0.85244541521587758 1.3610386213643353 -0.0043916250462818114 0 -0.42622270760793879 0.00038591126290614608 0 0.001206412592801712 0.49793006105543702
1.0651641220281791 4.5 -0.032799822047019714 0.0029702121906526667 -0.82555173566053353 1.3511226551195028 -0.0043939143549513622 0 -0.41277586783026676 0.00039260598789510846 0 0.0011614709613144098 0.49346385720181435
1.0735860692210983 4.5 -0.035724771484537954 0.0029735986014609557 -0.79389374247242173 1.3393559687375105 -0.004396757853963696 0 -0.39694687123621086 0.00039648255911005592 0 0.0011117791465669066 0.48901431199680223
1.0819694129362265 4.5 -0.038792317390392017 0.0029778965650821805 -0.75690765332877774 1.3254766283194319 -0.0044001258764148786 0 -0.37845382666438887 0.00039593851168325699 0 0.0010551556609950659 0.48459340074141999
1.0903266394261999 4.5 -0.042004512312211958 0.0029911532472339034 -0.71453620174906285 1.3093955880779169 -0.0044040516741969014 0 -0.35726810087453142 0.00039130252082802204 0 0.00099442524437121571 0.48021295529508129
1.0986729657925149 4.5 -0.045359785788310521 0.003006007965390039 -0.66899221131355313 1.2918872923871376 -0.0044085238100418809 0 -0.33449610565677657 0.00038185607637240186 0 0.00093016777006733528 0.47588740156735998
1.107001577561435 4.5 -0.048845285808694711 0.003013155851838846 -0.62333973539276322 1.2740958583967015 -0.0044135030458441367 0 -0.31166986769638161 0.00036841892446980666 0 0.00086382571939913491 0.47163483708528958
1.1152897479104078 4.5 -0.052448349745367939 0.0030119683217127596 -0.57666620207153585 1.2556459194329705 -0.0044189458998605434 0 -0.28833310103576792 0.00035175541491094933 0 0.00079402381553539056 0.46746717055163195
1.1235300753917126 4.5 -0.056169000916924623 0.0030157584147774857 -0.5265755007582309 1.2355387164512059 -0.0044250320154205656 0 -0.26328775037911545 0.00033186687808737478 0 0.00072133198066899064 0.4633928597568176
1.131737723917432 4.5 -0.060011680139643572 0.0030261441612204872 -0.47342863620930498 1.2138405979304225 -0.0044315939817654469 0 -0.23671431810465249 0.00030803965462275783 0 0.000646716789852984 0.4594223921394251
1.139893751388847 4.5 -0.0639570961259327 0.0030140948378283268 -0.42164622471489399 1.1923198076631083 -0.0044385773737142418 0 -0.210823112357447 0.0002801761855754506 0 0.00057033883332331236 0.45558375342580115
1.1479285912756994 4.5 -0.067976388050580039 0.0029754373515136186 -0.36797859478480488 1.1695977197879213 -0.0044461951936567608 0 -0.18398929739240244 0.00024848943535495045 0 0.00048780426456878999 0.45189763679575184
1.1558140478016039 4.5 -0.072081994509174685 0.0029516278753518562 -0.30371821674469479 1.1417961195126596 -0.0044540106114711762 0 -0.1518591083723474 0.00021055361856113264 0 0.00039570029149271779 0.44837035706661044
1.1635754241288576 4.5 -0.076300421817994624 0.0029377310586127222 -0.22889456101658801 1.108546187316148 -0.0044622419723506675 0 -0.114447280508294 0.00016317647413763151 0 0.00029396290032363947 0.44503229791423238
1.1711876105086372 4.5 -0.080612945130083241 0.0028950924837761343 -0.14744131291205709 1.0711775408268607 -0.0044708992581431626 0 -0.073720656456028544 0.00010683870463122028 0 0.00018476215228930125 0.44193656969518852
1.1785368433451788 4.5 -0.084963000034837144 0.0027986471718877848 -0.056666670378167971 1.0279331695013909 -0.0044798902880272716 0 -0.028333335189083986 4.1105990821993334e-05 0 6.7808523617867976e-05 0.43914351725598882
1.1855154471700535 4.5 -0.089339896920040976 0.0026937487646731331 0.086704653889872918 0.95565432744108603 -0.0044891595262981261 0 0.043352326944936459 -6.3603572078620215e-05 -0 -9.7939873141218749e-05 0.43670395113322091
1.1920227625777058 4.5 -0.093580333965716134 0.0024842654549840711 0.23823573349368887 0.87277948748169953 -0.0044980815347167745 0 0.11911786674684444 -0.00016197961451737758 -0 -0.00024765195025203867 0.43493418313125071
1.1977452154959538 4.5 -0.097265977523383951 0.002053634565948757 0.44807208486507433 0.74290484823636305 -0.0045057298889453921 0 0.22403604243253716 -0.00024582788274997772 -0 -0.0003889084310376641 0.43398839472647749
1.2012610470204288 4.5 -0.099485905624243254 0.00071838146985207265 0.61220856996185247 0.62271268469329177 -0.0045102505718207673 0 0.30610428498092623 -0.00011714081940747414 -0 -0.00018610180766286775 0.43407695448058392
1.2001411442393453 4.833333333333333 -0.099784159789142651 0.0013669896906639209 -0.23141658028051104 -1.1096909004248328 -0.0016388394780978437 0 -0.11570829014025552 -2.1272576531268027e-05 -0 -0.00015673503643141365 0.65690629050251015
1.1953279575719831 4.833333333333333 -0.098257623700580082 0.0020330838868118963 0.22515844283923447 -0.88024932769753272 -0.0016365356113464693 0 0.11257922141961724 9.3873521681957223e-05 0 0.00020874671278936963 0.6575583993872004
1.1892223033436113 4.833333333333333 -0.095497186507080695 0.0024340393542550912 0.38008935794660159 -0.78734234745331333 -0.0016340012559357699 0 0.1900446789733008 0.00019126996230165054 0 0.00042117997096608302 0.65771768375128681
1.1823891933399708 4.833333333333333 -0.092418695519260463 0.0025623583026815563 0.46499605780422926 -0.73143781781989214 -0.0016312138562911708 0 0.23249802890211463 0.00024316503421330254 0 0.00054385732657911794 0.65741020137165729
1.1753131306913638 4.833333333333333 -0.089349139204410663 0.0025800660900553857 0.50921879280549676 -0.70055589058746548 -0.0016282990223696072 0 0.25460939640274838 0.00025473438284854465 0 0.00060550798530644974 0.65669895961912006
1.1680700523587131 4.833333333333333 -0.086397942189822219 0.002634418280635565 0.53271737115498119 -0.68357880844113628 -0.0016252677364476677 0 0.26635868557749059 0.00025756186543496394 0 0.00065272125965785055 0.65569216070287728
1.1605924331157629 4.833333333333333 -0.083509437373744555 0.0027097997010345071 0.55025117290425918 -0.67063119224979018 -0.0016220596061022898 0 0.27512558645212959 0.00026376182560282346 0 0.00069731806328325206 0.65447386028587529
1.152955710810208 4.833333333333333 -0.08066549012810445 0.0027229937168740904 0.56764665399528114 -0.65753382098980917 -0.0016187214894498607 0 0.28382332699764057 0.00026601873053562795 0 0.00072562374699344984 0.65308489593505425
1.1452797786568585 4.833333333333333 -0.07790795128804856 0.0027146029287864887 0.58206092993490299 -0.64648005443290368 -0.0016153283031312706 0 0.2910304649674515 0.00026224478490440034 0 0.00074523719370390897 0.65154093167559679
1.1375921272453167 4.833333333333333 -0.075262283605134261 0.0027056352909291584 0.593470663403322 -0.63759449368794252 -0.0016118981029237271 0 0.296735331701661 0.00025598999889711783 0 0.00076095297035216186 0.64986109305137263
1.1298826960670283 4.833333333333333 -0.072728545181008825 0.0027045760451131357 0.60251269135930308 -0.63046389393357483 -0.0016084423555509666 0 0.30125634567965154 0.0002489796291363148 0 0.00077579664299093332 0.64806152316428667
1.1221431800150796 4.833333333333333 -0.070306809797670136 0.0027019391742814508 0.6091004888066176 -0.62521751041937279 -0.0016049480938055154 0 0.3045502444033088 0.00023999146105414235 0 0.00078710189824067304 0.64615291053298074
1.1143356163922562 4.833333333333333 -0.06798883215614504 0.0027277987145001709 0.61270444659317058 -0.62232868243567874 -0.0016013821222607989 0 0.30635222329658529 0.00023200028087711738 0 0.00080281725213199675 0.64414090501555632
1.1064328298226749 4.833333333333333 -0.065749653471867148 0.0027482005621217768 0.61710646396310742 -0.61878185441241396 -0.0015977129988538634 0 0.30855323198155371 0.00022693677711021739 0 0.0008170350770663556 0.6420416873712792
1.0985053101077311 4.833333333333333 -0.063593222425092244 0.0027289316290409439 0.62209556310349046 -0.61473725781122024 -0.0015939746707148163 0 0.31104778155174523 0.00021839724380934533 0 0.00082025108159080554 0.63987179448120357
1.0905694717976031 4.833333333333333 -0.061542983401923407 0.0027354856195284522 0.62369885026906258 -0.61343183887959307 -0.0015902137398287621 0 0.31184942513453129 0.00020728380209751959 0 0.0008274926809967002 0.63762785410134737
1.0825658731837731 4.833333333333333 -0.059582212909666032 0.0027581076908285941 0.62581648673156065 -0.61170335687027588 -0.0015863360536987352 0 0.31290824336578033 0.00020103991019949571 0 0.0008392923992799618 0.63531731081432652
1.0745004604945598 4.833333333333333 -0.057695950387690563 0.0027640029346593241 0.62718805028386138 -0.61058123607594861 -0.0015823615596108913 0 0.31359402514193069 0.00019286658747225645 0 0.00084504499488404145 0.63294388391557144
1.0663980781478899 4.833333333333333 -0.055888505231073596 0.002770419169524886 0.6286170108600686 -0.60940995899018424 -0.0015782976631044123 0 0.3143085054300343 0.00018542425009879145 0 0.00085079481171867664 0.63051916257344975
1.0582631930691395 4.833333333333333 -0.054158888168837231 0.0027741364997622931 0.62928959693387987 -0.60885788571217436 -0.0015741893853409307 0 0.31464479846693993 0.00017718736400190106 0 0.00085469440145943831 0.62804622878290628
1.0500825690865543 4.833333333333333 -0.052503793634667811 0.0027901758346683082 0.62929616145476075 -0.60885250562980886 -0.0015700106824104178 0 0.31464808072738037 0.00016999233337629605 0 0.00086130843952708072 0.62552740238147286
1.0418495611353349 4.833333333333333 -0.050914032954489576 0.0027999322516903636 0.62923510128945581 -0.60890265820724654 -0.001565739024632752 0 0.31461755064472791 0.00016346856839993183 0 0.00086560766332768521 0.6229677607030113
1.0335757726494328 4.833333333333333 -0.049384945336015312 0.0028093758310269589 0.62905013868996273 -0.60905453235321894 -0.0015613872162537636 0 0.31452506934498137 0.00015720374240086612 0 0.00086952271210481778 0.62037338102235917
1.0252752419277655 4.833333333333333 -0.047916373475824128 0.0028102924667954329 0.62871344738186163 -0.60933088588501894 -0.0015569600882517367 0 0.31435672369093082 0.00015065069127458873 0 0.000870494450880787 0.61775048248285369
1.0169413730658008 4.833333333333333 -0.046508437266520403 0.00282439354675224 0.62714743322045585 -0.61061457293725252 -0.0015524484535137677 0 0.31357371661022793 0.00014405241292553649 0 0.00087386195225214191 0.61509945937339805
1.0085561203235738 4.833333333333333 -0.045148384382805481 0.0028388479918543034 0.62632353708338806 -0.61128885736036076 -0.0015478319277074672 0 0.31316176854169403 0.00014008120919585103 0 0.00087791310997049779 0.61242588733873959
1.000149776333513 4.833333333333333 -0.043835722579796677 0.0028333259318477125 0.62461750400785343 -0.61268271948204922 -0.0015431267696629518 0 0.31230875200392672 0.00013360420219511875 0 0.00087472809105121677 0.60973558528623328
0.99170759398017316 4.833333333333333 -0.042571149697502558 0.002857609812288114 0.62233987864727813 -0.61453865207046698 -0.0015383316077330915 0 0.31116993932363907 0.00012921435450166844 0 0.00087976379269859837 0.60703036659037712
0.98321788755165329 4.833333333333333 -0.041342435434582797 0.0028611770793671031 0.62035560361104314 -0.61615099204723289 -0.0015334236752013745 0 0.31017780180552157 0.00012527755998943481 0 0.00087858690744329183 0.60431370803586726
0.97468743302655958 4.833333333333333 -0.040143113484638039 0.0028817339090294286 0.61913556915577406 -0.61714025537885697 -0.0015284093512817913 0 0.30956778457788703 0.00012248311226230229 0 0.00088364358849596597 0.6015853651494194
0.96613657717203894 4.833333333333333 -0.038970764877638779 0.0028721710785480224 0.62050134395642953 -0.61603273908489098 -0.0015232922034456599 0 0.31025067197821476 0.00011972799297145821 0 0.0008830129982628814 0.59884495433143725
0.95756160882059271 4.833333333333333 -0.037827041945921375 0.0028951134568586351 0.62487299014418674 -0.61247424872272416 -0.0015180603900663016 0 0.31243649507209337 0.00011765567139651873 0 0.00089685457503619487 0.59606761734512592
0.94893771035138119 4.833333333333333 -0.036699066620359579 0.0029031224535627652 0.63751471140602578 -0.60206561138420378 -0.0015126739698687621 0 0.31875735570301289 0.00011966434061913381 0 0.00091762199550569933 0.59321759737765112
0.94032628027079168 4.833333333333333 -0.035584205216093547 0.0028857446149378511 0.65981358407119761 -0.58325307060597065 -0.0015071687062196428 0 0.32990679203559881 0.0001213502949830947 0 0.00094426110576401479 0.59024470296318277
0.93180570687333841 4.833333333333333 -0.034494762961861297 0.002840882719408638 0.69206574137637267 -0.55491621338152841 -0.0015015824763822696 0 0.34603287068818633 0.00012403990340410066 0 0.00097518172150051568 0.58709656211539651
0.92359351737429707 4.833333333333333 -0.033448328162723889 0.0026781786264093305 0.73176750821565517 -0.51790950335879304 -0.0014960330855882122 0 0.36588375410782759 0.0001240932889781302 0 0.00097201279993048184 0.58378956906251966
0.91615670564815888 4.833333333333333 -0.032494996410547143 0.0023202667926768322 0.7734392151981142 -0.47598168263489515 -0.00149083799915717 0 0.3867196075990571 0.00011462140153776945 0 0.00088994160394958077 0.58049926142373864
0.90999189285213999 4.833333333333333 -0.031714178145712417 0.001822454363608694 0.80833165186784028 -0.43779691509930951 -0.0014863585326999064 0 0.40416582593392014 9.0594348605142197e-05 0 0.0007309812495624612 0.57751285310146983
0.90526181101140102 4.833333333333333 -0.031134651517373609 0.0013545172740137765 0.83510026859081266 -0.40607577241285553 -0.0014827233356658491 0 0.41755013429540633 6.7726487171161818e-05 0 0.00056150919917000131 0.57504649513229678
0.90174820370798447 4.833333333333333 -0.030711497829804476 0.0010048136924392863 0.85421063683575982 -0.38182086537486437 -0.0014798407447717001 0 0.42710531841787991 5.1211125586065284e-05 0 0.00042609484631042296 0.57311130362673901
0.89910328107242332 4.833333333333333 -0.030380773790327244 0.00077222573771033539 0.86995842984177951 -0.36060974357904485 -0.0014774958802013527 0 0.43497921492088976 4.3750160837388526e-05 0 0.00033304080009853771 0.57159801964812518
0.89703284333946653 4.833333333333333 -0.030097687898209515 0.00062093225744760136 0.87704950792847736 -0.35063986505569611 -0.0014755016929431943 0 0.43852475396423868 3.8653343369549025e-05 0 0.00026953669800458926 0.57038019574099397
0.89535172751916403 4.833333333333333 -0.029789421663611967 0.00051953040798950376 0.89515029786194178 -0.32380168399701992 -0.0014736277522623977 0 0.44757514893097089 5.2530455496499392e-05 0 0.00022651763828675098 0.56938677232405976
0.8939535284507758 4.833333333333333 -0.02938479987297242 0.00045246451777965755 0.92203750019383035 -0.27921377739626096 -0.0014718417988822132 0 0.46101875009691518 7.0250533734326416e-05 0 0.00019640921743607005 0.56855873932734335
0.89277606974434098 4.833333333333333 -0.028870690796752016 0.00040629275590664608 0.95458693439282905 -0.21309834437256703 -0.0014701132071509595 0 0.47729346719641452 9.0856776347709574e-05 0 0.00017131944775592033 0.56784331878494976
0.89182062648313942 4.833333333333333 -0.028224806223812966 0.00036743403850692034 0.98976435754143155 -0.10116069535253952 -0.0014683917594319209 0 0.49488217877071577 0.00011888624275538685 0 0.00013758849856790095 0.56723291313967894
0.89113677700504024 4.833333333333333 -0.027418539873801641 0.00034643223373117231 0.99044119984120527 0.097758114652095107 -0.0014666896272034226 0 0.49522059992060263 0.00014721892822077437 0 8.8088311857067054e-05 0.56675490745306822
0.89070210615648038 4.833333333333333 -0.02648985752440472 0.00034074146845125612 0.94288724514626265 0.23897825852797441 -0.0014651978276032387 0 0.47144362257313133 0.00015173039353204301 0 5.2756263135836411e-05 0.56638647007677934
0.89044619584671214 4.833333333333333 -0.025525379572637757 0.0003264644546625937 0.8494805880388554 0.38796555131536259 -0.0014638830934776705 0 0.4247402940194277 0.00013640246849154494 0 2.4933623371315315e-05 0.56605316546685158
0.89035083841508378 4.833333333333333 -0.024794241989533932 0.00016635308204638027 0.75069958075158194 0.49929778590115093 -0.0014629568095387859 0 0.37534979037579097 6.2413849581590409e-05 0 1.8273529304760808e-06 0.56579679642828173
0.89040674237629447 4.833333333333333 -0.024032817773731313 0.00034392542947578379 0.65295326112391627 0.58910491541221255 -0.0014620236843501681 0 0.32647663056195814 0.00011143767708026711 -0 -1.3756976765238482e-05 0.56560086520798913
0.89062834704382321 4.833333333333333 -0.023016903109668807 0.00035214798946608088 0.49029534551932008 0.71393453492930514 -0.0014609298260698804 0 0.24514767275966004 8.2355430771688103e-05 -0 -2.5887284748396155e-05 0.56535897736961793
0.89103199816754375 4.833333333333333 -0.021998637772758924 0.00037988721841155347 0.37807494001002928 0.78862090279876951 -0.001460020145226061 0 0.18903747000501464 6.4821218845915654e-05 -0 -3.0908006619467842e-05 0.56516147139744599
0.89162116110677681 4.833333333333333 -0.020963939900063341 0.00041581711266073683 0.25810962561588824 0.86132934774022318 -0.0014591454737198375 0 0.12905481280794412 4.4768746949445054e-05 -0 -2.9588820385958536e-05 0.56498183204970875
0.89240961495805382 4.833333333333333 -0.01991475816111668 0.00046057299217701895 0.16720705523110391 0.91257373294408672 -0.0014583241720613218 0 0.083603527615551954 2.9475037405964473e-05 -0 -2.4776960457002177e-05 0.56482371218792771
0.89341390204746007 4.833333333333333 -0.018859814019942515 0.00051212071882504226 0.077086574047696477 0.96068272673812383 -0.001457566227249242 0 0.038543287023848238 1.3518624426390115e-05 -0 -1.4382894181503615e-05 0.56466996636779732
0.89467288969105663 4.833333333333333 -0.017814426432517058 0.0005806486807077674 0.016755235207685071 0.99158592282371605 -0.0014568631213790497 0 0.0083776176038425354 2.9002164855435743e-06 -0 -3.9053352639180848e-06 0.56452823351881298
0.89622532258267862 4.833333333333333 -0.016774596972762266 0.00066630082088884809 -0.013467107507662224 1.0067099815923082 -0.0014561833939970026 0 -0.0067335537538311119 -2.3367676124301958e-06 0 3.8299933380099433e-06 0.56441201275639474
0.89812120936205031 4.833333333333333 -0.015732561218473246 0.00077722220012858508 -0.048393675490751686 1.0239099359046979 -0.0014555570716921497 0 -0.024196837745375843 -8.4122040930780888e-06 0 1.6820002207253811e-05 0.56429813179353339
0.90046632168568408 4.833333333333333 -0.014687126326249316 0.00093590237000729267 -0.083140970692872074 1.0407395706002593 -0.0014549500540766438 0 -0.041570485346436037 -1.4520546690286817e-05 0 3.6094653410030764e-05 0.56416752144694893
0.90339987559134372 4.833333333333333 -0.013649881960676133 0.0011399979603560597 -0.11856266313848907 1.0576202286570611 -0.001454329355736085 0 -0.059281331569244533 -2.0285882984072991e-05 0 6.4464098944472473e-05 0.56399582193811926
0.90706950859445867 4.833333333333333 -0.012653119698425315 0.0013966936017765614 -0.16136763971280987 1.0776667047391517 -0.0014536882292112156 0 -0.080683819856404937 -2.6005311514692201e-05 0 0.00010964893733144135 0.5637397044382052
0.91167145559502072 4.833333333333333 -0.011734281206095883 0.0017334415944441472 -0.22297246820005578 1.1058799016477805 -0.0014530421711859711 0 -0.11148623410002789 -3.2358616036898804e-05 0 0.00019052655151673183 0.56331531619120156
0.91738238973173158 4.833333333333333 -0.010927914262336231 0.0021128463342183434 -0.32597997115596966 1.1515111210645126 -0.0014523156403085118 0 -0.16298998557798483 -4.0312366141478779e-05 0 0.00034200516672779969 0.56257304554292931
0.92414211050463424 4.833333333333333 -0.010270309491161205 0.0024157287320443611 -0.48990644102657921 1.2206163747683474 -0.0014514385817503985 0 -0.2449532205132896 -4.6803911321602633e-05 0 0.00058988664338525021 0.56127290504133365
0.93161588142430751 4.833333333333333 -0.0097923122200561027 0.0025775135194196727 -0.7000270958487862 1.3038500649774858 -0.0014504850885445077 0 -0.3500135479243931 -4.4658925752550544e-05 0 0.00090105862141547316 0.55920821330995651
0.93940808915355634 4.833333333333333 -0.0095272652880769686 0.0026209116680832082 -0.89286281270869194 1.375812745859095 -0.0014494965847889909 0 -0.44643140635434597 -2.1922444036470266e-05 0 0.0011698518920807346 0.55636097625938341
0.9473404368835725 4.833333333333333 -0.0095101252800572147 0.0026680462970265174 -0.99884623889696189 1.4138048453619425 -0.0014484916485156276 0 -0.49942311944848095 1.8817908947036703e-05 0 0.0013323511205891256 0.55294867663646063
0.95540214931268386 4.833333333333333 -0.0097583556590727337 0.0027097105295752536 -1.0130710031377901 1.418826595414473 -0.0014475090208204155 0 -0.50653550156889504 6.4739101231651647e-05 0 0.0013710369729132315 0.5492751988993182
0.96358064453906467 4.833333333333333 -0.010271961851588941 0.002754008990459527 -0.99003497588589884 1.4106852531275687 -0.0014465456462023365 0 -0.49501748794294942 0.00010622902024969355 0 0.0013591375486183433 0.5455314141803902
0.9718635887596716 4.833333333333333 -0.01103588825027679 0.0027919231139796564 -0.97359714930521091 1.4048469879094028 -0.0014456372605614622 0 -0.48679857465260545 0.00014345358445502443 0 0.0013515122178412258 0.54173210513375936
0.98021029299967322 4.833333333333333 -0.012029902764640346 0.0028123214543441105 -0.97369998421517479 1.4048835883394712 -0.0014447939596430326 0 -0.48684999210758739 0.00017915523576518357 0 0.0013574069593828182 0.53784359126923775
0.98857597936802444 4.833333333333333 -0.013244612976067034 0.0028237607471675447 -0.97932683703611123 1.4068847684223502 -0.0014440974001912476 0 -0.48966341851805562 0.00021634222521110409 0 0.0013656625315813945 0.53383601333802166
0.99695658355037398 4.833333333333333 -0.014680880392702276 0.0028452121631351258 -0.97966046647917282 1.4070033343127033 -0.0014435068784555707 0 -0.48983023323958641 0.00025260220879367917 0 0.0013705877593579046 0.52970893449287704
1.0053787090410431 4.833333333333333 -0.016336400484973784 0.002877380561011209 -0.97077087398842754 1.4038407287111676 -0.0014430523640944228 0 -0.48538543699421377 0.00028540017216715423 0 0.0013671672097479281 0.52547095256385012
1.0138636800766103 4.833333333333333 -0.018201331923037752 0.0029146063842017543 -0.95415627577490336 1.3979106531627217 -0.0014427574557756575 0 -0.47707813788745168 0.00031262975423666345 0 0.0013548944402085707 0.52114215070148862
1.0224156650912091 4.833333333333333 -0.020258640484720439 0.0029496199595978284 -0.93316741530120484 1.3903831608901409 -0.0014426414472781825 0 -0.46658370765060242 0.00033418502680101982 0 0.0013350541612361774 0.51674541833679688
1.0310147188869105 4.833333333333333 -0.022485303819031105 0.0029723502622508867 -0.91286580189323807 1.3830631657890073 -0.0014426818523153317 0 -0.45643290094661904 0.00035063363774831741 0 0.0013105847841512691 0.51230639825734892
1.0396165107734936 4.833333333333333 -0.024858330024029797 0.0029765756377465279 -0.89475917331371035 1.3765017585848169 -0.0014428882897105102 0 -0.44737958665685518 0.00036408347745516087 0 0.0012809213047810461 0.50784364321596009
1.0481816235991612 4.833333333333333 -0.027367951583473236 0.0029737589321157903 -0.875413554510726 1.3694566336266489 -0.0014433040886411297 0 -0.437706777255363 0.00037610729385280123 0 0.0012461121598908839 0.5033686777157137
1.0566977018865309 4.833333333333333 -0.030014985586839057 0.0029717630128708004 -0.85229806359809768 1.3609908077830757 -0.0014438587427266238 0 -0.42614903179904884 0.00038584455523443741 0 0.001206204055288244 0.49889263355058011
1.0651641220281791 4.833333333333333 -0.032799822047019714 0.0029702121906526745 -0.82536689270597496 1.3510606225800847 -0.0014445828078646374 0 -0.41268344635298748 0.00039251808250088022 0 0.001161210905263593 0.49442691240705755
1.0735860692210983 4.833333333333333 -0.035724771484537954 0.002973598601460964 -0.79367275152558037 1.3392799042784866 -0.0014455176885873069 0 -0.39683637576279018 0.00039637219288412998 0 0.0011114696679640011 0.48997799045585161
1.0819694129362265 4.833333333333333 -0.038792317390392017 0.0029778965650821888 -0.75665403643992279 1.3253874692836223 -0.0014466187742080705 0 -0.3783270182199614 0.0003958058446490838 0 0.0010548021102087578 0.48555781325755171
1.0903266394261999 4.833333333333333 -0.042004512312211958 0.0029911532472339112 -0.71425096152542866 1.3092932693187835 -0.0014479095137369126 0 -0.35712548076271433 0.00039114631430094111 0 0.00099402827347121691 0.48117822830422985
1.0986729657925149 4.833333333333333 -0.045359785788310521 0.0030060079653900472 -0.66867968801145627 1.2917730401760084 -0.0014493743095250768 0 -0.33433984400572814 0.00038167769025684661 0 0.00092973323720120071 0.47685365110703437
1.107001577561435 4.833333333333333 -0.048845285808694711 0.0030131558518388538 -0.62300237616127618 1.2739702786027443 -0.0014509990083641246 0 -0.31150118808063809 0.00036821953155745613 0 0.00086335820615669712 0.47260216975752001
1.1152897479104078 4.833333333333333 -0.052448349745367939 0.0030119683217127674 -0.57629914467995857 1.255506684218509 -0.0014527775479027684 0 -0.28814957233997929 0.00035153151688362253 0 0.00079351840649714194 0.46843568891688353
1.1235300753917126 4.833333333333333 -0.056169000916924623 0.0030157584147774939 -0.52617972383869338 1.2353856108392365 -0.0014547749172338657 0 -0.26308986191934669 0.00033161744519405494 0 0.0007207898237534848 0.46436270970162885
1.131737723917432 4.833333333333333 -0.060011680139643572 0.0030261441612204954 -0.47301318227327815 1.2136766701274933 -0.0014569356602483776 0 -0.23650659113663908 0.00030776933661244549 0 0.00064614926812892959 0.46039368257958974
1.139893751388847 4.833333333333333 -0.0639570961259327 0.0030140948378283346 -0.42120501463658733 1.1921421413913165 -0.0014592311378830174 0 -0.21060250731829366 0.00027988300956786113 0 0.00056974203148669816 0.4565565741843774
1.1479285912756994 4.833333333333333 -0.067976388050580039 0.0029754373515136268 -0.36751949925153959 1.1694089800239038 -0.0014617424508570913 0 -0.1837597496257698 0.00024817941626293906 0 0.00048719567275898177 0.45287213176297103
1.1558140478016039 4.833333333333333 -0.072081994509174685 0.002951627875351864 -0.30324932774926183 1.1415985211980373 -0.0014642908578217941 0 -0.15162466387463092 0.00021022855977555861 0 0.0003950893979014183 0.44934655097180815
1.1635754241288576 4.833333333333333 -0.076300421817994624 0.00293773105861273 -0.22841268910410495 1.1083368337426622 -0.0014669946813831727 0 -0.11420634455205247 0.00016283295282670292 0 0.00029334404566694198 0.44601029436847373
1.1711876105086372 4.833333333333333 -0.080612945130083241 0.0028950924837761421 -0.1469461818638309 1.0709547243088777 -0.0014698109832621277 0 -0.073473090931915452 0.00010647992350827483 0 0.00018414169201036966 0.44291644368401251
1.1785368433451788 4.833333333333333 -0.084963000034837144 0.0027986471718877927 -0.056156105377672461 1.0276935031087857 -0.0014727680281456667 0 -0.02807805268883623 4.0735627077585315e-05 0 6.7197570853862201e-05 0.44012536260805735
1.1855154471700535 4.833333333333333 -0.089339896920040976 0.0026937487646731401 0.08720063966579783 0.95540419836115564 -0.0014758347061218106 0 0.043600319832898915 -6.3967410299912148e-05 -0 -9.85001289267462e-05 0.43768784093726576
1.1920227625777058 4.833333333333333 -0.093580333965716134 0.0024842654549840776 0.23868829987219675 0.87253052288531552 -0.0014787701921272502 0 0.11934414993609838 -0.00016228732036174988 -0 -0.00024812240422051983 0.43592002992595852
1.1977452154959538 4.833333333333333 -0.097265977523383951 0.0020536345659487622 0.44844801595785022 0.74266398178181847 -0.0014812852948103707 0 0.22422400797892511 -0.00024603413158296426 -0 -0.00038923472400794411 0.43497591825631754
1.2012610470204288 4.833333333333333 -0.099485905624243254 0.00071838146985207449 0.61251831467756157 0.62247850302257968 -0.00148276674047801 0 0.30625915733878079 -0.00011720008638213891 -0 -0.00018619596520056992 0.43506546564084847
1.2001411442393453 5.1666666666666661 -0.099784159789142651 0.0013669896906639174 -0.23141658029307943 -1.1096909004304956 0.001638839478210247 0 -0.11570829014653972 -2.1272576532423299e-05 -0 -0.00015673503643992564 0.65690629050248217
1.1953279575719831 5.1666666666666661 -0.098257623700580082 0.002033083886811891 0.22515844283627506 -0.8802493276992136 0.0016365356114180721 0 0.11257922141813753 9.387352168072313e-05 0 0.00020874671278662537 0.65755839938719096
1.1892223033436113 5.1666666666666661 -0.095497186507080695 0.0024340393542550852 0.38008935794731225 -0.78734234745286191 0.001634001256026857 0 0.19004467897365612 0.00019126996230200768 0 0.00042117997096686945 0.65771768375127093
1.1823891933399708 5.1666666666666661 -0.092418695519260463 0.0025623583026815498 0.4649960578035911 -0.73143781782032824 0.0016312138563532811 0 0.23249802890179555 0.00024316503421296823 0 0.00054385732657837016 0.6574102013716423
1.1753131306913638 5.1666666666666661 -0.089349139204410663 0.0025800660900553787 0.50921879280422777 -0.70055589058837109 0.0016282990224147312 0 0.25460939640211389 0.0002547343828479092 0 0.00060550798530493923 0.65669895961911096
1.1680700523587131 5.1666666666666661 -0.086397942189822219 0.0026344182806355581 0.53271737115397366 -0.68357880844187313 0.0016252677364668123 0 0.26635868557698683 0.00025756186543447615 0 0.00065272125965661434 0.65569216070287639
1.1605924331157629 5.1666666666666661 -0.083509437373744555 0.0027097997010345001 0.55025117290328041 -0.67063119225051981 0.0016220596061385876 0 0.2751255864516402 0.00026376182560235362 0 0.00069731806328200989 0.65447386028587773
1.152955710810208 5.1666666666666661 -0.08066549012810445 0.002722993716874083 0.56764665399551228 -0.65753382098963331 0.0016187214894791638 0 0.28382332699775614 0.00026601873053573556 0 0.00072562374699374334 0.65308489593506525
1.1452797786568585 5.1666666666666661 -0.07790795128804856 0.0027146029287864817 0.5820609299350914 -0.6464800544327578 0.0016153283031783931 0 0.2910304649675457 0.00026224478490448453 0 0.00074523719370414826 0.65154093167559635
1.1375921272453167 5.1666666666666661 -0.075262283605134261 0.0027056352909291511 0.59347066340263477 -0.63759449368848142 0.0016118981029495331 0 0.29673533170131738 0.00025598999889682071 0 0.00076095297035127867 0.64986109305138118
1.1298826960670283 5.1666666666666661 -0.072728545181008825 0.0027045760451131287 0.60251269135985552 -0.63046389393313662 0.0016084423555689457 0 0.30125634567992776 0.00024897962913654243 0 0.00077579664299164271 0.64806152316429499
1.1221431800150796 5.1666666666666661 -0.070306809797670136 0.0027019391742814439 0.60910048880780421 -0.62521751041842377 0.0016049480938414799 0 0.3045502444039021 0.00023999146105460926 0 0.00078710189824220437 0.64615291053298218
1.1143356163922562 5.1666666666666661 -0.06798883215614504 0.0027277987145001639 0.61270444659335754 -0.62232868243552852 0.0016013821222859385 0 0.30635222329667877 0.00023200028087718761 0 0.00080281725213223972 0.64414090501554921
1.1064328298226749 5.1666666666666661 -0.065749653471867148 0.0027482005621217694 0.61710646396275592 -0.61878185441269795 0.0015977129988813347 0 0.30855323198137796 0.00022693677711008753 0 0.00081703507706588799 0.64204168737127831
1.0985053101077311 5.1666666666666661 -0.063593222425092244 0.0027289316290409365 0.62209556310394853 -0.61473725781084765 0.0015939746707326289 0 0.31104778155197427 0.00021839724380950555 0 0.00082025108159140727 0.63987179448120113
1.0905694717976031 5.1666666666666661 -0.061542983401923407 0.0027354856195284452 0.62369885026849747 -0.6134318388800537 0.0015902137398555677 0 0.31184942513424874 0.00020728380209733129 0 0.00082749268099594842 0.63762785410134037
1.0825658731837731 5.1666666666666661 -0.059582212909666032 0.0027581076908285867 0.62581648673081525 -0.61170335687088517 0.0015863360537075549 0 0.31290824336540762 0.0002010399101992557 0 0.00083929239927895988 0.63531731081433174
1.0745004604945598 5.1666666666666661 -0.057695950387690563 0.0027640029346593167 0.62718805028409874 -0.61058123607575432 0.0015823615596047228 0 0.31359402514204937 0.00019286658747232893 0 0.00084504499488435891 0.63294388391557443
1.0663980781478899 5.1666666666666661 -0.055888505231073596 0.0027704191695248786 0.62861701086032085 -0.6094099589899773 0.0015782976630952467 0 0.31430850543016042 0.0001854242500988654 0 0.00085079481171901577 0.63051916257345175
1.0582631930691395 5.1666666666666661 -0.054158888168837231 0.0027741364997622858 0.6292895969335901 -0.60885788571241228 0.0015741893853375938 0 0.31464479846679505 0.00017718736400181898 0 0.00085469440145904236 0.62804622878290584
1.0500825690865543 5.1666666666666661 -0.052503793634667811 0.0027901758346683008 0.62929616145407286 -0.60885250563037374 0.0015700106824045829 0 0.31464808072703643 0.00016999233337610978 0 0.00086130843952613692 0.62552740238147886
1.0418495611353349 5.1666666666666661 -0.050914032954489576 0.0027999322516903563 0.62923510128983939 -0.60890265820693157 0.0015657390246199224 0 0.3146175506449197 0.00016346856840003106 0 0.00086560766332821051 0.62296776070302029
1.0335757726494328 5.1666666666666661 -0.049384945336015312 0.0028093758310269515 0.62905013869103088 -0.60905453235234197 0.0015613872162599191 0 0.31452506934551544 0.00015720374240113264 0 0.00086952271210629186 0.62037338102235984
1.0252752419277655 5.1666666666666661 -0.047916373475824128 0.0028102924667954251 0.6287134473817122 -0.6093308858851415 0.0015569600882602236 0 0.3143567236908561 0.00015065069127455252 0 0.00087049445088057775 0.61775048248284792
1.0169413730658008 5.1666666666666661 -0.046508437266520403 0.0028243935467522326 0.62714743321941491 -0.61061457293810495 0.0015524484535207558 0 0.31357371660970745 0.00014405241292529702 0 0.00087386195225068919 0.61509945937340083
1.0085561203235738 5.1666666666666661 -0.045148384382805481 0.002838847991854296 0.62632353708337085 -0.61128885736037486 0.0015478319276971359 0 0.31316176854168543 0.00014008120919584683 0 0.00087791310997047134 0.61242588733874825
1.000149776333513 5.1666666666666661 -0.043835722579796677 0.0028333259318477052 0.62461750400894611 -0.61268271948115749 0.0015431267696426284 0 0.31230875200447306 0.00013360420219535213 0 0.00087472809105274473 0.60973558528623628
0.99170759398017316 5.1666666666666661 -0.042571149697502558 0.0028576098122881062 0.6223398786476102 -0.61453865207019687 0.0015383316077317527 0 0.3111699393238051 0.00012921435450173702 0 0.00087976379269906545 0.60703036659037057
0.98321788755165329 5.1666666666666661 -0.041342435434582797 0.0028611770793670957 0.62035560361069142 -0.61615099204751833 0.0015334236751927081 0 0.31017780180534571 0.00012527755998936345 0 0.00087858690744279148 0.6043137080358657
0.97468743302655958 5.1666666666666661 -0.040143113484638039 0.0028817339090294208 0.61913556915538548 -0.61714025537917183 0.0015284093512634661 0 0.30956778457769274 0.0001224831122622251 0 0.00088364358849540902 0.60158536514941774
0.96613657717203894 5.1666666666666661 -0.038970764877638779 0.0028721710785480151 0.62050134395605672 -0.61603273908519363 0.001523292203444821 0 0.31025067197802836 0.00011972799297138597 0 0.00088301299826234862 0.59884495433144114
0.95756160882059271 5.1666666666666661 -0.037827041945921375 0.0028951134568586273 0.62487299014391395 -0.61247424872294687 0.001518060390047144 0 0.31243649507195698 0.00011765567139646705 0 0.00089685457503580097 0.59606761734512947
0.94893771035138119 5.1666666666666661 -0.036699066620359579 0.0029031224535627574 0.63751471140613458 -0.60206561138411341 0.0015126739698589303 0 0.31875735570306729 0.00011966434061915391 0 0.00091762199550585351 0.59321759737765889
0.94032628027079168 5.1666666666666661 -0.035584205216093547 0.0028857446149378437 0.65981358407100732 -0.58325307060613374 0.001507168706208479 0 0.32990679203550366 0.00012135029498305939 0 0.00094426110576374006 0.59024470296318476
0.93180570687333841 5.1666666666666661 -0.034494762961861297 0.0028408827194086302 0.69206574137586807 -0.55491621338198316 0.0015015824763449598 0 0.34603287068793404 0.00012403990340400988 0 0.00097518172149980195 0.58709656211540695
0.92359351737429707 5.1666666666666661 -0.033448328162723889 0.0026781786264093235 0.73176750821634151 -0.51790950335813046 0.0014960330855632261 0 0.36588375410817076 0.00012409328897824623 0 0.00097201279993139084 0.58378956906252966
0.91615670564815888 5.1666666666666661 -0.032494996410547143 0.0023202667926768262 0.77343921519825676 -0.4759816826347455 0.0014908379991398443 0 0.38671960759912838 0.00011462140153779028 0 0.00088994160394974253 0.58049926142373953
0.90999189285213999 5.1666666666666661 -0.031714178145712417 0.001822454363608689 0.80833165186839329 -0.43779691509867802 0.001486358532670757 0 0.40416582593419664 9.0594348605203928e-05 0 0.00073098124956295929 0.57751285310147527
0.90526181101140102 5.1666666666666661 -0.031134651517373609 0.001354517274013773 0.83510026859058906 -0.40607577241313086 0.0014827233356561836 0 0.41755013429529453 6.7726487171143523e-05 0 0.00056150919916984952 0.57504649513229422
0.90174820370798447 5.1666666666666661 -0.030711497829804476 0.0010048136924392834 0.85421063683524823 -0.38182086537553439 0.0014798407447477132 0 0.42710531841762411 5.1211125586034473e-05 0 0.0004260948463101666 0.57311130362674256
0.89910328107242332 5.1666666666666661 -0.030380773790327244 0.00077222573771033333 0.86995842984177618 -0.36060974357904962 0.0014774958801775325 0 0.43497921492088809 4.3750160837388241e-05 0 0.00033304080009853554 0.5715980196481284
0.89703284333946653 5.1666666666666661 -0.030097687898209515 0.00062093225744759973 0.87704950792774239 -0.35063986505674427 0.0014755016929228711 0 0.43852475396387119 3.8653343369516533e-05 0 0.00026953669800436271 0.57038019574099741
0.89535172751916403 5.1666666666666661 -0.029789421663611967 0.00051953040798950235 0.89515029786220046 -0.32380168399662068 0.0014736277522297511 0 0.44757514893110023 5.2530455496514428e-05 0 0.00022651763828681582 0.56938677232406631
0.8939535284507758 5.1666666666666661 -0.02938479987297242 0.00045246451777965636 0.92203750019494202 -0.27921377739427022 0.0014718417988575602 0 0.46101875009747101 7.025053373441093e-05 0 0.00019640921743630633 0.56855873932734657
0.89277606974434098 5.1666666666666661 -0.028870690796752016 0.00040629275590664505 0.95458693439300457 -0.21309834437215536 0.0014701132071199782 0 0.47729346719650229 9.0856776347726041e-05 0 0.00017131944775595139 0.56784331878495076
0.89182062648313942 5.1666666666666661 -0.028224806223812966 0.00036743403850691937 0.98976435754185588 -0.10116069535044231 0.0014683917594119308 0 0.49488217877092794 0.0001188862427554375 0 0.00013758849856795958 0.56723291313968083
0.89113677700504024 5.1666666666666661 -0.027418539873801641 0.00034643223373117139 0.99044119984124479 0.097758114651893324 0.0014666896271990865 0 0.4952205999206224 0.00014721892822077987 0 8.8088311857070347e-05 0.56675490745306512
0.89070210615648038 5.1666666666666661 -0.02648985752440472 0.0003407414684512552 0.94288724514759847 0.23897825852517959 0.0014651978275850804 0 0.47144362257379924 0.00015173039353225757 0 5.2756263135911018e-05 0.56638647007678133
0.89044619584671214 5.1666666666666661 -0.025525379572637757 0.00032646445466259284 0.8494805880414944 0.38796555131196153 0.0014638830934551824 0 0.4247402940207472 0.00013640246849196832 0 2.493362337139271e-05 0.56605316546685425
0.89035083841508378 5.1666666666666661 -0.024794241989533932 0.00016635308204637983 0.7506995807436343 0.49929778590910973 0.0014629568095098032 0 0.37534979037181715 6.2413849580929466e-05 0 1.8273529304567297e-06 0.5657967964282884
0.89040674237629447 5.1666666666666661 -0.024032817773731313 0.00034392542947578287 0.65295326111378438 0.589104915420812 0.0014620236843413356 0 0.32647663055689219 0.00011143767707853763 -0 -1.3756976765024979e-05 0.56560086520797914
0.89062834704382321 5.1666666666666661 -0.023016903109668807 0.00035214798946607995 0.49029534552606191 0.71393453492458359 0.001460929826051722 0 0.24514767276303095 8.2355430772820321e-05 -0 -2.5887284748752051e-05 0.56535897736961771
0.89103199816754375 5.1666666666666661 -0.021998637772758924 0.00037988721841155244 0.37807494000796005 0.78862090280008146 0.0014600201452115665 0 0.18903747000398002 6.48212188455607e-05 -0 -3.0908006619298598e-05 0.56516147139744555
0.89162116110677681 5.1666666666666661 -0.020963939900063341 0.00041581711266073574 0.25810962562103157 0.86132934773723746 0.0014591454737011796 0 0.12905481281051578 4.4768746950337041e-05 -0 -2.9588820386548071e-05 0.56498183204970531
0.89240961495805382 5.1666666666666661 -0.01991475816111668 0.00046057299217701776 0.16720705523385959 0.91257373294257693 0.0014583241720298411 0 0.083603527616929796 2.9475037406450165e-05 -0 -2.4776960457410454e-05 0.56482371218793614
0.89341390204746007 5.1666666666666661 -0.018859814019942515 0.00051212071882504086 0.077086574043423783 0.9606827267403476 0.0014575662272362463 0 0.038543287021711892 1.3518624425640777e-05 -0 -1.4382894180706371e-05 0.56466996636779576
0.89467288969105663 5.1666666666666661 -0.017814426432517058 0.00058064868070776578 0.016755235208530506 0.99158592282328972 0.001456863121369718 0 0.0083776176042652528 2.9002164856899051e-06 -0 -3.9053352641151301e-06 0.56452823351881631
0.89622532258267862 5.1666666666666661 -0.016774596972762266 0.00066630082088884636 -0.013467107507341369 1.0067099815921488 0.0014561833939750143 0 -0.0067335537536706846 -2.3367676123745161e-06 0 3.8299933379186839e-06 0.56441201275639341
0.89812120936205031 5.1666666666666661 -0.015732561218473246 0.00077722220012858302 -0.048393675489992516 1.0239099359043273 0.0014555570716596696 0 -0.024196837744996258 -8.4122040929461008e-06 0 1.6820002206989906e-05 0.56429813179353905
0.90046632168568408 5.1666666666666661 -0.014687126326249316 0.00093590237000729017 -0.083140970695887217 1.040739570601708 0.0014549500540584855 0 -0.041570485347943609 -1.4520546690813372e-05 0 3.609465341133966e-05 0.56416752144694682
0.90339987559134372 5.1666666666666661 -0.013649881960676133 0.0011399979603560566 -0.11856266313931108 1.0576202286574496 0.0014543293557092672 0 -0.059281331569655538 -2.0285882984213578e-05 0 6.4464098944919232e-05 0.56399582193811859
0.90706950859445867 5.1666666666666661 -0.012653119698425315 0.0013966936017765577 -0.16136763971453583 1.0776667047399526 0.0014536882292100438 0 -0.080683819857267913 -2.6005311514970282e-05 0 0.00010964893733261385 0.5637397044381991
0.91167145559502072 5.1666666666666661 -0.011734281206095883 0.0017334415944441428 -0.22297246819802163 1.1058799016468608 0.001453042171175973 0 -0.11148623409901082 -3.2358616036603515e-05 0 0.00019052655151499318 0.56331531619119535
0.91738238973173158 5.1666666666666661 -0.010927914262336231 0.0021128463342183377 -0.32597997115548982 1.1515111210643043 0.001452315640271202 0 -0.16298998557774491 -4.0312366141419331e-05 0 0.00034200516672729532 0.56257304554293508
0.92414211050463424 5.1666666666666661 -0.010270309491161205 0.0024157287320443546 -0.48990644102930481 1.2206163747694638 0.0014514385817395677 0 -0.2449532205146524 -4.6803911321862902e-05 0 0.00058988664338853046 0.56127290504132588
0.93161588142430751 5.1666666666666661 -0.0097923122200561027 0.0025775135194196657 -0.70002709584738176 1.3038500649769473 0.0014504850885268491 0 -0.35001354792369088 -4.4658925752460833e-05 0 0.00090105862141366298 0.55920821330994763
0.93940808915355634 5.1666666666666661 -0.0095272652880769686 0.0026209116680832012 -0.89286281270769718 1.3758127458587335 0.0014494965847405238 0 -0.44643140635384859 -2.1922444036445787e-05 0 0.0011698518920794281 0.5563609762593843
0.9473404368835725 5.1666666666666661 -0.0095101252800572147 0.00266804629702651 -0.99884623889746926 1.4138048453621219 0.0014484916484926399 0 -0.49942311944873463 1.881790894704621e-05 0 0.0013323511205897986 0.55294867663645719
0.95540214931268386 5.1666666666666661 -0.0097583556590727337 0.0027097105295752462 -1.013071003138506 1.4188265954147252 0.0014475090207965954 0 -0.50653550156925298 6.473910123169721e-05 0 0.0013710369729141966 0.54927519889931631
0.96358064453906467 5.1666666666666661 -0.010271961851588941 0.0027540089904595196 -0.99003497588579736 1.4106852531275327 0.0014465456461815139 0 -0.49501748794289868 0.00010622902024968239 0 0.0013591375486182004 0.54553141418038253
0.9718635887596716 5.1666666666666661 -0.01103588825027679 0.002791923113979649 -0.97359714930356356 1.4048469879088166 0.0014456372605214883 0 -0.48679857465178178 0.00014345358445478135 0 0.0013515122178389357 0.54173210513375825
0.98021029299967322 5.1666666666666661 -0.012029902764640346 0.0028123214543441036 -0.97369998421421178 1.4048835883391286 0.0014447939595839075 0 -0.48684999210710589 0.00017915523576500595 0 0.0013574069593814723 0.53784359126923986
0.98857597936802444 5.1666666666666661 -0.013244612976067034 0.0028237607471675377 -0.97932683703769996 1.4068847684229149 0.0014440974001542714 0 -0.48966341851884998 0.00021634222521145448 0 0.0013656625315836065 0.53383601333802633
0.99695658355037398 5.1666666666666661 -0.014680880392702276 0.0028452121631351184 -0.97966046648044247 1.4070033343131545 0.0014435068784304182 0 -0.48983023324022124 0.00025260220879400589 0 0.0013705877593596773 0.52970893449286949
1.0053787090410431 5.1666666666666661 -0.016336400484973784 0.0028773805610112016 -0.97077087398594886 1.4038407287102848 0.0014430523640649403 0 -0.48538543699297443 0.00028540017216642478 0 0.0013671672097444339 0.52547095256384724
1.0138636800766103 5.1666666666666661 -0.018201331923037752 0.0029146063842017469 -0.95415627577410733 1.397910653162437 0.0014427574557142006 0 -0.47707813788705367 0.00031262975423640183 0 0.0013548944402074368 0.52114215070149639
1.0224156650912091 5.1666666666666661 -0.020258640484720439 0.0029496199595978202 -0.93316741530255443 1.3903831608906263 0.0014426414472175585 0 -0.46658370765127721 0.00033418502680150218 0 0.0013350541612381045 0.51674541833679877
1.0310147188869105 5.1666666666666661 -0.022485303819031105 0.0029723502622508789 -0.91286580189307043 1.3830631657889467 0.001442681852262868 0 -0.45643290094653521 0.00035063363774825209 0 0.0013105847841510252 0.51230639825734814
1.0396165107734936 5.1666666666666661 -0.024858330024029797 0.0029765756377465192 -0.89475917331278576 1.3765017585844812 0.0014428882896460556 0 -0.44737958665639288 0.00036408347745478357 0 0.0012809213047797186 0.50784364321596309
1.0481816235991612 5.1666666666666661 -0.027367951583473236 0.0029737589321157821 -0.8754135545099595 1.3694566336263692 0.0014433040885660172 0 -0.43770677725497975 0.00037610729385247093 0 0.0012461121598897895 0.50336867771571892
1.0566977018865309 5.1666666666666661 -0.030014985586839057 0.0029717630128707918 -0.85229806359891214 1.360990807783375 0.0014438587426466817 0 -0.42614903179945607 0.00038584455523480501 0 0.0012062040552893931 0.4988926335505881
1.0651641220281791 5.1666666666666661 -0.032799822047019714 0.0029702121906526667 -0.82536689270584929 1.3510606225800383 0.0014445828078109243 0 -0.41268344635292464 0.00039251808250081939 0 0.0011612109052634133 0.49442691240705744
1.0735860692210983 5.1666666666666661 -0.035724771484537954 0.0029735986014609557 -0.79367275152451144 1.3392799042780876 0.00144551768851744 0 -0.39683637576225572 0.00039637219288359503 0 0.0011114696679625012 0.48997799045586043
1.0819694129362265 5.1666666666666661 -0.038792317390392017 0.0029778965650821805 -0.75665403643984241 1.3253874692835921 0.0014466187741340405 0 -0.37832701821992121 0.0003958058446490407 0 0.0010548021102086429 0.4855578132575587
1.0903266394261999 5.1666666666666661 -0.042004512312211958 0.0029911532472339029 -0.71425096152513534 1.3092932693186716 0.0014479095136446473 0 -0.35712548076256767 0.0003911463143007794 0 0.00099402827347080621 0.48117822830423923
1.0986729657925149 5.1666666666666661 -0.045359785788310521 0.0030060079653900385 -0.66867968801103617 1.2917730401758458 0.0014493743094350594 0 -0.33433984400551808 0.00038167769025660575 0 0.00092973323720061394 0.47685365110704336
1.107001577561435 5.1666666666666661 -0.048845285808694711 0.0030131558518388456 -0.62300237616015686 1.2739702786023051 0.0014509990082786869 0 -0.31150118808007843 0.00036821953155679352 0 0.00086335820615514357 0.47260216975753233
1.1152897479104078 5.1666666666666661 -0.052448349745367939 0.0030119683217127591 -0.57629914468009646 1.255506684218564 0.0014527775477697854 0 -0.28814957234004823 0.00035153151688370563 0 0.00079351840649732961 0.46843568891690046
1.1235300753917126 5.1666666666666661 -0.056169000916924623 0.0030157584147774853 -0.52617972384087319 1.2353856108401189 0.001454774917114705 0 -0.2630898619204366 0.00033161744519542781 0 0.00072078982375646874 0.46436270970164018
1.131737723917432 5.1666666666666661 -0.060011680139643572 0.0030261441612204872 -0.47301318227312872 1.2136766701274317 0.0014569356601404578 0 -0.23650659113656436 0.00030776933661234743 0 0.0006461492681287237 0.46039368257959068
1.139893751388847 5.1666666666666661 -0.0639570961259327 0.0030140948378283268 -0.42120501463422322 1.192142141390325 0.0014592311377462038 0 -0.21060250731711161 0.00027988300956628947 0 0.00056974203148349879 0.45655657418438983
1.1479285912756994 5.1666666666666661 -0.067976388050580039 0.0029754373515136186 -0.36751949925097738 1.1694089800236636 0.0014617424507027087 0 -0.18375974962548869 0.00024817941626255872 0 0.00048719567275823508 0.4528721317629899
1.1558140478016039 5.1666666666666661 -0.072081994509174685 0.0029516278753518562 -0.3032493277498769 1.1415985211983068 0.0014642908576842316 0 -0.15162466387493845 0.00021022855977598446 0 0.00039508939790221866 0.44934655097182497
1.1635754241288576 5.1666666666666661 -0.076300421817994624 0.0029377310586127222 -0.22841268910402035 1.1083368337426243 0.0014669946812363676 0 -0.11420634455201017 0.00016283295282664217 0 0.00029334404566683258 0.44601029436848783
1.1711876105086372 5.1666666666666661 -0.080612945130083241 0.0028950924837761343 -0.14694618186201169 1.0709547243080286 0.0014698109831118255 0 -0.073473090931005847 0.0001064799235069563 0 0.00018414169200808945 0.44291644368402994
1.1785368433451788 5.1666666666666661 -0.084963000034837144 0.0027986471718877853 -0.056156105375366305 1.0276935031076639 0.0014727680279740482 0 -0.028078052687683153 4.0735627075912323e-05 0 6.7197570851102432e-05 0.44012536260808593
1.1855154471700535 5.1666666666666661 -0.089339896920040976 0.0026937487646731331 0.087200639667601165 0.95540419836021218 0.0014758347059247953 0 0.043600319833800583 -6.3967410301234861e-05 -0 -9.8500128928782969e-05 0.43768784093730212
1.1920227625777058 5.1666666666666661 -0.093580333965716134 0.0024842654549840706 0.23868829987157836 0.87253052288567023 0.0014787701919070869 0 0.11934414993578918 -0.00016228732036132899 -0 -0.00024812240421987636 0.43592002992600221
1.1977452154959538 5.1666666666666661 -0.097265977523383951 0.002053634565948757 0.44844801596157713 0.7426639817793097 0.0014812852945984508 0 0.22422400798078856 -0.00024603413158500831 -0 -0.00038923472401117791 0.43497591825635107
1.2012610470204288 5.1666666666666661 -0.099485905624243254 0.00071838146985207275 0.6125183146868235 0.62247850301514074 0.0014827667402132158 0 0.30625915734341175 -0.00011720008638391082 -0 -0.00018619596520338497 0.43506546564090259
1.2001411442393453 5.5 -0.099784159789142651 0.0013669896906639172 -0.23216355081108908 -1.1100174301396433 0.0049855388145380068 0 -0.11608177540554454 -2.1341240530014567e-05 -0 -0.00015724094855396482 0.65581373085036998
1.1953279575719831 5.5 -0.098257623700580082 0.002033083886811891 0.22464011811979623 -0.88053114431281321 0.0049785314472748938 0 0.11232005905989811 9.3657420672485956e-05 0 0.00020826616860023794 0.65646737564625501
1.1892223033436113 5.5 -0.095497186507080695 0.0024340393542550852 0.37967332304534351 -0.78759251385359186 0.0049708225110368671 0 0.18983666152267176 0.00019106060369105993 0 0.00042071895945926323 0.65662834958060223
1.1823891933399708 5.5 -0.092418695519260463 0.0025623583026815494 0.46460843899861315 -0.73168773143335297 0.0049623251909118333 0 0.23230421949930657 0.00024296233283863984 0 0.00054340396934346674 0.65632272546742176
1.1753131306913638 5.5 -0.089349139204410663 0.0025800660900553787 0.50883936828918896 -0.70081102655311978 0.0049534606461982284 0 0.25441968414459448 0.00025454457746161633 0 0.00060505681465506734 0.65561342693751024
1.1680700523587131 5.5 -0.086397942189822219 0.0026344182806355581 0.53233656220868553 -0.68384135020650216 0.0049442430222058093 0 0.26616828110434276 0.00025737774930154419 0 0.00065225466684790134 0.65460864887856607
1.1605924331157629 5.5 -0.083509437373744555 0.0027097997010344997 0.54986734689902805 -0.67090111327862523 0.0049345012385520488 0 0.27493367344951403 0.00026357783935647048 0 0.00069683165122311251 0.65339248721511622
1.152955710810208 5.5 -0.08066549012810445 0.0027229937168740835 0.56726301958087522 -0.65780903845787031 0.0049243621167472402 0 0.28363150979043761 0.000265838946264564 0 0.00072513334642595128 0.65200574827540148
1.1452797786568585 5.5 -0.07790795128804856 0.0027146029287864817 0.58167817051823256 -0.64675936913678433 0.0049140528646076116 0 0.29083908525911628 0.00026207233446883085 0 0.0007447471306557394 0.65046404614014453
1.1375921272453167 5.5 -0.075262283605134261 0.0027056352909291515 0.59308878681559474 -0.63787707857947951 0.0049036524462650628 0 0.29654439340779737 0.0002558252787292987 0 0.00076046332504758397 0.64878649431607294
1.1298826960670283 5.5 -0.072728545181008825 0.0027045760451131287 0.60213116516732557 -0.63074946870322823 0.00489311386233038 0 0.30106558258366278 0.00024882196897222693 0 0.00077530538904193734 0.64698922826057403
1.1221431800150796 5.5 -0.070306809797670136 0.0027019391742814439 0.60871705325609105 -0.62550708075666817 0.004882485758299528 0 0.30435852662804552 0.00023984038375297054 0 0.00078660640881779485 0.64508294513708642
1.1143356163922562 5.5 -0.06798883215614504 0.0027277987145001635 0.61231622332944924 -0.6226235170601826 0.0048716192543440421 0 0.30615811166472462 0.00023185328030167262 0 0.00080230856913560459 0.64307331693403236
1.1064328298226749 5.5 -0.065749653471867148 0.0027482005621217698 0.61671332124297629 -0.61908242966285487 0.0048604567439746744 0 0.30835666062148814 0.0002267922015028282 0 0.00081651456494827009 0.64097654537202498
1.0985053101077311 5.5 -0.063593222425092244 0.0027289316290409369 0.62169996435865382 -0.61504188613993971 0.0048491169063714108 0 0.31084998217932691 0.00021825836213159138 0 0.0008197294731473845 0.63880914470071515
1.0905694717976031 5.5 -0.061542983401923407 0.0027354856195284448 0.62329779919901118 -0.61374163792138314 0.004837631917244181 0 0.31164889959950559 0.00020715051438887621 0 0.00082696058634071097 0.63656771160811032
1.0825658731837731 5.5 -0.059582212909666032 0.0027581076908285863 0.6254080437324897 -0.61202015281118183 0.0048258491986353808 0 0.31270402186624485 0.00020090870025920787 0 0.00083874462990678471 0.63425975344518815
1.0745004604945598 5.5 -0.057695950387690563 0.0027640029346593167 0.62677269540393232 -0.61090435594763171 0.0048137802481030851 0 0.31338634770196616 0.00019273886169966572 0 0.00084448536438370384 0.63188897620916828
1.0663980781478899 5.5 -0.055888505231073596 0.002770419169524879 0.62819676669239999 -0.60973779544142259 0.0048014703824879063 0 0.31409838334619999 0.00018530028994769403 0 0.00085022603685046294 0.62946696413138625
1.0582631930691395 5.5 -0.054158888168837231 0.0027741364997622862 0.62886530684337461 -0.60918942798010445 0.0047889449671646442 0 0.3144326534216873 0.00017706789779258292 0 0.000854118135195515 0.62699676919268121
1.0500825690865543 5.5 -0.052503793634667811 0.0027901758346683004 0.62886570922377705 -0.60918919745135081 0.0047762417026410171 0 0.31443285461188852 0.0001698760549312105 0 0.00086071928586292363 0.62448072859320314
1.0418495611353349 5.5 -0.050914032954489576 0.0027999322516903558 0.62879799872634756 -0.60924487092702284 0.0047632470823726911 0 0.31439899936317378 0.00016335501381581995 0 0.00086500636291149283 0.62192393468659801
1.0335757726494328 5.5 -0.049384945336015312 0.0028093758310269511 0.62860663787887483 -0.60940200150008317 0.0047500198755157114 0 0.31430331893943741 0.00015709290864855774 0 0.00086890967030677836 0.61933245621151922
1.0252752419277655 5.5 -0.047916373475824128 0.0028102924667954251 0.62826313090893693 -0.60968388056314859 0.0047365464764409521 0 0.31413156545446846 0.0001505427876052443 0 0.00086987095858480541 0.61671250909068021
1.0169413730658008 5.5 -0.046508437266520403 0.0028243935467522326 0.62668889689792273 -0.61097364757009576 0.0047228251047051212 0 0.31334444844896137 0.00014394708958340635 0 0.00087322303160164807 0.61406449373771754
1.0085561203235738 5.5 -0.045148384382805481 0.002838847991854296 0.6258567919879866 -0.61165434304715183 0.0047087836614696527 0 0.3129283959939933 0.00013997681871157392 0 0.00087725887679226391 0.6113939993869415
1.000149776333513 5.5 -0.043835722579796677 0.0028333259318477052 0.6241423908109015 -0.61305429696622515 0.0046944819038851069 0 0.31207119540545075 0.00013350257660950187 0 0.00087406273208010606 0.60870683410647153
0.99170759398017316 5.5 -0.042571149697502558 0.0028576098122881067 0.62185567095951777 -0.61491660224582623 0.0046798849270721652 0 0.31092783547975889 0.00012911382007351174 0 0.00087907929792901171 0.60600481218522262
0.98321788755165329 5.5 -0.041342435434582797 0.0028611770793670953 0.6198619327495416 -0.61653572918401822 0.0046649640930375167 0 0.3099309663747708 0.00012517786574857198 0 0.00087788773949352516 0.60329142558573878
0.97468743302655958 5.5 -0.040143113484638039 0.0028817339090294208 0.6186327179944312 -0.61753191198201929 0.0046496977751674957 0 0.3093163589972156 0.00012238363360477634 0 0.00088292590851305733 0.60056642558191042
0.96613657717203894 5.5 -0.038970764877638779 0.0028721710785480151 0.61999016993541722 -0.61643195483524282 0.0046341258705302497 0 0.30999508496770861 0.00011962936008340529 0 0.00088228556501986609 0.59782942619580737
0.95756160882059271 5.5 -0.037827041945921375 0.0028951134568586273 0.62435400154726306 -0.61288226497610665 0.0046181955885731827 0 0.31217700077363153 0.00011755795241557142 0 0.00089610969198814264 0.59505557708509449
0.94893771035138119 5.5 -0.036699066620359579 0.0029031224535627574 0.63699258847337858 -0.60248338978613281 0.0046017994776175759 0 0.31849629423668929 0.00011956633582749571 0 0.00091687046541739762 0.59220914806441183
0.94032628027079168 5.5 -0.035584205216093547 0.0028857446149378437 0.65929522288530695 -0.58368120951928448 0.0045850593014867842 0 0.32964761144265348 0.00012125496005163165 0 0.00094351927758952393 0.58923992382571044
0.93180570687333841 5.5 -0.034494762961861297 0.0028408827194086306 0.69155823074823553 -0.5553565540391272 0.0045680562113883947 0 0.34577911537411776 0.00012394894156980194 0 0.00097446659422511551 0.58609550713116654
0.92359351737429707 5.5 -0.033448328162723889 0.0026781786264093235 0.73127775622785873 -0.51836428365932652 0.0045511755068996526 0 0.36563887811392937 0.00012401023673234561 0 0.0009713622583368927 0.58279221367214418
0.91615670564815888 5.5 -0.032494996410547143 0.0023202667926768262 0.77297120110415896 -0.47645380632471795 0.0045353428237757693 0 0.38648560055207948 0.00011455204323483537 0 0.00088940309335267421 0.57950536942431208
0.90999189285213999 5.5 -0.031714178145712417 0.001822454363608689 0.80787851861690474 -0.43829332151805989 0.004521691692480235 0 0.40393925930845237 9.0543563371624271e-05 0 0.00073057147727503022 0.57652194741302265
0.90526181101140102 5.5 -0.031134651517373609 0.001354517274013773 0.83465276067643934 -0.40660409928830099 0.0045106280616027967 0 0.41732638033821967 6.7690194356799437e-05 0 0.00056120830139751317 0.57405801290852598
0.90174820370798447 5.5 -0.030711497829804476 0.0010048136924392837 0.85375864170407478 -0.38238866569628416 0.004501848835832269 0 0.42687932085203739 5.1184027844062366e-05 0 0.0004258693834235608 0.57212474313024053
0.89910328107242332 5.5 -0.030380773790327244 0.00077222573771033322 0.86949695710598807 -0.36122408627443592 0.0044947067991953377 0 0.43474847855299403 4.372695339928516e-05 0 0.00033286413734790442 0.57061302239467349
0.89703284333946653 5.5 -0.030097687898209515 0.00062093225744759963 0.87654836088210686 -0.35132818188533732 0.0044886223985203828 0 0.43827418044105343 3.8631256806946825e-05 0 0.00026938268444107546 0.56939652794571205
0.89535172751916403 5.5 -0.029789421663611967 0.00051953040798950246 0.89462796227249386 -0.32457963765387743 0.0044829173518832772 0 0.44731398113624693 5.2499803072541775e-05 0 0.00022638546135020973 0.56840435382257326
0.8939535284507758 5.5 -0.02938479987297242 0.00045246451777965636 0.92153867338444995 -0.28007370231313511 0.0044774868133137819 0 0.46076933669222497 7.021252785105945e-05 0 0.00019630295908622375 0.56757751146143831
0.89277606974434098 5.5 -0.028870690796752016 0.000406292755906645 0.95416387331950581 -0.21404701803698556 0.0044722198032466926 0 0.4770819366597529 9.0816509752876038e-05 0 0.00017124352110446737 0.56686324331353644
0.89182062648313942 5.5 -0.028224806223812966 0.00036743403850691937 0.98953589768422401 -0.10219661810076081 0.0044669412961499417 0 0.494767948842112 0.0001188588011387665 0 0.00013755674005033354 0.56625398530007098
0.89113677700504024 5.5 -0.027418539873801641 0.00034643223373117139 0.99062199235325421 0.096737274882723823 0.0044617591833422416 0 0.49531099617662711 0.00014724580117381599 0 8.8104391264088005e-05 0.56577711436826883
0.89070210615648038 5.5 -0.02648985752440472 0.00034074146845125525 0.94331007813491941 0.23805473126720586 0.0044572173358518059 0 0.4716550390674597 0.00015179843625517573 0 5.2779921413670573e-05 0.56540967152505595
0.89044619584671214 5.5 -0.025525379572637757 0.00032646445466259284 0.85012549462286491 0.38711067470010496 0.0044531910316762419 0 0.42506274731143245 0.00013650602218216913 0 2.4952552418196115e-05 0.56507724340454812
0.89035083841508378 5.5 -0.024794241989533932 0.00016635308204637983 0.75150642932382938 0.49847142875124162 0.0044503252540047406 0 0.37575321466191469 6.2480931709667302e-05 0 1.8293169612824747e-06 0.56482149188860853
0.89040674237629447 5.5 -0.024032817773731313 0.00034392542947578292 0.65383843415428977 0.58833815529357658 0.004447569163220479 0 0.32691921707714489 0.00011158874704528874 -0 -1.3775626346360232e-05 0.56462618275176157
0.89062834704382321 5.5 -0.023016903109668807 0.00035214798946607995 0.4911760516887429 0.71330512189765594 0.0044442531236810207 0 0.24558802584437145 8.2503363923876554e-05 -0 -2.593378547820287e-05 0.56438502415225011
0.89103199816754375 5.5 -0.021998637772758924 0.00037988721841155249 0.37888201663885079 0.78809787301649403 0.0044413858228251075 0 0.1894410083194254 6.4959592711109711e-05 -0 -3.0973985945644134e-05 0.56418812463397161
0.89162116110677681 5.5 -0.020963939900063341 0.00041581711266073574 0.25887604819062382 0.86087411957745963 0.0044386992587760483 0 0.12943802409531191 4.4901681853452514e-05 -0 -2.9676680495202673e-05 0.56400906840057463
0.89240961495805382 5.5 -0.01991475816111668 0.0004605729921770177 0.16789000078450955 0.91218984827709648 0.0044362051010027343 0 0.083945000392254776 2.959542614019003e-05 -0 -2.4878160223648498e-05 0.56385149607324114
0.89341390204746007 5.5 -0.018859814019942515 0.00051212071882504086 0.077680771405982729 0.96036428992958978 0.0044338721285133737 0 0.038840385702991365 1.3622828446623933e-05 -0 -1.4493760150483752e-05 0.56369825554963982
0.89467288969105663 5.5 -0.017814426432517058 0.00058064868070776589 0.01726504120137462 0.9913199880917849 0.0044317049009266491 0 0.0086325206006873101 2.9884604122327712e-06 -0 -4.0241616068630785e-06 0.56355699143789983
0.89622532258267862 5.5 -0.016774596972762266 0.00066630082088884636 -0.013042560270844605 1.0064904065827949 0.0044296419318978781 0 -0.0065212801354223027 -2.2631015908009946e-06 0 3.7092537443179047e-06 0.56344122382707806
0.89812120936205031 5.5 -0.015732561218473246 0.00077722220012858292 -0.048049095312501455 1.0237331149731839 0.0044277104470882862 0 -0.024024547656250728 -8.352306208561644e-06 0 1.6700237810357469e-05 0.56332776041242694
0.90046632168568408 5.5 -0.014687126326249316 0.00093590237000729017 -0.082853570398520482 1.0405930917107806 0.0044258199601203158 0 -0.041426785199260241 -1.4470352311292208e-05 0 3.5969882025620416e-05 0.56319755474424327
0.90339987559134372 5.5 -0.013649881960676133 0.0011399979603560566 -0.11831842810560644 1.0574965045815787 0.0044239013720442383 0 -0.059159214052803222 -2.0244094758618847e-05 0 6.4331305104416075e-05 0.56302626903431308
0.90706950859445867 5.5 -0.012653119698425315 0.0013966936017765579 -0.16116272214401417 1.0775635333742308 0.004421955003961699 0 -0.080581361072007085 -2.5972287884794286e-05 0 0.00010950969631819344 0.56277057895206517
0.91167145559502072 5.5 -0.011734281206095883 0.0017334415944441426 -0.22279464503123991 1.1057916212705328 0.0044198822525766688 0 -0.11139732251561996 -3.2332809659597398e-05 0 0.00019037460434851022 0.56234662141041758
0.91738238973173158 5.5 -0.010927914262336231 0.0021128463342183377 -0.32580174420313157 1.1514261718444805 0.0044175779219501905 0 -0.16290087210156579 -4.0290325676373987e-05 0 0.00034181817812692052 0.56160483511608184
0.92414211050463424 5.5 -0.010270309491161205 0.0024157287320443551 -0.48971507084599941 1.2205308596222479 0.0044149242095323799 0 -0.24485753542299971 -4.6785628498166502e-05 0 0.00058965621834076532 0.56030527932017393
0.93161588142430751 5.5 -0.0097923122200561027 0.0025775135194196657 -0.69982358043518067 1.303765360351661 0.0044119816731503243 0 -0.34991179021759033 -4.4645942284053841e-05 0 0.00090079666110120908 0.55824122325093861
0.93940808915355634 5.5 -0.0095272652880769686 0.0026209116680832012 -0.89264766937581164 1.3757282546666154 0.0044089327234461146 0 -0.44632383468790582 -2.1917161626218875e-05 0 0.0011695700057355325 0.55539464520288973
0.9473404368835725 5.5 -0.0095101252800572147 0.0026680462970265105 -0.99862928293462616 1.4137219923671913 0.0044058179677767279 0 -0.49931464146731308 1.8813821573639464e-05 0 0.0013320617251764151 0.55198301553746554
0.95540214931268386 5.5 -0.0097583556590727337 0.0027097105295752467 -1.0128618285543416 1.4187467866186139 0.0044027279837465811 0 -0.5064309142771708 6.4725734177919795e-05 0 0.0013707538870418397 0.5483101928854538
0.96358064453906467 5.5 -0.010271961851588941 0.0027540089904595196 -0.98983892290442466 1.4106096429725579 0.0043997792282499688 0 -0.49491946145221233 0.00010620798410789394 0 0.0013588684036132334 0.54456705041626918
0.9718635887596716 5.5 -0.01103588825027679 0.0027919231139796495 -0.97341811491933572 1.4047771287350965 0.0043969878455311657 0 -0.48670905745966786 0.00014342720483341895 0 0.001351263688806296 0.54076834696007836
0.98021029299967322 5.5 -0.012029902764640346 0.0028123214543441031 -0.97354602592832684 1.4048226631438281 0.0043944335026639431 0 -0.48677301296416342 0.00017912690831974263 0 0.0013571923305922119 0.53688039529618181
0.98857597936802444 5.5 -0.013244612976067034 0.0028237607471675373 -0.97920158713197503 1.4068341391420769 0.0043922746210084979 0 -0.48960079356598751 0.0002163145563655827 0 0.0013654878717082064 0.53287328173791881
0.99695658355037398 5.5 -0.014680880392702276 0.002845212163135118 -0.97956277279918313 1.4069625071554595 0.0043904735515445954 0 -0.48978138639959157 0.00025257701880164045 0 0.00137045108163481 0.52874659657392342
1.0053787090410431 5.5 -0.016336400484973784 0.0028773805610112012 -0.97070662034769462 1.4038117239349566 0.0043890876569027144 0 -0.48535331017384731 0.00028538128202467089 0 0.0013670767193211197 0.52450891765447349
1.0138636800766103 5.5 -0.018201331923037752 0.0029146063842017465 -0.95412940373711752 1.3978948985362807 0.0043882095846691244 0 -0.47706470186855876 0.00031262094960079519 0 0.0013548562821253292 0.52018031239767915
1.0224156650912091 5.5 -0.020258640484720439 0.0029496199595978206 -0.93317649793267599 1.3903802518654556 0.0043878417506055829 0 -0.46658824896633799 0.00033418827946435868 0 0.0013350671554800166 0.51578365737198517
1.0310147188869105 5.5 -0.022485303819031105 0.0029723502622508789 -0.91290846201473475 1.383072379667547 0.004388008145310764 0 -0.45645423100736737 0.00035065002358899115 0 0.0013106460305097203 0.51134461035584033
1.0396165107734936 5.5 -0.024858330024029797 0.0029765756377465196 -0.89484033155995357 1.3765249983812944 0.004388666236017193 0 -0.44742016577997679 0.0003641165012870441 0 0.0012810374894816547 0.50688171768952939
1.0481816235991612 5.5 -0.027367951583473236 0.0029737589321157821 -0.87553006472638284 1.3694928964188375 0.0043899185329611687 0 -0.43776503236319142 0.00037615735058506251 0 0.0012462780069876424 0.50240647499000302
1.0566977018865309 5.5 -0.030014985586839057 0.0029717630128707922 -0.85244541521724182 1.3610386213648367 0.0043916250462287827 0 -0.42622270760862091 0.0003859112629067637 0 0.001206412592803643 0.49793006105548232
1.0651641220281791 5.5 -0.032799822047019714 0.0029702121906526667 -0.82555173566167772 1.3511226551199265 0.0043939143548771828 0 -0.41277586783083886 0.00039260598789565262 0 0.0011614709613160196 0.49346385720185026
1.0735860692210983 5.5 -0.035724771484537954 0.0029735986014609557 -0.79389374247145517 1.3393559687371499 0.0043967578539156633 0 -0.39694687123572758 0.00039648255910957323 0 0.0011117791465655531 0.48901431199683998
1.0819694129362265 5.5 -0.038792317390392017 0.0029778965650821805 -0.75690765332664833 1.3254766283186288 0.0044001258763625168 0 -0.37845382666332417 0.00039593851168214319 0 0.0010551556609920975 0.48459340074146234
1.0903266394261999 5.5 -0.042004512312211958 0.0029911532472339034 -0.7145362017477912 1.3093955880774315 0.0044040516741376285 0 -0.3572681008738956 0.00039130252082732571 0 0.00099442524436944607 0.48021295529513341
1.0986729657925149 5.5 -0.045359785788310521 0.003006007965390039 -0.66899221131462472 1.2918872923875524 0.004408523810006588 0 -0.33449610565731236 0.00038185607637301357 0 0.0009301677700688253 0.47588740156741099
1.107001577561435 5.5 -0.048845285808694711 0.003013155851838846 -0.62333973538984688 1.2740958583955571 0.0044135030458081776 0 -0.31166986769492344 0.00036841892446808305 0 0.00086382571939509355 0.47163483708533421
1.1152897479104078 5.5 -0.052448349745367939 0.0030119683217127596 -0.57666620206827224 1.2556459194316711 0.0044189458998215043 0 -0.28833310103413612 0.00035175541490895863 0 0.00079402381553089687 0.46746717055170367
1.1235300753917126 5.5 -0.056169000916924623 0.0030157584147774857 -0.5265755007583317 1.2355387164512468 0.0044250320153795273 0 -0.26328775037916585 0.00033186687808743832 0 0.00072133198066912877 0.46339285975688571
1.131737723917432 5.5 -0.060011680139643572 0.0030261441612204872 -0.47342863620787656 1.2138405979298343 0.0044315939817188305 0 -0.23671431810393828 0.00030803965462182839 0 0.00064671678985103276 0.45942239213949609
1.139893751388847 5.5 -0.0639570961259327 0.0030140948378283268 -0.4216462247131727 1.1923198076623867 0.0044385773736795317 0 -0.21082311235658635 0.00028017618557430683 0 0.00057033883332098404 0.45558375342587992
1.1479285912756994 5.5 -0.067976388050580039 0.0029754373515136186 -0.36797859478533312 1.1695977197881471 0.0044461951936400372 0 -0.18398929739266656 0.00024848943535530721 0 0.00048780426456949028 0.45189763679583589
1.1558140478016039 5.5 -0.072081994509174685 0.0029516278753518562 -0.30371821674471589 1.1417961195126689 0.0044540106114600315 0 -0.15185910837235794 0.00021055361856114725 0 0.00039570029149274527 0.44837035706668532
1.1635754241288576 5.5 -0.076300421817994624 0.0029377310586127222 -0.22889456101560568 1.108546187315705 0.0044622419723410207 0 -0.11444728050780284 0.00016317647413693123 0 0.00029396290032237789 0.44503229791431614
1.1711876105086372 5.5 -0.080612945130083241 0.0028950924837761343 -0.14744131291179041 1.0711775408267361 0.0044708992581313518 0 -0.073720656455895206 0.00010683870463102705 0 0.00018476215228896707 0.44193656969527129
1.1785368433451788 5.5 -0.084963000034837144 0.0027986471718877848 -0.056666670376643857 1.0279331695006495 0.0044798902880172926 0 -0.028333335188321929 4.1105990820887739e-05 0 6.7808523616044185e-05 0.43914351725607464
1.1855154471700535 5.5 -0.089339896920040976 0.0026937487646731331 0.086704653891930605 0.95565432744000933 0.0044891595263240342 0 0.043352326945965303 -6.3603572080129654e-05 -0 -9.7939873143543075e-05 0.43670395113331589
1.1920227625777058 5.5 -0.093580333965716134 0.0024842654549840711 0.23823573349517657 0.87277948748084722 0.0044980815347248643 0 0.11911786674758829 -0.00016197961451838908 -0 -0.00024765195025358517 0.43493418313135379
1.1977452154959538 5.5 -0.097265977523383951 0.002053634565948757 0.44807208486871097 0.74290484823391534 0.0045057298889488191 0 0.22403604243435549 -0.00024582788275197292 -0 -0.00038890843104082053 0.43398839472658524
1.2012610470204288 5.5 -0.099485905624243254 0.00071838146985207265 0.61220856996759698 0.62271268468867902 0.0045102505718507564 0 0.30610428498379849 -0.00011714081940857331 -0 -0.00018610180766461399 0.43407695448070632
1.2001411442393453 5.833333333333333 -0.099784159789142651 0.0013669896906639209 -0.2336920619597378 -1.1106840403977323 0.0085454295097772762 0 -0.1168460309798689 -2.1481746324150521e-05 -0 -0.00015827618660941867 0.65358259795945683
1.1953279575719831 5.833333333333333 -0.098257623700580082 0.0020330838868118963 0.22357849039788169 -0.88110651439695298 0.0085334570585615197 0 0.11178924519894085 9.3214804656339436e-05 0 0.00020728192259835101 0.65423937842234103
1.1892223033436113 5.833333333333333 -0.095497186507080695 0.0024340393542550912 0.37881936135555794 -0.78810408147029709 0.0085202942614320907 0 0.18940968067777897 0.00019063086995398668 0 0.00041977267787523588 0.65440380207724635
1.1823891933399708 5.833333333333333 -0.092418695519260463 0.0025623583026815563 0.46381261628801751 -0.73219876800881978 0.0085057532499468545 0 0.23190630814400875 0.00024254616531764359 0 0.00054247317863126453 0.65410198457770108
1.1753131306913638 5.833333333333333 -0.089349139204410663 0.0025800660900553857 0.50806167211176911 -0.70133176046591628 0.0084905624083177565 0 0.25403083605588456 0.00025415553848937635 0 0.00060413206236347415 0.65339665252164547
1.1680700523587131 5.833333333333333 -0.086397942189822219 0.002634418280635565 0.5315568548304721 -0.68437659488968561 0.0084747588005241823 0 0.26577842741523605 0.00025700077100554778 0 0.00065129931676992717 0.65239599868807252
1.1605924331157629 5.833333333333333 -0.083509437373744555 0.0027097997010345071 0.54908209751612613 -0.67145093874782558 0.0084580930792733187 0 0.27454104875806307 0.00026320143159763894 0 0.0006958365264403912 0.6511841927935097
1.152955710810208 5.833333333333333 -0.08066549012810445 0.0027229937168740904 0.56647785766860359 -0.65836987740426212 0.0084407853955272925 0 0.2832389288343018 0.00026547099240859223 0 0.0007241296725299316 0.64980198785723375
1.1452797786568585 5.833333333333333 -0.07790795128804856 0.0027146029287864887 0.58089576905499207 -0.64732780012712732 0.0084231898697518879 0 0.29044788452749604 0.00026171982720905141 0 0.00074374538901525629 0.64826489643252461
1.1375921272453167 5.833333333333333 -0.075262283605134261 0.0027056352909291584 0.59230610547642903 -0.63845379115567635 0.0084054198297863845 0 0.29615305273821452 0.00025548767384416345 0 0.00075945976459109777 0.6465919914205378
1.1298826960670283 5.833333333333333 -0.072728545181008825 0.0027045760451131357 0.60134750037895013 -0.6313336289949083 0.0083874025281574019 0 0.30067375018947506 0.00024849813086694764 0 0.00077429634056749093 0.64479944725607474
1.1221431800150796 5.833333333333333 -0.070306809797670136 0.0027019391742814508 0.60792988304889106 -0.6260990926141331 0.0083691802984590755 0 0.30396494152444553 0.00023953023110723226 0 0.00078558919872568289 0.64289792002744917
1.1143356163922562 5.833333333333333 -0.06798883215614504 0.0027277987145001709 0.6115191417077176 -0.62322638474121606 0.0083505481662096773 0 0.3057595708538588 0.00023155146568101567 0 0.00080126416529482903 0.64089315884598652
1.1064328298226749 5.833333333333333 -0.065749653471867148 0.0027482005621217768 0.61590876604068656 -0.61969494184449925 0.0083314471525710657 0 0.30795438302034328 0.00022649633170518914 0 0.00081544935195814177 0.6388013828752952
1.0985053101077311 5.833333333333333 -0.063593222425092244 0.0027289316290409439 0.6208882135539544 -0.61566443517045899 0.0083120221538000652 0 0.3104441067769772 0.00021797338318475305 0 0.00081865915611729044 0.63663904987695352
1.0905694717976031 5.833333333333333 -0.061542983401923407 0.0027354856195284522 0.62247395906696901 -0.61437551878125596 0.0082923371430246376 0 0.3112369795334845 0.00020687671443747946 0 0.00082586755613986841 0.63440276615651092
1.0825658731837731 5.833333333333333 -0.059582212909666032 0.0027581076908285941 0.62457236858790255 -0.61266565327373268 0.0082721648174941612 0 0.31228618429395127 0.00020064024447450838 0 0.00083762389273864008 0.63210007801524148
1.0745004604945598 5.833333333333333 -0.057695950387690563 0.0027640029346593241 0.62592481498890873 -0.61156119613216853 0.0082515693345315902 0 0.31296240749445436 0.00019247813000658606 0 0.00084334296841386642 0.62973469708350571
1.0663980781478899 5.833333333333333 -0.055888505231073596 0.002770419169524886 0.62733646827720491 -0.61040624978649327 0.0082305494582242192 0 0.31366823413860245 0.00018504652623188212 0 0.00084906167537832425 0.62731818231845982
1.0582631930691395 5.833333333333333 -0.054158888168837231 0.0027741364997622931 0.62799457190441266 -0.60986723002841392 0.0082091310780707596 0 0.31399728595220633 0.00017682272731887658 0 0.00085293551231232947 0.62485359880479607
1.0500825690865543 5.833333333333333 -0.052503793634667811 0.0027901758346683082 0.62798374706983484 -0.60987639732077015 0.0081873635074620824 0 0.31399187353491742 0.00016963780970792594 0 0.00085951215718002138 0.62234324124638485
1.0418495611353349 5.833333333333333 -0.050914032954489576 0.0027999322516903636 0.62790257004268457 -0.60994324394036692 0.0081651165832181197 0 0.31395128502134229 0.00016312239099372628 0 0.00086377456587894926 0.61979226264810516
1.0335757726494328 5.833333333333333 -0.049384945336015312 0.0028093758310269589 0.62769785612298501 -0.61011133757434577 0.0081424591038371033 0 0.3138489280614925 0.00015686579814612825 0 0.00086765348049218458 0.61720670110534936
1.0252752419277655 5.833333333333333 -0.047916373475824128 0.0028102924667954329 0.62734003461847188 -0.61040481728296081 0.0081193854005945434 0 0.31367001730923594 0.00015032159765797912 0 0.000868592872038664 0.61459278483188728
1.0169413730658008 5.833333333333333 -0.046508437266520403 0.00282439354675224 0.62574939533773044 -0.61170667913127974 0.0080958858966174788 0 0.31287469766886522 0.00014373129109723889 0 0.00087191393803920413 0.61195090930359741
1.0085561203235738 5.833333333333333 -0.045148384382805481 0.0028388479918543034 0.62490091207309906 -0.61240014150518418 0.0080718406408529855 0 0.31245045603654953 0.00013976303014002063 0 0.00087591902692370595 0.60928669823110182
1.000149776333513 5.833333333333333 -0.043835722579796677 0.0028333259318477125 0.6231688326993845 -0.61381300696026653 0.0080473465820306081 0 0.31158441634969225 0.00013329433483922647 0 0.00087269933988736576 0.60660593068364621
0.99170759398017316 5.833333333333333 -0.042571149697502558 0.002857609812288114 0.6208634125568856 -0.61568841901218707 0.0080223523599975491 0 0.3104317062784428 0.00012890780076895835 0 0.00087767660296186162 0.6039104433056558
0.98321788755165329 5.833333333333333 -0.041342435434582797 0.0028611770793671031 0.6188502167230725 -0.6173215002998419 0.0079967833833172828 0 0.30942510836153625 0.0001249735550041211 0 0.00087645488316123656 0.60120373197384069
0.97468743302655958 5.833333333333333 -0.040143113484638039 0.0028817339090294286 0.61760153443538446 -0.61833238218093989 0.0079706154755822614 0 0.30880076721769223 0.00012217963535638337 0 0.0008814541811791633 0.59848556663263941
0.96613657717203894 5.833333333333333 -0.038970764877638779 0.0028721710785480224 0.61894186376910698 -0.6172479490124636 0.0079439077789291782 0 0.30947093188455349 0.00011942708559273061 0 0.00088079375846694642 0.59575553708442097
0.95756160882059271 5.833333333333333 -0.037827041945921375 0.0028951134568586351 0.62328947859609096 -0.61371642372620316 0.0079166061306870164 0 0.31164473929804548 0.00011735751622371736 0 0.00089458182585527 0.59298882028608069
0.94893771035138119 5.833333333333333 -0.036699066620359579 0.0029031224535627652 0.63592267331277075 -0.60333663737476195 0.007888516244789541 0 0.31796133665638537 0.00011936550800356993 0 0.00091533045752874526 0.59014973105924717
0.94032628027079168 5.833333333333333 -0.035584205216093547 0.0028857446149378511 0.65823298524144525 -0.58455558970346799 0.0078598540053578317 0 0.32911649262072262 0.00012105959752115871 0 0.00094199910626175797 0.58718799676219358
0.93180570687333841 5.833333333333333 -0.034494762961861297 0.002840882719408638 0.69051785315880809 -0.55625607989048131 0.0078307359849699807 0 0.34525892657940405 0.00012376247325042016 0 0.00097300061036258688 0.58405119130781469
0.92359351737429707 5.833333333333333 -0.033448328162723889 0.0026781786264093305 0.73027257436316695 -0.51929428813075762 0.0078017915636577418 0 0.36513628718158347 0.00012383977777890741 0 0.00097002706699843191 0.58075545205792989
0.91615670564815888 5.833333333333333 -0.032494996410547143 0.0023202667926768322 0.77200921772527886 -0.47742050355524784 0.0077746420994617774 0 0.38600460886263943 0.00011440948014651976 0 0.00088829620736299451 0.57747569954122235
0.90999189285213999 5.833333333333333 -0.031714178145712417 0.001822454363608694 0.80694791391018184 -0.43930855315321909 0.0077512074055248806 0 0.40347395695509092 9.0439265182855552e-05 0 0.00072972992345266593 0.57449839197315511
0.90526181101140102 5.833333333333333 -0.031134651517373609 0.0013545172740137765 0.8337336546116092 -0.40768438493635839 0.0077322485380326234 0 0.4168668273058046 6.761565501410045e-05 0 0.00056059030793035182 0.57203940975789236
0.90174820370798447 5.833333333333333 -0.030711497829804476 0.0010048136924392863 0.85282966399813598 -0.38355023236207253 0.0077172052495843649 0 0.42641483199906799 5.1128334327833629e-05 0 0.00042540599348697195 0.57011007106952105
0.89910328107242332 5.833333333333333 -0.030380773790327244 0.00077222573771033539 0.86854685871331405 -0.36248279246406623 0.0077049629550482524 0 0.43427342935665703 4.3679173004194005e-05 0 0.00033250041706195328 0.56860154844866484
0.89703284333946653 5.833333333333333 -0.030097687898209515 0.00062093225744760136 0.87551719867740252 -0.35273729000408327 0.0076945151356516209 0 0.43775859933870126 3.8585811405737736e-05 0 0.00026906578550521152 0.56738778080865049
0.89535172751916403 5.833333333333333 -0.029789421663611967 0.00051953040798950376 0.89355508519155402 -0.32616845301808861 0.0076847292881960863 0 0.44677754259577701 5.2436843006631038e-05 0 0.00022611396997817263 0.56639816075614413
0.8939535284507758 5.833333333333333 -0.02938479987297242 0.00045246451777965755 0.92051206640623395 -0.28183154793850618 0.0076754270468508759 0 0.46025603320311698 7.0134310112475361e-05 0 0.00019608427484272718 0.56557374811847072
0.89277606974434098 5.833333333333333 -0.028870690796752016 0.00040629275590664608 0.95328562344122958 -0.21599908142280433 0.0076663800633110582 0 0.47664281172061479 9.0732918672909634e-05 0 0.00017108590184663282 0.56486183891611963
0.89182062648313942 5.833333333333333 -0.028224806223812966 0.00036743403850692034 0.98905767301002068 -0.10432493691763228 0.0076573185327096852 0 0.49452883650501034 0.00011880135884527972 0 0.00013749026138356802 0.56425495227558087
0.89113677700504024 5.833333333333333 -0.027418539873801641 0.00034643223373117231 0.99098284968136363 0.094650155908764744 0.0076484184693920215 0 0.49549142484068182 0.00014729943891535359 0 8.8136485357972371e-05 0.56378040133083696
0.89070210615648038 5.833333333333333 -0.02648985752440472 0.00034074146845125612 0.94417075091678726 0.23615856986915171 0.0076406125781702874 0 0.47208537545839363 0.00015193693661199757 0 5.2828077627457478e-05 0.56341499185288013
0.89044619584671214 5.833333333333333 -0.025525379572637757 0.0003264644546625937 0.85146065656193326 0.38533241531507845 0.0076336849237186935 0 0.42573032828096663 0.00013672041128874737 0 2.4991741571423688e-05 0.56308437144573675
0.89035083841508378 5.833333333333333 -0.024794241989533932 0.00016635308204638027 0.75313424326326905 0.49679730125931154 0.0076287743573796368 0 0.37656712163163453 6.261626964906165e-05 0 1.8332793859977391e-06 0.56282991292561857
0.89040674237629447 5.833333333333333 -0.024032817773731313 0.00034392542947578379 0.65558759475737638 0.5868170737024162 0.0076241231598515105 0 0.32779379737868819 0.00011188727131349278 -0 -1.3812479155294729e-05 0.56263581909916549
0.89062834704382321 5.833333333333333 -0.023016903109668807 0.00035214798946608088 0.49300653084933321 0.71199398035602723 0.0076184701514044944 0 0.24650326542466661 8.2810831455777033e-05 -0 -2.6030433622406746e-05 0.56239614195383036
0.89103199816754375 5.833333333333333 -0.021998637772758924 0.00037988721841155347 0.38058688003142782 0.78699120408906509 0.0076134522403271745 0 0.19029344001571391 6.5251892759004326e-05 -0 -3.1113360242765467e-05 0.56220054751556214
0.89162116110677681 5.833333333333333 -0.020963939900063341 0.00041581711266073683 0.26044875841041681 0.85993799066832022 0.0076087972055461986 0 0.13022437920520841 4.5174466201137121e-05 -0 -2.9856970711429976e-05 0.56202269921052128
0.89240961495805382 5.833333333333333 -0.01991475816111668 0.00046057299217701895 0.16929008685340008 0.91140116576214525 0.0076044851240957903 0 0.08464504342670004 2.9842231451096881e-05 -0 -2.5085626811211836e-05 0.56186624212060099
0.89341390204746007 5.833333333333333 -0.018859814019942515 0.00051212071882504226 0.078914332012633759 0.95970198524316741 0.0076004939108926866 0 0.039457166006316879 1.3839157201073316e-05 -0 -1.4723919187788467e-05 0.56171405161545351
0.89467288969105663 5.833333333333333 -0.017814426432517058 0.0005806486807077674 0.018313967712885404 0.99077157901819946 0.0075967425188953113 0 0.009156983856442702 3.1700224090116713e-06 -0 -4.2686469658500383e-06 0.56157376358486522
0.89622532258267862 5.833333333333333 -0.016774596972762266 0.00066630082088884809 -0.012172533965333798 1.0060392026123175 0.0075932056804773398 0 -0.0060862669826668991 -2.1121375258358078e-06 0 3.4618216248294559e-06 0.56145891813512816
0.89812120936205031 5.833333333333333 -0.015732561218473246 0.00077722220012858508 -0.047328301339586654 1.0233624457667718 0.0075898573002252737 0 -0.023664150669793327 -8.2270116127755175e-06 0 1.6449714243125697e-05 0.56134632482881353
0.90046632168568408 5.833333333333333 -0.014687126326249316 0.00093590237000729267 -0.082249987775026678 1.0402847839999756 0.0075865639884523176 0 -0.041124993887513339 -1.4364936779180364e-05 0 3.5707843882238654e-05 0.56121697480686661
0.90339987559134372 5.833333333333333 -0.013649881960676133 0.0011399979603560597 -0.11781516177992435 1.0572405857714553 0.0075832432081780537 0 -0.058907580889962174 -2.015798669118551e-05 0 6.4057672500733107e-05 0.56104655435675577
0.90706950859445867 5.833333333333333 -0.012653119698425315 0.0013966936017765614 -0.16073273477122085 1.0773464068005876 0.007579876323781938 0 -0.080366367385610427 -2.5902992977855296e-05 0 0.00010921752089456704 0.56079173443555796
0.91167145559502072 5.833333333333333 -0.011734281206095883 0.0017334415944441472 -0.22240444932936243 1.1055980507355061 0.0075762483599470859 0 -0.11120222466468122 -3.227618296932389e-05 0 0.0001900411881106429 0.5603687280228109
0.91738238973173158 5.833333333333333 -0.010927914262336231 0.0021128463342183434 -0.3254280539727481 1.1512474605286647 0.0075722255017172174 0 -0.16271402698637405 -4.0244113213266957e-05 0 0.00034142611726166753 0.55962799359496829
0.92414211050463424 5.833333333333333 -0.010270309491161205 0.0024157287320443611 -0.48932407222466545 1.2203551952662226 0.0075676688223697058 0 -0.24466203611233273 -4.674827388661786e-05 0 0.00058918542464427319 0.55832962223497096
0.93161588142430751 5.833333333333333 -0.0097923122200561027 0.0025775135194196727 -0.69940076942569829 1.3035887298401811 0.0075625960728845703 0 -0.34970038471284914 -4.4618968634616945e-05 0 0.00090025242858852344 0.55626689219451408
0.93940808915355634 5.833333333333333 -0.0095272652880769686 0.0026209116680832082 -0.89219907102744922 1.3755515105313927 0.0075573078707372246 0 -0.44609953551372461 -2.1906147199313871e-05 0 0.0011689822406061715 0.55342168777708689
0.9473404368835725 5.833333333333333 -0.0095101252800572147 0.0026680462970265174 -0.99816996896913013 1.4135462275747193 0.0075519188561651365 0 -0.49908498448456506 1.8805168261403637e-05 0 0.0013314490508199463 0.55001146465793938
0.95540214931268386 5.833333333333333 -0.0097583556590727337 0.0027097105295752536 -1.0124229991621778 1.4185788836068365 0.0075465321147572054 0 -0.50621149958108891 6.4697691305944815e-05 0 0.0013701599984401616 0.54634004691015192
0.96358064453906467 5.833333333333333 -0.010271961851588941 0.002754008990459527 -0.98943562583789224 1.4104533858228188 0.0075413698251011255 0 -0.49471781291894612 0.00010616471103846657 0 0.0013583147502578277 0.54259822802821589
0.9718635887596716 5.833333333333333 -0.01103588825027679 0.0027919231139796564 -0.9730528505931193 1.4046337784935652 0.0075365050261652702 0 -0.48652642529655965 0.00014337338536927371 0 0.0013507566421289592 0.53880077990340414
0.98021029299967322 5.833333333333333 -0.012029902764640346 0.0028123214543441105 -0.97323073126007009 1.4046971197334863 0.0075321359864064588 0 -0.48661536563003505 0.00017906889590160326 0 0.0013567527874229783 0.53491396893413057
0.98857597936802444 5.833333333333333 -0.013244612976067034 0.0028237607471675447 -0.97894312940364459 1.4067289905396481 0.0075283848830538574 0 -0.48947156470182229 0.00021625746069746165 0 0.0013651274547133618 0.530907830257354
0.99695658355037398 5.833333333333333 -0.014680880392702276 0.0028452121631351258 -0.97936466345596207 1.4068788268045478 0.0075253003276510915 0 -0.48968233172798104 0.00025252593696319548 0 0.0013701739180152497 0.52678195212517309
1.0053787090410431 5.833333333333333 -0.016336400484973784 0.002877380561011209 -0.97057934559284376 1.4037530948428096 0.0075229191194451433 0 -0.48528967279642188 0.00028534386409432346 0 0.0013668974742735809 0.5225448941259121
1.0138636800766103 5.833333333333333 -0.018201331923037752 0.0029146063842017543 -0.95407725909038632 1.3978629001183409 0.0075214069912220077 0 -0.47703862954519316 0.00031260386438267584 0 0.0013547822371352859 0.51821667764505031
1.0224156650912091 5.833333333333333 -0.020258640484720439 0.0029496199595978284 -0.93320022223361798 1.3903753665716216 0.0075207888181217999 0 -0.46660011111680899 0.0003341967755884378 0 0.0013351010971138317 0.51382019050306171
1.0310147188869105 5.833333333333333 -0.022485303819031105 0.0029723502622508867 -0.91300544706281217 1.3830939520232592 0.007521099620031009 0 -0.45650272353140608 0.00035068727574603866 0 0.0013107852701745647 0.50938105949380763
1.0396165107734936 5.833333333333333 -0.024858330024029797 0.0029765756377465279 -0.89501011095314942 1.3765731097483473 0.0075222650122071045 0 -0.44750505547657471 0.00036418558565490478 0 0.0012812805426386906 0.50491786572528496
1.0481816235991612 5.833333333333333 -0.027367951583473236 0.0029737589321157903 -0.87577092125167666 1.3695671960404106 0.0075244123813194633 0 -0.43788546062583833 0.00037626083070079657 0 0.0012466208555115361 0.50044206536041147
1.0566977018865309 5.833333333333333 -0.030014985586839057 0.0029717630128708004 -0.85275936031159616 1.3611402198465221 0.0075274316840161573 0 -0.42637968015579808 0.00038605338924785695 0 0.0012068568996278918 0.49596488351976892
1.0651641220281791 5.833333333333333 -0.032799822047019714 0.0029702121906526745 -0.82594018596072005 1.3512525534781936 0.0075314460352253546 0 -0.41297009298036003 0.00039279072242750178 0 0.0011620174730884079 0.49149763617047265
1.0735860692210983 5.833333333333333 -0.035724771484537954 0.002973598601460964 -0.7943491096925781 1.3395119681869652 0.0075363636099168079 0 -0.39717455484628905 0.0003967099763966831 0 0.001112416848758419 0.48704681855324999
1.0819694129362265 5.833333333333333 -0.038792317390392017 0.0029778965650821888 -0.75742962370519695 1.3256593601387769 0.0075421867946669557 0 -0.37871481185259848 0.00039621155446869339 0 0.0010558833059001354 0.48262439600665036
1.0903266394261999 5.833333333333333 -0.042004512312211958 0.0029911532472339112 -0.71512250305469971 1.3096050992938522 0.0075489706741660237 0 -0.35756125152734985 0.00039162359788234017 0 0.00099524120417522274 0.47824219385481415
1.0986729657925149 5.833333333333333 -0.045359785788310521 0.0030060079653900472 -0.66963780729769717 1.2921225577294755 0.0075566596016649673 0 -0.33481890364884859 0.00038222457804590223 0 0.0009310654076881954 0.47391463523370564
1.107001577561435 5.833333333333333 -0.048845285808694711 0.0030131558518388538 -0.6240375291154161 1.2743548549036638 0.0075652428168455702 0 -0.31201876455770805 0.000368831348703664 0 0.00086479272363493016 0.46965983439366021
1.1152897479104078 5.833333333333333 -0.052448349745367939 0.0030119683217127674 -0.57742208973816234 1.2559318110154831 0.0075746826686717899 0 -0.28871104486908117 0.00035221649201039724 0 0.00079506461315282685 0.46548972498368613
1.1235300753917126 5.833333333333333 -0.056169000916924623 0.0030157584147774939 -0.52738603630425818 1.2358513269498954 0.0075851157170495967 0 -0.26369301815212909 0.00033237770683055044 0 0.00072244229668251136 0.46141268835805382
1.131737723917432 5.833333333333333 -0.060011680139643572 0.0030261441612204954 -0.47427852327684406 1.2141749536574409 0.0075963930779822742 0 -0.23713926163842203 0.00030859263958972071 0 0.00064787775941422176 0.45743928659177813
1.139893751388847 5.833333333333333 -0.0639570961259327 0.0030140948378283346 -0.42254780651468571 1.1926818177240219 0.0076084285636854945 0 -0.21127390325734285 0.0002807752701512013 0 0.00057155835595081137 0.45359752260193681
1.1479285912756994 5.833333333333333 -0.067976388050580039 0.0029754373515136268 -0.36892230830417572 1.1699847101046261 0.0076214451103297012 0 -0.18446115415208786 0.00024912670839987496 0 0.00048905528157305357 0.44990800163389655
1.1558140478016039 5.833333333333333 -0.072081994509174685 0.002951627875351864 -0.30468419434141691 1.1422022156023328 0.0076349862173358887 0 -0.15234209717070846 0.00021122328559862208 0 0.00039695881862584662 0.44637721056418495
1.1635754241288576 5.833333333333333 -0.076300421817994624 0.00293773105861273 -0.22988932689941932 1.1089773741990612 0.0076492100229174154 0 -0.11494466344970966 0.00016388563205135389 0 0.00029524045040067731 0.44303546638692715
1.1711876105086372 5.833333333333333 -0.080612945130083241 0.0028950924837761421 -0.14846192711516104 1.0716357534664507 0.0076641377566855975 0 -0.07423096355758052 0.00010757826057544152 0 0.00018604110778079952 0.43993584417860904
1.1785368433451788 5.833333333333333 -0.084963000034837144 0.0027986471718877927 -0.057706565796860065 1.0284199484115724 0.0076795511586960699 0 -0.028853282898430033 4.1860330740879151e-05 0 6.9052884237398446e-05 0.43713876908274107
1.1855154471700535 5.833333333333333 -0.089339896920040976 0.0026937487646731401 0.085694230852327302 0.95616240844377876 0.0076953119927042971 0 0.042847115426163651 -6.28623602564723e-05 -0 -9.6798519134525465e-05 0.43469506791975276
1.1920227625777058 5.833333333333333 -0.093580333965716134 0.0024842654549840776 0.23730961437082509 0.87328742780311652 0.0077106465482105263 0 0.11865480718541255 -0.00016134993392194952 -0 -0.00024668922646757817 0.4329213089028523
1.1977452154959538 5.833333333333333 -0.097265977523383951 0.0020536345659487622 0.44729974554247465 0.74339800730993333 0.0077238063897061343 0 0.22364987277123732 -0.00024540415061657304 -0 -0.00038823807177109439 0.43197209833038519
1.2012610470204288 5.833333333333333 -0.099485905624243254 0.00071838146985207449 0.61156933226418109 0.62319410336638026 0.0077315758544010743 0 0.30578466613209054 -0.00011701850679805435 -0 -0.00018590748942411782 0.43205863192633542
1.2001411442393453 6.1666666666666661 -0.099784159789142651 0.0013669896906639174 -0.23606523801616519 -1.1117146171729271 0.01248390885168864 0 -0.1180326190080826 -2.1699896506913214e-05 -0 -0.00015988350374811003 0.6501167778438518
1.1953279575719831 6.1666666666666661 -0.098257623700580082 0.002033083886811891 0.22192881275829357 -0.88199533656761986 0.012466495685530807 0 0.11096440637914678 9.2527017657480408e-05 0 0.00020575248945747544 0.65077840427388067
1.1892223033436113 6.1666666666666661 -0.095497186507080695 0.0024340393542550852 0.37749053050661074 -0.78889450040610654 0.012447358048553002 0 0.18874526525330537 0.000189962170815035 0 0.00041830019008604226 0.65094815340631418
1.1823891933399708 6.1666666666666661 -0.092418695519260463 0.0025623583026815498 0.46257005241641358 -0.73299081728427973 0.012426156304748071 0 0.23128502620820679 0.00024189637897799622 0 0.00054101988143879782 0.65065222330079053
1.1753131306913638 6.1666666666666661 -0.089349139204410663 0.0025800660900553787 0.5068442529430871 -0.7021409321893709 0.012403967153866035 0 0.25342212647154355 0.00025354653009262415 0 0.00060268443898720079 0.64995305199863174
1.1680700523587131 6.1666666666666661 -0.086397942189822219 0.0026344182806355581 0.53033718565844434 -0.68520765286110019 0.012380904738251807 0 0.26516859282922217 0.00025641107694980434 0 0.00064980489582283716 0.64895880967821662
1.1605924331157629 6.1666666666666661 -0.083509437373744555 0.0027097997010345001 0.54785739009535128 -0.67230195889117716 0.012356616678308884 0 0.27392869504767564 0.00026261437048620453 0 0.00069428448866419384 0.64775375849560068
1.152955710810208 6.1666666666666661 -0.08066549012810445 0.002722993716874083 0.56525570282679016 -0.65923609833848917 0.012331416003674475 0 0.28262785141339508 0.0002648982486475759 0 0.00072256738977976968 0.64637855801171662
1.1452797786568585 6.1666666666666661 -0.07790795128804856 0.0027146029287864817 0.57967618208482818 -0.64820705306772575 0.012305863172745611 0 0.28983809104241409 0.00026117034809747632 0 0.00074218390030440003 0.64484858622697661
1.1375921272453167 6.1666666666666661 -0.075262283605134261 0.0027056352909291511 0.5910862448670724 -0.63934572494946906 0.012280029387811852 0 0.2955431224335362 0.000254961494311963 0 0.00075789564927529842 0.64318288109621535
1.1298826960670283 6.1666666666666661 -0.072728545181008825 0.0027045760451131287 0.60012426570232313 -0.63223854540132951 0.012253815996980043 0 0.30006213285116157 0.00024799264688212642 0 0.00077272130095533344 0.64139762657513577
1.1221431800150796 6.1666666666666661 -0.070306809797670136 0.0027019391742814439 0.60669813284591567 -0.62701862937483277 0.012227247073253941 0 0.30334906642295784 0.00023904490965978879 0 0.00078399748612531875 0.63950349160478037
1.1143356163922562 6.1666666666666661 -0.06798883215614504 0.0027277987145001639 0.61027396677178347 -0.62416119017371885 0.012200078243327795 0 0.30513698338589174 0.00023107998071549192 0 0.00079963263164748908 0.63750628482322591
1.1064328298226749 6.1666666666666661 -0.065749653471867148 0.0027482005621217694 0.61465073229765155 -0.62064571603352292 0.012172217200829548 0 0.30732536614882577 0.00022603369820544067 0 0.00081378374358062936 0.63542224727031094
1.0985053101077311 6.1666666666666661 -0.063593222425092244 0.0027289316290409365 0.61961923925901241 -0.61663059217013139 0.012143868448755412 0 0.30980961962950621 0.00021752788814360856 0 0.00081698597662578957 0.63326779659818178
1.0905694717976031 6.1666666666666661 -0.061542983401923407 0.0027354856195284452 0.62118756116542662 -0.61535815648665881 0.012115200366237689 0 0.31059378058271331 0.00020644918527348106 0 0.00082416082724672077 0.6310394868460939
1.0825658731837731 6.1666666666666661 -0.059582212909666032 0.0027581076908285867 0.62326926776751868 -0.61366494523244075 0.012085827458096264 0 0.31163463388375934 0.00020022163090732768 0 0.00083587628359565156 0.62874497690019204
1.0745004604945598 6.1666666666666661 -0.057695950387690563 0.0027640029346593167 0.62460386021665038 -0.61257717553225888 0.012055861656044041 0 0.31230193010832519 0.00019207192322535723 0 0.00084156317331371844 0.62638792998614723
1.0663980781478899 6.1666666666666661 -0.055888505231073596 0.0027704191695248786 0.62599622106144737 -0.61144024404543629 0.012025260920661239 0 0.31299811053072368 0.00018465119118584331 0 0.00084724773245618129 0.62397993115923678
1.0582631930691395 6.1666666666666661 -0.054158888168837231 0.0027741364997622858 0.62663631958918897 -0.61091719706907233 0.011994112559054569 0 0.31331815979459449 0.00017644028790059148 0 0.00085109074854180361 0.62152401514063405
1.0500825690865543 6.1666666666666661 -0.052503793634667811 0.0027901758346683008 0.62660568748243328 -0.61094288920932294 0.011962384466803743 0 0.31330284374121664 0.00016926555324246027 0 0.00085762602720576922 0.61902248625489509
1.0418495611353349 6.1666666666666661 -0.050914032954489576 0.0027999322516903563 0.62650386063947128 -0.61102685346474828 0.011929949936931349 0 0.31325193031973564 0.0001627590212082796 0 0.00086185043040762821 0.61648052363111927
1.0335757726494328 6.1666666666666661 -0.049384945336015312 0.0028093758310269515 0.6262783141388566 -0.61121203395174384 0.011896865709744842 0 0.3131391570694283 0.00015651104532330055 0 0.00086569127760871014 0.61390415014229449
1.0252752419277655 6.1666666666666661 -0.047916373475824128 0.0028102924667954251 0.62589879441010232 -0.61152307334941125 0.011863235274927541 0 0.31294939720505116 0.00014997625140431134 0 0.00086659738170996505 0.61129958549028385
1.0169413730658008 6.1666666666666661 -0.046508437266520403 0.0028243935467522326 0.62428240930611911 -0.61284391684143824 0.011828959562244766 0 0.31214120465305956 0.00014339433224771169 0 0.00086986985205621758 0.60866723647330589
1.0085561203235738 6.1666666666666661 -0.045148384382805481 0.002838847991854296 0.62340812454150907 -0.61355747903365088 0.01179387045723017 0 0.31170406227075453 0.00013942915879379658 0 0.0008738265975852086 0.60601277229303951
1.000149776333513 6.1666666666666661 -0.043835722579796677 0.0028333259318477052 0.62164918923113754 -0.61498988361086004 0.011758138677663666 0 0.31082459461556877 0.0001329692867067396 0 0.00087057119774992928 0.60334193638511779
0.99170759398017316 6.1666666666666661 -0.042571149697502558 0.0028576098122881062 0.61931412032023714 -0.61688611761304646 0.011721671214697627 0 0.30965706016011857 0.00012858612638625875 0 0.00087548646335988646 0.60065657727855759
0.98321788755165329 6.1666666666666661 -0.041342435434582797 0.0028611770793670957 0.61726948260277092 -0.61854182822771397 0.011684354066279256 0 0.30863474130138546 0.00012465433404048202 0 0.00087421614735525195 0.59796023666352727
0.97468743302655958 6.1666666666666661 -0.040143113484638039 0.0028817339090294208 0.61599001391715602 -0.61957594642781633 0.011646144895184497 0 0.30799500695857801 0.00012186082949482301 0 0.00087915418446664134 0.59525268193152225
0.96613657717203894 6.1666666666666661 -0.038970764877638779 0.0028721710785480151 0.61730398718642521 -0.61851538957208574 0.011607139012941848 0 0.3086519935932126 0.00011911105134415144 0 0.00087846295559899749 0.59253348767652125
0.95756160882059271 6.1666666666666661 -0.037827041945921375 0.0028951134568586273 0.62162798236547245 -0.61501074388080879 0.011567305031933971 0 0.31081399118273623 0.00011704467752270181 0 0.00089219714845787876 0.58977783966463648
0.94893771035138119 6.1666666666666661 -0.036699066620359579 0.0029031224535627574 0.63425311397873196 -0.60466025985427474 0.011526325269959491 0 0.31712655698936598 0.00011905212430707162 0 0.0009129273375060896 0.58695013723455214
0.94032628027079168 6.1666666666666661 -0.035584205216093547 0.0028857446149378437 0.65657572695123778 -0.5859115795704104 0.011484510179752926 0 0.32828786347561889 0.00012075480115558652 0 0.00093962739918656603 0.58400002115547189
0.93180570687333841 6.1666666666666661 -0.034494762961861297 0.0028408827194086302 0.68889269221097038 -0.5576525692294958 0.011442019960307016 0 0.34444634610548519 0.00012347119339803904 0 0.00097071061512647282 0.58087501647451989
0.92359351737429707 6.1666666666666661 -0.033448328162723889 0.0026781786264093235 0.72870115489481879 -0.52073879303529802 0.011399760230912648 0 0.3643505774474094 0.00012357329613275271 0 0.00096793973759374066 0.57759101929637235
0.91615670564815888 6.1666666666666661 -0.032494996410547143 0.0023202667926768262 0.77050410167454919 -0.47892258912361829 0.011360103546215071 0 0.3852520508372746 0.00011418642640445202 0 0.00088656437716095942 0.57432227469133756
0.90999189285213999 6.1666666666666661 -0.031714178145712417 0.001822454363608689 0.80549157366705382 -0.44088564374419048 0.011325876267070146 0 0.40274578683352691 9.0276044807445339e-05 0 0.00072841294247307485 0.5713544758093394
0.90526181101140102 6.1666666666666661 -0.031134651517373609 0.001354517274013773 0.83229629510611958 -0.40936054569312086 0.011298164616906069 0 0.41614814755305979 6.7499085407107858e-05 0 0.00055962384843416459 0.56890318054983757
0.90174820370798447 6.1666666666666661 -0.030711497829804476 0.0010048136924392834 0.85137624175944526 -0.38535257271893053 0.011276211219026154 0 0.42568812087972263 5.1041199626407982e-05 0 0.00042468100166561729 0.56697993963051763
0.89910328107242332 6.1666666666666661 -0.030380773790327244 0.00077222573771033333 0.86705818645256938 -0.3644380105454097 0.011258331010166812 0 0.43352909322628469 4.3604307759364215e-05 0 0.00033193051787620267 0.56547638042464132
0.89703284333946653 6.1666666666666661 -0.030097687898209515 0.00062093225744759973 0.87390005968505124 -0.35492750511646387 0.011243061271349929 0 0.43695002984252562 3.8514540823880428e-05 0 0.00026856880295146384 0.56426685118861097
0.89535172751916403 6.1666666666666661 -0.029789421663611967 0.00051953040798950235 0.89187216491932375 -0.32863619652865528 0.01122877606221483 0 0.44593608245966188 5.2338083537214749e-05 0 0.00022568810727511418 0.56328120096377587
0.8939535284507758 6.1666666666666661 -0.02938479987297242 0.00045246451777965636 0.91889717163762552 -0.28456466373467371 0.011215191302270045 0 0.45944858581881276 7.0011270410298568e-05 0 0.00019574027558274287 0.56246056009687107
0.89277606974434098 6.1666666666666661 -0.028870690796752016 0.00040629275590664505 0.95190127692969384 -0.21902794177533003 0.011201954828010719 0 0.47595063846484692 9.0601157743805196e-05 0 0.00017083745356883361 0.56175232327132907
0.89182062648313942 6.1666666666666661 -0.028224806223812966 0.00036743403850691937 0.98829060792677537 -0.10762994180753871 0.011188730925823108 0 0.49414530396338768 0.00011870922228267131 0 0.00013738363061604865 0.56114910627826453
0.89113677700504024 6.1666666666666661 -0.027418539873801641 0.00034643223373117139 0.99152156719431006 0.091397683837640631 0.011175696613840703 0 0.49576078359715503 0.00014737951374956088 0 8.8184398062220401e-05 0.56067816872200749
0.89070210615648038 6.1666666666666661 -0.02648985752440472 0.0003407414684512552 0.9454903204790861 0.23320600203769834 0.01116423461357512 0 0.47274516023954305 0.00015214928311473242 0 5.2901909954082849e-05 0.56031592980627576
0.89044619584671214 6.1666666666666661 -0.025525379572637757 0.00032646445466259284 0.85349997741908035 0.38259065250320501 0.011154156090509671 0 0.42674998870954017 0.00013704786832882291 0 2.5051598922964478e-05 0.559988120122069
0.89035083841508378 6.1666666666666661 -0.024794241989533932 0.00016635308204637983 0.75562486793601702 0.49421743724765987 0.011147052719817184 0 0.37781243396800851 6.2823342461775007e-05 0 1.8393420646126674e-06 0.55973564231702211
0.89040674237629447 6.1666666666666661 -0.024032817773731313 0.00034392542947578287 0.65828035817849528 0.584461749531209 0.011140249387829248 0 0.32914017908924764 0.00011234683759249337 -0 -1.3869212594001855e-05 0.55954343397852724
0.89062834704382321 6.1666666666666661 -0.023016903109668807 0.00035214798946607995 0.49583505124384974 0.70995846854298628 0.011132012407815183 0 0.24791752562192487 8.3285941035473476e-05 -0 -2.6179777713756226e-05 0.55930604405131379
0.89103199816754375 6.1666666666666661 -0.021998637772758924 0.00037988721841155244 0.38324561321766304 0.78525831979018745 0.011124656517331289 0 0.19162280660883152 6.5707734465183563e-05 -0 -3.1330714354935258e-05 0.55911248980708683
0.89162116110677681 6.1666666666666661 -0.020963939900063341 0.00041581711266073574 0.26291318345023962 0.85846561431578472 0.011117804962434851 0 0.13145659172511981 4.560191721432739e-05 -0 -3.0139484118994527e-05 0.5589365369302105
0.89240961495805382 6.1666666666666661 -0.01991475816111668 0.00046057299217701776 0.17146385977166112 0.91017178363297102 0.011111458352308078 0 0.08573192988583056 3.0225421251247636e-05 -0 -2.5407739329513192e-05 0.55878183932384395
0.89341390204746007 6.1666666666666661 -0.018859814019942515 0.00051212071882504086 0.080813038502641321 0.9586780625041682 0.011105582857859441 0 0.040406519251320661 1.4172132174360843e-05 -0 -1.5078181844611335e-05 0.55863125960904469
0.89467288969105663 6.1666666666666661 -0.017814426432517058 0.00058064868070776578 0.019942968776509362 0.98991606677845467 0.011100088169233678 0 0.0099714843882546811 3.4519913387896971e-06 -0 -4.6483369683999608e-06 0.55849249642530296
0.89622532258267862 6.1666666666666661 -0.016774596972762266 0.00066630082088884636 -0.010821794491197023 1.0053351168668756 0.011094921606872908 0 -0.0054108972455985116 -1.8777617139401921e-06 0 3.0776765376689351e-06 0.55837908670675984
0.89812120936205031 6.1666666666666661 -0.015732561218473246 0.00077722220012858302 -0.046206207254935849 1.022782097678423 0.011089992040612718 0 -0.023103103627467925 -8.0319595867411827e-06 0 1.6059712351573115e-05 0.55826785554561009
0.90046632168568408 6.1666666666666661 -0.014687126326249316 0.00093590237000729017 -0.081312981457848377 1.0398029145591314 0.011085140151750871 0 -0.040656490728924188 -1.4201288894577895e-05 0 3.5301053848640119e-05 0.55813984541860839
0.90339987559134372 6.1666666666666661 -0.013649881960676133 0.0011399979603560566 -0.11703262186538188 1.056839557377113 0.011080244958027331 0 -0.05851631093269094 -2.0024095357130043e-05 0 6.363219512747134e-05 0.55797077356219438
0.90706950859445867 6.1666666666666661 -0.012653119698425315 0.0013966936017765577 -0.16006624970812422 1.0770067728172261 0.011075243290704018 0 -0.08003312485406211 -2.5795585125100091e-05 0 0.00010876464583829225 0.55771732806954388
0.91167145559502072 6.1666666666666661 -0.011734281206095883 0.0017334415944441428 -0.2218080587118989 1.1052988354054558 0.011069921555359286 0 -0.11090402935594945 -3.2189632485516116e-05 0 0.00018953158148243617 0.55729578917045286
0.91738238973173158 6.1666666666666661 -0.010927914262336231 0.0021128463342183377 -0.32485276374295147 1.1509693095994662 0.01106400031993947 0 -0.16242638187147573 -4.0172969853449566e-05 0 0.00034082254572854217 0.55655668478160369
0.92414211050463424 6.1666666666666661 -0.010270309491161205 0.0024157287320443546 -0.48872121973209603 1.2200815370166689 0.011057249347781007 0 -0.24436060986604802 -4.6690679512999988e-05 0 0.00058845954189704129 0.55526016677192747
0.93161588142430751 6.1666666666666661 -0.0097923122200561027 0.0025775135194196657 -0.69874816174323229 1.3033134941752349 0.011049780268046972 0 -0.34937408087161614 -4.4577334877567107e-05 0 0.00089941240713481581 0.55319949253568224
0.93940808915355634 6.1666666666666661 -0.0095272652880769686 0.0026209116680832012 -0.89150521527425819 1.3752757142810916 0.011041964630053181 0 -0.44575260763712909 -2.1889110971908881e-05 0 0.001168073132897629 0.55035643995573158
0.9473404368835725 6.1666666666666661 -0.0095101252800572147 0.00266804629702651 -0.99746198229217597 1.4132728797711003 0.011034019923721038 0 -0.49873099114608799 1.8791830043463904e-05 0 0.0013305046743927523 0.54694840296668878
0.95540214931268386 6.1666666666666661 -0.0097583556590727337 0.0027097105295752462 -1.0117363903640229 1.418314075115866 0.011026091431174711 0 -0.50586819518201143 6.4653814384827931e-05 0 0.0013692307782322136 0.54327917147561566
0.96358064453906467 6.1666666666666661 -0.010271961851588941 0.0027540089904595196 -0.98879840411133357 1.4102045948339776 0.011018385565526133 0 -0.49439920205566679 0.00010609633826240999 0 0.0013574399609862771 0.53953947053286844
0.9718635887596716 6.1666666666666661 -0.01103588825027679 0.002791923113979649 -0.97248534986712198 1.4044088094148397 0.011011171832031251 0 -0.48624267493356099 0.00014328976760870035 0 0.0013499688582232956 0.53574401027596819
0.98021029299967322 6.1666666666666661 -0.012029902764640346 0.0028123214543441036 -0.97274534544394586 1.4045014213127498 0.011004679659645732 0 -0.48637267272197293 0.00017897958768373846 0 0.0013560761251086341 0.53185897130524418
0.98857597936802444 6.1666666666666661 -0.013244612976067034 0.0028237607471675377 -0.97854671153910644 1.4065652245140101 0.010999123917779173 0 -0.48927335576955322 0.00021616988837769589 0 0.0013645746535401694 0.52785435848254958
0.99695658355037398 6.1666666666666661 -0.014680880392702276 0.0028452121631351184 -0.97906356136335693 1.4067489752800879 0.01099463104335434 0 -0.48953178068167846 0.00025244829878520671 0 0.0013697526630431795 0.5237297296888227
1.0053787090410431 6.1666666666666661 -0.016336400484973784 0.0028773805610112016 -0.97038507157400811 1.4036610222258357 0.010991190014286324 0 -0.48519253578700405 0.00028528674882654021 0 0.0013666238720514928 0.51949363824151007
1.0138636800766103 6.1666666666666661 -0.018201331923037752 0.0029146063842017469 -0.95400260612010457 1.3978132382509949 0.010988953106272337 0 -0.47700130306005228 0.00031257940430171689 0 0.0013546762305020426 0.51516604107019781
1.0224156650912091 6.1666666666666661 -0.020258640484720439 0.0029496199595978202 -0.93324479404885397 1.3903683166143439 0.010988093731375759 0 -0.46662239702442698 0.00033421273760449627 0 0.0013351648646505302 0.51076979815990398
1.0310147188869105 6.1666666666666661 -0.022485303819031105 0.0029723502622508789 -0.91316244350678377 1.383127505046607 0.010988552695058483 0 -0.45658122175339189 0.00035074757840405072 0 0.0013110106671060801 0.50633054394248633
1.0396165107734936 6.1666666666666661 -0.024858330024029797 0.0029765756377465192 -0.89528250537836795 1.3766487272916184 0.010990315042587394 0 -0.44764125268918398 0.00036429642476394088 0 0.0012816704976488977 0.50186687434805799
1.0481816235991612 6.1666666666666661 -0.027367951583473236 0.0029737589321157821 -0.87616049420230535 1.3696859627946185 0.010993521987260712 0 -0.43808024710115268 0.00037642820442657831 0 0.001247175395235577 0.49739020006912338
1.0566977018865309 6.1666666666666661 -0.030014985586839057 0.0029717630128707918 -0.85326306806391949 1.3613016235751583 0.010998077811949546 0 -0.42663153403195975 0.0003862814231974378 0 0.0012075697656538506 0.49291177326613822
1.0651641220281791 6.1666666666666661 -0.032799822047019714 0.0029702121906526667 -0.82655615734157539 1.3514566470167328 0.011004025439146957 0 -0.4132780786707877 0.00039308365870520395 0 0.0011628840848838386 0.4884428931783667
1.0735860692210983 6.1666666666666661 -0.035724771484537954 0.0029735986014609557 -0.79507072793728506 1.3397572461117575 0.011011331814301683 0 -0.39753536396864253 0.00039707036347754105 0 0.0011134274123556914 0.48399006959022878
1.0819694129362265 6.1666666666666661 -0.038792317390392017 0.0029778965650821805 -0.75825577460520566 1.3259465807027486 0.011019969505177656 0 -0.37912788730260283 0.0003966437141335294 0 0.0010570349890614093 0.47956527621168438
1.0903266394261999 6.1666666666666661 -0.042004512312211958 0.0029911532472339029 -0.71604611287000286 1.3099329951091367 0.011030013345834743 0 -0.35802305643500143 0.00039212939569650856 0 0.00099652659869272405 0.47518030817902274
1.0986729657925149 6.1666666666666661 -0.045359785788310521 0.0030060079653900385 -0.67064983807542355 1.2924890433813947 0.011041323039867035 0 -0.33532491903771178 0.00038280223813732714 0 0.00093247253679349111 0.47084962849963435
1.107001577561435 6.1666666666666661 -0.048845285808694711 0.0030131558518388456 -0.62513756654137365 1.2747609096182115 0.011053951814785263 0 -0.31256878327068682 0.00036948151518966828 0 0.00086631715817180987 0.46659134187410384
1.1152897479104078 6.1666666666666661 -0.052448349745367939 0.0030119683217127591 -0.57861000653808414 1.256378727644299 0.01106793842486355 0 -0.28930500326904207 0.00035294109866383834 0 0.00079670028076543001 0.46241738210592248
1.1235300753917126 6.1666666666666661 -0.056169000916924623 0.0030157584147774853 -0.52865477229602309 1.2363381149138732 0.011083226390972522 0 -0.26432738614801154 0.00033317731002533888 0 0.00072418028077893618 0.45833611594551932
1.131737723917432 6.1666666666666661 -0.060011680139643572 0.0030261441612204872 -0.47561490211230972 1.2146981914831338 0.011099807201643318 0 -0.23780745105615486 0.00030946216382935632 0 0.00064970329036946562 0.45435813008750792
1.139893751388847 6.1666666666666661 -0.0639570961259327 0.0030140948378283268 -0.42395895690704077 1.1932457239402803 0.011117517945892153 0 -0.21197947845352039 0.00028171295371393301 0 0.00057346714540804685 0.45051146771675626
1.1479285912756994 6.1666666666666661 -0.067976388050580039 0.0029754373515136186 -0.37040149131195066 1.1705885135144916 0.011136576668058857 0 -0.18520074565597533 0.00025012557451762653 0 0.0004910161341593073 0.44681667338894943
1.1558140478016039 6.1666666666666661 -0.072081994509174685 0.0029516278753518562 -0.30620922460636657 1.1428406518892886 0.011156567376769334 0 -0.15310461230318329 0.00021228051767426719 0 0.00039894570939204239 0.44328036625512807
1.1635754241288576 6.1666666666666661 -0.076300421817994624 0.0029377310586127222 -0.23145208642515613 1.1096518145219785 0.011177519994915079 0 -0.11572604321257807 0.00016499970653264376 0 0.00029724745887066238 0.43993282456570454
1.1711876105086372 6.1666666666666661 -0.080612945130083241 0.0028950924837761343 -0.15005628093275414 1.0723482899482102 0.011199373996054657 0 -0.075028140466377069 0.00010873355886485003 0 0.00018803902978129603 0.43682714452414756
1.1785368433451788 6.1666666666666661 -0.084963000034837144 0.0027986471718877853 -0.0593233781531326 1.029173186285836 0.011221888584038374 0 -0.0296616890765663 4.3033166085435118e-05 0 7.098759573737385e-05 0.4340238164836106
1.1855154471700535 6.1666666666666661 -0.089339896920040976 0.0026937487646731331 0.08411873650955215 0.95695079151029283 0.011244826289096722 0 0.042059368254776075 -6.170663142884272e-05 -0 -9.5018871686049233e-05 0.4315737431381797
1.1920227625777058 6.1666666666666661 -0.093580333965716134 0.0024842654549840706 0.23585518481264678 0.874081154866578 0.011267204376531326 0 0.11792759240632339 -0.00016036104809982011 -0 -0.00024517731089007401 0.42979375209921344
1.1977452154959538 6.1666666666666661 -0.097265977523383951 0.002053634565948757 0.44608818405892658 0.74416693755743646 0.011286495800729006 0 0.22304409202946329 -0.00024473944597555082 -0 -0.00038718648544918668 0.42883919046678115
1.2012610470204288 6.1666666666666661 -0.099485905624243254 0.00071838146985207275 0.61056874825694363 0.62394199265054284 0.011297856005733119 0 0.30528437412847181 -0.00011682705369490475 -0 -0.00018560332757209193 0.42892257057777228
1.2001411442393453 6.5 -0.099784159789142651 0.0013669896906639172 -0.23939830892783287 -1.1131527818381182 0.017005681812024328 0 -0.11969915446391644 -2.2006283395729253e-05 -0 -0.00016214094351381511 0.64525999205833107
1.1953279575719831 6.5 -0.098257623700580082 0.002033083886811891 0.21960613724879052 -0.88323579735770164 0.016982020407314277 0 0.10980306862439526 9.1558643000718527e-05 0 0.00020359911305563506 0.64592838129865382
1.1892223033436113 6.5 -0.095497186507080695 0.0024340393542550852 0.37561313172930721 -0.78999959582466528 0.016956027469848034 0 0.18780656586465361 0.00018901741930896823 0 0.00041621982991287595 0.64610556337821101
1.1823891933399708 6.5 -0.092418695519260463 0.0025623583026815494 0.4608099961494927 -0.73410045229377929 0.016927190923951226 0 0.23040499807474635 0.00024097597516987756 0 0.00053896132743626161 0.64581788037453569
1.1753131306913638 6.5 -0.089349139204410663 0.0025800660900553787 0.50512098521851223 -0.70327342130990922 0.016897031116225647 0 0.25256049260925612 0.00025268447325869648 0 0.00060063531514732422 0.64512734108573477
1.1680700523587131 6.5 -0.086397942189822219 0.0026344182806355581 0.52861297078097103 -0.68636912584317189 0.016865713987526339 0 0.26430648539048551 0.00025557744165968809 0 0.00064769227144134732 0.64414206219590464
1.1605924331157629 6.5 -0.083509437373744555 0.0027097997010344997 0.54612578734321127 -0.67349155245503134 0.016832748691183504 0 0.27306289367160563 0.00026178433008717606 0 0.00069209007648125354 0.64294644834130377
1.152955710810208 6.5 -0.08066549012810445 0.0027229937168740835 0.56353021337521503 -0.6604449981611088 0.016798542459332818 0 0.28176510668760751 0.00026408962499018283 0 0.0007203616934853633 0.64158104385478409
1.1452797786568585 6.5 -0.07790795128804856 0.0027146029287864817 0.57795794864541772 -0.64943130683901784 0.016763921138795709 0 0.28897897432270886 0.00026039620618971394 0 0.00073998397345712355 0.64006098765069419
1.1375921272453167 6.5 -0.075262283605134261 0.0027056352909291515 0.58936496382367332 -0.64058971259477215 0.016728905943722779 0 0.29468248191183666 0.00025421903009330309 0 0.00075568860855103749 0.63840530516199656
1.1298826960670283 6.5 -0.072728545181008825 0.0027045760451131287 0.59839597907796249 -0.63350244768706343 0.016693402784839991 0 0.29919798953898125 0.00024727845750662338 0 0.00077049595536422214 0.63663023659142137
1.1221431800150796 6.5 -0.070306809797670136 0.0027019391742814439 0.6049577496105748 -0.62830309801764295 0.016657353056755472 0 0.3024788748052874 0.00023835918189709737 0 0.0007817484993433725 0.6347464219786132
1.1143356163922562 6.5 -0.06798883215614504 0.0027277987145001635 0.60851239222298137 -0.6254689182894666 0.016620470234719794 0 0.30425619611149068 0.00023041296125385667 0 0.00079732446749663534 0.63275977335043465
1.1064328298226749 6.5 -0.065749653471867148 0.0027482005621217698 0.61287113285189465 -0.62197579043021523 0.016582619419571783 0 0.30643556642594733 0.00022537926240489246 0 0.00081142759394483806 0.63068657140807549
1.0985053101077311 6.5 -0.063593222425092244 0.0027289316290409369 0.61782634666567415 -0.61798053706396716 0.016544157411501999 0 0.30891317333283708 0.00021689846265972014 0 0.00081462199562980697 0.62854313757778324
1.0905694717976031 6.5 -0.061542983401923407 0.0027354856195284448 0.61937227061367772 -0.61672952407033699 0.016505257535036674 0 0.30968613530683886 0.00020584588076632044 0 0.00082175238983368609 0.62632596591235246
1.0825658731837731 6.5 -0.059582212909666032 0.0027581076908285863 0.62143045439447431 -0.61505970045127145 0.01646543307410819 0 0.31071522719723715 0.00019963092279524008 0 0.00083341022186603697 0.62404285970984397
1.0745004604945598 6.5 -0.057695950387690563 0.0027640029346593167 0.62273938702661014 -0.61399579785959113 0.016424773488666663 0 0.31136969351330507 0.00019149857910403061 0 0.00083905106592164385 0.62169745597947634
1.0663980781478899 6.5 -0.055888505231073596 0.002770419169524879 0.62410555982955573 -0.61288337238767632 0.016383284809618866 0 0.31205277991477787 0.00018409349956271224 0 0.00084468883770942571 0.61930134170468565
1.0582631930691395 6.5 -0.054158888168837231 0.0027741364997622862 0.62472032538100841 -0.61238276003146308 0.016341047556356125 0 0.31236016269050421 0.000175900806611143 0 0.0008484884656962911 0.61685752376542635
1.0500825690865543 6.5 -0.052503793634667811 0.0027901758346683004 0.6246603676785154 -0.61243285968241157 0.016297996892509322 0 0.3123301838392577 0.00016874006226875614 0 0.00085496349648125252 0.61436831826851568
1.0418495611353349 6.5 -0.050914032954489576 0.0027999322516903558 0.62452654149555831 -0.61254327783200135 0.016253962202163071 0 0.31226327074777915 0.00016224533478318527 0 0.00085913033008215643 0.61183896269015092
1.0335757726494328 6.5 -0.049384945336015312 0.0028093758310269511 0.62427238052217771 -0.61275189703725086 0.016209014623740189 0 0.31213619026108885 0.00015600974939765884 0 0.00086291851796460714 0.6092754572988528
1.0252752419277655 6.5 -0.047916373475824128 0.0028102924667954251 0.62386374931223676 -0.61308645301663511 0.01616328602866712 0 0.31193187465611838 0.00014948861915778459 0 0.00086377973008765424 0.60668396131526892
1.0169413730658008 6.5 -0.046508437266520403 0.0028243935467522326 0.62220953720006755 -0.61443528108919754 0.016116704153491476 0 0.31110476860003378 0.00014291820460571623 0 0.00086698152951926401 0.60406493626210089
1.0085561203235738 6.5 -0.045148384382805481 0.002838847991854296 0.62129917299740689 -0.61517689703982348 0.016068987243992802 0 0.31064958649870344 0.00013895747848012197 0 0.00087087049566784871 0.6014241179262817
1.000149776333513 6.5 -0.043835722579796677 0.0028333259318477052 0.61950232322392962 -0.61663686442502119 0.016020430960132448 0 0.30975116161196481 0.00013251007716126193 0 0.00086756467937319781 0.59876717156520376
0.99170759398017316 6.5 -0.042571149697502558 0.0028576098122881067 0.61712543707210743 -0.6185624424945253 0.015970837895978637 0 0.30856271853605372 0.00012813169737918565 0 0.00087239245582243648 0.59609599582919071
0.98321788755165329 6.5 -0.041342435434582797 0.0028611770793670953 0.61503644783844991 -0.62025003242206722 0.015920095539118159 0 0.30751822391922495 0.00012420338438351536 0 0.00087105358205177418 0.59341416259632118
0.97468743302655958 6.5 -0.040143113484638039 0.0028817339090294208 0.6137129949034873 -0.62131731630202824 0.015868130317025105 0 0.30685649745174365 0.00012141036857904187 0 0.00087590437400097 0.59072147003584974
0.96613657717203894 6.5 -0.038970764877638779 0.0028721710785480151 0.61499114705590663 -0.62028923563230765 0.015815090982378655 0 0.30749557352795331 0.00011866478042211734 0 0.00087517163654216837 0.5880174444091264
0.95756160882059271 6.5 -0.037827041945921375 0.0028951134568586273 0.61928248624309146 -0.61682177904707203 0.015760921613715673 0 0.30964124312154573 0.00011660305030342804 0 0.00088883075406851386 0.5852772835981247
0.94893771035138119 6.5 -0.036699066620359579 0.0029031224535627574 0.63189600481657271 -0.60651244155170736 0.015705203800463308 0 0.31594800240828635 0.00011860968445649151 0 0.000909534576250063 0.5824655142126075
0.94032628027079168 6.5 -0.035584205216093547 0.0028857446149378437 0.65423470395494188 -0.58780985477944903 0.015648343976956577 0 0.32711735197747094 0.00012032424949975389 0 0.00093627715448644654 0.57953165664235828
0.93180570687333841 6.5 -0.034494762961861297 0.0028408827194086306 0.68659642962507916 -0.55960745652565347 0.015590541228889582 0 0.34329821481253958 0.00012305963106759062 0 0.0009674749784410431 0.57642317800094334
0.92359351737429707 6.5 -0.033448328162723889 0.0026781786264093235 0.72647864928494732 -0.52276196692920052 0.015533082352393477 0 0.36323932464247366 0.00012319640316086632 0 0.00096498756511210083 0.57315561190398812
0.91615670564815888 6.5 -0.032494996410547143 0.0023202667926768262 0.76837398924316513 -0.48102641127703999 0.015479095928601746 0 0.38418699462158257 0.00011387075004938678 0 0.00088411340798777969 0.56990229717707896
0.90999189285213999 6.5 -0.031714178145712417 0.001822454363608689 0.80342738111207879 -0.44309644171287627 0.015432505606960408 0 0.40171369055603939 9.004469894899549e-05 0 0.00072654627543153739 0.56694780779510834
0.90526181101140102 6.5 -0.031134651517373609 0.001354517274013773 0.83025818380168359 -0.41170962705711234 0.015394777907132007 0 0.4151290919008418 6.7333794933251102e-05 0 0.00055825345222018142 0.5645073000132883
0.90174820370798447 6.5 -0.030711497829804476 0.0010048136924392837 0.8493148369900837 -0.38787766466145757 0.015364903731887588 0 0.42465741849504185 5.0917615519660584e-05 0 0.00042365273778021512 0.56259259692350361
0.89910328107242332 6.5 -0.030380773790327244 0.00077222573771033322 0.86494448493627385 -0.36717867918592606 0.015340554585962894 0 0.43247224246813692 4.3498009828189521e-05 0 0.00033112134260988033 0.56109599444188696
0.89703284333946653 6.5 -0.030097687898209515 0.00062093225744759963 0.87160550719465346 -0.35799413069628083 0.015319764761924922 0 0.43580275359732673 3.8413415260854592e-05 0 0.00026786363625782894 0.55989240662775053
0.89535172751916403 6.5 -0.029789421663611967 0.00051953040798950246 0.88948112887199304 -0.3320915098509486 0.015300333752055471 0 0.44474056443599652 5.2197769432449526e-05 0 0.00022508305598954411 0.5589123100480009
0.8939535284507758 6.5 -0.02938479987297242 0.00045246451777965636 0.9165937600527615 -0.28839678406888725 0.015281848250854211 0 0.45829688002638075 6.9835772241067369e-05 0 0.00019524961086821532 0.55809695391695735
0.89277606974434098 6.5 -0.028870690796752016 0.000406292755906645 0.94991472458249604 -0.2232762655328272 0.015263835272249501 0 0.47495736229124802 9.041207937303618e-05 0 0.00017048092757963529 0.55739386903077914
0.89182062648313942 6.5 -0.028224806223812966 0.00036743403850691937 0.98716319623365667 -0.1122691812804632 0.015245809291666131 0 0.49358159811682834 0.00011857380243327775 0 0.00013722690757288976 0.55679579832503212
0.89113677700504024 6.5 -0.027418539873801641 0.00034643223373117139 0.99223034687408374 0.086820280622536494 0.015228000477417679 0 0.49611517343704187 0.00014748486658102395 0 8.8247435833144989e-05 0.55632993692160981
0.89070210615648038 6.5 -0.02648985752440472 0.00034074146845125525 0.94729524590620795 0.22907059358759282 0.015212404386551579 0 0.47364762295310397 0.00015243973358668755 0 5.300289882763479e-05 0.55597216877716338
0.89044619584671214 6.5 -0.025525379572637757 0.00032646445466259284 0.85629644642142988 0.37877770769247965 0.015198741191315366 0 0.42814822321071494 0.00013749690186808388 0 2.5133679791975401e-05 0.55564826738539697
0.89035083841508378 6.5 -0.024794241989533932 0.00016635308204637983 0.75906968772356309 0.49061145835260694 0.015189114838106142 0 0.37953484386178155 6.3109747928846577e-05 0 1.8477274449900377e-06 0.55539854444574044
0.89040674237629447 6.5 -0.024032817773731313 0.00034392542947578292 0.66202769313145349 0.58115564050658219 0.015179867454320759 0 0.33101384656572674 0.00011298638459725227 -0 -1.3948164646083926e-05 0.55520898617394598
0.89062834704382321 6.5 -0.023016903109668807 0.00035214798946607995 0.4997732093830235 0.70710444970837427 0.015168645938044064 0 0.24988660469151175 8.3947437647592362e-05 -0 -2.6387709977573704e-05 0.55497480034862023
0.89103199816754375 6.5 -0.021998637772758924 0.00037988721841155249 0.38696115587439939 0.7828212184314618 0.015158631174420008 0 0.19348057793719969 6.634476691086023e-05 -0 -3.1634463704273983e-05 0.55478410983734128
0.89162116110677681 6.5 -0.020963939900063341 0.00041581711266073574 0.26636144194796763 0.85639305055907511 0.015149290615531994 0 0.13318072097398381 4.6200012739562834e-05 -0 -3.0534780889078826e-05 0.55461082923556471
0.89240961495805382 6.5 -0.01991475816111668 0.0004605729921770177 0.17452444553904078 0.90843068837521523 0.015140636680527895 0 0.087262222769520392 3.0764937241484969e-05 -0 -2.5861260937371294e-05 0.55445860321906226
0.89341390204746007 6.5 -0.018859814019942515 0.00051212071882504086 0.083491297974828016 0.95722500374535202 0.015132555299179614 0 0.041745648987414008 1.4641816868073022e-05 -0 -1.5577894317956384e-05 0.55431032971021388
0.89467288969105663 6.5 -0.017814426432517058 0.00058064868070776589 0.022208827873942627 0.98871755642306014 0.015125004028767316 0 0.011104413936971314 3.8441960334322831e-06 -0 -5.1764667932929595e-06 0.55417370480537609
0.89622532258267862 6.5 -0.016774596972762266 0.00066630082088884636 -0.0089396460730744032 1.0043461023488318 0.015117961826392076 0 -0.0044698230365372016 -1.5511775931292985e-06 0 2.5424008002134967e-06 0.55406230373054621
0.89812120936205031 6.5 -0.015732561218473246 0.00077722220012858292 -0.044634539739422996 1.0219619319576583 0.015111233198965511 0 -0.022317269869711498 -7.7587588477420996e-06 0 1.5513453965287754e-05 0.55395299680173837
0.90046632168568408 6.5 -0.014687126326249316 0.00093590237000729017 -0.07999930538883615 1.0391203765730681 0.015104581407019087 0 -0.039999652694418075 -1.3971855745830212e-05 0 3.4730737168321246e-05 0.55382688137236602
0.90339987559134372 6.5 -0.013649881960676133 0.0011399979603560566 -0.11593243300318834 1.0562691352210196 0.015097913187842923 0 -0.05796621650159417 -1.9835854793633512e-05 0 6.303400779098069e-05 0.55365972438473754
0.90706950859445867 6.5 -0.012653119698425315 0.0013966936017765579 -0.15913084863378546 1.0765236223173782 0.015091031325139555 0 -0.07956542431689273 -2.5644839930012346e-05 0 0.00010812904297539811 0.55340823890842195
0.91167145559502072 6.5 -0.011734281206095883 0.0017334415944441426 -0.22097440650177358 1.1048741503787802 0.015083710635720723 0 -0.11048720325088679 -3.2068649693364596e-05 0 0.00018881923846519432 0.55298878031923804
0.91738238973173158 6.5 -0.010927914262336231 0.0021128463342183377 -0.32404555254988576 1.1505730223413584 0.015075569977874898 0 -0.16202277627494288 -4.0073145949996318e-05 0 0.00033997565198323016 0.5522519933816753
0.92414211050463424 6.5 -0.010270309491161205 0.0024157287320443551 -0.48787426661908029 1.2196914667260925 0.015066274079329976 0 -0.24393713330954014 -4.6609764638086166e-05 0 0.00058743974242697389 0.55095812266978361
0.93161588142430751 6.5 -0.0097923122200561027 0.0025775135194196657 -0.69783288179003611 1.3029221767479573 0.015055999747632384 0 -0.34891644089501805 -4.4518943681404866e-05 0 0.00089823428003412667 0.5489003720158161
0.93940808915355634 6.5 -0.0095272652880769686 0.0026209116680832012 -0.89053103511958609 1.37488351375213 0.015045222902388185 0 -0.44526551755979304 -2.1865191944687387e-05 0 0.0011667967369262105 0.5460603780237181
0.9473404368835725 6.5 -0.0095101252800572147 0.0026680462970265105 -0.99646907573161458 1.4128846545254805 0.01503425216059134 0 -0.49823453786580729 1.8773124035950484e-05 0 0.0013291802461503585 0.54265545137545868
0.95540214931268386 6.5 -0.0097583556590727337 0.0027097105295752467 -1.0107728748334641 1.4179376483081021 0.015023326660655586 0 -0.50538643741673206 6.4592242067312288e-05 0 0.0013679268070275494 0.53898931928936877
0.96358064453906467 6.5 -0.010271961851588941 0.0027540089904595196 -0.98790430106214511 1.4098506729350513 0.015012697516703918 0 -0.49395215053107255 0.00010600040257000422 0 0.0013562125204856028 0.53525263765119846
0.9718635887596716 6.5 -0.01103588825027679 0.0027919231139796495 -0.97168562000595671 1.4040870833470254 0.015002745882009947 0 -0.48584281000297835 0.00014317193230560632 0 0.0013488587022628879 0.53145999868204996
0.98021029299967322 6.5 -0.012029902764640346 0.0028123214543441031 -0.97205998670383176 1.4042204865502097 0.01499372723921588 0 -0.48602999335191588 0.00017885348559001411 0 0.0013551206863301741 0.52757751582770007
0.98857597936802444 6.5 -0.013244612976067034 0.0028237607471675373 -0.97799894156322909 1.4063336592410474 0.014986008438364727 0 -0.48899947078161454 0.00021604888099690787 0 0.001363810793198871 0.52357508097883454
0.99695658355037398 6.5 -0.014680880392702276 0.002845212163135118 -0.97866035323866751 1.4065688603479418 0.01497979766751428 0 -0.48933017661933376 0.00025234433290479693 0 0.0013691885572748215 0.51945219809627019
1.0053787090410431 6.5 -0.016336400484973784 0.0028773805610112012 -0.97013010753654583 1.4035333450229506 0.014975211024656264 0 -0.48506505376827291 0.00028521179109744266 0 0.0013662647981639014 0.51521743411638787
1.0138636800766103 6.5 -0.018201331923037752 0.0029146063842017465 -0.95391294294017559 1.397744174107338 0.014972197205867562 0 -0.47695647147008779 0.00031255002611848106 0 0.0013545489094886384 0.51089070890753541
1.0224156650912091 6.5 -0.020258640484720439 0.0029496199595978206 -0.93332444655848801 1.3903597785570525 0.014971063064188491 0 -0.466662223279244 0.00033424126268545221 0 0.0013352788210668136 0.50649479468214453
1.0310147188869105 6.5 -0.022485303819031105 0.0029723502622508789 -0.9134024880995959 1.3831768992760476 0.014971753694691527 0 -0.45670124404979795 0.00035083978002736158 0 0.0013113552947503677 0.50205535769710197
1.0396165107734936 6.5 -0.024858330024029797 0.0029765756377465196 -0.89568877167734451 1.3767587089746756 0.014974275933387179 0 -0.44784438583867225 0.00036446173723160357 0 0.0012822521012505091 0.49759098903022669
1.0481816235991612 6.5 -0.027367951583473236 0.0029737589321157821 -0.87673331446594482 1.3698572736522232 0.014978794612475917 0 -0.43836665723297241 0.00037667430740055143 0 0.001247990779338639 0.49311305070223765
1.0566977018865309 6.5 -0.030014985586839057 0.0029717630128707922 -0.8539965634171609 1.3615329625574417 0.014985168891838759 0 -0.42699828170858045 0.0003866134844802515 0 0.0012086078356758332 0.48863283164513588
1.0651641220281791 6.5 -0.032799822047019714 0.0029702121906526667 -0.82744789359832316 1.3517481607566315 0.014993448215369269 0 -0.41372394679916158 0.00039350773993342917 0 0.0011641386710262022 0.48416161921104134
1.0735860692210983 6.5 -0.035724771484537954 0.0029735986014609557 -0.79611360319661739 1.3401076429847232 0.015003613249719853 0 -0.3980568015983087 0.00039759119117718377 0 0.0011148878684643204 0.47970593067704886
1.0819694129362265 6.5 -0.038792317390392017 0.0029778965650821805 -0.75944504856145212 1.3263557518019833 0.015015599330290006 0 -0.37972252428072606 0.00039726582352580343 0 0.0010586928784246477 0.47527774966986525
1.0903266394261999 6.5 -0.042004512312211958 0.0029911532472339034 -0.71736884259238587 1.3103980149564105 0.015029470738680854 0 -0.35868442129619293 0.00039285376413784954 0 0.0009983674512964104 0.47088885162425764
1.0986729657925149 6.5 -0.045359785788310521 0.003006007965390039 -0.67209555740422022 1.2930078123710449 0.015045083970020827 0 -0.33604777870211011 0.00038362744462119061 0 0.00093448266710811738 0.46655375320712761
1.107001577561435 6.5 -0.048845285808694711 0.003013155851838846 -0.62671123912455617 1.2753369592978951 0.015062515505551845 0 -0.31335561956227809 0.00037041161915648581 0 0.00086849795746003419 0.46229053318380336
1.1152897479104078 6.5 -0.052448349745367939 0.0030119683217127596 -0.58030488413574588 1.2570113062419157 0.015081780920650819 0 -0.29015244206787294 0.00035397494176136541 0 0.00079903399335709308 0.45811109936711042
1.1235300753917126 6.5 -0.056169000916924623 0.0030157584147774857 -0.53045835538429187 1.2370247617869536 0.015102784849900849 0 -0.26522917769214593 0.00033431399315627281 0 0.00072665092774122121 0.45402387076407213
1.131737723917432 6.5 -0.060011680139643572 0.0030261441612204872 -0.47751445729439923 1.2154364135011759 0.015125542297640042 0 -0.23875722864719962 0.00031069812269934112 0 0.00065229813600310911 0.45003941512401591
1.139893751388847 6.5 -0.0639570961259327 0.0030140948378283268 -0.42596290110518487 1.1940407785002751 0.015149930153031118 0 -0.21298145055259243 0.00028304453789192895 0 0.00057617777609562698 0.44618584397134203
1.1479285912756994 6.5 -0.067976388050580039 0.0029754373515136186 -0.37250573589827951 1.1714416009347106 0.015176017191665971 0 -0.18625286794913976 0.00025154653366176192 0 0.00049380558848478862 0.44248361718852397
1.1558140478016039 6.5 -0.072081994509174685 0.0029516278753518562 -0.30837809007459493 1.1437425169311766 0.015203454822252186 0 -0.15418904503729747 0.00021378409054981728 0 0.00040177142299982331 0.43893949897967205
1.1635754241288576 6.5 -0.076300421817994624 0.0029377310586127222 -0.23366626170665317 1.1106008477357454 0.01523216055905793 0 -0.11683313085332658 0.00016657816830977268 0 0.00030009106242630392 0.43558378639031708
1.1711876105086372 6.5 -0.080612945130083241 0.0028950924837761343 -0.15230826141907716 1.0733477224946588 0.015261980035570886 0 -0.076154130709538581 0.00011036538561178795 0 0.00019086103911740882 0.43246959484790592
1.1785368433451788 6.5 -0.084963000034837144 0.0027986471718877848 -0.061603150491261527 1.0302277834884639 0.015292632857299922 0 -0.030801575245630763 4.4686912461955351e-05 0 7.3715619025167641e-05 0.42965751002671548
1.1855154471700535 6.5 -0.089339896920040976 0.0026937487646731331 0.081901705262622526 0.9580519166396616 0.015323829823133487 0 0.040950852631311263 -6.0080293044587749e-05 -0 -9.2514556757923241e-05 0.42719851706035494
1.1920227625777058 6.5 -0.093580333965716134 0.0024842654549840711 0.2338040507906155 0.87519152113833254 0.0153541700184705 0 0.11690202539530775 -0.00015896645504973555 -0 -0.00024304510623154071 0.42540983931849807
1.1977452154959538 6.5 -0.097265977523383951 0.002053634565948757 0.44437299403769115 0.74524522766108936 0.01538039696106344 0 0.22218649701884557 -0.00024379843325532936 -0 -0.00038569776994420052 0.42444776779656584
1.2012610470204288 6.5 -0.099485905624243254 0.00071838146985207265 0.60915083542466031 0.62498970591484082 0.015395846057313891 0 0.30457541771233015 -0.00011655574832746698 -0 -0.00018517230429972455 0.42452672792251334
1.2001411442393453 6.833333333333333 -0.099784159789142651 0.0013669896906639209 -0.24388125846542597 -1.11506969995528 0.022379068503129779 0 -0.12194062923271298 -2.2418370926400914e-05 -0 -0.00016517717911216007 0.63877965663583558
1.1953279575719831 6.833333333333333 -0.098257623700580082 0.0020330838868118963 0.21647351954776817 -0.88488815352020422 0.022348069532632596 0 0.10823675977388408 9.0252585577466036e-05 0 0.00020069483090095252 0.63945705733567115
1.1892223033436113 6.833333333333333 -0.095497186507080695 0.0024340393542550912 0.37307622720340428 -0.79147069219101474 0.022314035925213659 0 0.18653811360170214 0.00018774078889854687 0 0.00041340866629510046 0.63964413509308216
1.1823891933399708 6.833333333333333 -0.092418695519260463 0.0025623583026815563 0.45843103471354996 -0.73557646325940451 0.022276265064772503 0 0.22921551735677498 0.00023973192109833449 0 0.00053617890469337751 0.63936742935148971
1.1753131306913638 6.833333333333333 -0.089349139204410663 0.0025800660900553857 0.50279235286389357 -0.70477881093762385 0.022236789099498187 0 0.25139617643194678 0.00025151958552455274 0 0.00059786635707765939 0.63868836458781464
1.1680700523587131 6.833333333333333 -0.086397942189822219 0.002634418280635565 0.52628345621770589 -0.68791270477421285 0.022195819257707715 0 0.26314172810885295 0.00025445115190650945 0 0.00064483799305198645 0.63771500035319906
1.1605924331157629 6.833333333333333 -0.083509437373744555 0.0027097997010345071 0.54378745512989834 -0.6750717016881117 0.022152707509891532 0 0.27189372756494917 0.00026066345510531347 0 0.0006891267728653921 0.63653192603481168
1.152955710810208 6.833333333333333 -0.08066549012810445 0.0027229937168740904 0.56120076699204002 -0.66205020141435578 0.022108003418917856 0 0.28060038349602001 0.00026299796635828365 0 0.00071738395795026971 0.63517952970549474
1.1452797786568585 6.833333333333333 -0.07790795128804856 0.0027146029287864887 0.5756372128394871 -0.65105761958139963 0.022062709387435393 0 0.28781860641974355 0.0002593506097049715 0 0.00073701263738147897 0.6336726388011128
1.1375921272453167 6.833333333333333 -0.075262283605134261 0.0027056352909291584 0.58704346570063559 -0.64223966794579146 0.022016884798806386 0 0.2935217328503178 0.00025321766584970634 0 0.0007527119645459894 0.6320302771337335
1.1298826960670283 6.833333333333333 -0.072728545181008825 0.0027045760451131357 0.59606538522967212 -0.63517864638211941 0.021970479068658476 0 0.29803269261483606 0.00024631537340841919 0 0.00076749507769042786 0.63026869138524244
1.1221431800150796 6.833333333333333 -0.070306809797670136 0.0027019391742814508 0.60260690791371152 -0.6300098886858706 0.021923326488136517 0 0.30130345395685576 0.00023743292761901886 0 0.00077871065584124606 0.62839858956694339
1.1143356163922562 6.833333333333333 -0.06798883215614504 0.0027277987145001709 0.60613327589721844 -0.62720666618395304 0.021875145649636295 0 0.30306663794860922 0.00022951210985823684 0 0.00079420714781376026 0.62642597133341271
1.1064328298226749 6.833333333333333 -0.065749653471867148 0.0027482005621217768 0.6104691919395997 -0.62374229413297821 0.021825640199765149 0 0.30523459596979985 0.0002244959646900307 0 0.00080824747820632946 0.62436716765726308
1.0985053101077311 6.833333333333333 -0.063593222425092244 0.0027289316290409439 0.6154070915161951 -0.61977313828655345 0.021775342528685869 0 0.30770354575809755 0.0002160491419314359 0 0.00081143213739789271 0.62223835832384711
1.0905694717976031 6.833333333333333 -0.061542983401923407 0.0027354856195284522 0.61692266334808843 -0.61855103619628027 0.021724462534651066 0 0.30846133167404421 0.00020503176365284866 0 0.00081850237248522434 0.62003598182273612
1.0825658731837731 6.833333333333333 -0.059582212909666032 0.0027581076908285941 0.61894976435860349 -0.61691210412421504 0.021672365501489953 0 0.30947488217930175 0.00019883401553469709 0 0.00083008332918069379 0.61776802151745325
1.0745004604945598 6.833333333333333 -0.057695950387690563 0.0027640029346593241 0.62022529559743922 -0.61587930388982937 0.021619145282364104 0 0.31011264779871961 0.00019072547088821293 0 0.00083566369210618481 0.61543808099370279
1.0663980781478899 6.833333333333333 -0.055888505231073596 0.002770419169524886 0.62155716080742307 -0.61479898744354755 0.021564884209417951 0 0.31077858040371154 0.00018334179388267564 0 0.00084123973495089303 0.61305774128615753
1.0582631930691395 6.833333333333333 -0.054158888168837231 0.0027741364997622931 0.62213678581934639 -0.61432934993628052 0.021509625462117838 0 0.3110683929096732 0.00017517336638814287 0 0.00084497952988985318 0.61062998343639663
1.0500825690865543 6.833333333333333 -0.052503793634667811 0.0027901758346683082 0.6220368318856373 -0.61441266841440312 0.0214532283411011 0 0.31101841594281865 0.00016803136420503954 0 0.00085137270146578323 0.6081571549932222
1.0418495611353349 6.833333333333333 -0.050914032954489576 0.0027999322516903636 0.62186068771858838 -0.61455800473755251 0.021395585862745443 0 0.31093034385929419 0.00016155277440377938 0 0.00085546304665514176 0.60564454882967722
1.0335757726494328 6.833333333333333 -0.049384945336015312 0.0028093758310269589 0.62156449340817899 -0.61480098475361022 0.02133672275238498 0 0.31078224670408949 0.00015533303070365149 0 0.00085917546283653754 0.60309814039313436
1.0252752419277655 6.833333333333333 -0.047916373475824128 0.0028102924667954329 0.62111508341607857 -0.61516844620165523 0.021276733343318886 0 0.31055754170803929 0.00014882999094001186 0 0.00085997402429291848 0.60052406147117243
1.0169413730658008 6.833333333333333 -0.046508437266520403 0.00282439354675224 0.61941187680601517 -0.6165533397602625 0.021215617465705015 0 0.30970593840300759 0.00014227559696840242 0 0.00086308329308524157 0.59792276703764491
1.0085561203235738 6.833333333333333 -0.045148384382805481 0.0028388479918543034 0.61845353619572374 -0.61733217450440647 0.021153016946459342 0 0.30922676809786187 0.000138321033862428 0 0.00086688178742602815 0.59530011413037764
1.000149776333513 6.833333333333333 -0.043835722579796677 0.0028333259318477125 0.61660628468164491 -0.61882869711047483 0.021089308924364909 0 0.30830314234082246 0.00013189062138795209 0 0.00086350900330032523 0.59266164907836283
0.99170759398017316 6.833333333333333 -0.042571149697502558 0.002857609812288114 0.61417237197884056 -0.62079433691457997 0.021024254468263857 0 0.30708618598942028 0.00012751856231759025 0 0.00086821788845872522 0.59000935201457183
0.98321788755165329 6.833333333333333 -0.041342435434582797 0.0028611770793671031 0.61202425854426146 -0.62252431175311262 0.020957641376165698 0 0.30601212927213073 0.00012359508855640358 0 0.00086678752874104655 0.58734683963744849
0.97468743302655958 6.833333333333333 -0.040143113484638039 0.0028817339090294286 0.61064282813615756 -0.62363515151849813 0.02088946275858496 0 0.30532141406807878 0.00012080299985470999 0 0.00087152256601784588 0.58467392838683885
0.96613657717203894 6.833333333333333 -0.038970764877638779 0.0028721710785480224 0.61187224328433676 -0.62265101783796073 0.020819863136311307 0 0.30593612164216838 0.00011806297658643185 0 0.00087073323750008768 0.58199009368826882
0.95756160882059271 6.833333333333333 -0.037827041945921375 0.0028951134568586351 0.61611963460532881 -0.61923327944370299 0.020748759579023297 0 0.30805981730266441 0.0001160075253906254 0 0.00088429124282986661 0.57927055858882603
0.94893771035138119 6.833333333333333 -0.036699066620359579 0.0029031224535627652 0.62871775660271889 -0.60897845780351034 0.02067562159982602 0 0.31435887830135945 0.0001180131131616962 0 0.00090495988892751438 0.5764800013675766
0.94032628027079168 6.833333333333333 -0.035584205216093547 0.0028857446149378511 0.6510770307953333 -0.59033767410882598 0.020600964357241146 0 0.32553851539766665 0.00011974350278791119 0 0.00093175819940380909 0.57356779183750084
0.93180570687333841 6.833333333333333 -0.034494762961861297 0.002840882719408638 0.68349811542255612 -0.56221046408011199 0.020525073843203977 0 0.34174905771127806 0.00012250431591265753 0 0.00096310918022690932 0.57048132232192683
0.92359351737429707 6.833333333333333 -0.033448328162723889 0.0026781786264093305 0.72347699048391345 -0.5254567752405146 0.020449617843027696 0 0.36173849524195673 0.0001226873812258552 0 0.00096100043703812904 0.56723563106144337
0.91615670564815888 6.833333333333333 -0.032494996410547143 0.0023202667926768322 0.76549208710374472 -0.48383119095699517 0.020378703427622508 0 0.38274604355187236 0.00011344366068564122 0 0.00088079740776179851 0.56400287740560306
0.90999189285213999 6.833333333333333 -0.031714178145712417 0.001822454363608694 0.80063351418161832 -0.44604224729696862 0.020317466491952225 0 0.40031675709080916 8.97315743125057e-05 0 0.00072401975759047745 0.56106613873803246
0.90526181101140102 6.833333333333333 -0.031134651517373609 0.0013545172740137765 0.8274976931220408 -0.41483914865529303 0.020267896311923179 0 0.4137488465610204 6.7109919617157283e-05 0 0.00055639733868610621 0.55863999527841623
0.90174820370798447 6.833333333333333 -0.030711497829804476 0.0010048136924392863 0.8465190327690989 -0.39124387519324877 0.020228627107905479 0 0.42325951638454945 5.0750003135898707e-05 0 0.00042225814291276366 0.5567366704759259
0.89910328107242332 6.833333333333333 -0.030380773790327244 0.00077222573771033539 0.86207568715267058 -0.37083204976907846 0.020196626237893273 0 0.43103784357633529 4.3353738147914743e-05 0 0.00033002309851407324 0.55524934403399939
0.89703284333946653 6.833333333333333 -0.030097687898209515 0.00062093225744760136 0.86849071028413383 -0.36208077735541411 0.020169293134992067 0 0.43424535514206691 3.8276139869419734e-05 0 0.00026690639032515791 0.55405367468066102
0.89535172751916403 6.833333333333333 -0.029789421663611967 0.00051953040798950376 0.88623094539295277 -0.33669464440021823 0.020143759312944338 0 0.44311547269647639 5.200703764248212e-05 0 0.00022426059758515239 0.55308097846240556
0.8939535284507758 6.833333333333333 -0.02938479987297242 0.00045246451777965755 0.91345371098088579 -0.29349871579998643 0.020119464278976058 0 0.4567268554904429 6.959653021110144e-05 0 0.00019458072854966769 0.55227266126296826
0.89277606974434098 6.833333333333333 -0.028870690796752016 0.00040629275590664608 0.9471824807520719 -0.22894033768719779 0.020095796266879035 0 0.47359124037603595 9.0152026718129567e-05 0 0.00016999057255035754 0.5515764330898294
0.89182062648313942 6.833333333333333 -0.028224806223812966 0.00036743403850692034 0.98556135350138097 -0.11847260719565533 0.020072066233523218 0 0.49278067675069048 0.00011838139596554233 0 0.00013700423322136754 0.55098523341715377
0.89113677700504024 6.833333333333333 -0.027418539873801641 0.00034643223373117231 0.99308217604810545 0.080720983603131402 0.020048609877932184 0 0.49654108802405272 0.00014761148225295593 0 8.8323196205333083e-05 0.55052616840372903
0.89070210615648038 6.833333333333333 -0.02648985752440472 0.00034074146845125612 0.94961147165724935 0.22357862401484788 0.020028160833634474 0 0.47480573582862468 0.00015281246303713251 0 5.3132495887975884e-05 0.55017432688190804
0.89044619584671214 6.833333333333333 -0.025525379572637757 0.0003264644546625937 0.85994309860300644 0.37370642555403788 0.020010219804336943 0 0.42997154930150322 0.00013808245069203733 0 2.5240714906540626e-05 0.54985562599452542
0.89035083841508378 6.833333333333333 -0.024794241989533932 0.00016635308204638027 0.76357645585588363 0.48582264399836084 0.019997567916081392 0 0.38178822792794181 6.3484444752345891e-05 0 1.8586978200438384e-06 0.54960956575828468
0.89040674237629447 6.833333333333333 -0.024032817773731313 0.00034392542947578379 0.66694897541091558 0.57675957408625811 0.019985451931906116 0 0.33347448770545779 0.00011382628585532356 -0 -1.4051850422700202e-05 0.5494235223423134
0.89062834704382321 6.833333333333333 -0.023016903109668807 0.00035214798946608088 0.50497141112417721 0.70329919695924603 0.019970689329674458 0 0.2524857055620886 8.4820585123992557e-05 -0 -2.6662171748183326e-05 0.54919361342595108
0.89103199816754375 6.833333333333333 -0.021998637772758924 0.00037988721841155347 0.39186029237952769 0.77957770935791226 0.019957522209502605 0 0.19593014618976384 6.7184727368293823e-05 -0 -3.2034973041195908e-05 0.54900673569080682
0.89162116110677681 6.833333333333333 -0.020963939900063341 0.00041581711266073683 0.27091381139258908 0.85363245921582553 0.019945254587316347 0 0.13545690569629454 4.6989614736002784e-05 -0 -3.1056649228959752e-05 0.54883700985318917
0.89240961495805382 6.833333333333333 -0.01991475816111668 0.00046057299217701895 0.17857413813143708 0.90610623165540083 0.019933861236898571 0 0.089287069065718538 3.1478811667887448e-05 -0 -2.6461349690122466e-05 0.54868808153682536
0.89341390204746007 6.833333333333333 -0.018859814019942515 0.00051212071882504226 0.087057818222871952 0.9552723423003916 0.019923197862076931 0 0.043528909111435976 1.5267275300206647e-05 -0 -1.6243339422470562e-05 0.54854288940959162
0.89467288969105663 6.833333333333333 -0.017814426432517058 0.0005806486807077674 0.02523125755643929 0.98710293682835837 0.019913175246319598 0 0.012615628778219645 4.3673579158481551e-06 -0 -5.8809392208929771e-06 0.54840916040612475
0.89622532258267862 6.833333333333333 -0.016774596972762266 0.00066630082088884809 -0.0064573439261053078 1.0030260120855978 0.019903843994748666 0 -0.0032286719630526539 -1.1204567974422522e-06 0 1.8364436612799785e-06 0.54830044548916512
0.89812120936205031 6.833333333333333 -0.015732561218473246 0.00077722220012858508 -0.042565231106124202 1.0208669959708483 0.019894915018169219 0 -0.021282615553062101 -7.3990538578162253e-06 0 1.479423238464496e-05 0.54819370007963308
0.90046632168568408 6.833333333333333 -0.014687126326249316 0.00093590237000729267 -0.078276931078267831 1.038210707152259 0.019886141724175927 0 -0.039138465539133915 -1.3671043566391719e-05 0 3.3982989057321301e-05 0.54807012448059567
0.90339987559134372 6.833333333333333 -0.013649881960676133 0.0011399979603560597 -0.11449823751312427 1.0555108373344315 0.019877368605819973 0 -0.057249118756562134 -1.959046622764175e-05 0 6.2254216602677218e-05 0.54790549810363243
0.90706950859445867 6.833333333333333 -0.012653119698425315 0.0013966936017765614 -0.15790131370825078 1.0758747915073983 0.019868233619599013 0 -0.078950656854125389 -2.5446693394476358e-05 0 0.00010729357684206019 0.54765664051945084
0.91167145559502072 6.833333333333333 -0.011734281206095883 0.0017334415944441472 -0.21988006739746524 1.1043032676419777 0.019858511341883118 0 -0.10994003369873262 -3.1909835023659785e-05 0 0.00018788414249833893 0.54723998207997238
0.91738238973173158 6.833333333333333 -0.010927914262336231 0.0021128463342183434 -0.3229892029468806 1.1500414220802084 0.019847681139428437 0 -0.1614946014734403 -3.9942512304564959e-05 0 0.00033886737216831642 0.54650630479635376
0.92414211050463424 6.833333333333333 -0.010270309491161205 0.0024157287320443611 -0.48676415222910174 1.219168040986343 0.019835323708582004 0 -0.24338207611455087 -4.6503708274841668e-05 0 0.00058610307567504222 0.54521598405237415
0.93161588142430751 6.833333333333333 -0.0097923122200561027 0.0025775135194196727 -0.69662697541247676 1.3023955151486875 0.019821643046475174 0 -0.34831348770623838 -4.4442011683059053e-05 0 0.00089668206534906426 0.54316215937059398
0.93940808915355634 6.833333333333333 -0.0095272652880769686 0.0026209116680832082 -0.88924113868570842 1.3743539618253502 0.019807228495480684 0 -0.44462056934285421 -2.1833521141533779e-05 0 0.0011651066813406505 0.54032629135413945
0.9473404368835725 6.833333333333333 -0.0095101252800572147 0.0026680462970265174 -0.99515324732365684 1.4123602587266024 0.019792596933738991 0 -0.49757662366182842 1.8748334295341193e-05 0 0.0013274250756490629 0.53692556819296122
0.95540214931268386 6.833333333333333 -0.0097583556590727337 0.0027097105295752536 -1.0094990578062686 1.4174300291747908 0.019778023152494842 0 -0.50474952890313429 6.4510840300586536e-05 0 0.0013662028901099803 0.53326362036851194
0.96358064453906467 6.833333333333333 -0.010271961851588941 0.002754008990459527 -0.98672338739976873 1.4093731858829841 0.019763863838235602 0 -0.49336169369988436 0.00010587369260075167 0 0.0013545913412956734 0.52953100552173249
0.9718635887596716 6.833333333333333 -0.01103588825027679 0.0027919231139796564 -0.97062946854292642 1.4036521587697508 0.019750587939214154 0 -0.48531473427146321 0.00014301631484800912 0 0.001347392591143734 0.52574217968796155
0.98021029299967322 6.833333333333333 -0.012029902764640346 0.0028123214543441105 -0.9711542898355916 1.4038392637017794 0.019738579605374857 0 -0.4855771449177958 0.00017868684253918599 0 0.0013538580805460857 0.52186315314576692
0.98857597936802444 6.833333333333333 -0.013244612976067034 0.0028237607471675447 -0.97727357580338059 1.4060172012574703 0.019728293679148429 0 -0.48863678790169029 0.00021588864108859293 0 0.0013627992771222651 0.51786368619030643
0.99695658355037398 6.833333333333333 -0.014680880392702276 0.0028452121631351258 -0.97814469172283558 1.4063270646665 0.019720012914330082 0 -0.48907234586141779 0.00025221137128968093 0 0.0013684671243031435 0.51374319791047984
1.0053787090410431 6.833333333333333 -0.016336400484973784 0.002877380561011209 -0.96982725259075142 1.4033668842527143 0.019713974068672886 0 -0.48491362629537571 0.00028512275376022271 0 0.0013658382780011205 0.50951016422507256
1.0138636800766103 6.833333333333333 -0.018201331923037752 0.0029146063842017543 -0.95382566604547914 1.3976541697830549 0.019710092174282118 0 -0.47691283302273957 0.00031252142980272917 0 0.0013544249769815832 0.5051845762662861
1.0224156650912091 6.833333333333333 -0.020258640484720439 0.0029496199595978284 -0.9334641058172124 1.3903509158779515 0.019708793330743147 0 -0.4667320529086062 0.00033429127732629302 0 0.0013354786273089315 0.50078908945044498
1.0310147188869105 6.833333333333333 -0.022485303819031105 0.0029723502622508867 -0.91376209264126351 1.3832474877500249 0.019709902955321702 0 -0.45688104632063176 0.0003509779048736808 0 0.0013118715724328564 0.49634937481269198
1.0396165107734936 6.833333333333333 -0.024858330024029797 0.0029765756377465279 -0.89627445267773154 1.3769117005741918 0.019713485222525574 0 -0.44813722633886577 0.00036470005473832604 0 0.0012830905517448759 0.49188402372579987
1.0481816235991612 6.833333333333333 -0.027367951583473236 0.0029737589321157903 -0.87754371631013672 1.3700930075600022 0.019719709564909916 0 -0.43877185815506836 0.00037702248346314812 0 0.0012491443502277864 0.48740433699413943
1.0566977018865309 6.833333333333333 -0.030014985586839057 0.0029717630128708004 -0.85502339957949114 1.3618495469812038 0.019728430413525833 0 -0.42751169978974557 0.00038707834432128086 0 0.0012100610525679302 0.48292166067157904
1.0651641220281791 6.833333333333333 -0.032799822047019714 0.0029702121906526745 -0.82868937359356853 1.3521463374628626 0.019739698055819783 0 -0.41434468679678427 0.00039409814809191504 0 0.0011658853125766301 0.47844726103478719
1.0735860692210983 6.833333333333333 -0.035724771484537954 0.002973598601460964 -0.79755785725582085 1.3405848193834677 0.019753462846195464 0 -0.39877892862791042 0.00039831247352866772 0 0.0011169104206768731 0.47398766075708221
1.0819694129362265 6.833333333333333 -0.038792317390392017 0.0029778965650821888 -0.76108225339097091 1.3269104773108258 0.019769638178970751 0 -0.38054112669548545 0.00039812224562785285 0 0.00106097519904392 0.4695548766581577
1.0903266394261999 6.833333333333333 -0.042004512312211958 0.0029911532472339112 -0.71918557846725228 1.3110278421941568 0.019788265689175317 0 -0.35959278923362614 0.00039384866590178323 0 0.0010008958158661853 0.46516066101990217
1.0986729657925149 6.833333333333333 -0.045359785788310521 0.0030060079653900472 -0.67408069648954361 1.2937110530940754 0.01980928044533813 0 -0.3370403482447718 0.00038476054813025451 0 0.00093724280745809975 0.46081957251962047
1.107001577561435 6.833333333333333 -0.048845285808694711 0.0030131558518388538 -0.62886288956493952 1.2761150239266394 0.019832681958125115 0 -0.31443144478246976 0.00037168333134820439 0 0.00087147971986667732 0.45654966487040261
1.1152897479104078 6.833333333333333 -0.052448349745367939 0.0030119683217127674 -0.58261532901293678 1.257863653974733 0.019858424465953501 0 -0.29130766450646839 0.00035538426919114402 0 0.00080221529347557121 0.45236286149215527
1.1235300753917126 6.833333333333333 -0.056169000916924623 0.0030157584147774939 -0.53291430766752867 1.2379494470573513 0.019886533079622726 0 -0.26645715383376434 0.00033586182288970366 0 0.0007300152257808107 0.44826759271225208
1.131737723917432 6.833333333333333 -0.060011680139643572 0.0030261441612204954 -0.48010469554809343 1.2164324940893547 0.019916899147346474 0 -0.24005234777404671 0.00031238347934241977 0 0.00065583647407618621 0.44427443522241455
1.139893751388847 6.833333333333333 -0.0639570961259327 0.0030140948378283346 -0.42868870307039764 1.1951111757435573 0.019949453206784446 0 -0.21434435153519882 0.00028485578332111331 0 0.0005798648260953316 0.44041151428140218
1.1479285912756994 6.833333333333333 -0.067976388050580039 0.0029754373515136268 -0.37535608845716961 1.172585488018278 0.019984037282450951 0 -0.18767804422858481 0.00025347132632079039 0 0.00049758410754393331 0.43669932859450544
1.1558140478016039 6.833333333333333 -0.072081994509174685 0.002951627875351864 -0.31131766535278382 1.1449527714877861 0.020020399976558568 0 -0.15565883267639191 0.00021582196044938926 0 0.00040560125845359279 0.43314472970695994
1.1635754241288576 6.833333333333333 -0.076300421817994624 0.00293773105861273 -0.23666031671914722 1.1118713842870551 0.020058452650567705 0 -0.11833015835957361 0.00016871259797093693 0 0.00030393624376784606 0.42977805085966592
1.1711876105086372 6.833333333333333 -0.080612945130083241 0.0028950924837761421 -0.15534438203249645 1.0746815607405356 0.020097886376013056 0 -0.077672191016248227 0.00011256541481008587 0 0.00019466567275818443 0.4266524911671003
1.1785368433451788 6.833333333333333 -0.084963000034837144 0.0027986471718877927 -0.064672559792862572 1.031633175603121 0.020138291583024926 0 -0.032336279896431286 4.6913461326368087e-05 0 7.7388538427905612e-05 0.42382872791207732
1.1855154471700535 6.833333333333333 -0.089339896920040976 0.0026937487646731401 0.078921002552007735 0.95951643597916492 0.020179359103633516 0 0.039460501276003868 -5.7893751363211438e-05 -0 -8.914761355185184e-05 0.42135785658942404
1.1920227625777058 6.833333333333333 -0.093580333965716134 0.0024842654549840776 0.23104709730567496 0.87666646297078432 0.020219183876198799 0 0.11552354865283748 -0.00015709196604599108 -0 -0.00024017918474576321 0.41955763875356644
1.1977452154959538 6.833333333333333 -0.097265977523383951 0.0020536345659487622 0.44206066395477273 0.74667873042134725 0.020253631318662386 0 0.22103033197738636 -0.00024252980879131298 -0 -0.00038369076103879335 0.41858559249273886
1.2012610470204288 6.833333333333333 -0.099485905624243254 0.00071838146985207449 0.60723181764362411 0.626384187991889 0.020273909098094386 0 0.30361590882181205 -0.00011618856085842858 -0 -0.00018458895297876869 0.41865867320622968
1.2001411442393453 7.1666666666666661 -0.099784159789142651 0.0013669896906639174 -0.24975578052950831 -1.1175491507765989 0.028977165631078078 0 -0.12487789026475415 -2.2958376400690282e-05 -0 -0.00016915590625701251 0.63034061305624456
1.1953279575719831 7.1666666666666661 -0.098257623700580082 0.002033083886811891 0.21234955866694227 -0.88702484521615443 0.028937264941853419 0 0.10617477933347114 8.8533215314107893e-05 0 0.00019687146426770958 0.63102966827689877
1.1892223033436113 7.1666666666666661 -0.095497186507080695 0.0024340393542550852 0.36972397775893506 -0.79337329612891094 0.028893515373044552 0 0.18486198887946753 0.00018605385762445525 0 0.00040969401263754834 0.63122953942806859
1.1823891933399708 7.1666666666666661 -0.092418695519260463 0.0025623583026815498 0.4552823634660097 -0.73748600033666889 0.028845031485735282 0 0.22764118173300485 0.00023808535498495636 0 0.00053249623276912345 0.6309670369980207
1.1753131306913638 7.1666666666666661 -0.089349139204410663 0.0025800660900553787 0.49971032577514385 -0.70672523675843957 0.028794338915551752 0 0.24985516288757192 0.00024997781550453822 0 0.00059420154336784327 0.63030281501940266
1.1680700523587131 7.1666666666666661 -0.086397942189822219 0.0026344182806355581 0.52320175006621761 -0.68990735562558736 0.028741791654169097 0 0.2616008750331088 0.00025296118738108163 0 0.00064106207878672679 0.62934484935743285
1.1605924331157629 7.1666666666666661 -0.083509437373744555 0.0027097997010345001 0.54069566410853531 -0.67711256063632086 0.028686514601627997 0 0.27034783205426766 0.00025918141111461505 0 0.00068520863178135757 0.62817797666804276
1.152955710810208 7.1666666666666661 -0.08066549012810445 0.002722993716874083 0.55811877001434274 -0.66412468555665471 0.028629216194855069 0 0.27905938500717137 0.00026155363665467037 0 0.00071344423562575668 0.62684237490883887
1.1452797786568585 7.1666666666666661 -0.07790795128804856 0.0027146029287864817 0.57256408389132174 -0.65316124397656883 0.028571060107377675 0 0.28628204194566087 0.00025796602606681937 0 0.00073307798058622176 0.62535251472573727
1.1375921272453167 7.1666666666666661 -0.075262283605134261 0.0027056352909291511 0.58396833900538236 -0.64437467018770944 0.028512197654658487 0 0.29198416950269118 0.00025189122845714428 0 0.00074876901178140911 0.62372738196279232
1.1298826960670283 7.1666666666666661 -0.072728545181008825 0.0027045760451131287 0.59297957062081452 -0.63734675023740173 0.028452580568527036 0 0.29648978531040726 0.00024504020528679204 0 0.00076352177613383436 0.62198325054564907
1.1221431800150796 7.1666666666666661 -0.070306809797670136 0.0027019391742814439 0.5995004621439417 -0.63221311837597616 0.02839209061309542 0 0.29975023107197085 0.00023620895805624023 0 0.00077469639315864785 0.6201308709865222
1.1143356163922562 7.1666666666666661 -0.06798883215614504 0.0027277987145001639 0.60299044251720824 -0.62944971895304325 0.028330351087246661 0 0.30149522125860412 0.00022832207732139634 0 0.0007900891413718629 0.6181763429173438
1.1064328298226749 7.1666666666666661 -0.065749653471867148 0.0027482005621217694 0.60729300215005111 -0.62602554445706249 0.028266862881957816 0 0.30364650107502555 0.00022332794212597925 0 0.00080404227437032218 0.61613614460823207
1.0985053101077311 7.1666666666666661 -0.063593222425092244 0.0027289316290409365 0.61220801928435908 -0.62209051384917147 0.028202363278894613 0 0.30610400964217954 0.00021492605313347879 0 0.00080721406767696223 0.61402624255865934
1.0905694717976031 7.1666666666666661 -0.061542983401923407 0.0027354856195284452 0.61368400068676965 -0.6209060359562979 0.028137054328178011 0 0.30684200034338482 0.00020395540715506107 0 0.00081420547559772204 0.61184299088925176
1.0825658731837731 7.1666666666666661 -0.059582212909666032 0.0027581076908285867 0.61566872794719818 -0.61930875795854656 0.028070168660773529 0 0.30783436397359909 0.00019778000165124137 0 0.00082568307929875681 0.60959461604218401
1.0745004604945598 7.1666666666666661 -0.057695950387690563 0.0027640029346593167 0.61690091943057879 -0.61831624635564864 0.028001786765882802 0 0.30845045971528939 0.00018970319202545939 0 0.00083118457704707744 0.60728469245790029
1.0663980781478899 7.1666666666666661 -0.055888505231073596 0.0027704191695248786 0.61818907705856641 -0.61727686015848626 0.027932075725125717 0 0.3090945385292832 0.00018234830437696291 0 0.00083668123887226792 0.60492475223174036
1.0582631930691395 7.1666666666666661 -0.054158888168837231 0.0027741364997622858 0.6187200651203365 -0.61684981716969567 0.027861046954063252 0 0.30936003256016825 0.00017421132961343959 0 0.00084033897637200662 0.6025177734573478
1.0500825690865543 7.1666666666666661 -0.052503793634667811 0.0027901758346683008 0.61856767755097053 -0.61697659643982183 0.02778852091354686 0 0.30928383877548526 0.00016709423845040364 0 0.00084662452073707122 0.60006616604111496
1.0418495611353349 7.1666666666666661 -0.050914032954489576 0.0027999322516903563 0.61833723352904346 -0.61716665455915121 0.027714382028504046 0 0.30916861676452173 0.00016063741858366126 0 0.00085061600468051975 0.59757523878165397
1.0335757726494328 7.1666666666666661 -0.049384945336015312 0.0028093758310269515 0.61798412318365414 -0.61745605634188983 0.027638655956229087 0 0.30899206159182707 0.00015443827277601102 0 0.00085422639274420275 0.59505097546392949
1.0252752419277655 7.1666666666666661 -0.047916373475824128 0.0028102924667954251 0.61747833725057544 -0.6178689425311481 0.027561433287575293 0 0.30873916862528772 0.00014795856322345031 0 0.00085493871389910223 0.59249947241972301
1.0169413730658008 7.1666666666666661 -0.046508437266520403 0.0028243935467522326 0.61570985417252166 -0.61930190289791609 0.027482701732152313 0 0.30785492708626083 0.00014142526215905549 0 0.00085792492592239532 0.58992119128496423
1.0085561203235738 7.1666666666666661 -0.045148384382805481 0.002838847991854296 0.61468887698195607 -0.62012922307254392 0.027402001924804721 0 0.30734443849097803 0.00013747904408613627 0 0.00086160489220709724 0.58732210662864215
1.000149776333513 7.1666666666666661 -0.043835722579796677 0.0028333259318477052 0.61277628150945107 -0.62167301926016438 0.0273198758141425 0 0.30638814075472554 0.00013107139279614573 0 0.0008581453826172063 0.58470763228229383
0.99170759398017316 7.1666666666666661 -0.042571149697502558 0.0028576098122881062 0.61026762796818113 -0.62369108684626684 0.02723600962588477 0 0.30513381398409056 0.00012670783333469342 0 0.00086269799086224918 0.58207982618368148
0.98321788755165329 7.1666666666666661 -0.041342435434582797 0.0028611770793670957 0.60804191514041761 -0.62547658364887793 0.027150104355427949 0 0.30402095757020881 0.00012279087519592174 0 0.00086114748171770168 0.57944240167887739
0.97468743302655958 7.1666666666666661 -0.040143113484638039 0.0028817339090294208 0.60658560316074717 -0.62664346651431457 0.0270622008376247 0 0.30329280158037358 0.00012000036216614298 0 0.00086573200734990012 0.57679516153012644
0.96613657717203894 7.1666666666666661 -0.038970764877638779 0.0028721710785480151 0.60775081403085029 -0.62571692786567179 0.026972433177142738 0 0.30387540701542515 0.00011726773180976845 0 0.00086486818073962029 0.57413753565158554
0.95756160882059271 7.1666666666666661 -0.037827041945921375 0.0028951134568586273 0.61193995808030932 -0.62236441799979592 0.026880720367317344 0 0.30596997904015466 0.0001152205452274115 0 0.00087829232453325143 0.57144477721210918
0.94893771035138119 7.1666666666666661 -0.036699066620359579 0.0029031224535627574 0.62451630270112446 -0.61218149964939506 0.02678635447188258 0 0.31225815135056223 0.00011722448161832781 0 0.00089891242610943298 0.56868176647939017
0.94032628027079168 7.1666666666666661 -0.035584205216093547 0.0028857446149378437 0.64690157076585342 -0.59362115280625094 0.026690001407348535 0 0.32345078538292671 0.00011897556875548146 0 0.00092578268662308672 0.56579768040419753
0.93180570687333841 7.1666666666666661 -0.034494762961861297 0.0028408827194086302 0.67939819702305448 -0.56559231369122143 0.026592060287923911 0 0.33969909851152724 0.00012176948184728724 0 0.00095733203328290939 0.56273979543880737
0.92359351737429707 7.1666666666666661 -0.033448328162723889 0.0026781786264093235 0.71950086904297927 -0.52895856679075182 0.026494632960176488 0 0.35975043452148964 0.00012201310971004911 0 0.00095571892222464413 0.55952253334196966
0.91615670564815888 7.1666666666666661 -0.032494996410547143 0.0023202667926768262 0.76166966809814518 -0.48747636935086547 0.02640305335284979 0 0.38083483404907259 0.00011287718950719907 0 0.00087639922153853983 0.5563164948919973
0.90999189285213999 7.1666666666666661 -0.031714178145712417 0.001822454363608689 0.79692159974805699 -0.44987270406219837 0.026323950913735052 0 0.39846079987402849 8.9315558844832655e-05 0 0.00072066304151404336 0.55340283013380687
0.90526181101140102 7.1666666666666661 -0.031134651517373609 0.001354517274013773 0.82382496164759389 -0.41890984334989545 0.02625988379586117 0 0.41191248082379694 6.6812061730574235e-05 0 0.00055392784779195964 0.55099536913867286
0.90174820370798447 7.1666666666666661 -0.030711497829804476 0.0010048136924392834 0.84279719984033663 -0.3956208817502842 0.026209122129346316 0 0.42139859992016832 5.0526874032483003e-05 0 0.00042040162911933967 0.5491068455182333
0.89910328107242332 7.1666666666666661 -0.030380773790327244 0.00077222573771033333 0.85825202098620967 -0.37558384777310139 0.026167772273200527 0 0.42912601049310484 4.3161446190008588e-05 0 0.00032855930806649958 0.54763157694995812
0.89703284333946653 7.1666666666666661 -0.030097687898209515 0.00062093225744759973 0.86433724572141246 -0.3673960392612976 0.02613244369932852 0 0.43216862286070623 3.8093088296543982e-05 0 0.00026562993886672219 0.54644621120442249
0.89535172751916403 7.1666666666666661 -0.029789421663611967 0.00051953040798950235 0.88188798043481154 -0.34268183288332099 0.026099443996302516 0 0.44094399021740577 5.1752177729011137e-05 0 0.00022316161100398218 0.54548313717270469
0.8939535284507758 7.1666666666666661 -0.02938479987297242 0.00045246451777965636 0.90923827883038078 -0.30013693336648983 0.026068034045138834 0 0.45461913941519039 6.9275354165190383e-05 0 0.00019368277187256731 0.54468397773097332
0.89277606974434098 7.1666666666666661 -0.028870690796752016 0.00040629275590664505 0.943477618901852 -0.23631426953946855 0.026037417502037061 0 0.471738809450926 8.979940110342963e-05 0 0.00016932566203951363 0.54399667151952646
0.89182062648313942 7.1666666666666661 -0.028224806223812966 0.00036743403850691937 0.98330954378395774 -0.12654686267160004 0.026006686909666597 0 0.49165477189197887 0.0001181109182557066 0 0.0001366912060692777 0.54341442083601665
0.89113677700504024 7.1666666666666661 -0.027418539873801641 0.00034643223373117139 0.99402707054183159 0.07278843731865503 0.025976390258783545 0 0.4970135352709158 0.00014775193113035522 0 8.8407233663436089e-05 0.54296419700298837
0.89070210615648038 7.1666666666666661 -0.02648985752440472 0.0003407414684512552 0.95248093074506579 0.21643859999985707 0.025949984297415719 0 0.4762404653725329 0.00015327421936999134 0 5.3293047363747242e-05 0.54262006155474041
0.89044619584671214 7.1666666666666661 -0.025525379572637757 0.00032646445466259284 0.8645610818550572 0.36710586926779354 0.025926798762680094 0 0.4322805409275286 0.00013882396771302806 0 2.5376260152380136e-05 0.54230812084917235
0.89035083841508378 7.1666666666666661 -0.024794241989533932 0.00016635308204637983 0.76931782964472739 0.47959443283289199 0.025910429386046572 0 0.3846589148223637 6.3961787819048665e-05 0 1.872673472204846e-06 0.54206683250168619
0.89040674237629447 7.1666666666666661 -0.024032817773731313 0.00034392542947578287 0.67323377288665098 0.57104788549799512 0.025894779041684444 0 0.33661688644332549 0.00011489889437620016 -0 -1.4184263901574747e-05 0.54188535155267525
0.89062834704382321 7.1666666666666661 -0.023016903109668807 0.00035214798946607995 0.51164315573782604 0.69834611261704427 0.025875688490096891 0 0.25582157786891302 8.5941245164266136e-05 -0 -2.7014435652298371e-05 0.54166100746217061
0.89103199816754375 7.1666666666666661 -0.021998637772758924 0.00037988721841155244 0.3981543658883645 0.77535602418400318 0.025858651805749953 0 0.19907718294418225 6.8263850772605408e-05 -0 -3.2549519881220135e-05 0.54147909503100622
0.89162116110677681 7.1666666666666661 -0.020963939900063341 0.00041581711266073574 0.27676640511869144 0.85003867347321438 0.025842764581340581 0 0.13838320255934572 4.8004738782215908e-05 -0 -3.1727570912490138e-05 0.54131399284402049
0.89240961495805382 7.1666666666666661 -0.01991475816111668 0.00046057299217701776 0.18379204885511957 0.903073012429361 0.025827995792156146 0 0.091896024427559786 3.239861803340797e-05 -0 -2.7234546535734919e-05 0.54116936239446323
0.89341390204746007 7.1666666666666661 -0.018859814019942515 0.00051212071882504086 0.091658432920237454 0.95271989352767994 0.02581417355579466 0 0.045829216460118727 1.6074082231148074e-05 -0 -1.7101726958556063e-05 0.5410281978021626
0.89467288969105663 7.1666666666666661 -0.017814426432517058 0.00058064868070776578 0.029136147397565204 0.98498637194564198 0.025801156636791809 0 0.014568073698782602 5.0432676092119549e-06 -0 -6.791096781156265e-06 0.54089825464116303
0.89622532258267862 7.1666666666666661 -0.016774596972762266 0.00066630082088884636 -0.0032358021861511599 1.0012845402773385 0.0257889819060396 0 -0.0016179010930755799 -5.6146561127003392e-07 0 9.2024963853787911e-07 0.54079307440071378
0.89812120936205031 7.1666666666666661 -0.015732561218473246 0.00077722220012858302 -0.039895765647186554 1.0194269453372824 0.025777291701884399 0 -0.019947882823593277 -6.9350244566127922e-06 0 1.3866416622436495e-05 0.54068972012295891
0.90046632168568408 7.1666666666666661 -0.014687126326249316 0.00093590237000729017 -0.076079484965325905 1.0370224712326825 0.02576585189327216 0 -0.038039742482662953 -1.3287260232898585e-05 0 3.302899423175132e-05 0.54056945355624875
0.90339987559134372 7.1666666666666661 -0.013649881960676133 0.0011399979603560566 -0.11266436067725172 1.0545146158058729 0.025754334179787043 0 -0.056332180338625859 -1.927669281942921e-05 0 6.1257113343773562e-05 0.5404081453141909
0.90706950859445867 7.1666666666666661 -0.012653119698425315 0.0013966936017765577 -0.15633223245585359 1.0750207252865429 0.025742429183136215 0 -0.078166116227926796 -2.5193827040149778e-05 0 0.00010622738976627299 0.54016274982868928
0.91167145559502072 7.1666666666666661 -0.011734281206095883 0.0017334415944441428 -0.21848682304390477 1.1035509984239298 0.025729689493899345 0 -0.10924341152195238 -3.1707642082771635e-05 0 0.00018669363658410215 0.53974977275798264
0.91738238973173158 7.1666666666666661 -0.010927914262336231 0.0021128463342183377 -0.32164144982742027 1.149339012067256 0.025715465535049085 0 -0.16082072491371013 -3.9775842195885044e-05 0 0.00033745336342202846 0.53902020595538969
0.92414211050463424 7.1666666666666661 -0.010270309491161205 0.0024157287320443546 -0.48534460955838532 1.2184761628003475 0.025699226558914635 0 -0.24267230477919266 -4.6368090239001439e-05 0 0.0005843938324582821 0.53773457353072895
0.93161588142430751 7.1666666666666661 -0.0097923122200561027 0.0025775135194196657 -0.69507496558156423 1.3016971393717636 0.025681178573650851 0 -0.34753748279078212 -4.4342999670214043e-05 0 0.0008946843543362193 0.53568594331816599
0.93940808915355634 7.1666666666666661 -0.0095272652880769686 0.0026209116680832012 -0.88757943310122323 1.3736523889919232 0.025662176797876333 0 -0.44378971655061161 -2.1792721315219472e-05 0 0.0011629294718136947 0.53285555902673098
0.9473404368835725 7.1666666666666661 -0.0095101252800572147 0.00266804629702651 -0.99346239800295644 1.4116673966963125 0.02564291534932104 0 -0.49673119900147822 1.8716479293719234e-05 0 0.0013251696684607912 0.52946038675296603
0.95540214931268386 7.1666666666666661 -0.0097583556590727337 0.0027097105295752462 -1.0078631269354248 1.4167591714569074 0.0256237590560369 0 -0.5039315634677124 6.4406298078049622e-05 0 0.0013639889073761801 0.52580397052103889
0.96358064453906467 7.1666666666666661 -0.010271961851588941 0.0027540089904595196 -0.98521070246908105 1.4087423748982617 0.025605148605045456 0 -0.49260535123454052 0.00010571138415504255 0 0.0013525147006328618 0.52207672842570807
0.9718635887596716 7.1666666666666661 -0.01103588825027679 0.002791923113979649 -0.96928424327602314 1.4030785835210056 0.025587726368548815 0 -0.48464212163801157 0.00014281810413367533 0 0.0013455251982643797 0.5182929400559072
0.98021029299967322 7.1666666666666661 -0.012029902764640346 0.0028123214543441036 -0.97001286229221373 1.4033384952115129 0.025572057987193617 0 -0.48500643114610686 0.00017847682639051781 0 0.0013522668494521833 0.51441846275745018
0.98857597936802444 7.1666666666666661 -0.013244612976067034 0.0028237607471675377 -0.97637360781928906 1.4056032015415603 0.025558709580197545 0 -0.48818680390964453 0.00021568982995738068 0 0.0013615442798026575 0.5104228851927356
0.99695658355037398 7.1666666666666661 -0.014680880392702276 0.0028452121631351184 -0.97751481679903485 1.4060092869962098 0.025548026918817055 0 -0.48875740839951742 0.00025204896012534327 0 0.0013675859017877614 0.50630552282005015
1.0053787090410431 7.1666666666666661 -0.016336400484973784 0.0028773805610112016 -0.969480440354624 1.4031493638084804 0.025540227063997615 0 -0.484740220177312 0.00028502079327237398 0 0.0013653498514013111 0.50207478473727263
1.0138636800766103 7.1666666666666661 -0.018201331923037752 0.0029146063842017469 -0.95378517115463524 1.3975453887166032 0.02553541915837124 0 -0.47689258557731762 0.00031250816163262484 0 0.0013543674745536711 0.49775064745801401
1.0224156650912091 7.1666666666666661 -0.020258640484720439 0.0029496199595978202 -0.93372998077505875 1.39035175181152 0.025534036298558917 0 -0.46686499038752938 0.00033438649221319955 0 0.001335859006502437 0.49335559912831578
1.0310147188869105 7.1666666666666661 -0.022485303819031105 0.0029723502622508789 -0.91431525404293179 1.3833521495939536 0.025535940490211854 0 -0.4571576270214659 0.00035119037530923202 0 0.0013126657361694093 0.48891542239355418
1.0396165107734936 7.1666666666666661 -0.024858330024029797 0.0029765756377465192 -0.89712556182562686 1.3771249800948804 0.02554116333102702 0 -0.44856278091281343 0.00036504637672920442 0 0.0012843089844502846 0.48444866554854299
1.0481816235991612 7.1666666666666661 -0.027367951583473236 0.0029737589321157821 -0.87869209194703757 1.3704157395186007 0.025549810698399514 0 -0.43934604597351878 0.00037751586450676439 0 0.0012507790117404943 0.47996657765896439
1.0566977018865309 7.1666666666666661 -0.030014985586839057 0.0029717630128707918 -0.85646119795079056 1.3622803654434548 0.025561765941300583 0 -0.42823059897539528 0.00038772925120090915 0 0.0012120958785287257 0.47548054470278533
1.0651641220281791 7.1666666666666661 -0.032799822047019714 0.0029702121906526667 -0.83040873176512542 1.3526842000028663 0.02557707621545605 0 -0.41520436588256271 0.00039491581981899185 0 0.0011683042822209272 0.47100182050716149
1.0735860692210983 7.1666666666666661 -0.035724771484537954 0.0029735986014609557 -0.79954290653089655 1.3412262187383197 0.025595638296505605 0 -0.39977145326544827 0.00039930383720170742 0 0.0011196903095598129 0.4665369554462519
1.0819694129362265 7.1666666666666661 -0.038792317390392017 0.0029778965650821805 -0.76331904600969125 1.3276531161730021 0.025617359852418066 0 -0.38165952300484562 0.00039929231219608543 0 0.0010640933659480764 0.46209799088388476
1.0903266394261999 7.1666666666666661 -0.042004512312211958 0.0029911532472339029 -0.72166051654976648 1.3118700351866477 0.025642295707486443 0 -0.36083025827488324 0.00039520401991773052 0 0.0010043402052497901 0.45769667449814078
1.0986729657925149 7.1666666666666661 -0.045359785788310521 0.0030060079653900385 -0.67677850262796624 1.2946503528941871 0.025670340452030514 0 -0.33838925131398312 0.00038630043700998892 0 0.00094099384114341197 0.45334756624356887
1.107001577561435 7.1666666666666661 -0.048845285808694711 0.0030131558518388456 -0.63177364739210362 1.2771503736062559 0.025701567841368379 0 -0.31588682369605181 0.00037340370662221052 0 0.00087551345513378794 0.44906874521171997
1.1152897479104078 7.1666666666666661 -0.052448349745367939 0.0030119683217127591 -0.58573592367320315 1.2589970580128185 0.02573580362590128 0 -0.29286796183660158 0.00035728777257932107 0 0.00080651210586024343 0.44487214972314143
1.1235300753917126 7.1666666666666661 -0.056169000916924623 0.0030157584147774853 -0.53622601455850405 1.2391778580725163 0.025773059991289458 0 -0.26811300727925202 0.00033794898005038695 0 0.00073455178338294289 0.44076618204432366
1.131737723917432 7.1666666666666661 -0.060011680139643572 0.0030261441612204872 -0.4835838524804823 1.2177510140859371 0.025813178284629763 0 -0.24179192624024115 0.00031464721714335255 0 0.00066058909998560351 0.43676148235911827
1.139893751388847 7.1666666666666661 -0.0639570961259327 0.0030140948378283268 -0.43233342805121877 1.1965219988452882 0.025856030834116726 0 -0.21616671402560939 0.00028727763624601069 0 0.00058479485527975221 0.43288620850015241
1.1479285912756994 7.1666666666666661 -0.067976388050580039 0.0029754373515136186 -0.37915487190195862 1.1740885794140397 0.025901343430042415 0 -0.18957743595097931 0.00025603657757890534 0 0.00050261989710018336 0.42916092566689001
1.1558140478016039 7.1666666666666661 -0.072081994509174685 0.0029516278753518562 -0.31523198057979673 1.1465420333878094 0.025948916253749711 0 -0.15761599028989837 0.00021853557191487845 0 0.00041070103710014351 0.42559256566196635
1.1635754241288576 7.1666666666666661 -0.076300421817994624 0.0029377310586127222 -0.24064611728011509 1.1135394866236872 0.025998634771275706 0 -0.12032305864005755 0.00017155403238189833 0 0.00030905509625525233 0.42221148462327196
1.1711876105086372 7.1666666666666661 -0.080612945130083241 0.0028950924837761343 -0.15937610266951241 1.0764281180472506 0.026050131415538639 0 -0.079688051334756205 0.00011548687421509415 0 0.00019971791603798006 0.4190710039305639
1.1785368433451788 7.1666666666666661 -0.084963000034837144 0.0027986471718877853 -0.068737808821563107 1.0334681698830104 0.026102694501225907 0 -0.034368904410781553 4.986239212021363e-05 0 8.2253100487675879e-05 0.41623198230469888
1.1855154471700535 7.1666666666666661 -0.089339896920040976 0.0026937487646731331 0.074979293260425739 0.9614242413311469 0.026155972939328399 0 0.037489646630212869 -5.5002248084061648e-05 -0 -8.4695136197320648e-05 0.41374561099126594
1.1920227625777058 7.1666666666666661 -0.093580333965716134 0.0024842654549840706 0.22739954009036234 0.87858615202533652 0.026207506156632508 0 0.11369977004518117 -0.00015461194383017108 -0 -0.00023638745860635868 0.41193038340103222
1.1977452154959538 7.1666666666666661 -0.097265977523383951 0.002053634565948757 0.43899428056215439 0.74854295242649893 0.026252005836998833 0 0.2194971402810772 -0.00024084748453463828 -0 -0.00038102926438576557 0.4109453469174576
1.2012610470204288 7.1666666666666661 -0.099485905624243254 0.00071838146985207275 0.60468130622264549 0.62819436022112807 0.026278119486031985 0 0.30234065311132274 -0.00011570054253849499 -0 -0.00018381363749120738 0.41101078852378375
1.2001411442393453 7.5 -0.099784159789142651 0.0013669896906639172 -0.2574324180361458 -1.1207309830549714 0.037342759094409921 0 -0.1287162090180729 -2.3664038279648137e-05 -0 -0.00017435517960992058 0.61946154621511684
1.1953279575719831 7.5 -0.098257623700580082 0.002033083886811891 0.20693143650367019 -0.88976282585872279 0.037291784835670909 0 0.10346571825183509 8.6274280663664545e-05 0 0.0001918482673721713 0.62016554737443552
1.1892223033436113 7.5 -0.095497186507080695 0.0024340393542550852 0.36530853527489671 -0.795804588153329 0.037236033612801804 0 0.18265426763744835 0.00018383190244520561 0 0.0004048012265114739 0.62038179151105244
1.1823891933399708 7.5 -0.092418695519260463 0.0025623583026815494 0.45113185665865663 -0.73992311127088628 0.037174356061067552 0 0.22556592832932831 0.00023591488899309739 0 0.00052764181841805416 0.62013740836099951
1.1753131306913638 7.5 -0.089349139204410663 0.0025800660900553787 0.49564584081917806 -0.7092087229440025 0.037109924292013756 0 0.24782292040958903 0.00024794457540915429 0 0.00058936849688219397 0.61949213864411345
1.1680700523587131 7.5 -0.086397942189822219 0.0026344182806355581 0.51914070741618423 -0.69245006754811977 0.037043171252203348 0 0.25957035370809212 0.00025099772649696256 0 0.00063608621537850529 0.61855380591708631
1.1605924331157629 7.5 -0.083509437373744555 0.0027097997010344997 0.53662233190794018 -0.67971366438370551 0.03697299747295623 0 0.26831116595397009 0.00025722886727568955 0 0.00068004661076059988 0.61740758296705966
1.152955710810208 7.5 -0.08066549012810445 0.0027229937168740835 0.55405521240938227 -0.66677070124990656 0.03690012934022862 0 0.27702760620469113 0.00025964931390755 0 0.00070824978257176302 0.61609338557559135
1.1452797786568585 7.5 -0.07790795128804856 0.0027146029287864817 0.56850753591371994 -0.65584777220590484 0.036826129023176377 0 0.28425376795685997 0.00025613836766006195 0 0.00072788421086989439 0.61462526539619433
1.1375921272453167 7.5 -0.075262283605134261 0.0027056352909291515 0.57990854856677854 -0.64710184442830054 0.036751249920416278 0 0.28995427428338927 0.00025014006228501893 0 0.00074356351505888067 0.61302214536396116
1.1298826960670283 7.5 -0.072728545181008825 0.0027045760451131287 0.58890919825012511 -0.6401138314707564 0.036675393790701165 0 0.29445459912506255 0.0002433581829529312 0 0.00075828075587618669 0.61130030433955773
1.1221431800150796 7.5 -0.070306809797670136 0.0027019391742814439 0.59540629116474908 -0.63502304060975556 0.036598452562800574 0 0.29770314558237454 0.00023459581524457217 0 0.00076940575588505433 0.60947052915821309
1.1143356163922562 7.5 -0.06798883215614504 0.0027277987145001635 0.5988506283973285 -0.63230978691302697 0.036519925748471009 0 0.29942531419866425 0.0002267545384469333 0 0.0007846648063363676 0.60753907060858159
1.1064328298226749 7.5 -0.065749653471867148 0.0027482005621217698 0.60311205723321892 -0.62893571034201767 0.036439196250228505 0 0.30155602861660946 0.00022179042758009701 0 0.00079850679734680115 0.60552259240262452
1.0985053101077311 7.5 -0.063593222425092244 0.0027289316290409369 0.60799547034517842 -0.6250461473029203 0.036357164309082632 0 0.30399773517258921 0.00021344716607448852 0 0.00080165969945999711 0.60343678280458402
1.0905694717976031 7.5 -0.061542983401923407 0.0027354856195284448 0.6094173296637565 -0.62391254340304658 0.036274075047959535 0 0.30470866483187825 0.00020253739621666031 0 0.00080854466823493626 0.60127794560395076
1.0825658731837731 7.5 -0.059582212909666032 0.0027581076908285863 0.61134655900767876 -0.62236950506229083 0.036188950811545155 0 0.30567327950383938 0.00019639152999239106 0 0.00081988655009849847 0.59905457574360421
1.0745004604945598 7.5 -0.057695950387690563 0.0027640029346593167 0.61252109561108026 -0.62143025590351764 0.03610182040573983 0 0.30626054780554013 0.00018835635247165401 0 0.00082528339924965927 0.5967702231497809
1.0663980781478899 7.5 -0.055888505231073596 0.002770419169524879 0.6137512057292398 -0.62044489111896439 0.036012933164860088 0 0.3068756028646199 0.00018103925777297516 0 0.00083067485050409423 0.59443635746940704
1.0582631930691395 7.5 -0.054158888168837231 0.0027741364997622862 0.61421956210519391 -0.6200725949637631 0.035922344991816395 0 0.30710978105259695 0.00017294413519322181 0 0.00083422644130145196 0.59205595213368778
1.0500825690865543 7.5 -0.052503793634667811 0.0027901758346683004 0.61399833440668417 -0.62025631028348749 0.035829808076933305 0 0.30699916720334208 0.00016585991771134401 0 0.00084037052769797332 0.58963147438419095
1.0418495611353349 7.5 -0.050914032954489576 0.0027999322516903558 0.6136962933069301 -0.62050520343576343 0.035735125607891376 0 0.30684814665346505 0.00015943175181048873 0 0.00084423169234149932 0.58716829414400784
1.0335757726494328 7.5 -0.049384945336015312 0.0028093758310269511 0.61326939228299859 -0.62085466234084841 0.035638405781299114 0 0.3066346961414993 0.00015326003069893334 0 0.00084770931986330315 0.58467236975564829
1.0252752419277655 7.5 -0.047916373475824128 0.0028102924667954251 0.61268952973399582 -0.62132712612703722 0.035539732760968105 0 0.30634476486699791 0.00014681108154358815 0 0.00084830830001678722 0.58214977261278888
1.0169413730658008 7.5 -0.046508437266520403 0.0028243935467522326 0.61083325722870052 -0.62282486731801523 0.035439066319475458 0 0.30541662861435026 0.00014030513390944215 0 0.00085112991680660996 0.57960096588287668
1.0085561203235738 7.5 -0.045148384382805481 0.002838847991854296 0.60972937968238405 -0.62371627992482304 0.035335852534723815 0 0.30486468984119203 0.00013636982123629293 0 0.00085465320120338222 0.57703211284717448
1.000149776333513 7.5 -0.043835722579796677 0.0028333259318477052 0.60773246290197624 -0.62532098320407714 0.035230740308856028 0 0.30386623145098812 0.00012999253196252413 0 0.00085108190810069713 0.57444839853560115
0.99170759398017316 7.5 -0.042571149697502558 0.0028576098122881067 0.60512658323398938 -0.62740717894485276 0.035123333760793185 0 0.30256329161699469 0.0001256404153536431 0 0.00085543041060752304 0.57185201226398197
0.98321788755165329 7.5 -0.041342435434582797 0.0028611770793670953 0.60280119409201327 -0.62926375431523163 0.035013331933514129 0 0.30140059704600664 0.00012173253907111254 0 0.00085372524055168572 0.56924677006716318
0.97468743302655958 7.5 -0.040143113484638039 0.0028817339090294208 0.60124732832921268 -0.63050345715190459 0.034900747703792527 0 0.30062366416460634 0.00011894429537229131 0 0.00085811310679965894 0.5666324611617557
0.96613657717203894 7.5 -0.038970764877638779 0.0028721710785480151 0.60232867242368737 -0.62965171302306588 0.034785742243502553 0 0.30116433621184369 0.00011622150984980724 0 0.00085715212731898003 0.56400847157017364
0.95756160882059271 7.5 -0.037827041945921375 0.0028951134568586273 0.60644176120700644 -0.62638355152812886 0.03466821552952392 0 0.30322088060350322 0.00011418530437878812 0 0.00087040098805680425 0.56135007834394779
0.94893771035138119 7.5 -0.036699066620359579 0.0029031224535627574 0.61898823568699335 -0.61629396567926209 0.034547245625884564 0 0.30949411784349667 0.00011618683890623192 0 0.00089095547108700135 0.55862243171965487
0.94032628027079168 7.5 -0.035584205216093547 0.0028857446149378437 0.64140517998619084 -0.59783762766617388 0.034423697655691469 0 0.32070258999309542 0.0001179646943834521 0 0.0009179167860708555 0.55577445756593513
0.93180570687333841 7.5 -0.034494762961861297 0.0028408827194086306 0.67399637333848217 -0.56993619639873216 0.03429808589504052 0 0.33699818666924108 0.00012080130549064843 0 0.00094972038686693913 0.55275328212997754
0.92359351737429707 7.5 -0.033448328162723889 0.0026781786264093235 0.71425426545433168 -0.53345846499670513 0.034173098616125212 0 0.35712713272716584 0.00012112338956263875 0 0.00094874981552467332 0.54957254242132569
0.91615670564815888 7.5 -0.032494996410547143 0.0023202667926768262 0.75661685304760296 -0.49216193175420581 0.034055541169764933 0 0.37830842652380148 0.0001121283772781011 0 0.00087058530592347969 0.54640084183703652
0.90999189285213999 7.5 -0.031714178145712417 0.001822454363608689 0.79200570105406676 -0.45479822518269319 0.033953988228271045 0 0.39600285052703338 8.8764605979184237e-05 0 0.00071621755213879508 0.54351683812887575
0.90526181101140102 7.5 -0.031134651517373609 0.001354517274013773 0.81895291068306419 -0.42414596113070724 0.033871713470747015 0 0.4094764553415321 6.6416939241027844e-05 0 0.00055065195202434736 0.54113340608117544
0.90174820370798447 7.5 -0.030711497829804476 0.0010048136924392837 0.83785485358441958 -0.40125087915261537 0.03380648450865148 0 0.41892742679220979 5.0230573443509839e-05 0 0.00041793630244519681 0.53926392238969501
0.89910328107242332 7.5 -0.030380773790327244 0.00077222573771033322 0.85316995187813638 -0.38169458793129296 0.033753365251838967 0 0.42658497593906819 4.290586921846827e-05 0 0.00032661377101110643 0.53780416251853236
0.89703284333946653 7.5 -0.030097687898209515 0.00062093225744759963 0.85881401024769644 -0.37423222882328011 0.033707991074279402 0 0.42940700512384822 3.7849668152816091e-05 0 0.00026393252653317728 0.53663204554777533
0.89535172751916403 7.5 -0.029789421663611967 0.00051953040798950246 0.87609749005551074 -0.35038427355651958 0.033665572752580912 0 0.43804874502775537 5.1412372114357057e-05 0 0.00022169632834879657 0.5356813491315372
0.8939535284507758 7.5 -0.02938479987297242 0.00045246451777965636 0.90358490658441071 -0.30868177568644883 0.033625210403062093 0 0.45179245329220535 6.88446206889546e-05 0 0.0001924785102037389 0.53489397189954235
0.89277606974434098 7.5 -0.028870690796752016 0.000406292755906645 0.93844629792570056 -0.24581638308817266 0.033585828555333201 0 0.46922314896285028 8.932052423198522e-05 0 0.00016842269228363138 0.53421815475513801
0.89182062648313942 7.5 -0.028224806223812966 0.00036743403850691937 0.98012313366681914 -0.13693616082037707 0.033546299243831276 0 0.49006156683340957 0.00011772818036075416 0 0.00013624825883593047 0.53364744214404269
0.89113677700504024 7.5 -0.027418539873801641 0.00034643223373117139 0.9949585805039467 0.062599312113356231 0.033507396481790179 0 0.49747929025197335 0.00014789039053437794 0 8.8490080721952954e-05 0.53320857489787332
0.89070210615648038 7.5 -0.02648985752440472 0.00034074146845125525 0.9559225248276273 0.20726070453561543 0.033473504862397911 0 0.47796126241381365 0.00015382804425967221 0 5.3485610837228306e-05 0.53287433735029754
0.89044619584671214 7.5 -0.025525379572637757 0.00032646445466259284 0.87027841149431262 0.35861275477041299 0.033443693301771819 0 0.43513920574715631 0.00013974200855699213 0 2.5544072985212439e-05 0.53257109348607201
0.89035083841508378 7.5 -0.024794241989533932 0.00016635308204637983 0.7764956914962432 0.47157950956803307 0.033422666849463038 0 0.3882478457481216 6.4558561816803421e-05 0 1.890145823629084e-06 0.53233594616758695
0.89040674237629447 7.5 -0.024032817773731313 0.00034392542947578292 0.68112947492892495 0.5636974327039237 0.033402536342026549 0 0.34056473746446247 0.00011624643140051093 -0 -1.4350617293169486e-05 0.53216033631452375
0.89062834704382321 7.5 -0.023016903109668807 0.00035214798946607995 0.5200628683102585 0.69197040492569695 0.033377992700408643 0 0.26003143415512925 8.735551324209587e-05 -0 -2.7458991161246438e-05 0.53194315443255313
0.89103199816754375 7.5 -0.021998637772758924 0.00037988721841155249 0.40611860655145671 0.76991477891821547 0.033356058697914852 0 0.20305930327572835 6.9629325529938299e-05 -0 -3.3200604565984908e-05 0.53176763448697351
0.89162116110677681 7.5 -0.020963939900063341 0.00041581711266073574 0.28418779887836754 0.84539986940511214 0.033335595561678533 0 0.14209389943918377 4.9291968959883012e-05 -0 -3.2578334561635549e-05 0.53160850013229544
0.89240961495805382 7.5 -0.01991475816111668 0.0004605729921770177 0.19039889584864023 0.89916133721997216 0.033316569453521905 0 0.095199447924320113 3.3563264238081269e-05 -0 -2.8213557777082784e-05 0.53146941767538791
0.89341390204746007 7.5 -0.018859814019942515 0.00051212071882504086 0.097478014783942468 0.94942781666344966 0.033298741143361225 0 0.048739007391971234 1.7094658674010634e-05 -0 -1.818755067248161e-05 0.53133344037239516
0.89467288969105663 7.5 -0.017814426432517058 0.00058064868070776589 0.034081649431279115 0.98224776081704235 0.033281931113252831 0 0.017040824715639558 5.8993001476801507e-06 -0 -7.9438017865257444e-06 0.5312083893149302
0.89622532258267862 7.5 -0.016774596972762266 0.00066630082088884636 0.00084091009821651852 0.99902575119600956 0.033266174247007056 0 0.00042045504910825926 1.4591191771208782e-07 -0 -2.3915158263956174e-07 0.53110779088513871
0.89812120936205031 7.5 -0.015732561218473246 0.00077722220012858292 -0.036520981430905763 1.0175536105719296 0.033251030704861621 0 -0.018260490715452882 -6.3483904944356906e-06 0 1.2693455953687621e-05 0.53100883894504347
0.90046632168568408 7.5 -0.014687126326249316 0.00093590237000729017 -0.073297803043540055 1.0354676054633247 0.033236141165733972 0 -0.036648901521770028 -1.2801440282924377e-05 0 3.1821360449909801e-05 0.53089288988508088
0.90339987559134372 7.5 -0.013649881960676133 0.0011399979603560566 -0.11036412512773364 1.053214358105339 0.033221092825077229 0 -0.055182062563866818 -1.8883126177468544e-05 0 6.0006444641380106e-05 0.53073594198377438
0.90706950859445867 7.5 -0.012653119698425315 0.0013966936017765579 -0.15438908401868567 1.0739117619163743 0.033205596461354014 0 -0.077194542009342837 -2.4880677634743764e-05 0 0.00010490702490506596 0.53049502106402668
0.91167145559502072 7.5 -0.011734281206095883 0.0017334415944441426 -0.21675720850548341 1.1025677767764297 0.03318894574650743 0 -0.10837860425274171 -3.1456633816179728e-05 0 0.00018521570751008317 0.53008685575070613
0.91738238973173158 7.5 -0.010927914262336231 0.0021128463342183377 -0.31996947292101163 1.1484203064324356 0.033170358675213833 0 -0.15998473646050582 -3.956907689986938e-05 0 0.0003356991920273457 0.52936266110632102
0.92414211050463424 7.5 -0.010270309491161205 0.0024157287320443551 -0.48357077595444298 1.2175680330459657 0.033149070258770501 0 -0.24178538797722149 -4.6198624513006447e-05 0 0.00058225799454531067 0.52808316634643104
0.93161588142430751 7.5 -0.0097923122200561027 0.0025775135194196657 -0.69312591916284605 1.3007800074473428 0.033125388875255006 0 -0.34656295958142302 -4.4218658312832336e-05 0 0.00089217558704772525 0.52604137365482673
0.93940808915355634 7.5 -0.0095272652880769686 0.0026209116680832012 -0.88548919227180622 1.3727321489609381 0.03310044532768807 0 -0.44274459613590311 -2.1741399671005591e-05 0 0.0011601907843530987 0.52321817348888855
0.9473404368835725 7.5 -0.0095101252800572147 0.0026680462970265105 -0.99133496557751921 1.4107590144715996 0.0330751971217133 0 -0.49566748278875961 1.8676399221217725e-05 0 0.0013223319073864352 0.51983029129341385
0.95540214931268386 7.5 -0.0097583556590727337 0.0027097105295752467 -1.0058114298572773 1.4158810400018873 0.033050119825070216 0 -0.50290571492863867 6.427518680901966e-05 0 0.0013612122485411671 0.51618111433115399
0.96358064453906467 7.5 -0.010271961851588941 0.0027540089904595196 -0.98332255970763205 1.4079175595082436 0.033025828316385834 0 -0.49166127985381602 0.00010550878974118278 0 0.0013499226248105498 0.51246090645170217
0.9718635887596716 7.5 -0.01103588825027679 0.0027919231139796495 -0.9676249490285036 1.4023322498433313 0.033003182844149763 0 -0.4838124745142518 0.00014257361727620856 0 0.0013432218262278896 0.50868369544226233
0.98021029299967322 7.5 -0.012029902764640346 0.0028123214543441031 -0.96863076713097285 1.4026913024650181 0.0329829822782002 0 -0.48431538356548642 0.00017822252877474693 0 0.0013503401105995478 0.50481511448763783
0.98857597936802444 7.5 -0.013244612976067034 0.0028237607471675373 -0.97531336179080497 1.4050717458533684 0.032965903527319589 0 -0.48765668089540248 0.0002154556119451717 0 0.0013600657761809851 0.50082454647017471
0.99695658355037398 7.5 -0.014680880392702276 0.002845212163135118 -0.97681077019094942 1.4056048197195055 0.032952404650435051 0 -0.48840538509547471 0.00025186742403770742 0 0.0013666009098481278 0.49671117996460179
1.0053787090410431 7.5 -0.016336400484973784 0.0028773805610112012 -0.96915411227247383 1.4028787853657263 0.032942766174964798 0 -0.48457705613623692 0.00028492485498938245 0 0.0013648902732809841 0.49248334618240747
1.0138636800766103 7.5 -0.018201331923037752 0.0029146063842017465 -0.95385764816094798 1.3974164694362785 0.032937199474068389 0 -0.47692882408047399 0.0003125319087579612 0 0.0013544703913351136 0.48816096349403859
1.0224156650912091 7.5 -0.020258640484720439 0.0029496199595978206 -0.93421174251491235 1.3903693605265757 0.03293605659203238 0 -0.46710587125745617 0.00033455902026904979 0 0.0013365482483308272 0.48376639858473902
1.0310147188869105 7.5 -0.022485303819031105 0.0029723502622508789 -0.91519535318133949 1.3835137692094384 0.032939392666418953 0 -0.45759767659066974 0.00035152842320393792 0 0.001313929278452349 0.47932541448588406
1.0396165107734936 7.5 -0.024858330024029797 0.0029765756377465196 -0.89839823090715565 1.377429747451052 0.032947257003988865 0 -0.44919911545357782 0.0003655642342697275 0 0.0012861309148524387 0.47485658150511517
1.0481816235991612 7.5 -0.027367951583473236 0.0029737589321157821 -0.88035135612093351 1.3708628735403616 0.032959643044124153 0 -0.44017567806046676 0.00037822874055833485 0 0.0012531409003049439 0.47037112986187307
1.0566977018865309 7.5 -0.030014985586839057 0.0029717630128707922 -0.85849948283692723 1.3628690473135554 0.032976396279293621 0 -0.42924974141846362 0.00038865200482305441 0 0.0012149805354351507 0.46588048337737864
1.0651641220281791 7.5 -0.032799822047019714 0.0029702121906526667 -0.83281539415661321 1.3534129299237045 0.03299750402601536 0 -0.4164076970783066 0.0003960603514393924 0 0.0011716902220241594 0.4613958768911498
1.0735860692210983 7.5 -0.035724771484537954 0.0029735986014609557 -0.80229564136142706 1.3420898372685837 0.033022871798402735 0 -0.40114782068071353 0.000400678594668319 0 0.0011235452753025597 0.45692390189274512
1.0819694129362265 7.5 -0.038792317390392017 0.0029778965650821805 -0.7664026425988304 1.3286497588522515 0.033052396292621182 0 -0.3832013212994152 0.00040090534205351378 0 0.0010683920071138065 0.45247663675654565
1.0903266394261999 7.5 -0.042004512312211958 0.0029911532472339034 -0.72505099660933992 1.3129951636061263 0.03308620492382762 0 -0.36252549830466996 0.00039706075354561493 0 0.0010090587610815649 0.44806579721491119
1.0986729657925149 7.5 -0.045359785788310521 0.003006007965390039 -0.68046171709923109 1.2959029728252447 0.033124041449138407 0 -0.34023085854961554 0.00038840279007576489 0 0.00094611498804688548 0.44370601221826678
1.107001577561435 7.5 -0.048845285808694711 0.003013155851838846 -0.63574052645495671 1.2785306189851102 0.033165988188317029 0 -0.31787026322747836 0.00037574829214252439 0 0.00088101076577463673 0.43941528630949034
1.1152897479104078 7.5 -0.052448349745367939 0.0030119683217127596 -0.58996306532412834 1.2604999178549914 0.033211781218242635 0 -0.29498153266206417 0.00035986624858496725 0 0.00081233254605670195 0.43520565907488773
1.1235300753917126 7.5 -0.056169000916924623 0.0030157584147774857 -0.5406871580935968 1.2407984702630972 0.03326130313674882 0 -0.2703435790467984 0.00034076055365295509 0 0.00074066290229672367 0.4310855527180591
1.131737723917432 7.5 -0.060011680139643572 0.0030261441612204872 -0.48825274961673837 1.2194846854168162 0.03331443606887504 0 -0.24412637480836918 0.00031768506773227569 0 0.00066696694436842294 0.42706564969932803
1.139893751388847 7.5 -0.0639570961259327 0.0030140948378283268 -0.43720290115553717 1.1983694259987019 0.033370945253002236 0 -0.21860145057776859 0.00029051331184361078 0 0.00059138153730469887 0.42317416039199102
1.1479285912756994 7.5 -0.067976388050580039 0.0029754373515136186 -0.384213448991233 1.1760509566772168 0.03343046948273428 0 -0.1921067244956165 0.00025945254519883819 0 0.00050932570964409255 0.41943176630781048
1.1558140478016039 7.5 -0.072081994509174685 0.0029516278753518562 -0.32043329028919842 1.1486128699071796 0.033492765977010168 0 -0.16021664514459921 0.00022214139639360002 0 0.00041747758079980655 0.41584545220446012
1.1635754241288576 7.5 -0.076300421817994624 0.0029377310586127222 -0.24593473659115639 1.1157099169865965 0.03355767764488931 0 -0.12296736829557819 0.00017532423228703878 0 0.00031584712252480027 0.41244562767881543
1.1711876105086372 7.5 -0.080612945130083241 0.0028950924837761343 -0.16471627687241819 1.0786962721965683 0.03362483043296146 0 -0.082358138436209094 0.00011935646329481035 0 0.00020640981303646366 0.40928573689007453
1.1785368433451788 7.5 -0.084963000034837144 0.0027986471718877848 -0.074105049242275234 1.0358425656833363 0.033693150058110813 0 -0.037052524621137617 5.3755787197088035e-05 0 8.8675652693440393e-05 0.4064269315779267
1.1855154471700535 7.5 -0.089339896920040976 0.0026937487646731331 0.069784658703266667 0.96388560572088955 0.033762114578431944 0 0.034892329351633333 -5.1191641632670821e-05 -0 -7.8827379084889885e-05 0.40392054129653843
1.1920227625777058 7.5 -0.093580333965716134 0.0024842654549840711 0.22259739362422371 0.8810551826946984 0.033828559274493401 0 0.11129869681211185 -0.00015134690116829129 -0 -0.00023139550832125728 0.40208596798247809
1.1977452154959538 7.5 -0.097265977523383951 0.002053634565948757 0.43495488707222252 0.75093066829637412 0.033885754230036584 0 0.21747744353611126 -0.00023863133319924987 -0 -0.00037752323435716822 0.40108425526807295
1.2012610470204288 7.5 -0.099485905624243254 0.00071838146985207265 0.60131168587495587 0.63050598973305405 0.033919183890330044 0 0.30065584293747794 -0.00011505579480383805 -0 -0.00018278932573111278 0.40113992688220834
1.2001411442393453 7.833333333333333 -0.099784159789142651 0.0013669896906639209 -0.26748030428640246 -1.1247875895743826 0.048303029158145709 0 -0.13374015214320123 -2.4587673176408714e-05 -0 -0.0001811604647609838 0.60544544032663794
1.1953279575719831 7.833333333333333 -0.098257623700580082 0.0020330838868118963 0.19978397797398761 -0.89324638741133333 0.048238090785338958 0 0.099891988986993807 8.3294347533925919e-05 0 0.00018522178490917621 0.60616847838645149
1.1892223033436113 7.833333333333333 -0.095497186507080695 0.0024340393542550912 0.35945210668760541 -0.79889161158893351 0.048167273591425135 0 0.17972605334380271 0.00018088480894812666 0 0.00039831167248742663 0.60640551701953405
1.1823891933399708 7.833333333333333 -0.092418695519260463 0.0025623583026815563 0.44561895365870929 -0.74301311459593178 0.048089061955329575 0 0.22280947682935465 0.00023303197154875017 0 0.00052119395152344281 0.606184132957309
1.1753131306913638 7.833333333333333 -0.089349139204410663 0.0025800660900553857 0.49024668798239146 -0.71235425936069385 0.048007511790196453 0 0.24512334399119573 0.00024524367378255468 0 0.00058294840751637949 0.60556286549139349
1.1680700523587131 7.833333333333333 -0.086397942189822219 0.002634418280635565 0.5137474273228757 -0.69566943052640429 0.047923022736391249 0 0.25687371366143785 0.00024839014627363754 0 0.00062947800478353505 0.60464940185596394
1.1605924331157629 7.833333333333333 -0.083509437373744555 0.0027097997010345071 0.5312082799736586 -0.68301069867616659 0.047834145965367822 0 0.2656041399868293 0.00025463365204960099 0 0.00067318553277433992 0.60352931168607193
1.152955710810208 7.833333333333333 -0.08066549012810445 0.0027229937168740904 0.54864706534729046 -0.67012958235608922 0.04774177943858969 0 0.27432353267364523 0.00025711487033093164 0 0.00070133653837686598 0.60224228868201979
1.1452797786568585 7.833333333333333 -0.07790795128804856 0.0027146029287864887 0.56311169914468939 -0.65925561874196992 0.047647980150821376 0 0.2815558495723447 0.00025370729905521412 0 0.00072097569314497978 0.60080176204361968
1.1375921272453167 7.833333333333333 -0.075262283605134261 0.0027056352909291584 0.57450965981990287 -0.65056056069790602 0.047553097107583528 0 0.28725482990995144 0.00024781128411689116 0 0.00073664101546138533 0.59922654868251479
1.1298826960670283 7.833333333333333 -0.072728545181008825 0.0027045760451131357 0.58349447441029545 -0.64362517609243142 0.047456909820290757 0 0.29174723720514772 0.00024112062687676881 0 0.00075130874576269911 0.59753298801851495
1.1221431800150796 7.833333333333333 -0.070306809797670136 0.0027019391742814508 0.58996051225423074 -0.63858952600048902 0.047359318283100464 0 0.29498025612711537 0.00023245012588570563 0 0.00076236852147687809 0.59573190261132181
1.1143356163922562 7.833333333333333 -0.06798883215614504 0.0027277987145001709 0.59334742845404587 -0.63593953634910394 0.047259683177533304 0 0.29667371422702293 0.00022467075410415068 0 0.0007774540477382153 0.59382972575169646
1.1064328298226749 7.833333333333333 -0.065749653471867148 0.0027482005621217768 0.59755549778179839 -0.63262998507541834 0.047157228519894664 0 0.2987777488908992 0.0002197470399843357 0 0.0007911500376226228 0.59184334710807973
1.0985053101077311 7.833333333333333 -0.063593222425092244 0.0027289316290409439 0.60239911733151785 -0.62879797576596574 0.047053037533256944 0 0.30119955866575893 0.00021148247102431033 0 0.0007942807453496073 0.58978813301927091
1.0905694717976031 7.833333333333333 -0.061542983401923407 0.0027354856195284522 0.60375301222895972 -0.62772837919467595 0.046947520964002218 0 0.30187650611447986 0.00020065488311973045 0 0.00080102953297676968 0.58766027419061206
1.0825658731837731 7.833333333333333 -0.059582212909666032 0.0027581076908285941 0.60560650365285618 -0.62625839009312056 0.046839355088607523 0 0.30280325182642809 0.00019454757056092868 0 0.00081218847097644137 0.58546864883448724
1.0745004604945598 7.833333333333333 -0.057695950387690563 0.0027640029346593241 0.60670171466336797 -0.62539166067898178 0.046728536140322283 0 0.30335085733168399 0.00018656683472800752 0 0.00081744262686733998 0.58321681218740706
1.0663980781478899 7.833333333333333 -0.055888505231073596 0.002770419169524886 0.60785588610349817 -0.6244766757197947 0.046615398512253034 0 0.30392794305174908 0.00017930030511688984 0 0.00082269589469419571 0.58091613012183363
1.0582631930691395 7.833333333333333 -0.054158888168837231 0.0027741364997622931 0.60824187216450776 -0.6241761578683076 0.04650001918547729 0 0.30412093608225388 0.00017126101325926448 0 0.00082610760674442616 0.57856954346280354
1.0500825690865543 7.833333333333333 -0.052503793634667811 0.0027901758346683082 0.60792832216671144 -0.62443605329627316 0.046382035068143299 0 0.30396416108335572 0.00016422021989098866 0 0.00083206259084637449 0.57617962732315942
1.0418495611353349 7.833333333333333 -0.050914032954489576 0.0027999322516903636 0.60753208396365155 -0.62476220787983261 0.046261210981397002 0 0.30376604198182577 0.0001578303559656002 0 0.00083575189387672473 0.57375182170972638
1.0335757726494328 7.833333333333333 -0.049384945336015312 0.0028093758310269589 0.60700920139560011 -0.6251896593099795 0.046137712299935504 0 0.30350460069780005 0.00015169556806692106 0 0.00083905599030512307 0.57129203827639674
1.0252752419277655 7.833333333333333 -0.047916373475824128 0.0028102924667954329 0.60633123761401309 -0.62574091191740167 0.046011667419964805 0 0.30316561880700654 0.0001452875240195845 0 0.00083950483314237695 0.56880631724574426
1.0169413730658008 7.833333333333333 -0.046508437266520403 0.00282439354675224 0.60436198373197092 -0.62732190267733756 0.045882967311564479 0 0.30218099186598546 0.00013881871698014406 0 0.00084211289881074686 0.56629514707198059
1.0085561203235738 7.833333333333333 -0.045148384382805481 0.0028388479918543034 0.60314934907479834 -0.62829729908077248 0.045751009748506301 0 0.30157467453739917 0.00013489815589165589 0 0.00084543002054294309 0.56376487160549293
1.000149776333513 7.833333333333333 -0.043835722579796677 0.0028333259318477125 0.60103798478912984 -0.62998503893188951 0.045616509433053329 0 0.30051899239456492 0.0001285605989769124 0 0.00084170681370667377 0.56122047207638981
0.99170759398017316 7.833333333333333 -0.042571149697502558 0.002857609812288114 0.59830608244279637 -0.63215945819970121 0.045478972788134495 0 0.29915304122139819 0.00012422429750976087 0 0.00084578868612538805 0.55866427034315269
0.98321788755165329 7.833333333333333 -0.041342435434582797 0.0028611770793671031 0.59585231524163818 -0.63410736289870417 0.045338031232210849 0 0.29792615762081909 0.00012032924943857013 0 0.00084388379808899205 0.55610018038986797
0.97468743302655958 7.833333333333333 -0.040143113484638039 0.0028817339090294286 0.59417163885263635 -0.63544148950814683 0.045193744689187562 0 0.29708581942631818 0.00011754451717884296 0 0.00084801453073385629 0.55352799639426475
0.96613657717203894 7.833333333333333 -0.038970764877638779 0.0028721710785480224 0.59514328813805784 -0.63468696414575376 0.045046302904775945 0 0.29757164406902892 0.00011483506379674712 0 0.00084692686707817566 0.55094704082258383
0.95756160882059271 7.833333333333333 -0.037827041945921375 0.0028951134568586351 0.59915564092902907 -0.63152889530223311 0.044895584073626024 0 0.29957782046451453 0.00011281342019319832 0 0.00085994351844516587 0.54833263352575989
0.94893771035138119 7.833333333333333 -0.036699066620359579 0.0029031224535627652 0.61166071512506925 -0.62156060276089986 0.044740384111422879 0 0.30583035756253463 0.00011481143077724657 0 0.00088040842970922529 0.54565026939546712
0.94032628027079168 7.833333333333333 -0.035584205216093547 0.0028857446149378511 0.63411519237018343 -0.60323898378884866 0.044581790758265495 0 0.31705759618509172 0.00011662394880169708 0 0.00090748406396043467 0.54284854863373655
0.93180570687333841 7.833333333333333 -0.034494762961861297 0.002840882719408638 0.66682408425066475 -0.57550215829755214 0.044420508148765185 0 0.33341204212533238 0.00011951580616240597 0 0.00093961399841048217 0.53987440484211369
0.92359351737429707 7.833333333333333 -0.033448328162723889 0.0026781786264093305 0.70727517637953663 -0.53922711349635222 0.04425995583883334 0 0.35363758818976831 0.00011993987415967392 0 0.00093947943410380998 0.53674046759788618
0.91615670564815888 7.833333333333333 -0.032494996410547143 0.0023202667926768322 0.74988011747320349 -0.49817094471952239 0.044108869448843881 0 0.37494005873660174 0.00011113001301345879 0 0.00086283382249122598 0.53361280077882067
0.90999189285213999 7.833333333333333 -0.031714178145712417 0.001822454363608694 0.78543822311949585 -0.46111569617579901 0.043978308526049649 0 0.39271911155974792 8.8028551187705915e-05 0 0.00071027852548310024 0.53076683798162616
0.90526181101140102 7.833333333333333 -0.031134651517373609 0.0013545172740137765 0.81242965018371982 -0.43086605158566293 0.043872490324359067 0 0.40621482509185991 6.5887903944142643e-05 0 0.00054626580713046076 0.52841422682484152
0.90174820370798447 7.833333333333333 -0.030711497829804476 0.0010048136924392863 0.83122851583970947 -0.40847771582153436 0.043788581131528101 0 0.41561425791985473 4.9833315203227392e-05 0 0.00041463097207212731 0.52656918917913231
0.89910328107242332 7.833333333333333 -0.030380773790327244 0.00077222573771033539 0.84634993063181929 -0.38953640658432398 0.043720216302678284 0 0.42317496531590965 4.2562890730984742e-05 0 0.00032400290449766307 0.52512933344873214
0.89703284333946653 7.833333333333333 -0.030097687898209515 0.00062093225744760136 0.85139676405154774 -0.38301028768779288 0.043661830856783976 0 0.42569838202577387 3.7522775130832314e-05 0 0.00026165304284391742 0.52397421715490289
0.89535172751916403 7.833333333333333 -0.029789421663611967 0.00051953040798950376 0.86829989965274401 -0.3602756038348276 0.043607219914899333 0 0.43414994982637201 5.095478306298691e-05 0 0.00021972314935686592 0.52303942200431741
0.8939535284507758 7.833333333333333 -0.02938479987297242 0.00045246451777965755 0.89592157552000995 -0.31965819743553203 0.043555267101195269 0 0.44796078776000497 6.8260747367811315e-05 0 0.00019084609410678451 0.52226717079559859
0.89277606974434098 7.833333333333333 -0.028870690796752016 0.00040629275590664608 0.93153198220074729 -0.258022042493816 0.043504521449754176 0 0.46576599110037364 8.8662425514324811e-05 0 0.00016718178199151421 0.52160611914930433
0.89182062648313942 7.833333333333333 -0.028224806223812966 0.00036743403850692034 0.97552939132520056 -0.15027437164167284 0.043453675362388519 0 0.48776469566260028 0.00011717639976467608 0 0.0001356096764230815 0.52105022134012913
0.89113677700504024 7.833333333333333 -0.027418539873801641 0.00034643223373117231 0.99566348822515216 0.049524133252979163 0.043403594325689507 0 0.49783174411257608 0.0001479951678389039 0 8.8552774126857955e-05 0.52062593268179491
0.89070210615648038 7.833333333333333 -0.02648985752440472 0.00034074146845125612 0.95990874416263239 0.19547676813418838 0.043359992587411612 0 0.47995437208131619 0.00015446951080990847 0 5.3708647088102822e-05 0.52030439164647513
0.89044619584671214 7.833333333333333 -0.025525379572637757 0.0003264644546625937 0.87722126578067294 0.34770961194156025 0.043321587953082087 0 0.43861063289033647 0.00014085683387068566 0 2.5747856940179247e-05 0.5200123253146578
0.89035083841508378 7.833333333333333 -0.024794241989533932 0.00016635308204638027 0.78533963425736131 0.46128727468960129 0.043294525659475371 0 0.39266981712868065 6.5293855304843104e-05 0 1.9116737492279182e-06 0.51978505460204416
0.89040674237629447 7.833333333333333 -0.024032817773731313 0.00034392542947578379 0.69093507355180017 0.55424972274507844 0.043268594675624862 0 0.34546753677590009 0.00011791992504542206 -0 -1.4557210016501597e-05 0.51961699399132422
0.89062834704382321 7.833333333333333 -0.023016903109668807 0.00035214798946608088 0.53058618918200928 0.68377216669879393 0.043236961803849047 0 0.26529309459100464 8.9123126643817822e-05 -0 -2.8014615860512635e-05 0.51940901232856485
0.89103199816754375 7.833333333333333 -0.021998637772758924 0.00037988721841155347 0.4160967711101814 0.7629129961592056 0.043208670208680446 0 0.2080483855550907 7.1340088979440032e-05 -0 -3.4016329554853663e-05 0.51924172256572965
0.89162116110677681 7.833333333333333 -0.020963939900063341 0.00041581711266073683 0.29348578473010611 0.83943403873453226 0.04318228668940198 0 0.14674289236505306 5.0904691363174947e-05 -0 -3.3644224423983105e-05 0.51909026246956813
0.89240961495805382 7.833333333333333 -0.01991475816111668 0.00046057299217701895 0.1986842199446337 0.89412146218446464 0.043157744571295377 0 0.09934210997231685 3.5023790154959766e-05 -0 -2.9441287953995217e-05 0.51895831609211529
0.89341390204746007 7.833333333333333 -0.018859814019942515 0.00051212071882504226 0.10477882060101396 0.9451775379977071 0.043134685156831477 0 0.052389410300506978 1.8374996438015162e-05 -0 -1.9549742711807127e-05 0.51882903703992178
0.89467288969105663 7.833333333333333 -0.017814426432517058 0.0005806486807077674 0.040266702655428754 0.97871066815003316 0.043112937662456809 0 0.020133351327714377 6.9698905095758716e-06 -0 -9.385423235946116e-06 0.51871030056566114
0.89622532258267862 7.833333333333333 -0.016774596972762266 0.00066630082088884809 0.0059172083160697886 0.99610532875020374 0.043092525098661225 0 0.0029586041580348943 1.0267342665176939e-06 -0 -1.6828311808805342e-06 0.51861562490270907
0.89812120936205031 7.833333333333333 -0.015732561218473246 0.00077722220012858508 -0.032336916293506768 1.0151264172057299 0.043072884562856663 0 -0.016168458146753384 -5.6210803755492118e-06 0 1.12392166521121e-05 0.51852236631971782
0.90046632168568408 7.833333333333333 -0.014687126326249316 0.00093590237000729267 -0.06986550938179481 1.0334466131480204 0.043053538236487596 0 -0.034932754690897405 -1.2201991179133516e-05 0 3.0331271398871646e-05 0.51841202611242609
0.90339987559134372 7.833333333333333 -0.013649881960676133 0.0011399979603560597 -0.10754360218853409 1.0515187506656161 0.043033930649615949 0 -0.053771801094267047 -1.8400539191111325e-05 0 5.8472888756123768e-05 0.51826075009747274
0.90706950859445867 7.833333333333333 -0.012653119698425315 0.0013966936017765614 -0.15202319106139917 1.0724611957969696 0.043013655635544476 0 -0.076011595530699583 -2.4499400549238018e-05 0 0.00010329940612184488 0.51802568552111994
0.91167145559502072 7.833333333333333 -0.011734281206095883 0.0017334415944441472 -0.21467233548138021 1.101282905390226 0.042991833836703054 0 -0.1073361677406901 -3.1154069081541303e-05 0 0.00018343421551316033 0.51762380892697768
0.91738238973173158 7.833333333333333 -0.010927914262336231 0.0021128463342183434 -0.31795431476338787 1.147217553258254 0.042967432545276442 0 -0.15897715738169393 -3.9319872038616679e-05 0 0.0003335849685698838 0.51690663350524713
0.92414211050463424 7.833333333333333 -0.010270309491161205 0.0024157287320443611 -0.48141858362648637 1.2163777309364632 0.042939484258053502 0 -0.24070929181324319 -4.5993011746100218e-05 0 0.00057966658238588534 0.51563519335821528
0.93161588142430751 7.833333333333333 -0.0097923122200561027 0.0025775135194196727 -0.69074132420685674 1.2995769293507682 0.042908378040716497 0 -0.34537066210342837 -4.4066530702742868e-05 0 0.00088910619179657273 0.51360235073466265
0.93940808915355634 7.833333333333333 -0.0095272652880769686 0.0026209116680832082 -0.88291900643788135 1.371524950983396 0.042875578921740355 0 -0.44145950321894067 -2.16782939460213e-05 0 0.0011568232605655509 0.51078859547493893
0.9473404368835725 7.833333333333333 -0.0095101252800572147 0.0026680462970265174 -0.9887225433720972 1.4095698162042949 0.042842462789707256 0 -0.4943612716860486 1.8627182113240137e-05 0 0.0013188472232405688 0.50741025533849049
0.95540214931268386 7.833333333333333 -0.0097583556590727337 0.0027097105295752536 -1.0033057515304438 1.4147342809636179 0.04280964607187266 0 -0.50165287576522188 6.4115064406589578e-05 0 0.0013578211953793726 0.50377055730432541
0.96358064453906467 7.833333333333333 -0.010271961851588941 0.002754008990459527 -0.98104614836152026 1.4068461842479292 0.042778057793241606 0 -0.49052307418076013 0.00010526453478769887 0 0.0013467975269988999 0.50005950954811751
0.9718635887596716 7.833333333333333 -0.01103588825027679 0.0027919231139796564 -0.96566388191941543 1.401369480574532 0.042748810903716225 0 -0.48283194095970772 0.00014228466603353497 0 0.0013404995440603347 0.49629081815980736
0.98021029299967322 7.833333333333333 -0.012029902764640346 0.0028123214543441105 -0.96704686687710417 1.4018636204697856 0.04272302049772482 0 -0.48352343343855209 0.00017793110017455172 0 0.0013481320411095406 0.49242980790531671
0.98857597936802444 7.833333333333333 -0.013244612976067034 0.0028237607471675447 -0.97416317713694212 1.4044001415292209 0.042701517650389861 0 -0.48708158856847106 0.00021520152567079483 0 0.0013584618539491276 0.48844561617452253
0.99695658355037398 7.833333333333333 -0.014680880392702276 0.0028452121631351258 -0.9761422103826185 1.4051050515958061 0.042684943042782954 0 -0.48807110519130925 0.00025169503810393458 0 0.0013656655654905195 0.48433725305309344
1.0053787090410431 7.833333333333333 -0.016336400484973784 0.002877380561011209 -0.96899697657271977 1.4025604922566854 0.042673670259353737 0 -0.48449848828635989 0.00028487865814009046 0 0.0013646689741238531 0.48011294062062942
1.0138636800766103 7.833333333333333 -0.018201331923037752 0.0029146063842017543 -0.95423272327424113 1.3972874311399246 0.042667997991837965 0 -0.47711636163712057 0.00031265480229591405 0 0.0013550029950590184 0.47579251447530174
1.0224156650912091 7.833333333333333 -0.020258640484720439 0.0029496199595978284 -0.93512396690692401 1.390432804991808 0.04266827521164749 0 -0.467561983453462 0.00033488570520027983 0 0.0013378533399473688 0.47139822806696086
1.0310147188869105 7.833333333333333 -0.022485303819031105 0.0029723502622508867 -0.91664257635093005 1.3837707382862645 0.042674585101866572 0 -0.45832128817546502 0.00035208430460899836 0 0.001316007030364411 0.4669558272826082
1.0396165107734936 7.833333333333333 -0.024858330024029797 0.0029765756377465279 -0.90037913833895011 1.3778813279993114 0.042687050610273239 0 -0.45018956916947506 0.00036637027872034138 0 0.0012889667466693853 0.46248382754588374
1.0481816235991612 7.833333333333333 -0.027367951583473236 0.0029737589321157903 -0.88284860666706777 1.3715045890528157 0.042705607057328017 0 -0.44142430333353389 0.0003793016439194267 0 0.0012566956251042125 0.45799348229621495
1.0566977018865309 7.833333333333333 -0.030014985586839057 0.0029717630128708004 -0.86149274227001738 1.3636960399952893 0.042729998492670437 0 -0.43074637113500869 0.00039000708575540706 0 0.0012192167079913617 0.45349628051658958
1.0651641220281791 7.833333333333333 -0.032799822047019714 0.0029702121906526745 -0.83628756804236648 1.3544220661901765 0.042760199479183976 0 -0.41814378402118324 0.00039771160623018988 0 0.0011765752328196518 0.44900348448981792
1.0735860692210983 7.833333333333333 -0.035724771484537954 0.002973598601460964 -0.80622468540882197 1.3432770298915582 0.042796102328786369 0 -0.40311234270441099 0.00040264081877392367 0 0.0011290475598075805 0.44452170758065007
1.0819694129362265 7.833333333333333 -0.038792317390392017 0.0029778965650821888 -0.770772397737707 1.3300140388782962 0.042837531725684982 0 -0.3853861988688535 0.00040319116164920542 0 0.0010744835981443275 0.4400630600221373
1.0903266394261999 7.833333333333333 -0.042004512312211958 0.0029911532472339112 -0.72982940272498098 1.314530455841374 0.042884535562957384 0 -0.36491470136249049 0.00039967755917983495 0 0.0010157089037302113 0.43563920454892235
1.0986729657925149 7.833333333333333 -0.045359785788310521 0.0030060079653900472 -0.68561143668729785 1.297600810333325 0.042936857239396234 0 -0.34280571834364892 0.00039134221400785656 0 0.00095327516585568331 0.43126487194414326
1.107001577561435 7.833333333333333 -0.048845285808694711 0.0030131558518388538 -0.64124189971226486 1.2803879831510034 0.042994328867545992 0 -0.32062094985613243 0.00037899982562175616 0 0.00088863458219744901 0.42695808641950861
1.1152897479104078 7.833333333333333 -0.052448349745367939 0.0030119683217127674 -0.59578989759028222 1.2625117892774627 0.04305670128681334 0 -0.29789494879514111 0.00036342050543934022 0 0.00082035563388782042 0.422730962244313
1.1235300753917126 7.833333333333333 -0.056169000916924623 0.0030157584147774939 -0.5468036082360892 1.2429577428919167 0.043123747762932166 0 -0.2734018041180446 0.00034461536119877466 0 0.00074904155092279023 0.41859197995315778
1.131737723917432 7.833333333333333 -0.060011680139643572 0.0030261441612204954 -0.49462281276015085 1.2217843408378568 0.043195338215535492 0 -0.24731140638007543 0.00032182979388643005 0 0.00067566862920999653 0.41455185831320157
1.139893751388847 7.833333333333333 -0.0639570961259327 0.0030140948378283346 -0.44381724584148041 1.2008100854796493 0.04327105790060827 0 -0.22190862292074021 0.00029490842261554339 0 0.00060032841601547252 0.41063891166481759
1.1479285912756994 7.833333333333333 -0.067976388050580039 0.0029754373515136268 -0.39105624222661639 1.1786335221807684 0.04335046272385433 0 -0.1955281211133082 0.00026407336241867063 0 0.00051839673651655257 0.40687394601173382
1.1558140478016039 7.833333333333333 -0.072081994509174685 0.002951627875351864 -0.32744157980223165 1.1513275563626213 0.043433141289878914 0 -0.16372078990111583 0.0002269999153613107 0 0.00042660835416235421 0.40326405501062623
1.1635754241288576 7.833333333333333 -0.076300421817994624 0.00293773105861273 -0.25304337758479845 1.1185479339838986 0.043518926516521936 0 -0.12652168879239922 0.00018039190610200895 0 0.00032497655187676855 0.39983969952667908
1.1711876105086372 7.833333333333333 -0.080612945130083241 0.0028950924837761421 -0.17187816703677172 1.0816545508003164 0.043607336191720011 0 -0.085939083518385861 0.00012454610148208728 0 0.00021538454484731564 0.39665445030858959
1.1785368433451788 7.833333333333333 -0.084963000034837144 0.0027986471718877927 -0.081280081561819539 1.0389276489754695 0.043696930740306235 0 -0.04064004078090977 5.8960554138685748e-05 0 9.7261446516368926e-05 0.39376988226595833
1.1855154471700535 7.833333333333333 -0.089339896920040976 0.0026937487646731401 0.062861703723000484 0.96706824838777794 0.043786975657089791 0 0.031430851861500242 -4.6113198361982415e-05 -0 -7.1007345186930722e-05 0.39123753460564464
1.1920227625777058 7.833333333333333 -0.093580333965716134 0.0024842654549840776 0.21620302996486518 0.88423532881019196 0.043873150320743695 0 0.10810151498243259 -0.00014699928905554261 -0 -0.00022474840879660639 0.38937801055136995
1.1977452154959538 7.833333333333333 -0.097265977523383951 0.0020536345659487622 0.4295608147167439 0.75399459184245432 0.043947022146975614 0 0.21478040735837195 -0.00023567195806445092 -0 -0.00037284139791269504 0.3883548440974332
1.2012610470204288 7.833333333333333 -0.099485905624243254 0.00071838146985207449 0.59679019725943183 0.63346245095081755 0.043990066787301399 0 0.29839509862971592 -0.00011419064703010323 -0 -0.00018141486407545799 0.38839799926356372
1.2001411442393453 8.1666666666666661 -0.099784159789142651 0.0013669896906639137 -0.28080513916187022 -1.1299611922001678 0.063188949061096178 0 -0.14040256958093511 -2.5812536016017175e-05 -0 -0.00019018517888093686 0.58725952677635307
1.1953279575719831 8.1666666666666661 -0.098257623700580082 0.0020330838868118858 0.19018848836036562 -0.89767988447798652 0.063105757607551882 0 0.095094244180182808 7.9293776243172294e-05 0 0.00017632570759939256 0.58800682018420958
1.1892223033436113 8.1666666666666661 -0.095497186507080695 0.0024340393542550787 0.35152747128022344 -0.80280854844044125 0.063015579587338555 0 0.17576373564011172 0.00017689694482108742 0 0.00038953032241535328 0.58827027578343571
1.1823891933399708 8.1666666666666661 -0.092418695519260463 0.0025623583026815428 0.43814407660991173 -0.74692533499548119 0.062916351864808706 0 0.21907203830495586 0.00022912305941324792 0 0.00051245136848421323 0.58807803372411316
1.1753131306913638 8.1666666666666661 -0.089349139204410663 0.0025800660900553718 0.48292110310319114 -0.71633331652570953 0.06281302836264574 0 0.24146055155159557 0.00024157908329694553 0 0.00057423761324863569 0.58748713078398251
1.1680700523587131 8.1666666666666661 -0.086397942189822219 0.0026344182806355512 0.50642421044349428 -0.69974548883609733 0.062705983845538424 0 0.25321210522174714 0.00024484946691424371 0 0.00062050510544688357 0.5866051240928255
1.1605924331157629 8.1666666666666661 -0.083509437373744555 0.0027097997010344928 0.52385619428746422 -0.68718693298491595 0.062593329096002515 0 0.26192809714373211 0.00025110944412770863 0 0.00066386843831957982 0.58551815232348114
1.152955710810208 8.1666666666666661 -0.08066549012810445 0.0027229937168740757 0.54130519677489897 -0.6743823191162277 0.062476322623210172 0 0.27065259838744948 0.00025367421839782956 0 0.00069195141446934687 0.58426553261653158
1.1452797786568585 8.1666666666666661 -0.07790795128804856 0.0027146029287864748 0.55578444497975743 -0.66357147406914319 0.062357468052728293 0 0.27789222248987872 0.00025040603952446687 0 0.0007115943001488169 0.58285994529564678
1.1375921272453167 8.1666666666666661 -0.075262283605134261 0.0027056352909291441 0.56717617543063503 -0.65494301651885178 0.06223720497059592 0 0.28358808771531752 0.00024464802976164484 0 0.00072723796140468572 0.58132008062557217
1.1298826960670283 8.1666666666666661 -0.072728545181008825 0.0027045760451131213 0.57613896432701561 -0.64807618187936367 0.062115200664976673 0 0.28806948216350781 0.00023808106904021515 0 0.0007418377750894957 0.57966236445936392
1.1221431800150796 8.1666666666666661 -0.070306809797670136 0.0027019391742814369 0.58256384872183353 -0.6431121409382945 0.061991333716332246 0 0.29128192436091677 0.00022953576918974473 0 0.00075281028270677577 0.57789765030281282
1.1143356163922562 8.1666666666666661 -0.06798883215614504 0.0027277987145001566 0.58587473198746143 -0.6405450919504333 0.061864797669995468 0 0.29293736599373071 0.00022184122073158014 0 0.00076766268801056888 0.57603261515689275
1.1064328298226749 8.1666666666666661 -0.065749653471867148 0.002748200562121762 0.59001096605719372 -0.63732085844120479 0.061734571664278974 0 0.29500548302859686 0.00021697258887359407 0 0.00078116124732628093 0.5740844400560281
1.0985053101077311 8.1666666666666661 -0.063593222425092244 0.0027289316290409291 0.59480087785307278 -0.63356476971651809 0.061601986339586301 0 0.29740043892653639 0.00020881497963180155 0 0.00078426224574917479 0.57206809111574608
1.0905694717976031 8.1666666666666661 -0.061542983401923407 0.0027354856195284378 0.5960655565561721 -0.63257898611864083 0.061467631847504027 0 0.29803277827808605 0.00019809998817383665 0 0.00079083019831072588 0.56997959829461597
1.0825658731837731 8.1666666666666661 -0.059582212909666032 0.0027581076908285793 0.59781960471381279 -0.63120444997077307 0.061329745012359216 0 0.2989098023569064 0.00019204607452074848 0 0.00080174533751468837 0.56782833901786589
1.0745004604945598 8.1666666666666661 -0.057695950387690563 0.0027640029346593094 0.5988106266313179 -0.63043267289401006 0.061188383835465099 0 0.29940531331565895 0.00018414024637145886 0 0.00080681052945627172 0.5656178657228994
1.0663980781478899 8.1666666666666661 -0.055888505231073596 0.0027704191695248712 0.5998623098803284 -0.62961204605796994 0.061043931544162371 0 0.2999311549401642 0.00017694242607260268 0 0.00081187707646264895 0.56335942512790504
1.0582631930691395 8.1666666666666661 -0.054158888168837231 0.0027741364997622784 0.60013616208787246 -0.62940881946255023 0.060896435814310139 0 0.30006808104393623 0.00016897871047078514 0 0.00081509851799401389 0.56105593934336961
1.0500825690865543 8.1666666666666661 -0.052503793634667811 0.002790175834668293 0.59969819861878637 -0.62977122212043635 0.060745445674105829 0 0.29984909930939319 0.00016199700927636596 0 0.0008207981412845113 0.55871011767209544
1.0418495611353349 8.1666666666666661 -0.050914032954489576 0.0027999322516903489 0.59917568728726756 -0.6302008274159534 0.060590674505076159 0 0.29958784364363378 0.00015565945323167503 0 0.00082425641152670355 0.55632748682307653
1.0335757726494328 8.1666666666666661 -0.049384945336015312 0.0028093758310269437 0.5985256692101244 -0.63073153408772042 0.060432298460561203 0 0.2992628346050622 0.00014957547790826872 0 0.00082732938305962039 0.55391389488902465
1.0252752419277655 8.1666666666666661 -0.047916373475824128 0.0028102924667954172 0.59771784320097177 -0.63138706342498163 0.060270498078301038 0 0.29885892160048588 0.00014322360471270552 0 0.00082757903121937631 0.55147532766614571
1.0169413730658008 8.1666666666666661 -0.046508437266520403 0.0028243935467522252 0.59559922243406138 -0.63307831110236035 0.060105154335728557 0 0.29779961121703069 0.00013680595755231252 0 0.00082990294100929044 0.54901232100850039
1.0085561203235738 8.1666666666666661 -0.045148384382805481 0.0028388479918542886 0.59424427732944696 -0.63416359145098777 0.059935481549226732 0 0.29712213866472348 0.00013290648043287623 0 0.00083294784676598405 0.54653143968150364
1.000149776333513 8.1666666666666661 -0.043835722579796677 0.0028333259318476978 0.59198223730691502 -0.63596086123940487 0.059762410131448673 0 0.29599111865345751 0.00012662359607533029 0 0.00082902494575174898 0.54403739224689895
0.99170759398017316 8.1666666666666661 -0.042571149697502558 0.0028576098122880989 0.58908104436274378 -0.63825429318476079 0.059585341053631773 0 0.29454052218137189 0.00012230893360385358 0 0.00083274781446095365 0.54153269707189233
0.98321788755165329 8.1666666666666661 -0.041342435434582797 0.0028611770793670879 0.58645704931576348 -0.64032347426971881 0.059403695031481692 0 0.29322852465788174 0.00011843192476898622 0 0.00083057762726313812 0.53902141591235597
0.97468743302655958 8.1666666666666661 -0.040143113484638039 0.002881733909029413 0.58461053922785977 -0.64178090852871827 0.059217617481566343 0 0.29230526961392989 0.00011565305221214791 0 0.00083436872389719213 0.53650329803563068
0.96613657717203894 8.1666666666666661 -0.038970764877638779 0.0028721710785480073 0.58543809582503381 -0.64115339285166817 0.059027375087840166 0 0.29271904791251691 0.00011296241161257659 0 0.00083311575925945408 0.53397760296698971
0.95756160882059271 8.1666666666666661 -0.037827041945921375 0.0028951134568586195 0.58931759619707469 -0.63813878184365347 0.058832804709816396 0 0.29465879809853734 0.00011096104094745693 0 0.00084582337632599543 0.53141968896153047
0.94893771035138119 8.1666666666666661 -0.036699066620359579 0.0029031224535627496 0.601763271744159 -0.62833030929131173 0.058632334779756552 0 0.3008816358720795 0.00011295363672982746 0 0.00086616230866588795 0.52879550897870631
0.94032628027079168 8.1666666666666661 -0.035584205216093547 0.0028857446149378359 0.62426026969143944 -0.61018519708725627 0.058427352876430028 0 0.31213013484571972 0.00011481147054575908 0 0.00089338065595171356 0.52605326372709149
0.93180570687333841 8.1666666666666661 -0.034494762961861297 0.0028408827194086228 0.6571142334923894 -0.58266314167422673 0.058218810035336861 0 0.3285571167461947 0.00011777549613386761 0 0.00092593196155782735 0.52313961003080078
0.92359351737429707 8.1666666666666661 -0.033448328162723889 0.0026781786264093162 0.6978056947562854 -0.54665256097570736 0.058011057759837753 0 0.3489028473781427 0.00011833403746105765 0 0.00092690104377741436 0.52006590519543683
0.91615670564815888 8.1666666666666661 -0.032494996410547143 0.0023202667926768201 0.74071314585888393 -0.50590930756123509 0.057815453505336713 0 0.37035657292944196 0.00010977149496363174 0 0.00085228603895309547 0.51699492887114062
0.90999189285213999 8.1666666666666661 -0.031714178145712417 0.0018224543636086842 0.77647566616889241 -0.4692560477645662 0.057646296216554489 0 0.3882378330844462 8.7024066200757101e-05 0 0.00070217360831959289 0.514197965778176
0.90526181101140102 8.1666666666666661 -0.031134651517373609 0.0013545172740137693 0.80351039677158909 -0.43952508700268256 0.057509139479696658 0 0.40175519838579454 6.5164554036936122e-05 0 0.00054026863166661691 0.51188507919826942
0.90174820370798447 8.1666666666666661 -0.030711497829804476 0.0010048136924392808 0.82215303872184231 -0.41779439776092908 0.057400370013967174 0 0.41107651936092116 4.9289227622957485e-05 0 0.00041010396917497561 0.5100715349686763
0.89910328107242332 8.1666666666666661 -0.030380773790327244 0.00077222573771033127 0.83699558194483936 -0.39964958039663134 0.057311699887170726 0 0.41849779097241968 4.2092461058087599e-05 0 0.00032042183709921209 0.50865735165008019
0.89703284333946653 8.1666666666666661 -0.030097687898209515 0.000620932257447598 0.84122777674891547 -0.39433015312565056 0.057235946633086045 0 0.42061388837445773 3.7074607320034728e-05 0 0.0002585278882946866 0.50752415830991937
0.89535172751916403 8.1666666666666661 -0.029789421663611967 0.00051953040798950094 0.85757899183583386 -0.37303238716564668 0.057165079285042608 0 0.42878949591791693 5.0325643830945483e-05 0 0.00021701022536546702 0.506609869188271
0.8939535284507758 8.1666666666666661 -0.02938479987297242 0.00045246451777965517 0.88530146290357903 -0.33382390290994168 0.057097626416470433 0 0.44265073145178951 6.7451595267743357e-05 0 0.00018858383470015674 0.5058571271654122
0.89277606974434098 8.1666666666666661 -0.028870690796752016 0.00040629275590664397 0.92180243163508102 -0.27376074042067172 0.057031792618192495 0 0.46090121581754051 8.7736375127650312e-05 0 0.0001654356222969189 0.50521514045530191
0.89182062648313942 8.1666666666666661 -0.028224806223812966 0.00036743403850691839 0.96870868484172901 -0.16747002263069 0.056965837818355465 0 0.4843543424208645 0.00011635712580256645 0 0.00013466152067562155 0.50467832523578371
0.89113677700504024 8.1666666666666661 -0.027418539873801641 0.00034643223373117046 0.99569564373923269 0.032659597157456921 0.056900852140191249 0 0.49784782186961635 0.0001479999474263436 0 8.8555633988657154e-05 0.50427284534741368
0.89070210615648038 8.1666666666666661 -0.02648985752440472 0.00034074146845125433 0.96426942873696764 0.18027562555772034 0.05684426174034591 0 0.48213471436848382 0.00015517123669488378 0 5.3952635352913911e-05 0.50396767562535649
0.89044619584671214 8.1666666666666661 -0.025525379572637757 0.00032646445466259197 0.88545969921730217 0.33363857351799742 0.056794392712429753 0 0.44272984960865108 0.00014217969241869929 0 2.5989668229772895e-05 0.50369003485068398
0.89035083841508378 8.1666666666666661 -0.024794241989533932 0.0001663530820463794 0.79606744438602428 0.44800774652013603 0.056759269480194274 0 0.39803372219301214 6.6185775248423756e-05 0 1.9377873848004447e-06 0.50347292906127006
0.89040674237629447 8.1666666666666661 -0.024032817773731313 0.00034392542947578195 0.70295930592050704 0.54205433529323133 0.056725582141623765 0 0.35147965296025352 0.0001199720666053481 -0 -1.4810546809752844e-05 0.50331460653077387
0.89062834704382321 8.1666666666666661 -0.023016903109668807 0.00035214798946607898 0.5436151104942003 0.6731803330065248 0.056684466646728299 0 0.27180755524710015 9.1311608417021591e-05 -0 -2.8702534681393569e-05 0.50311851322998713
0.89103199816754375 8.1666666666666661 -0.021998637772758924 0.00037988721841155146 0.42847401170765487 0.75386804493443071 0.056647675319330071 0 0.21423700585382743 7.3462175731489631e-05 -0 -3.5028181422917797e-05 0.50296185434785323
0.89162116110677681 8.1666666666666661 -0.020963939900063341 0.00041581711266073466 0.30502952553351848 0.8317243562508746 0.056613334873948512 0 0.15251476276675924 5.290693676430914e-05 -0 -3.4967560089590903e-05 0.50282030900602748
0.89240961495805382 8.1666666666666661 -0.01991475816111668 0.00046057299217701651 0.2089629306177222 0.88760104407717 0.056581409803888622 0 0.1044814653088611 3.6835707607579196e-05 -0 -3.0964400764899372e-05 0.50269758796119102
0.89341390204746007 8.1666666666666661 -0.018859814019942515 0.00051212071882503945 0.11381954715760434 0.93967143041485024 0.056551354577100608 0 0.05690977357880217 1.9960463017248622e-05 -0 -2.1236570995379364e-05 0.5025769836011742
0.89467288969105663 8.1666666666666661 -0.017814426432517058 0.00058064868070776426 0.047887281162706907 0.97412415629555515 0.056522977263816332 0 0.023943640581353454 8.2889604684415785e-06 -0 -1.1161639063837226e-05 0.50246643087329235
0.89622532258267862 8.1666666666666661 -0.016774596972762266 0.00066630082088884452 0.012123043733861971 0.99231301721810772 0.056496301875728329 0 0.0060615218669309856 2.1035501458086276e-06 -0 -3.4477467942300814e-06 0.50237944081936459
0.89812120936205031 8.1666666666666661 -0.015732561218473246 0.00077722220012858096 -0.027275906817417317 1.0119718249190055 0.056470632965418023 0 -0.013637953408708658 -4.7413322638769727e-06 0 9.4801812059404698e-06 0.50229358256980572
0.90046632168568408 8.1666666666666661 -0.014687126326249316 0.00093590237000728768 -0.065767879195846923 1.0308160888840288 0.056445284069450562 0 -0.032883939597923462 -1.1486341242180216e-05 0 2.855233449048934e-05 0.50219053106075584
0.90339987559134372 8.1666666666666661 -0.013649881960676133 0.0011399979603560536 -0.10422252012835931 1.0493042246667126 0.056419537617286408 0 -0.052111260064179654 -1.7832307335737708e-05 0 5.666717221043701e-05 0.50204665488403044
0.90706950859445867 8.1666666666666661 -0.012653119698425315 0.001396693601776554 -0.14928020776771755 1.0705606256050009 0.056392860114971612 0 -0.074640103883858777 -2.4057353214600421e-05 0 0.0001014355553286781 0.50181925064033039
0.91167145559502072 8.1666666666666661 -0.011734281206095883 0.0017334415944441381 -0.21228196399475219 1.0995931332167603 0.056364043301558697 0 -0.10614098199737609 -3.0807169243432215e-05 0 0.00018139167976931794 0.50142563319290412
0.91738238973173158 8.1666666666666661 -0.010927914262336231 0.0021128463342183325 -0.31565328704922524 1.1456352052902603 0.056331726839929909 0 -0.15782664352461262 -3.9035315072168281e-05 0 0.00033117082219077547 0.50071770607613675
0.92414211050463424 8.1666666666666661 -0.010270309491161205 0.0024157287320443485 -0.47893834755053666 1.214812435442626 0.056294708849876536 0 -0.23946917377526833 -4.5756058851355139e-05 0 0.00057668017924617421 0.49945684350772873
0.93161588142430751 8.1666666666666661 -0.0097923122200561027 0.0025775135194196588 -0.68795178622340614 1.2979935804251119 0.056253456770270771 0 -0.34397589311170307 -4.3888569348924191e-05 0 0.00088551556328424381 0.49743578829434909
0.93940808915355634 8.1666666666666661 -0.0095272652880769686 0.0026209116680831943 -0.87989022001905304 1.369938190803037 0.05621008271079702 0 -0.43994511000952652 -2.1603928209403988e-05 0 0.0011528548664602671 0.49463445420772834
0.9473404368835725 8.1666666666666661 -0.0095101252800572147 0.0026680462970265031 -0.98564925801699088 1.4080108631629058 0.05616642442099793 0 -0.49282462900849544 1.8569282506945759e-05 0 0.0013147477982967505 0.49126864943360904
0.95540214931268386 8.1666666666666661 -0.0097583556590727337 0.0027097105295752393 -1.0003951556357236 1.4132392989577534 0.056123431088284811 0 -0.50019757781786178 6.3929066227104195e-05 0 0.0013538821480939226 0.48764135028323891
0.96358064453906467 8.1666666666666661 -0.010271961851588941 0.0027540089904595126 -0.97846241882051377 1.4054597752762941 0.056082429519617033 0 -0.48923120941025688 0.00010498730512974031 0 0.0013432505373266199 0.48394220125620779
0.9718635887596716 8.1666666666666661 -0.01103588825027679 0.0027919231139796417 -0.96352384980567218 1.400136712989057 0.056044935059925999 0 -0.48176192490283609 0.00014196934539215353 0 0.0013375288291703339 0.48018448817311821
0.98021029299967322 8.1666666666666661 -0.012029902764640346 0.0028123214543440958 -0.96543456223812685 1.4008201749444527 0.056012495987234408 0 -0.48271728111906342 0.00017763444532972801 0 0.0013458843738885493 0.47633310082248798
0.98857597936802444 8.1666666666666661 -0.013244612976067034 0.0028237607471675299 -0.97315303248463669 1.4035735015626916 0.055986232197584564 0 -0.48657651624231835 0.00021497837550927434 0 0.0013570532162492635 0.4723568680365815
0.99695658355037398 8.1666666666666661 -0.014680880392702276 0.0028452121631351106 -0.97579825582444735 1.4045162693201692 0.05596699955689427 0 -0.48789912791222367 0.00025160635055953233 0 0.0013651843580484082 0.46825455126941318
1.0053787090410431 8.1666666666666661 -0.016336400484973784 0.0028773805610111938 -0.96935763162148492 1.402222036224726 0.055955274525893835 0 -0.48467881581074246 0.0002849846883226671 0 0.0013651768959928611 0.46403423267617167
1.0138636800766103 8.1666666666666661 -0.018201331923037752 0.0029146063842017391 -0.95532053739039191 1.3972079187843298 0.055951488601766054 0 -0.47766026869519596 0.0003130112251046512 0 0.0013565476825859641 0.45971563149947997
1.0224156650912091 8.1666666666666661 -0.020258640484720439 0.0029496199595978123 -0.93694266313806618 1.3906155429755214 0.055956007478751485 0 -0.46847133156903309 0.0003355370149639724 0 0.001340455293178473 0.45532088177697405
1.0310147188869105 8.1666666666666661 -0.022485303819031105 0.0029723502622508711 -0.91918562285382199 1.3842156991347954 0.055968929975403148 0 -0.459592811426911 0.00035306109401705938 0 0.0013196580358519215 0.45087569108463971
1.0396165107734936 8.1666666666666661 -0.024858330024029797 0.0029765756377465114 -0.90364094687916885 1.3785884191233007 0.055990334329128012 0 -0.45182047343958442 0.00036769753037814321 0 0.0012936362937116393 0.44639854776493304
1.0481816235991612 8.1666666666666661 -0.027367951583473236 0.0029737589321157743 -0.88680582514418838 1.3724676921382839 0.056020167625606555 0 -0.44340291257209419 0.00038100179892038987 0 0.0012623285491528181 0.44190072515698775
1.0566977018865309 8.1666666666666661 -0.030014985586839057 0.002971763012870784 -0.86612269513137119 1.3649103231161046 0.056058050112915113 0 -0.43306134756568559 0.00039210311551171313 0 0.0012257691902222566 0.43739381771559838
1.0651641220281791 8.1666666666666661 -0.032799822047019714 0.0029702121906526589 -0.84157113966692076 1.3558847648828125 0.056103868187506317 0 -0.42078556983346038 0.00040022430382098505 0 0.0011840087039745872 0.43288907723836051
1.0735860692210983 8.1666666666666661 -0.035724771484537954 0.0029735986014609479 -0.81212226125489462 1.3449790367297809 0.056157386088788765 0 -0.40606113062744731 0.00040558615747468318 0 0.0011373066019062569 0.42839316700688757
1.0819694129362265 8.1666666666666661 -0.038792317390392017 0.0029778965650821727 -0.77724172565011473 1.3319464044191747 0.056218336910186351 0 -0.38862086282505737 0.00040657526809067564 0 0.0010835020668301513 0.42391828227275569
1.0903266394261999 8.1666666666666661 -0.042004512312211958 0.0029911532472338951 -0.736823596887205 1.3166834936111529 0.056286539591043128 0 -0.3684117984436025 0.00040350780011113842 0 0.0010254427747670043 0.41947610683960629
1.0986729657925149 8.1666666666666661 -0.045359785788310521 0.0030060079653900307 -0.69308122022113383 1.2999632973996222 0.056361739105841642 0 -0.34654061011056692 0.00039560591421742967 0 0.00096366116404078604 0.41508144072533598
1.107001577561435 8.1666666666666661 -0.048845285808694711 0.0030131558518388377 -0.64915400485254571 1.2829528936890857 0.056443577379071221 0 -0.32457700242627285 0.00038367619887467628 0 0.00089959919671934411 0.41075240039779304
1.1152897479104078 8.1666666666666661 -0.052448349745367939 0.0030119683217127513 -0.60410965857841714 1.2652722356752761 0.056531656686370259 0 -0.30205482928920857 0.00036849540139791625 0 0.00083181128767923049 0.40650119155034553
1.1235300753917126 8.1666666666666661 -0.056169000916924623 0.0030157584147774774 -0.55548146852967606 1.2459032907126368 0.056625601286861345 0 -0.27774073426483803 0.00035008446183099778 0 0.00076092895955560014 0.40233638754277101
1.131737723917432 8.1666666666666661 -0.060011680139643572 0.003026144161220479 -0.50360676089552658 1.2249036748871802 0.056725198487159484 0 -0.25180338044776329 0.00032767526259936525 0 0.00068794095423206278 0.39826875755563773
1.139893751388847 8.1666666666666661 -0.0639570961259327 0.003014094837828319 -0.45309135159615321 1.2041020404601048 0.056829813970884185 0 -0.22654567579807661 0.00030107089585178275 0 0.00061287301465337649 0.3943267884582522
1.1479285912756994 8.1666666666666661 -0.067976388050580039 0.0029754373515136108 -0.40059740577823821 1.1820978747998556 0.056938740519114517 0 -0.20029870288911911 0.00027051634137769873 0 0.00053104480989742456 0.39053145782524096
1.1558140478016039 8.1666666666666661 -0.072081994509174685 0.0029516278753518484 -0.33716512175275803 1.1549503284967846 0.057051384364689629 0 -0.16858256087637902 0.00023374079170668615 0 0.00043927670321761868 0.3868900246778742
1.1635754241288576 8.1666666666666661 -0.076300421817994624 0.0029377310586127144 -0.26286135067489669 1.1223160092441753 0.057167526351286829 0 -0.13143067533744834 0.00018739103366932606 0 0.00033758550087077791 0.38343301000113417
1.1711876105086372 8.1666666666666661 -0.080612945130083241 0.0028950924837761265 -0.18172925382378802 1.0855632286603276 0.057286389346452915 0 -0.090864626911894009 0.00013168438132202744 0 0.00022772917174468515 0.38021417942892788
1.1785368433451788 8.1666666666666661 -0.084963000034837144 0.0027986471718877775 -0.0911149496432615 1.0429858557018736 0.057406048889397245 0 -0.04555747482163075 6.609476538479071e-05 0 0.00010903005547342482 0.37729564441772256
1.1855154471700535 8.1666666666666661 -0.089339896920040976 0.0026937487646731262 0.053404683815092224 0.97122918529422142 0.057525523184328631 0 0.026702341907546112 -3.9175851629411424e-05 -0 -6.0324881345359155e-05 0.37472922419181193
1.1920227625777058 8.1666666666666661 -0.093580333965716134 0.0024842654549840641 0.20748392898762968 0.888365817069391 0.057638928468558948 0 0.10374196449381484 -0.000141071057406497 -0 -0.00021568468720542739 0.37283720110198232
1.1977452154959538 8.1666666666666661 -0.097265977523383951 0.0020536345659487513 0.42216521359755421 0.75795871350050259 0.057735388031161849 0 0.21108260679877711 -0.00023161447484645089 -0 -0.00036642231552618248 0.37178624050342257
1.2012610470204288 8.1666666666666661 -0.099485905624243254 0.0007183814698520708 0.59053326883365664 0.63728086458433753 0.057791269245298378 0 0.29526663441682832 -0.00011299343784563322 -0 -0.00017951285592400878 0.3718132156906741
1.2001411442393453 8.5 -0.099784159789142651 0.0013669896906639209 -0.29904371719159628 -1.1366355433500266 0.084281426097249174 0 -0.14952185859579814 -2.7489086358644276e-05 -0 -0.00020253789876160163 0.56331947428590712
1.1953279575719831 8.5 -0.098257623700580082 0.0020330838868118963 0.1768455193266224 -0.90336550900242107 0.084173854718518876 0 0.088422759663311201 7.3730798114988053e-05 0 0.00016395530349852224 0.5640979733147502
1.1892223033436113 8.5 -0.095497186507080695 0.0024340393542550917 0.34040136644732821 -0.80779501439007551 0.084058600269154876 0 0.17020068322366411 0.00017129802549472551 0 0.00037720139919635075 0.56439513062797497
1.1823891933399708 8.5 -0.092418695519260463 0.0025623583026815563 0.4276153650107507 -0.75189093490194947 0.083932454995202216 0 0.21380768250537535 0.00022361717506592441 0 0.00050013703410107775 0.56423989838076982
1.1753131306913638 8.5 -0.089349139204410663 0.0025800660900553857 0.47258682890634829 -0.72138096339224378 0.083801412571209238 0 0.23629341445317414 0.00023640940967744649 0 0.00056194921062692948 0.56368751324962962
1.1680700523587131 8.5 -0.086397942189822219 0.0026344182806355655 0.49609549851708123 -0.70491456146035558 0.083665778691609377 0 0.24804774925854062 0.00023985567009936071 0 0.00060784967083127729 0.56284541262560495
1.1605924331157629 8.5 -0.083509437373744555 0.0027097997010345071 0.5134947191158985 -0.69248044827102839 0.083523108457821557 0 0.25674735955794925 0.00024614269123054527 0 0.00065073762796390806 0.56180042562207022
1.152955710810208 8.5 -0.08066549012810445 0.0027229937168740904 0.53095721732712176 -0.67977304947831196 0.083374959525235076 0 0.26547860866356088 0.00024882479959666007 0 0.00067872357357949716 0.56059140693321297
1.1452797786568585 8.5 -0.07790795128804856 0.0027146029287864887 0.54545396379509892 -0.66904389258759156 0.083224431485858535 0 0.27272698189754946 0.00024575169033711982 0 0.00069836774874890628 0.55923011667513411
1.1375921272453167 8.5 -0.075262283605134261 0.0027056352909291584 0.55683512956995318 -0.6605027717402947 0.083072010650007452 0 0.27841756478497659 0.00024018748186650617 0 0.00071397858726965162 0.55773507870211747
1.1298826960670283 8.5 -0.072728545181008825 0.0027045760451131357 0.56576442995120257 -0.65372800094305195 0.08291725291999516 0 0.28288221497560129 0.00023379394321134073 0 0.00072847950221529374 0.55612285424186381
1.1221431800150796 8.5 -0.070306809797670136 0.0027019391742814508 0.57213201029985017 -0.64885960075416316 0.082759943265433553 0 0.28606600514992508 0.00022542552434446985 0 0.00073932988008853443 0.5544043468004336
1.1143356163922562 8.5 -0.06798883215614504 0.0027277987145001709 0.57534089984521686 -0.64640273970724305 0.082599020900694237 0 0.28767044992260843 0.00021785258962354588 0 0.00075386036909175539 0.55258652730503277
1.1064328298226749 8.5 -0.065749653471867148 0.0027482005621217768 0.57937735772732446 -0.64329419081934791 0.082433162809369159 0 0.28968867886366223 0.00021306215049002132 0 0.00076708258909040643 0.55068696599856037
1.0985053101077311 8.5 -0.063593222425092244 0.0027289316290409439 0.58409142619493992 -0.63964146266554822 0.082264044661918695 0 0.29204571309746996 0.00020505524420919759 0 0.00077014152246029336 0.54872014212621334
1.0905694717976031 8.5 -0.061542983401923407 0.0027354856195284522 0.58523398753032319 -0.63876979444093274 0.082092400254623915 0 0.29261699376516159 0.00019450015981213541 0 0.00077645941008700013 0.54668185295894267
1.0825658731837731 8.5 -0.059582212909666032 0.0027581076908285941 0.58685212943996901 -0.63752463490068112 0.081915874253921467 0 0.2934260647199845 0.00018852283681302431 0 0.00078703668277038837 0.54458215215958106
1.0745004604945598 8.5 -0.057695950387690563 0.0027640029346593241 0.5877026253939539 -0.63688053684669022 0.081734670684586591 0 0.29385131269697695 0.00018072442508577306 0 0.00079184410775141119 0.54242455629709696
1.0663980781478899 8.5 -0.055888505231073596 0.002770419169524886 0.58861404044388188 -0.6361884094825887 0.08154917041964424 0 0.29430702022194094 0.00017362450452557357 0 0.00079665322933155367 0.54022017575905867
1.0582631930691395 8.5 -0.054158888168837231 0.0027741364997622931 0.58873487740669517 -0.636117726938078 0.081359449779590157 0 0.29436743870334758 0.00016576848168465007 0 0.00079961341505583737 0.53797191958659674
1.0500825690865543 8.5 -0.052503793634667811 0.0027901758346683082 0.58812905143566652 -0.636618572457611 0.081164904770270524 0 0.29406452571783326 0.00015887182522902427 0 0.00080496361897642384 0.53568266354042215
1.0418495611353349 8.5 -0.050914032954489576 0.0027999322516903636 0.58743480189546449 -0.63718901432950292 0.080965166104517108 0 0.29371740094773224 0.00015260929642571785 0 0.00080810505514406124 0.53335803870634224
1.0335757726494328 8.5 -0.049384945336015312 0.0028093758310269589 0.5866096232436917 -0.63786215069826147 0.080760469679768215 0 0.29330481162184585 0.00014659758011391388 0 0.00081085808455887869 0.53100383930268924
1.0252752419277655 8.5 -0.047916373475824128 0.0028102924667954329 0.58562507542058251 -0.63865989344872087 0.080551009177328464 0 0.29281253771029125 0.00014032596695241168 0 0.00081083581172494376 0.52862598519354353
1.0169413730658008 8.5 -0.046508437266520403 0.0028243935467522404 0.58330530445733375 -0.64050035909688807 0.080336701073816491 0 0.29165265222866688 0.00013398211031154217 0 0.00081277269922738445 0.52622504418149485
1.0085561203235738 8.5 -0.045148384382805481 0.0028388479918543038 0.58175670630919152 -0.64173564585838516 0.080116505949334546 0 0.29087835315459576 0.00013011355641698839 0 0.00081544411002088457 0.52380788390600841
1.000149776333513 8.5 -0.043835722579796677 0.002833325931847713 0.57929380364811522 -0.64367968180073665 0.079891573953622536 0 0.28964690182405761 0.00012390957021916744 0 0.00081125578417434675 0.52137886532209066
0.99170759398017316 8.5 -0.042571149697502558 0.002857609812288114 0.57616768938209173 -0.64613187521012261 0.079661223034540471 0 0.28808384469104587 0.00011962777675447682 0 0.00081449299495793114 0.51894070964073147
0.98321788755165329 8.5 -0.041342435434582797 0.0028611770793671031 0.5733134793684409 -0.64836582550485888 0.079424662095359533 0 0.28665673968422045 0.00011577764976451146 0 0.00081196287081447972 0.51649771703554681
0.97468743302655958 8.5 -0.040143113484638039 0.0028817339090294282 0.57124447021029789 -0.64998902371822531 0.079182061324079955 0 0.28562223510514895 0.00011300885308429673 0 0.00081529238298067009 0.51404958473988716
0.96613657717203894 8.5 -0.038970764877638779 0.0028721710785480224 0.5718785692090641 -0.64953128104143887 0.078933806063075831 0 0.28593928460453205 0.00011034605159468958 0 0.00081381968783461795 0.51159545743069035
0.95756160882059271 8.5 -0.037827041945921375 0.0028951134568586346 0.57557738747827225 -0.64670868417306115 0.078679669145692036 0 0.28778869373913613 0.00010837393363535243 0 0.00082610261827472504 0.5091107637192156
0.94893771035138119 8.5 -0.036699066620359579 0.0029031224535627652 0.58793802360437719 -0.63711275070575202 0.078417595498543102 0 0.2939690118021886 0.00011035857629758459 0 0.00084626260822069264 0.50656204620896272
0.94032628027079168 8.5 -0.035584205216093547 0.0028857446149378515 0.6104821294799766 -0.61920153597549743 0.078149397730297082 0 0.3052410647399883 0.00011227744969601763 0 0.00087366272012024922 0.50389698004944983
0.93180570687333841 8.5 -0.034494762961861297 0.002840882719408638 0.64351301136821504 -0.59196475206049359 0.077876318285749618 0 0.32175650568410752 0.00011533773021425339 0 0.00090676663894095975 0.50106186481855575
0.92359351737429707 8.5 -0.033448328162723889 0.0026781786264093305 0.68450261900884501 -0.55630477563737557 0.077603979242073517 0 0.34225130950442251 0.00011607809905918739 0 0.00090923045884466226 0.49806642909132764
0.91615670564815888 8.5 -0.032494996410547143 0.0023202667926768327 0.72778572039744616 -0.51597642147168499 0.077347346999285985 0 0.36389286019872308 0.00010785568878837202 0 0.00083741136810111375 0.49506916510859617
0.90999189285213999 8.5 -0.031714178145712417 0.0018224543636086938 0.76379375131145733 -0.47985201585936471 0.077125168163490188 0 0.38189687565572866 8.5602731513540522e-05 0 0.00069070524388290585 0.49233597383725647
0.90526181101140102 8.5 -0.031134651517373609 0.0013545172740137765 0.79085805066621129 -0.45080087600152352 0.076944912307752314 0 0.39542902533310564 6.4138450958755284e-05 0 0.00053176137930847998 0.49007480050504371
0.90174820370798447 8.5 -0.030711497829804476 0.0010048136924392863 0.80926177412571587 -0.42992987707954877 0.076801866309668801 0 0.40463088706285794 4.8516378232272441e-05 0 0.00040367358635139144 0.4883022758364875
0.89910328107242332 8.5 -0.030380773790327244 0.00077222573771033539 0.82369157686184136 -0.41282902305167224 0.076685206294047098 0 0.41184578843092068 4.1423403385678741e-05 0 0.00031532874719357028 0.48692153352395162
0.89703284333946653 8.5 -0.030097687898209515 0.00062093225744760136 0.82678073279882491 -0.40908914798785334 0.07658548295693729 0 0.41339036639941246 3.6437896911523584e-05 0 0.00025408799238569658 0.48581691939951216
0.89535172751916403 8.5 -0.029789421663611967 0.00051953040798950376 0.84230299025162081 -0.38967416921685694 0.076492166876952344 0 0.4211514951258104 4.9429196247449874e-05 0 0.00021314463563200619 0.4849293691476223
0.8939535284507758 8.5 -0.02938479987297242 0.00045246451777965755 0.8700562804794012 -0.35228718224967254 0.076403277044802653 0 0.4350281402397006 6.62900566080357e-05 0 0.00018533635902918618 0.4842020865179516
0.89277606974434098 8.5 -0.028870690796752016 0.00040629275590664608 0.90757962763872113 -0.29427223175559425 0.07631661666282552 0 0.45378981381936057 8.6382660683029201e-05 0 0.00016288305967699775 0.48358492407050929
0.89182062648313942 8.5 -0.028224806223812966 0.00036743403850692034 0.95813122755554203 -0.18988890156390842 0.076229767855545097 0 0.47906561377777102 0.0001150866070724483 0 0.00013319113385517985 0.48307299612789212
0.89113677700504024 8.5 -0.027418539873801641 0.00034643223373117231 0.99408821498913225 0.010669976622663169 0.076144183032845952 0 0.49704410749456612 0.00014776101962546236 0 8.8412671756220643e-05 0.48269203125500071
0.89070210615648038 8.5 -0.02648985752440472 0.00034074146845125612 0.9684708430295822 0.16044492033566951 0.076069603054692264 0 0.4842354215147911 0.00015584733264091758 0 5.4187712154626003e-05 0.48240821715291116
0.89044619584671214 8.5 -0.025525379572637757 0.0003264644546625937 0.8948160182917112 0.31528938474224566 0.076003852383579637 0 0.4474080091458556 0.00014368205166706178 0 2.6264291263221916e-05 0.48214939683970459
0.89035083841508378 8.5 -0.024794241989533932 0.00016635308204638027 0.80874485355002423 0.43068038633225481 0.07595756235343222 0 0.40437242677501212 6.7239786638511719e-05 0 1.9686467343734043e-06 0.48194554161524794
0.89040674237629447 8.5 -0.024032817773731313 0.00034392542947578379 0.71742736254869688 0.52612721158942233 0.075913073158991443 0 0.35871368127434844 0.00012244128870516038 -0 -1.5115372178921867e-05 0.48179993923024167
0.89062834704382321 8.5 -0.023016903109668807 0.00035214798946608088 0.55951116393585743 0.65934382204388586 0.075858818845952677 0 0.27975558196792871 9.3981685424118322e-05 -0 -2.9541836268856346e-05 0.48161936789741261
0.89103199816754375 8.5 -0.021998637772758924 0.00037988721841155347 0.4436337186210354 0.74203712456817128 0.075810204732376554 0 0.2218168593105177 7.6061318323289713e-05 -0 -3.6267502710955556e-05 0.48147660568617623
0.89162116110677681 8.5 -0.020963939900063341 0.00041581711266073683 0.3191695951197947 0.82163867072038632 0.075764765274116075 0 0.15958479755989735 5.5359511695000333e-05 -0 -3.6588530164747901e-05 0.48134803922026909
0.89240961495805382 8.5 -0.01991475816111668 0.00046057299217701895 0.22150074537780828 0.87907073358665211 0.075722519593692181 0 0.11075037268890414 3.9045856925332854e-05 -0 -3.2822270578458001e-05 0.48123737622285617
0.89341390204746007 8.5 -0.018859814019942515 0.00051212071882504226 0.12479962769136166 0.93245509640538815 0.075682663115515594 0 0.062399813845680829 2.1886032894248838e-05 -0 -2.3285245986743149e-05 0.48112813398852133
0.89467288969105663 8.5 -0.017814426432517058 0.0005806486807077674 0.057052689727303041 0.96810388971811423 0.07564501956741311 0 0.02852634486365152 9.8754299322419203e-06 -0 -1.3297926190329943e-05 0.48102831572311688
0.89622532258267862 8.5 -0.016774596972762266 0.00066630082088884809 0.019457333027786627 0.98733270057260181 0.075609558603567786 0 0.0097286665138933137 3.3761715808484613e-06 -0 -5.5335903295836927e-06 0.48095142365222349
0.89812120936205031 8.5 -0.015732561218473246 0.00077722220012858508 -0.021420308482210881 1.0078237262665597 0.075575427596523817 0 -0.010710154241105441 -3.7234618958315208e-06 0 7.4449735899828069e-06 0.48087527767610577
0.90046632168568408 8.5 -0.014687126326249316 0.00093590237000729267 -0.061147412796230149 1.0273465236980508 0.075541598088473536 0 -0.030573706398115075 -1.0679378110436509e-05 0 2.6546414522307568e-05 0.48078183673279234
0.90339987559134372 8.5 -0.013649881960676133 0.0011399979603560597 -0.10061264111908264 1.0463800957117937 0.075507194473506914 0 -0.050306320559541318 -1.721466278196027e-05 0 5.4704432917378686e-05 0.48064772501928177
0.90706950859445867 8.5 -0.012653119698425315 0.0013966936017765614 -0.14641651668533062 1.0680452121313588 0.075471461683282615 0 -0.073208258342665311 -2.3595853134337511e-05 0 9.9489683872740577e-05 0.48043044544447217
0.91167145559502072 8.5 -0.011734281206095883 0.0017334415944441474 -0.20986690351248227 1.0973498969051114 0.075432799728126596 0 -0.10493345175624114 -3.0456686443997501e-05 0 0.00017932804765767013 0.48004778005927184
0.91738238973173158 8.5 -0.010927914262336231 0.0021128463342183434 -0.3133417901427018 1.1435288555690606 0.075389300458463801 0 -0.1566708950713509 -3.874946343134456e-05 0 0.00032874569195316477 0.47935214894529382
0.92414211050463424 8.5 -0.010270309491161205 0.0024157287320443611 -0.47637970523769835 1.2127257200085189 0.075339453591846281 0 -0.23818985261884917 -4.5511615304822608e-05 0 0.00057359936870941233 0.47810538745829756
0.93161588142430751 8.5 -0.0097923122200561027 0.0025775135194196727 -0.68499030265262983 1.2958868148021241 0.07528390182924348 0 -0.34249515132631492 -4.3699638555118033e-05 0 0.0008817036104049209 0.47610004622114876
0.93940808915355634 8.5 -0.0095272652880769686 0.0026209116680832082 -0.87663368925088592 1.3678358014643699 0.07522572354727243 0 -0.43831684462544296 -2.1523970670012799e-05 0 0.0011485880758329405 0.47331520700107421
0.9473404368835725 8.5 -0.0095101252800572147 0.0026680462970265174 -0.98236777557020316 1.4059578960777481 0.075167612885040355 0 -0.49118388778510158 1.8507460541271603e-05 0 0.00131037066131119 0.4699659723911585
0.95540214931268386 8.5 -0.0097583556590727337 0.0027097105295752536 -0.99737761943772507 1.4112887545644808 0.075111055628061626 0 -0.49868880971886254 6.3736234154340314e-05 0 0.0013497983734308055 0.46635493657880217
0.96358064453906467 8.5 -0.010271961851588941 0.002754008990459527 -0.97593607515610725 1.4036745951603671 0.075058017942700977 0 -0.48796803757805363 0.00010471623287591085 0 0.0013397823280020659 0.46267122320170612
0.9718635887596716 8.5 -0.01103588825027679 0.0027919231139796564 -0.96165103127224683 1.3985794289962714 0.07501074630151558 0 -0.48082551563612341 0.00014169339703728757 0 0.0013349290504717998 0.45892752811985665
0.98021029299967322 8.5 -0.012029902764640346 0.0028123214543441109 -0.96433539879552788 1.3995408879478974 0.074971339574124038 0 -0.48216769939776394 0.00017743220553421125 0 0.0013443520619540077 0.45508814391382707
0.98857597936802444 8.5 -0.013244612976067034 0.0028237607471675451 -0.97293023663998213 1.4026097190991127 0.074941393960149441 0 -0.48646511831999106 0.00021492915787632853 0 0.0013567425294328474 0.45112146137613279
0.99695658355037398 8.5 -0.014680880392702276 0.0028452121631351258 -0.97653259214826171 1.4038943274492177 0.07492202282487094 0 -0.48826629607413086 0.00025179569675011704 0 0.0013662117266226412 0.44702592001516389
1.0053787090410431 8.5 -0.016336400484973784 0.002877380561011209 -0.97109837996920634 1.4019580150028002 0.074913978259166111 0 -0.48554918998460317 0.00028549645674449844 0 0.0013676284467400079 0.4428094242700335
1.0138636800766103 8.5 -0.018201331923037752 0.0029146063842017543 -0.95809197125300405 1.397311452541206 0.074917793949026354 0 -0.47904598562650202 0.00031391928671819504 0 0.001360483096969542 0.43849152207412434
1.0224156650912091 8.5 -0.020258640484720439 0.0029496199595978284 -0.94073936986981388 1.3910874478110888 0.074933853579306306 0 -0.47036968493490694 0.00033689668796594587 0 0.0013458871257072415 0.4340942230811265
1.0310147188869105 8.5 -0.022485303819031105 0.0029723502622508871 -0.92399542132729029 1.3850545405528731 0.074962263981017421 0 -0.46199771066364514 0.0003549085475333293 0 0.0013265633758056086 0.42964320729900607
1.0396165107734936 8.5 -0.024858330024029797 0.0029765756377465274 -0.90945988173488601 1.3797950711968734 0.075002954846466699 0 -0.45472994086744301 0.00037006529379487378 0 0.0013019665772674067 0.4251569379931317
1.0481816235991612 8.5 -0.027367951583473236 0.0029737589321157903 -0.89360517184114774 1.3740348663779589 0.075055698110485888 0 -0.44680258592057387 0.00038392302840442664 0 0.0012720071159910212 0.42064670387914388
1.0566977018865309 8.5 -0.030014985586839057 0.0029717630128708 -0.87385545252377117 1.3668256822295428 0.075119950223066667 0 -0.43692772626188559 0.00039560381845149485 0 0.0012367128773238113 0.41612424710797946
1.0651641220281791 8.5 -0.032799822047019714 0.0029702121906526749 -0.85018927029280844 1.3581365676990484 0.075195304184879339 0 -0.42509463514640422 0.00040432281096721535 0 0.001196133575173337 0.411600905698147
1.0735860692210983 8.5 -0.035724771484537954 0.0029735986014609635 -0.82156829880601157 1.3475537162578926 0.075281343011099289 0 -0.41078414940300578 0.0004103036516950742 0 0.0011505349560362672 0.4070834501881242
1.0819694129362265 8.5 -0.038792317390392017 0.0029778965650821883 -0.7874496154843782 1.3348287668264338 0.075377574496665503 0 -0.3937248077421891 0.00041191501685742643 0 0.0010977322211932 0.40258416874867969
1.0903266394261999 8.5 -0.042004512312211958 0.0029911532472339112 -0.74771667510617057 1.3198556378100721 0.075483577334002461 0 -0.37385833755308528 0.00040947319270597931 0 0.0010406027511871462 0.39811484482156023
1.0986729657925149 8.5 -0.045359785788310521 0.0030060079653900468 -0.70458867410677484 1.3034084068780107 0.075598935088403721 0 -0.35229433705338742 0.00040217428843090621 0 0.00097966114511522317 0.39369037920691546
1.107001577561435 8.5 -0.048845285808694711 0.0030131558518388538 -0.66122280114242415 1.2866580093027127 0.075722970356456212 0 -0.33061140057121208 0.00039080934424677723 0 0.00091632416393296154 0.3893290348334611
1.1152897479104078 8.5 -0.052448349745367939 0.0030119683217127674 -0.61668335403177266 1.2692239265834715 0.075854981509504912 0 -0.30834167701588633 0.00037616511646925565 0 0.00084912427325631377 0.38504319112006613
1.1235300753917126 8.5 -0.056169000916924623 0.0030157584147774935 -0.56848589182694154 1.2500843032390647 0.07599425387648534 0 -0.28424294591347077 0.00035828031855957113 0 0.00077874313131438757 0.38084157909525018
1.131737723917432 8.5 -0.060011680139643572 0.003026144161220495 -0.5169673814275999 1.2292965552937041 0.076140400383980636 0 -0.25848369071379995 0.00033636844382980291 0 0.0007061919364500629 0.37673505932176188
1.139893751388847 8.5 -0.0639570961259327 0.0030140948378283346 -0.46677931508309967 1.2087012775870609 0.07629244158176092 0 -0.23338965754154983 0.00031016629662446253 0 0.00063138800819090236 0.37275236901756142
1.1479285912756994 8.5 -0.067976388050580039 0.0029754373515136264 -0.41457477663422049 1.1868994520452214 0.076449116207930934 0 -0.20728738831711024 0.00027995501265090541 0 0.00054957366241124004 0.36891478566565744
1.1558140478016039 8.5 -0.072081994509174685 0.002951627875351864 -0.35131614732528149 1.1599341035735273 0.076609547005311321 0 -0.17565807366264075 0.00024355103513752698 0 0.00045771341407410367 0.36522979876749978
1.1635754241288576 8.5 -0.076300421817994624 0.00293773105861273 -0.27705988536790227 1.1274598617208154 0.0767733389685641 0 -0.13852994268395113 0.00019751301655452803 0 0.00035582028294757733 0.36172801529248783
1.1711876105086372 8.5 -0.080612945130083241 0.0028950924837761417 -0.19588517705279695 1.0908554152394221 0.076939197393948541 0 -0.097942588526398477 0.00014194202533492707 0 0.00024546828971492473 0.35846352407762094
1.1785368433451788 8.5 -0.084963000034837144 0.0027986471718877927 -0.10516226129794415 1.0484355834422445 0.077104401106969256 0 -0.052581130648972074 7.6284682316517716e-05 0 0.00012583936256253724 0.35549918300636013
1.1855154471700535 8.5 -0.089339896920040976 0.0026937487646731401 0.039948787333352387 0.97677067417600805 0.077267475281610487 0 0.019974393666676193 -2.9305065652388587e-05 -0 -4.5125365110661701e-05 0.35288718581609219
1.1920227625777058 8.5 -0.093580333965716134 0.0024842654549840776 0.19509787035726889 0.89381665083281958 0.077420438753165607 0 0.097548935178634444 -0.00013264961292831819 -0 -0.00020280907223885086 0.35095205823899728
1.1977452154959538 8.5 -0.097265977523383951 0.0020536345659487622 0.41160465464775009 0.76313923433689568 0.077549044919628621 0 0.20580232732387505 -0.00022582058601700535 -0 -0.00035725617786490647 0.34986458540999194
1.2012610470204288 8.5 -0.099485905624243254 0.0007183814698520746 0.58150639521179825 0.64223697157374138 0.077622658624857316 0 0.29075319760589913 -0.00011126622358462128 -0 -0.0001767688278574363 0.34987048643336477
1.2001411442393453 8.8333333333333321 -0.099784159789142651 0.0013669896906639209 -0.32522506803392104 -1.1453390454982457 0.11585999694065385 0 -0.16261253401696052 -2.9895762616716332e-05 -0 -0.00022027014151240759 0.53107190937818705
1.1953279575719831 8.8333333333333321 -0.098257623700580082 0.0020330838868118967 0.15722223460856077 -0.91070673482670195 0.11571952528733637 0 0.078611117304280387 6.5549417837955932e-05 0 0.00014576235400317496 0.53189091703853042
1.1892223033436113 8.8333333333333321 -0.095497186507080695 0.0024340393542550917 0.32378750960641067 -0.81415942319298107 0.11557215936228631 0 0.16189375480320534 0.00016293753945319377 0 0.00035879145533553004 0.53223120893733256
1.1823891933399708 8.8333333333333321 -0.092418695519260463 0.0025623583026815567 0.41181533366503409 -0.75819825443234845 0.11541262197310025 0 0.20590766683251704 0.00021535470681857005 0 0.00048165738752487945 0.53212306372731177
1.1753131306913638 8.8333333333333321 -0.089349139204410663 0.0025800660900553857 0.45705970259202267 -0.72777623377724177 0.11524778070310437 0 0.22852985129601133 0.0002286420354269798 0 0.00054348602917129681 0.53161952240317645
1.1680700523587131 8.8333333333333321 -0.086397942189822219 0.002634418280635565 0.4805863230779357 -0.71145683423631534 0.11507758226737491 0 0.24029316153896785 0.00023235718708799604 0 0.00058884678285158593 0.53082793829841934
1.1605924331157629 8.8333333333333321 -0.083509437373744555 0.0027097997010345071 0.49794776528721196 -0.699178463907144 0.11489869590745838 0 0.24897388264360598 0.00023869028926150728 0 0.00063103540420206944 0.52983608001826688
1.152955710810208 8.8333333333333321 -0.08066549012810445 0.0027229937168740904 0.51542948107616904 -0.68659409089331691 0.11471300394554498 0 0.25771474053808452 0.000241547968743351 0 0.00065887444017680825 0.52868222626637495
1.1452797786568585 8.8333333333333321 -0.07790795128804856 0.0027146029287864891 0.52994512510492719 -0.67597269125875337 0.11452421389152131 0 0.2649725625524636 0.00023876425679321924 0 0.00067851112751105285 0.52737699097174118
1.1375921272453167 8.8333333333333321 -0.075262283605134261 0.002705635290929158 0.54130624989668474 -0.66754907355243909 0.11433277965043734 0 0.27065312494834237 0.00023348919307892392 0 0.00069406732991136779 0.52593874019223397
1.1298826960670283 8.8333333333333321 -0.072728545181008825 0.0027045760451131361 0.55018500786536872 -0.66089900428825898 0.11413806667987263 0 0.27509250393268436 0.00022735597304288194 0 0.00070841940468164524 0.52438419584603391
1.1221431800150796 8.8333333333333321 -0.070306809797670136 0.0027019391742814512 0.55646638154160333 -0.65616412906029176 0.11393969542238308 0 0.27823319077080166 0.00021925311568101686 0 0.00071908618244037115 0.52272435479252388
1.1143356163922562 8.8333333333333321 -0.06798883215614504 0.0027277987145001709 0.55952920776926041 -0.65386150315804437 0.11373621638969 0 0.2797646038846302 0.00021186549907252836 0 0.00073314255113799537 0.52096660122309668
1.1064328298226749 8.8333333333333321 -0.065749653471867148 0.0027482005621217768 0.5634237149585708 -0.65091332786940925 0.11352587653658565 0 0.2817118574792854 0.00020719530500300806 0 0.00074596032492654091 0.51912899818311542
1.0985053101077311 8.8333333333333321 -0.063593222425092244 0.0027289316290409434 0.56802475349212089 -0.64740706994031583 0.1133107775067056 0 0.28401237674606045 0.00019941476508734471 0 0.00074895714751264486 0.51722539467446704
1.0905694717976031 8.8333333333333321 -0.061542983401923407 0.0027354856195284522 0.56898961856842256 -0.6466998127662309 0.11309170438055707 0 0.28449480928421128 0.00018910140918169073 0 0.00075490718753987846 0.51525133145820012
1.0825658731837731 8.8333333333333321 -0.059582212909666032 0.0027581076908285941 0.57041423802007407 -0.64563698130727221 0.11286562961486084 0 0.28520711901003704 0.00018324225970297727 0 0.00076499156631626582 0.51321775618191834
1.0745004604945598 8.8333333333333321 -0.057695950387690563 0.0027640029346593241 0.57106554491164763 -0.6451730785770029 0.11263282722112958 0 0.28553277245582381 0.00017560835672848942 0 0.00076942805313319463 0.51112808526650844
1.0663980781478899 8.8333333333333321 -0.055888505231073596 0.002770419169524886 0.57177557877091256 -0.64466431704224925 0.11239368114595136 0 0.28588778938545628 0.00016865763427773264 0 0.00077386339771518486 0.50899331151480898
1.0582631930691395 8.8333333333333321 -0.054158888168837231 0.0027741364997622931 0.57167874337785896 -0.64478214668437717 0.11214829441069268 0 0.28583937168892948 0.00016096603231418932 0 0.0007764479562018912 0.50681630615697626
1.0500825690865543 8.8333333333333321 -0.052503793634667811 0.0027901758346683082 0.57083398024314191 -0.64548069991500312 0.11189587031743317 0 0.28541699012157096 0.00015419989222194874 0 0.00078129210833840124 0.50460018115858185
1.0418495611353349 8.8333333333333321 -0.050914032954489576 0.0027999322516903641 0.56989808064997183 -0.6462502236819776 0.11163587121092433 0 0.28494904032498591 0.00014805344327869095 0 0.00078398065351956126 0.50235070942006521
1.0335757726494328 8.8333333333333321 -0.049384945336015312 0.0028093758310269584 0.56882790981393982 -0.64712372235444249 0.11136865875187071 0 0.28441395490696991 0.00014215381367062486 0 0.00078627879789103315 0.50007358176917927
1.0252752419277655 8.8333333333333321 -0.047916373475824128 0.0028102924667954324 0.56759622057987702 -0.64812173630109626 0.11109452891198172 0 0.28379811028993851 0.0001360059393532694 0 0.00078587369558137513 0.49777465488126016
1.0169413730658008 8.8333333333333321 -0.046508437266520403 0.0028243935467522404 0.56499912497016724 -0.65017019520826391 0.11081332181953929 0 0.28249956248508362 0.00012977727874102481 0 0.00078726502288597447 0.49545452029262282
1.0085561203235738 8.8333333333333321 -0.045148384382805481 0.0028388479918543038 0.56318089038623864 -0.65161615722744204 0.11052372258435263 0 0.28159044519311932 0.0001259589580309783 0 0.00078940652503230093 0.49312043571528069
1.000149776333513 8.8333333333333321 -0.043835722579796677 0.002833325931847713 0.56043762897362626 -0.65376779020077802 0.11022725399085874 0 0.28021881448681313 0.00011987627919278399 0 0.00078484918241933626 0.49077634294448402
0.99170759398017316 8.8333333333333321 -0.042571149697502558 0.002857609812288114 0.55700206883806347 -0.65644106579463535 0.10992296529997592 0 0.27850103441903173 0.0001156484828474185 0 0.00078739973033236006 0.48842521504886544
0.98321788755165329 8.8333333333333321 -0.041342435434582797 0.0028611770793671026 0.55383262594098726 -0.65890290165014531 0.10960994597221399 0 0.27691631297049363 0.00011184359360430724 0 0.00078437285201307953 0.48607164118211638
0.97468743302655958 8.8333333333333321 -0.040143113484638039 0.0028817339090294286 0.55145744287190079 -0.6607560887232371 0.10928837240653173 0 0.2757287214359504 0.00010909440072270683 0 0.00078705191237289954 0.4837152571529108
0.96613657717203894 8.8333333333333321 -0.038970764877638779 0.0028721710785480229 0.55182367194336834 -0.66053336482837477 0.10895871697637063 0 0.27591183597168417 0.00010647638616647235 0 0.00078528028959331544 0.4813550655916059
0.95756160882059271 8.8333333333333321 -0.037827041945921375 0.0028951134568586351 0.55527096232910722 -0.65797460294800358 0.10862071416773995 0 0.27763548116455361 0.00010455049091615782 0 0.00079695763907910273 0.47896657619773586
0.94893771035138119 8.8333333333333321 -0.036699066620359579 0.0029031224535627652 0.56750416280618543 -0.64867024719929023 0.10827163798625335 0 0.28375208140309272 0.00010652304994035602 0 0.00081685064362434885 0.47651711197967767
0.94032628027079168 8.8333333333333321 -0.035584205216093547 0.0028857446149378515 0.59009360103000463 -0.6310792401625569 0.10791381563935749 0 0.29504680051500232 0.00010852767248408265 0 0.00084448463878963778 0.47395366524022686
0.93180570687333841 8.8333333333333321 -0.034494762961861297 0.002840882719408638 0.62333642606105555 -0.60423241332604427 0.10754889411392785 0 0.31166821303052777 0.00011172145282484337 0 0.00087833604916099641 0.4712220645069678
0.92359351737429707 8.8333333333333321 -0.033448328162723889 0.0026781786264093305 0.66469413367630525 -0.56904955181248362 0.10718429878347965 0 0.33234706683815263 0.00011271897192250466 0 0.00088291868485320258 0.46832991903405458
0.91615670564815888 8.8333333333333321 -0.032494996410547143 0.0023202667926768322 0.70844319245579612 -0.5292844129356904 0.10684015054054087 0 0.35422159622789806 0.00010498918342067158 0 0.00081515529418789423 0.46543003087161672
0.90999189285213999 8.8333333333333321 -0.031714178145712417 0.0018224543636086938 0.74473761236618352 -0.49387372816318731 0.10654167383709803 0 0.37236880618309176 8.3467001098076822e-05 0 0.00067347261390254527 0.46278118700251597
0.90526181101140102 8.8333333333333321 -0.031134651517373609 0.0013545172740137767 0.77179173900696485 -0.46573463584228186 0.10629915319461507 0 0.38589586950348242 6.2592176384840585e-05 0 0.00051894147037829283 0.4605884709931013
0.90174820370798447 8.8333333333333321 -0.030711497829804476 0.001004813692439286 0.78981335618122539 -0.44601352319746446 0.10610646042423355 0 0.39490667809061269 4.7350418302886665e-05 0 0.00039397238351255112 0.45887029076223051
0.89910328107242332 8.8333333333333321 -0.030380773790327244 0.00077222573771033539 0.80361228445807775 -0.43030511278343198 0.10594916448165181 0 0.40180614222903888 4.0413616892402986e-05 0 0.00030764191598626973 0.45753388078738222
0.89703284333946653 8.8333333333333321 -0.030097687898209515 0.00062093225744760125 0.80504851176836267 -0.42866626024951193 0.1058145810147875 0 0.40252425588418134 3.5480114033727474e-05 0 0.00024740920054566463 0.45646716967196127
0.89535172751916403 8.8333333333333321 -0.029789421663611967 0.00051953040798950376 0.81928293875000691 -0.41176084549901398 0.10568853941620264 0 0.40964146937500345 4.8078301549854459e-05 0 0.00020731941531778675 0.45561509127030286
0.8939535284507758 8.8333333333333321 -0.02938479987297242 0.00045246451777965755 0.84687994337888362 -0.3767961814792235 0.10556843393643968 0 0.42343997168944181 6.4524239001945101e-05 0 0.00018039941640809941 0.45492160913554386
0.89277606974434098 8.8333333333333321 -0.028870690796752016 0.00040629275590664613 0.88552574452582422 -0.32148758921819054 0.1054513416360916 0 0.44276287226291211 8.4283590757185865e-05 0 0.00015892505549775738 0.45433739601341833
0.89182062648313942 8.8333333333333321 -0.028224806223812966 0.00036743403850692034 0.94066385092748972 -0.21963814800924869 0.10533391197319905 0 0.47033192546374486 0.00011298850082899786 0 0.0001307629699130638 0.45385847999875373
0.89113677700504024 8.8333333333333321 -0.027418539873801641 0.00034643223373117231 0.98858587264073594 -0.018527560670192678 0.10521813938136522 0 0.49429293632036797 0.00014694315285723364 0 8.7923301919013152e-05 0.4535100566588498
0.89070210615648038 8.8333333333333321 -0.02648985752440472 0.00034074146845125618 0.97096818118355688 0.13409774161540514 0.10511714660364012 0 0.48548409059177844 0.00015624920688710742 0 5.4327442784633432e-05 0.45325460692222841
0.89044619584671214 8.8333333333333321 -0.025525379572637757 0.0003264644546625937 0.90434435986176676 0.29090334413408248 0.10502801773736775 0 0.45217217993088338 0.00014521203284507397 0 2.6543963433965083e-05 0.45302079992829763
0.89035083841508378 8.8333333333333321 -0.024794241989533932 0.00016635308204638029 0.82281954728385864 0.40763066528153613 0.10496520108242324 0 0.41140977364192932 6.8409969545409061e-05 0 2.0029073540667391e-06 0.45283455415898199
0.89040674237629447 8.8333333333333321 -0.024032817773731313 0.00034392542947578379 0.73404421003177722 0.50492651418188716 0.10490474366944209 0 0.36702210501588861 0.00012527723883231677 -0 -1.546547010835523e-05 0.45270589109144632
0.89062834704382321 8.8333333333333321 -0.023016903109668807 0.00035214798946608082 0.57822407666238518 0.64092619469816137 0.10483098915563728 0 0.28911203833119259 9.7124913281918706e-05 -0 -3.0529866248440192e-05 0.45254596733268543
0.89103199816754375 8.8333333333333321 -0.021998637772758924 0.00037988721841155347 0.46156109473977114 0.72626665362842779 0.10476475116943765 0 0.23078054736988557 7.9134979779652787e-05 -0 -3.7733083740295601e-05 0.45242171785960228
0.89162116110677681 8.8333333333333321 -0.020963939900063341 0.00041581711266073683 0.33588746275655745 0.80817688556553868 0.1047027166840899 0 0.16794373137827873 5.8259202026109308e-05 -0 -3.8505010348546027e-05 0.45231046548995019
0.89240961495805382 8.8333333333333321 -0.01991475816111668 0.000460572992177019 0.23620461355363342 0.86766631011844952 0.10464492692816536 0 0.11810230677681671 4.1637835259595133e-05 -0 -3.5001109024322955e-05 0.45221590823206298
0.89341390204746007 8.8333333333333321 -0.018859814019942515 0.00051212071882504226 0.1375051631564651 0.92279776445444872 0.10459026131245025 0 0.068752581578232552 2.4114194726718362e-05 -0 -2.5655858176627916e-05 0.45212187485749722
0.89467288969105663 8.8333333333333321 -0.017814426432517058 0.00058064868070776729 0.067392269784129377 0.96004136776945126 0.10453852106870398 0 0.033696134892064689 1.1665140441387814e-05 -0 -1.5707890963101813e-05 0.45203641782835036
0.89622532258267862 8.8333333333333321 -0.016774596972762266 0.00066630082088884809 0.027407554062175432 0.9806499685680381 0.10448964104316949 0 0.013703777031087716 4.7556674387564079e-06 -0 -7.7946024719528876e-06 0.45197306841698615
0.89812120936205031 8.8333333333333321 -0.015732561218473246 0.00077722220012858508 -0.015407235723908341 1.0022469808291876 0.10444244895006267 0 -0.0077036178619541706 -2.6782179717771113e-06 0 5.3550331991903167e-06 0.45190996417212326
0.90046632168568408 8.8333333333333321 -0.014687126326249316 0.00093590237000729267 -0.056754318164891959 1.022670962862434 0.10439549742644141 0 -0.02837715908244598 -9.9121253928222387e-06 0 2.4639205275240005e-05 0.45182946566844023
0.90339987559134372 8.8333333333333321 -0.013649881960676133 0.0011399979603560597 -0.097550813744630593 1.0424310020553711 0.1043475907650268 0 -0.048775406872315297 -1.669078899073972e-05 0 5.303967659702664e-05 0.45170852523502592
0.90706950859445867 8.8333333333333321 -0.012653119698425315 0.0013966936017765616 -0.14433984277589174 1.0646416505735803 0.10429764445975898 0 -0.072169921387945868 -2.3261185340810231e-05 0 9.8078588762474651e-05 0.45150494285147541
0.91167145559502072 8.8333333333333321 -0.011734281206095883 0.0017334415944441476 -0.20837903444851968 1.0943090641999884 0.10424349599982333 0 -0.10418951722425984 -3.0240761203798126e-05 0 0.00017805668638085605 0.45113710004081981
0.91738238973173158 8.8333333333333321 -0.010927914262336231 0.0021128463342183438 -0.31198021518098695 1.1406692052186458 0.10418243348496842 0 -0.15599010759049348 -3.8581084042294752e-05 0 0.00032731718188200201 0.45045817243716096
0.92414211050463424 8.8333333333333321 -0.010270309491161205 0.0024157287320443616 -0.47468446318968449 1.2098946452809554 0.10411248969338746 0 -0.23734223159484225 -4.5349657935334614e-05 0 0.00057155816133248351 0.44923054111316463
0.93161588142430751 8.8333333333333321 -0.0097923122200561027 0.0025775135194196727 -0.68276014032935106 1.2930339973059006 0.10403471603496228 0 -0.34138007016467553 -4.3557363128635176e-05 0 0.0008788329972522831 0.44724652040818685
0.93940808915355634 8.8333333333333321 -0.0095272652880769686 0.0026209116680832082 -0.87405482151524283 1.3650085781403445 0.10395385090759227 0 -0.43702741075762142 -2.1460651778457013e-05 0 0.001145209176793775 0.44448397184288013
0.9473404368835725 8.8333333333333321 -0.0095101252800572147 0.002668046297026517 -0.97984615332718561 1.4032306658508562 0.10387421115439763 0 -0.4899230766635928 1.8459954072387731e-05 0 0.0013070070943372609 0.44115690751024889
0.95540214931268386 8.8333333333333321 -0.0097583556590727337 0.002709710529575254 -0.9953310555062711 1.4087430425747625 0.10379834056222678 0 -0.49766552775313555 6.3605450912963284e-05 0 0.0013470286615263458 0.43756731319786457
0.96358064453906467 8.8333333333333321 -0.010271961851588941 0.0027540089904595274 -0.97469872587855133 1.4014060561973649 0.10372941497906657 0 -0.48734936293927567 0.00010458346746391741 0 0.0013380836730001284 0.43390352262774057
0.9718635887596716 8.8333333333333321 -0.01103588825027679 0.0027919231139796569 -0.96145695274405862 1.396677945696128 0.10367096387177227 0 -0.48072847637202931 0.00014166480075333772 0 0.0013346596377046673 0.43017732397210789
0.98021029299967322 8.8333333333333321 -0.012029902764640346 0.0028123214543441114 -0.96535370138813725 1.3980755830045049 0.10362608549371607 0 -0.48267685069406863 0.00017761956739517125 0 0.0013457716481185078 0.42635220777307203
0.98857597936802444 8.8333333333333321 -0.013244612976067034 0.0028237607471675455 -0.97530480718423584 1.4016320618926175 0.10359715372000047 0 -0.48765240359211792 0.00021545372215460296 0 0.0013600538468584971 0.42239593872981529
0.99695658355037398 8.8333333333333321 -0.014680880392702276 0.0028452121631351262 -0.98038042605769204 1.4034423480758431 0.10358572143425898 0 -0.49019021302884602 0.00025278784798807248 0 0.0013715950142378507 0.41830653605283263
1.0053787090410431 8.8333333333333321 -0.016336400484973784 0.0028773805610112085 -0.97648483812973574 1.4020532614134384 0.10359290656061436 0 -0.48824241906486787 0.00028708003957292653 0 0.001375214365488784 0.41409158050339434
1.0138636800766103 8.8333333333333321 -0.018201331923037752 0.0029146063842017548 -0.96502929313776997 1.3979600553639231 0.10361938401991709 0 -0.48251464656888499 0.00031619230350900707 0 0.0013703340397241482 0.40977043553346248
1.0224156650912091 8.8333333333333321 -0.020258640484720439 0.002949619959597828 -0.94921251846376076 1.3922880339843378 0.1036655626897777 0 -0.47460625923188038 0.0003399310838776839 0 0.0013580094009856488 0.40536497939076993
1.0310147188869105 8.8333333333333321 -0.022485303819031105 0.0029723502622508867 -0.93397682946201876 1.3868008579469278 0.10373143139706481 0 -0.46698841473100938 0.00035874242698951227 0 0.0013408935014370526 0.40090084843062818
1.0396165107734936 8.8333333333333321 -0.024858330024029797 0.002976575637746527 -0.92091813506177167 1.3820782437996129 0.10381648750342769 0 -0.46045906753088583 0.0003747277335230575 0 0.0013183700087601846 0.39639657786728866
1.0481816235991612 8.8333333333333321 -0.027367951583473236 0.0029737589321157899 -0.90648577526946905 1.3768392849367879 0.10391996306881415 0 -0.45324288763473453 0.00038945697161749994 0 0.0012903420806212344 0.39186359308333057
1.0566977018865309 8.8333333333333321 -0.030014985586839057 0.0029717630128707996 -0.88808148241978602 1.3701302771295822 0.104040886734977 0 -0.44404074120989301 0.00040204409611070588 0 0.0012568460862141184 0.38731385090022069
1.0651641220281791 8.8333333333333321 -0.032799822047019714 0.0029702121906526745 -0.86567866153646755 1.3619197973796453 0.10417834247987175 0 -0.43283933076823378 0.00041168906978350251 0 0.0012179256414495386 0.38275887444844103
1.0735860692210983 8.8333333333333321 -0.035724771484537954 0.0029735986014609635 -0.83821842238225153 1.3517889497142248 0.10433148044940468 0 -0.41910921119112576 0.00041861897558772426 0 0.0011738520061520372 0.37820560499948813
1.0819694129362265 8.8333333333333321 -0.038792317390392017 0.0029778965650821883 -0.80514203085976521 1.3394856945699603 0.10449930574982888 0 -0.40257101542988261 0.00042116992210379988 0 0.0011223960651349483 0.37366656594164543
1.0903266394261999 8.8333333333333321 -0.042004512312211958 0.0029911532472339107 -0.76632837796382614 1.3249038813198548 0.10468086371161664 0 -0.38316418898191307 0.00041966554716930195 0 0.0010665047938227528 0.36915372195027141
1.0986729657925149 8.8333333333333321 -0.045359785788310521 0.0030060079653900463 -0.72400014613943986 1.3088167640042283 0.10487528021864798 0 -0.36200007306971993 0.00041325422093483179 0 0.0010066508848296752 0.36468215066640025
1.107001577561435 8.8333333333333321 -0.048845285808694711 0.0030131558518388538 -0.68134282239467114 1.2924011603631813 0.10508122137933903 0 -0.34067141119733557 0.00040270108829770291 0 0.0009442065382558449 0.36027042016015565
1.1152897479104078 8.8333333333333321 -0.052448349745367939 0.0030119683217127678 -0.63741600848959812 1.2752758474970023 0.10529729949244016 0 -0.31870800424479906 0.00038881164134763432 0 0.00087767150099333547 0.35593120387734234
1.1235300753917126 8.8333333333333321 -0.056169000916924623 0.0030157584147774931 -0.58970869048368946 1.2564130582612387 0.10552211860236047 0 -0.29485434524184473 0.00037165569193784305 0 0.00080781528406051375 0.35167355162511421
1.131737723917432 8.8333333333333321 -0.060011680139643572 0.003026144161220495 -0.53856580801470888 1.2358728616360957 0.10575480077101299 0 -0.26928290400735444 0.00035042161120801504 0 0.00073569599268994595 0.34750849063298406
1.139893751388847 8.8333333333333321 -0.0639570961259327 0.0030140948378283351 -0.48869864608937474 1.215509768456805 0.10599362657942692 0 -0.24434932304468737 0.00032473129019426492 0 0.0006610371427984745 0.34346516073707833
1.1479285912756994 8.8333333333333321 -0.067976388050580039 0.0029754373515136264 -0.43674838717305198 1.1939272328157777 0.10623629282835338 0 -0.21837419358652599 0.00029492845958685297 0 0.00057896771395397981 0.33956538035328709
1.1558140478016039 8.8333333333333321 -0.072081994509174685 0.002951627875351864 -0.37356962173702746 1.1671466730473392 0.10648129099308913 0 -0.18678481086851373 0.00025897832696470557 0 0.00048670642741994351 0.33581699334100007
1.1635754241288576 8.8333333333333321 -0.076300421817994624 0.00293773105861273 -0.29919923176308583 1.1348164676804098 0.1067277679165244 0 -0.14959961588154291 0.00021329591881499694 0 0.00038425322800618119 0.33225078402209152
1.1711876105086372 8.8333333333333321 -0.080612945130083241 0.0028950924837761421 -0.21777675561473053 1.0983321135791904 0.10697347285845706 0 -0.10888837780736527 0.00015780506839725133 0 0.00027290113802743072 0.3289213811662956
1.1785368433451788 8.8333333333333321 -0.084963000034837144 0.0027986471718877927 -0.12670578662083121 1.0560354593556642 0.10721424907307038 0 -0.063352893310415603 9.191235107288006e-05 0 0.00015161879579763245 0.32589271034640982
1.1855154471700535 8.8333333333333321 -0.089339896920040976 0.0026937487646731405 0.019428170919147503 0.9843916169081498 0.10744753902165904 0 0.0097140854595737514 -1.4251842478735552e-05 -0 -2.1945680073921298e-05 0.32321757400407169
1.1920227625777058 8.8333333333333321 -0.093580333965716134 0.0024842654549840776 0.1762276490743665 0.90121098186262816 0.10766205039767343 0 0.08811382453718325 -0.00011981950081861185 -0 -0.00018319300946830887 0.32122357526653866
1.1977452154959538 8.8333333333333321 -0.097265977523383951 0.0020536345659487626 0.39537483828218012 0.77006228691339773 0.10783893541540447 0 0.19768741914109006 -0.00021691634598658611 -0 -0.00034316935426672608 0.32008687722367024
1.2012610470204288 8.8333333333333321 -0.099485905624243254 0.00071838146985207471 0.56743041893875179 0.64878264785611006 0.10793820872176287 0 0.2837152094693759 -0.00010857290716357287 -0 -0.00017248995173978115 0.32006477660743599
1.2001411442393453 9.1666666666666661 -0.099784159789142651 0.0013669896906639137 -0.36626238663956179 -1.156850845475758 0.16720797816367972 0 -0.18313119331978089 -3.3668048507460693e-05 -0 -0.00024806411210390894 0.48607947632547122
1.1953279575719831 9.1666666666666661 -0.098257623700580082 0.0020330838868118858 0.12525622831390182 -0.92024237516861185 0.16702617348825902 0 0.062628114156950909 5.2222084662491192e-05 0 0.00011612634013280482 0.48695162312319262
1.1892223033436113 9.1666666666666661 -0.095497186507080695 0.0024340393542550787 0.29609311951914707 -0.82223476275860741 0.16684386531170253 0 0.14804655975957354 0.00014900106678640947 0 0.00032810308648486511 0.48734702438645078
1.1823891933399708 9.1666666666666661 -0.092418695519260463 0.0025623583026815428 0.38530269514969517 -0.76611003412117273 0.16665149405018942 0 0.19265134757484759 0.00020149018787595549 0 0.00045064832312205266 0.487298150398703
1.1753131306913638 9.1666666666666661 -0.089349139204410663 0.0025800660900553718 0.4309534856581031 -0.7357575580946828 0.16645518931065623 0 0.21547674282905155 0.00021558251925607341 0 0.00051244333584778059 0.48685565944756004
1.1680700523587131 9.1666666666666661 -0.086397942189822219 0.0026344182806355512 0.45452898703453259 -0.71960457934533961 0.16625360853432405 0 0.2272644935172663 0.00021975880670281289 0 0.00055691957693242426 0.48612702444735501
1.1605924331157629 9.1666666666666661 -0.083509437373744555 0.0027097997010344928 0.4718548271763543 -0.70751337967187045 0.16604213443862192 0 0.23592741358817715 0.0002261826903133094 0 0.00059796854680165717 0.48520129501709797
1.152955710810208 9.1666666666666661 -0.08066549012810445 0.0027229937168740757 0.48936082126160485 -0.69508419868356142 0.16582260243653899 0 0.24468041063080243 0.00022933129884522482 0 0.00062555082507116753 0.48411607096951631
1.1452797786568585 9.1666666666666661 -0.07790795128804856 0.0027146029287864748 0.50388831105434528 -0.68460841554358198 0.16559893209969975 0 0.25194415552717264 0.00022702448309503659 0 0.00064514948789354059 0.48288064074745324
1.1375921272453167 9.1666666666666661 -0.075262283605134261 0.0027056352909291441 0.51520359771389856 -0.67634958619008323 0.16537121740679253 0 0.25760179885694928 0.00022222997115687438 0 0.00066059829439298751 0.48151322560182591
1.1298826960670283 9.1666666666666661 -0.072728545181008825 0.0027045760451131213 0.52399036795477361 -0.66987981109578998 0.16513833816378062 0 0.2619951839773868 0.00021653141810182975 0 0.00067469112974497751 0.4800308097886154
1.1221431800150796 9.1666666666666661 -0.070306809797670136 0.0027019391742814369 0.53012946596070876 -0.66534101796797029 0.16489955684790733 0 0.26506473298035438 0.0002088761171954256 0 0.00068505265820507845 0.47844454985217821
1.1143356163922562 9.1666666666666661 -0.06798883215614504 0.0027277987145001566 0.53296793804008902 -0.66326578419172122 0.16465285141913602 0 0.26648396902004451 0.00020180808546653092 0 0.00069833972622676825 0.47676238304523944
1.1064328298226749 9.1666666666666661 -0.065749653471867148 0.002748200562121762 0.53663796089160132 -0.66055739521542112 0.16439576252025681 0 0.26831898044580066 0.00019734502299269193 0 0.00071049658906183677 0.47500304830750328
1.0985053101077311 9.1666666666666661 -0.063593222425092244 0.0027289316290409291 0.54104640652795055 -0.6572782765830113 0.16413062055605568 0 0.27052320326397528 0.00018994355685349423 0 0.00071338541289602334 0.47317962378840961
1.0905694717976031 9.1666666666666661 -0.061542983401923407 0.0027354856195284378 0.54173327799856408 -0.65682359436559956 0.16385813341451885 0 0.27086663899928204 0.0001800428741176155 0 0.00071874482757627791 0.47128738337190462
1.0825658731837731 9.1666666666666661 -0.059582212909666032 0.0027581076908285793 0.54285783226183493 -0.65603779451427413 0.16357438646381084 0 0.27142891613091746 0.00017438992446331113 0 0.00072803523423694227 0.46933839908300717
1.0745004604945598 9.1666666666666661 -0.057695950387690563 0.0027640029346593094 0.54319875411100038 -0.65585139152195238 0.1632795092095711 0 0.27159937705550019 0.0001670390403279423 0 0.00073188159146366481 0.46733600481634391
1.0663980781478899 9.1666666666666661 -0.055888505231073596 0.0027704191695248712 0.54359438730998944 -0.65562575239818344 0.16297387975478289 0 0.27179719365499472 0.00016034497934912481 0 0.00073572187263904625 0.4652910549950911
1.0582631930691395 9.1666666666666661 -0.054158888168837231 0.0027741364997622784 0.54316252101479479 -0.6560335473980119 0.16265750420311276 0 0.27158126050739739 0.00015293679697258743 0 0.00073771752791698393 0.46320638997946828
1.0500825690865543 9.1666666666666661 -0.052503793634667811 0.002790175834668293 0.54195427615099556 -0.65703494114855343 0.16232932562824665 0 0.27097713807549778 0.00014639859199711916 0 0.0007417648803189099 0.46108541666213337
1.0418495611353349 9.1666666666666661 -0.050914032954489576 0.0027999322516903489 0.54065026289833806 -0.65811050758491441 0.16198857030046362 0 0.27032513144916903 0.00014045517216049598 0 0.00074374587461172969 0.45893412456572602
1.0335757726494328 9.1666666666666661 -0.049384945336015312 0.0028093758310269437 0.53921291629565737 -0.65928824166072619 0.16163569566234595 0 0.26960645814782869 0.00013475283316699219 0 0.0007453426182462532 0.4567580668014421
1.0252752419277655 9.1666666666666661 -0.047916373475824128 0.0028102924667954172 0.53761226505574955 -0.66059013891035012 0.16127121044580406 0 0.26880613252787477 0.00012882126142778962 0 0.00074435896894732101 0.45456296591888906
1.0169413730658008 9.1666666666666661 -0.046508437266520403 0.0028243935467522252 0.53460509051425542 -0.66295381405700571 0.16089484116345584 0 0.26730254525712771 0.00012279593150113692 0 0.00074491423122271974 0.45234949630180199
1.0085561203235738 9.1666666666666661 -0.045148384382805481 0.0028388479918542886 0.53239322534076761 -0.66471418274931438 0.16050492176610504 0 0.2661966126703838 0.00011907310257044398 0 0.00074625168066118266 0.45012540218310665
1.000149776333513 9.1666666666666661 -0.043835722579796677 0.0028333259318476978 0.52924262405938172 -0.66717628696676323 0.160103647834337 0 0.26462131202969086 0.00011320374165213189 0 0.00074116301140445895 0.44789402932818484
0.99170759398017316 9.1666666666666661 -0.042571149697502558 0.0028576098122880989 0.52536245356468325 -0.67017665828410011 0.15968967758272032 0 0.26268122678234163 0.00010907925499540031 0 0.00074267274289755336 0.44565873277408086
0.98321788755165329 9.1666666666666661 -0.041342435434582797 0.0028611770793670879 0.52174434286848226 -0.67297198433431027 0.15926193968634977 0 0.26087217143424113 0.00010536353316127381 0 0.00073892739262537677 0.44342441972073748
0.97468743302655958 9.1666666666666661 -0.040143113484638039 0.002881733909029413 0.51892989327002659 -0.67516375047280741 0.15882070638763082 0 0.25946494663501329 0.00010265950066529806 0 0.00074062789461799101 0.44119066980219934
0.96613657717203894 9.1666666666666661 -0.038970764877638779 0.0028721710785480073 0.51890829619276901 -0.67528640747381496 0.15836657377218136 0 0.25945414809638451 0.00010012524460182536 0 0.00073843961001449825 0.43895631277977659
0.95756160882059271 9.1666666666666661 -0.037827041945921375 0.0028951134568586195 0.52199056101153429 -0.67311016206707308 0.15789917260867528 0 0.26099528050576715 9.8284212771440044e-05 0 0.00074919164398653008 0.43669695427405564
0.94893771035138119 9.1666666666666661 -0.036699066620359579 0.0029031224535627496 0.53402213619718863 -0.66422771657007507 0.1574147526215868 0 0.26701106809859432 0.00010023832495272122 0 0.00076865749055535627 0.43438095421812717
0.94032628027079168 9.1666666666666661 -0.035584205216093547 0.0028857446149378359 0.55663796062812021 -0.64710068344295602 0.15691636262524997 0 0.2783189803140601 0.00010237464391718473 0 0.00079660617620175528 0.43195443628987817
0.93180570687333841 9.1666666666666661 -0.034494762961861297 0.0028408827194086228 0.59012535671732891 -0.6208153983248238 0.1564061523261201 0 0.29506267835866445 0.00010576898676988402 0 0.00083153872075823396 0.42936260207593718
0.92359351737429707 9.1666666666666661 -0.033448328162723889 0.0026781786264093162 0.63193057026068655 -0.58631594955166189 0.15589431368926351 0 0.31596528513034328 0.00010716291990155337 0 0.00083939857408882389 0.42661022990234121
0.91615670564815888 9.1666666666666661 -0.032494996410547143 0.0023202667926768201 0.67625160458481492 -0.54735399342385882 0.15540914161702127 0 0.33812580229240746 0.00010021848541752805 0 0.00077811471907786463 0.42384239808156893
0.90999189285213999 9.1666666666666661 -0.031714178145712417 0.0018224543636086842 0.71285901153918918 -0.51295237841039865 0.15498659923982461 0 0.35642950576959459 7.9894184087024762e-05 0 0.00064464452160531102 0.42130819127919111
0.90526181101140102 9.1666666666666661 -0.031134651517373609 0.0013545172740137693 0.73980307812146906 -0.4860892677482041 0.15464199189917879 0 0.36990153906073453 5.999790152639721e-05 0 0.00049743276294290006 0.41920869837530034
0.90174820370798447 9.1666666666666661 -0.030711497829804476 0.0010048136924392808 0.75718048999503829 -0.46796393112580825 0.15436731898378481 0 0.37859024499751914 4.5394032212115461e-05 0 0.00037769455284331408 0.41756463555366513
0.89910328107242332 9.1666666666666661 -0.030380773790327244 0.00077222573771033127 0.76995620428557743 -0.45418485409281273 0.15414251206955504 0 0.38497810214278871 3.8721054500690884e-05 0 0.00029475756716644172 0.41628875720285041
0.89703284333946653 9.1666666666666661 -0.030097687898209515 0.000620932257447598 0.76886419146550811 -0.45545063855180717 0.1539497462720969 0 0.38443209573275405 3.3885397949154747e-05 0 0.00023628895918436597 0.41527386538965383
0.89535172751916403 9.1666666666666661 -0.029789421663611967 0.00051953040798950094 0.780995577871334 -0.44199500545144388 0.15376877864067248 0 0.390497788935667 4.5831469356959455e-05 0 0.00019763080483172055 0.41447034287015388
0.8939535284507758 9.1666666666666661 -0.02938479987297242 0.00045246451777965517 0.80802118273308043 -0.41034991239773883 0.15359611538736156 0 0.40401059136654022 6.1563569099637932e-05 0 0.00017212185853504743 0.41382313056032516
0.89277606974434098 9.1666666666666661 -0.028870690796752016 0.00040629275590664397 0.84773391512219531 -0.3587841968138486 0.15342745841095795 0 0.42386695756109766 8.0686596425725925e-05 0 0.00015214256653855684 0.41328402964644823
0.89182062648313942 9.1666666666666661 -0.028224806223812966 0.00036743403850691839 0.90868128144881377 -0.26044336109878141 0.15325786834859725 0 0.45434064072440689 0.00010914689197532249 0 0.00012631702913798283 0.41285038814575942
0.89113677700504024 9.1666666666666661 -0.027418539873801641 0.00034643223373117046 0.97312855621352357 -0.058607305110045249 0.15309025956674863 0 0.48656427810676178 0.00014464558127201568 0 8.6548552049831208e-05 0.41254660500075724
0.89070210615648038 9.1666666666666661 -0.02648985752440472 0.00034074146845125433 0.96702743015548631 0.097881690297558666 0.15294359924170237 0 0.48351371507774316 0.00015561505714398622 0 5.410695056855967e-05 0.41233011941715109
0.89044619584671214 9.1666666666666661 -0.025525379572637757 0.00032646445466259197 0.9104323315211893 0.25732402660029996 0.15281365715478079 0 0.45521616576059465 0.00014618958827617364 0 2.672265520701855e-05 0.41213071834812609
0.89035083841508378 9.1666666666666661 -0.024794241989533932 0.0001663530820463794 0.83541174493792336 0.3758514767206273 0.15272171590510761 0 0.41770587246896168 6.9456896372643083e-05 0 2.0335592817809435e-06 0.41196874089363245
0.89040674237629447 9.1666666666666661 -0.024032817773731313 0.00034392542947578195 0.75044503971571985 0.47566599891308559 0.15263295110262595 0 0.37522251985785993 0.00012807632181571633 -0 -1.5811016790370741e-05 0.4118634434506136
0.89062834704382321 9.1666666666666661 -0.023016903109668807 0.00035214798946607898 0.59795507865184971 0.6154521107270805 0.15252416447806461 0 0.29897753932592486 0.00010043915067627534 -0 -3.1571650698446215e-05 0.41173204179365441
0.89103199816754375 9.1666666666666661 -0.021998637772758924 0.00037988721841155146 0.48059153748204897 0.70439677233628528 0.15242588244840344 0 0.24029576874102448 8.2397762797482464e-05 -0 -3.928884157559155e-05 0.41163343823988446
0.89162116110677681 9.1666666666666661 -0.020963939900063341 0.00041581711266073466 0.35354198632337253 0.78946348824302803 0.15233323474467994 0 0.17677099316168626 6.1321353994249717e-05 -0 -4.0528865621558952e-05 0.41154622809754249
0.89240961495805382 9.1666666666666661 -0.01991475816111668 0.00046057299217701651 0.25130919639394911 0.85176984573436898 0.15224629224943437 0 0.12565459819697455 4.4300451042191226e-05 -0 -3.7239325894040087e-05 0.41147409160407927
0.89341390204746007 9.1666666666666661 -0.018859814019942515 0.00051212071882503945 0.1500366188017096 0.90929075916641522 0.15216338749138941 0 0.075018309400854799 2.6311828289719825e-05 -0 -2.7993990370364078e-05 0.4114012931135545
0.89467288969105663 9.1666666666666661 -0.017814426432517058 0.00058064868070776426 0.076792936067526019 0.94872412987203747 0.15208415213630702 0 0.038396468033763009 1.3292331405421212e-05 -0 -1.7899012310299264e-05 0.4113359683439809
0.89622532258267862 9.1666666666666661 -0.016774596972762266 0.00066630082088884452 0.033595215675263135 0.97123539520508273 0.152008524187177 0 0.016797607837631567 5.8293298600234735e-06 -0 -9.5543495254683882e-06 0.41129166295677716
0.89812120936205031 9.1666666666666661 -0.015732561218473246 0.00077722220012858096 -0.011828970988876808 0.99435649350949706 0.15193463990931869 0 -0.005914485494438404 -2.0562132791204797e-06 0 4.111349595268315e-06 0.411246978376064
0.90046632168568408 9.1666666666666661 -0.014687126326249316 0.00093590237000728768 -0.055371731098555754 1.0160266735162822 0.15186023114032768 0 -0.027685865549277877 -9.6706569581525552e-06 0 2.4038971713462677e-05 0.41118483844849807
0.90339987559134372 9.1666666666666661 -0.013649881960676133 0.0011399979603560536 -0.097980608925893886 1.0367943131626245 0.15178327022282656 0 -0.048990304462946943 -1.6764326262283887e-05 0 5.3273361961013594e-05 0.4110826645092639
0.90706950859445867 9.1666666666666661 -0.012653119698425315 0.001396693601776554 -0.14611528569419274 1.0597649747221105 0.15170195795189137 0 -0.073057642847096371 -2.3547308049484182e-05 0 9.9284998112147992e-05 0.41089868247129951
0.91167145559502072 9.1666666666666661 -0.011734281206095883 0.0017334415944441381 -0.21096003961498089 1.0899420183696689 0.15161278378564724 0 -0.10548001980749044 -3.0615326529485773e-05 0 0.00018026211567794437 0.41055211605938963
0.91738238973173158 9.1666666666666661 -0.010927914262336231 0.0021128463342183325 -0.31472230764719544 1.1365591029045912 0.15151142944314952 0 -0.15736115382359772 -3.8920185353027218e-05 0 0.000330194075783681 0.40989719328864821
0.92414211050463424 9.1666666666666661 -0.010270309491161205 0.0024157287320443485 -0.47695275734707421 1.2058326208454659 0.15139500603398048 0 -0.2384763786735371 -4.5566362656283358e-05 0 0.00057428936940541204 0.40869706099603925
0.93161588142430751 9.1666666666666661 -0.0097923122200561027 0.0025775135194196588 -0.68431945489300006 1.2889678291763929 0.15126595863345277 0 -0.34215972744650003 -4.3656841154179699e-05 0 0.00088084011074746526 0.40674356886450724
0.93940808915355634 9.1666666666666661 -0.0095272652880769686 0.0026209116680831943 -0.87524656567921588 1.3610310003263562 0.15113299384930534 0 -0.43762328283960794 -2.1489912650752871e-05 0 0.0011467706307430835 0.40401263972934603
0.9473404368835725 9.1666666666666661 -0.0095101252800572147 0.0026680462970265031 -0.98132955173556757 1.3994739343774538 0.15100416793472143 0 -0.49066477586778379 1.848790077238416e-05 0 0.0013089857848050386 0.40071649828822675
0.95540214931268386 9.1666666666666661 -0.0097583556590727337 0.0027097105295752393 -0.99776584450998751 1.4053468338765769 0.15088446249719872 0 -0.49888292225499375 6.3761043217254633e-05 0 0.0013503237768094708 0.39715604287065098
0.96358064453906467 9.1666666666666661 -0.010271961851588941 0.0027540089904595126 -0.97860706616819226 1.3985251209582326 0.1507798136918643 0 -0.48930353308409613 0.00010500282553699851 0 0.0013434491117672472 0.3935182798823284
0.9718635887596716 9.1666666666666661 -0.01103588825027679 0.0027919231139796417 -0.96721270762327349 1.3944544719496734 0.15069649393012094 0 -0.48360635381163675 0.00014251287602682876 0 0.0013426495676748837 0.38981355220534181
0.98021029299967322 9.1666666666666661 -0.012029902764640346 0.0028123214543440958 -0.97323581357972966 1.3966185639098858 0.15063996986861733 0 -0.48661790678986483 0.0001790698310193918 0 0.0013567598725376755 0.38600408691801635
0.98857597936802444 9.1666666666666661 -0.013244612976067034 0.0028237607471675299 -0.985538024997485 1.4010186925472468 0.1506142361488057 0 -0.4927690124987425 0.00021771433324894126 0 0.0013743239777448859 0.38205669222946581
0.99695658355037398 9.1666666666666661 -0.014680880392702276 0.0028452121631351106 -0.99312170870227878 1.4037217582455308 0.15062182488057402 0 -0.49656085435113939 0.00025607314554677949 0 0.0013894206248740981 0.37796877239232457
1.0053787090410431 9.1666666666666661 -0.016336400484973784 0.0028773805610111938 -0.9918061788735415 1.4032485254775164 0.15066437740460498 0 -0.49590308943677075 0.0002915844117201326 0 0.0013967918924166769 0.37374748656295725
1.0138636800766103 9.1666666666666661 -0.018201331923037752 0.0029146063842017391 -0.98292729147077584 1.4000728148695596 0.15074284239725486 0 -0.49146364573538792 0.00032205659111286941 0 0.0013957490572091514 0.36941193272751294
1.0224156650912091 9.1666666666666661 -0.020258640484720439 0.0029496199595978123 -0.96963602126930626 1.3953057095630435 0.15085754250311134 0 -0.48481801063465313 0.00034724512926817493 0 0.0013872286835714585 0.36498384795460803
1.0310147188869105 9.1666666666666661 -0.022485303819031105 0.0029723502622508711 -0.95685574149137165 1.3907021123154146 0.15100786831425514 0 -0.47842787074568582 0.00036753026429915458 0 0.0013737403382025571 0.36048891970096286
1.0396165107734936 9.1666666666666661 -0.024858330024029797 0.0029765756377465114 -0.94617569300123261 1.3868369016649456 0.15119226561437185 0 -0.4730878465006163 0.00038500520236706587 0 0.0013545282790929411 0.35594594632417992
1.0481816235991612 9.1666666666666661 -0.027367951583473236 0.0029737589321157743 -0.9340083132465975 1.382419519763235 0.15140866759926377 0 -0.46700415662329875 0.00040128158551021304 0 0.0013295191861933779 0.35136672849993444
1.0566977018865309 9.1666666666666661 -0.030014985586839057 0.002971763012870784 -0.91771442354184973 1.3764865523075147 0.15165485438462345 0 -0.45885721177092487 0.00041545924918433844 0 0.0012987837313621661 0.34676365595132813
1.0651641220281791 9.1666666666666661 -0.032799822047019714 0.0029702121906526589 -0.8972512638116763 1.3690029090069145 0.15192859817125343 0 -0.44862563190583815 0.00042670398910501297 0 0.0012623452206615407 0.34214867737823251
1.0735860692210983 9.1666666666666661 -0.035724771484537954 0.0029735986014609479 -0.87153748942144427 1.3595455794886768 0.15222781189468024 0 -0.43576874471072213 0.00043525902230948788 0 0.0012205124619982691 0.33752912988852107
1.0819694129362265 9.1666666666666661 -0.038792317390392017 0.0029778965650821727 -0.83998228043429046 1.3478541114974791 0.15255023616380167 0 -0.41999114021714523 0.00043939486209818658 0 0.0011709645878700042 0.33291796491546044
1.0903266394261999 9.1666666666666661 -0.042004512312211958 0.0029911532472338951 -0.80244760341750099 1.333818254493798 0.1528936473389888 0 -0.40122380170875049 0.00043944557222020986 0 0.0011167721833690693 0.32832760234714914
1.0986729657925149 9.1666666666666661 -0.045359785788310521 0.0030060079653900307 -0.76117874702455812 1.3182152303145278 0.15325584357985983 0 -0.38058937351227906 0.00043447550635328236 0 0.0010583440670442015 0.32377352572781681
1.107001577561435 9.1666666666666661 -0.048845285808694711 0.0030131558518388377 -0.71940866163135797 1.3022308836822514 0.15363393900925851 0 -0.35970433081567899 0.00042519953457721498 0 0.00099695827073194103 0.31927488724723507
1.1152897479104078 9.1666666666666661 -0.052448349745367939 0.0030119683217127513 -0.67618789507629562 1.285482112337943 0.15402478351056309 0 -0.33809394753814781 0.00041246175471337467 0 0.00093105732664512761 0.31484499145843936
1.1235300753917126 9.1666666666666661 -0.056169000916924623 0.0030157584147774774 -0.62896088702729647 1.2669308068417529 0.15442544383164894 0 -0.31448044351364823 0.00039639384231939445 0 0.00086158509415922957 0.31049350002700987
1.131737723917432 9.1666666666666661 -0.060011680139643572 0.003026144161220479 -0.57808852474101591 1.2466415011110212 0.15483375745836442 0 -0.28904426237050795 0.00037613734337750164 0 0.00078968513177574476 0.30623185880775322
1.139893751388847 9.1666666666666661 -0.0639570961259327 0.003014094837828319 -0.52838503293923655 1.2264924113370932 0.1552462491390989 0 -0.26419251646961828 0.00035110216661888785 0 0.00071471884619821744 0.30208995129794347
1.1479285912756994 9.1666666666666661 -0.067976388050580039 0.0029754373515136108 -0.4764715038334757 1.2050900247567384 0.15565839542176732 0 -0.23823575191673785 0.00032175277754822618 0 0.00063162595544829516 0.29809059044675518
1.1558140478016039 9.1666666666666661 -0.072081994509174685 0.0029516278753518484 -0.41303335139371922 1.1784211402747122 0.15606718920825829 0 -0.20651667569685961 0.00028633668291119471 0 0.00053812187920256928 0.29424227143877368
1.1635754241288576 9.1666666666666661 -0.076300421817994624 0.0029377310586127144 -0.33807907393791115 1.146122160153326 0.15647066160589029 0 -0.16903953696895557 0.00024101294071773901 0 0.00043418552486407036 0.2905761700148049
1.1711876105086372 9.1666666666666661 -0.080612945130083241 0.0028950924837761265 -0.25585199550979554 1.1096150322946539 0.15686451356355169 0 -0.12792599775489777 0.00018539509203830445 0 0.00032061411028059736 0.28714787550531623
1.1785368433451788 9.1666666666666661 -0.084963000034837144 0.0027986471718877775 -0.16379911025842464 1.0672741954097791 0.15724154053822184 0 -0.08189955512921232 0.00011881984026941412 0 0.00019600544310122931 0.28402301695764653
1.1855154471700535 9.1666666666666661 -0.089339896920040976 0.0026937487646731262 -0.015677660032491714 0.99540992317095123 0.15759677942550954 0 -0.0078388300162458568 1.1500595817696413e-05 0 1.7709176680223531e-05 0.28125549313498616
1.1920227625777058 9.1666666666666661 -0.093580333965716134 0.0024842654549840641 0.1439590470519625 0.91164927717526567 0.15791310386998658 0 0.071979523525981248 -9.7879653089000485e-05 -0 -0.00014964899780572954 0.27917735797388166
1.1977452154959538 9.1666666666666661 -0.097265977523383951 0.0020536345659487513 0.36722328784765934 0.77958992013579553 0.15816532039295042 0 0.18361164392382967 -0.00020147142925732391 -0 -0.00031873494810624237 0.27797196179972228
1.2012610470204288 9.1666666666666661 -0.099485905624243254 0.0007183814698520708 0.5424766954396123 0.65761978469434657 0.15830200042623901 0 0.27123834771980615 -0.00010379822781182966 -0 -0.00016490441099604547 0.27791168061885618
1.2001411442393453 9.5 -0.099784159789142651 0.0013669896906639209 -0.44331133024910252 -1.1718625655937172 0.26466858069898175 0 -0.22165566512455126 -4.0750641930976861e-05 -0 -0.00030024822513939403 0.4195999239357337
1.1953279575719831 9.5 -0.098257623700580082 0.0020330838868118963 0.061062930109376579 -0.93218955236378809 0.26449897609333711 0 0.030531465054688289 2.545848257477623e-05 0 5.6612071805455915e-05 0.42054013471302421
1.1892223033436113 9.5 -0.095497186507080695 0.0024340393542550917 0.23820269694092833 -0.83181330104211637 0.26435569838475043 0 0.11910134847046416 0.00011986923577703453 0 0.00026395425939738525 0.42100196539619733
1.1823891933399708 9.5 -0.092418695519260463 0.0025623583026815563 0.32919120036760086 -0.775238872409174 0.26422242588045314 0 0.16459560018380043 0.00017214724330804368 0 0.00038502056772418897 0.42102206769385198
1.1753131306913638 9.5 -0.089349139204410663 0.0025800660900553857 0.37545091158024357 -0.74485019841206757 0.26409708507528046 0 0.18772545579012179 0.0001878176092527834 0 0.0004464456698463963 0.42064939619607211
1.1680700523587131 9.5 -0.086397942189822219 0.0026344182806355655 0.3991107427494589 -0.72883921065310786 0.26397473792977949 0 0.19955537137472945 0.00019296481208189989 0 0.00048901740558150242 0.41999219927553644
1.1605924331157629 9.5 -0.083509437373744555 0.0027097997010345071 0.41636524007167341 -0.71695045327818485 0.26384997152270429 0 0.20818262003583671 0.00019958386505424271 0 0.00052764813074876091 0.41914132372585206
1.152955710810208 9.5 -0.08066549012810445 0.0027229937168740904 0.43382756510872234 -0.70471493655914119 0.26372199961649628 0 0.21691378255436117 0.00020330650648483196 0 0.00055456256304446184 0.41813382464201543
1.1452797786568585 9.5 -0.07790795128804856 0.0027146029287864887 0.44825868229296884 -0.69445030523146278 0.26359076476796245 0 0.22412934114648442 0.00020196081831604223 0 0.00057392452450430735 0.41697770290527447
1.1375921272453167 9.5 -0.075262283605134261 0.0027056352909291584 0.45937693770715371 -0.68645114823483788 0.26345375947197819 0 0.22968846885357685 0.00019814947735183604 0 0.00058901689134038154 0.41569126192103872
1.1298826960670283 9.5 -0.072728545181008825 0.0027045760451131357 0.46788864196304392 -0.68027955433493159 0.26330796795923778 0 0.23394432098152196 0.00019334819369569436 0 0.00060245442616253949 0.41429197040351329
1.1221431800150796 9.5 -0.070306809797670136 0.0027019391742814508 0.47367360130228509 -0.67607548891356584 0.26315077804938725 0 0.23683680065114254 0.00018663196258803867 0 0.00061209832791628803 0.41279131689391879
1.1143356163922562 9.5 -0.06798883215614504 0.0027277987145001709 0.47603999648555928 -0.67439032726090387 0.26297849724145073 0 0.23801999824277964 0.00018025234435212724 0 0.00062374791632158839 0.41119803361033913
1.1064328298226749 9.5 -0.065749653471867148 0.0027482005621217768 0.47921915858486219 -0.67210408082442885 0.26278688314732807 0 0.2396095792924311 0.00017622964225702935 0 0.00063447538638886211 0.40953182316961068
1.0985053101077311 9.5 -0.063593222425092244 0.0027289316290409439 0.48316303948559791 -0.6692467118437162 0.26257532100480413 0 0.24158151974279896 0.00016962261490465917 0 0.0006370645110304904 0.40780498097042972
1.0905694717976031 9.5 -0.061542983401923407 0.0027354856195284522 0.48326980929865615 -0.6692583762309674 0.26234217454696979 0 0.24163490464932807 0.00016061277564830174 0 0.00064117839878779939 0.40601257584852068
1.0825658731837731 9.5 -0.059582212909666032 0.0027581076908285941 0.48377780383364388 -0.66898072013667065 0.26208203343948938 0 0.24188890191682194 0.00015541080860169697 0 0.00064880207266270634 0.40416816520604426
1.0745004604945598 9.5 -0.057695950387690563 0.0027640029346593241 0.48348668575298992 -0.66931133283537381 0.26179315114254914 0 0.24174334287649496 0.00014867698312690547 0 0.00065142823385063245 0.40227507912679417
1.0663980781478899 9.5 -0.055888505231073596 0.002770419169524886 0.48324533224052069 -0.66961624423657407 0.26147419225228352 0 0.24162266612026034 0.00014254371389320583 0 0.00065404310471169275 0.40034405834495351
1.0582631930691395 9.5 -0.054158888168837231 0.0027741364997622931 0.48215245860034295 -0.67056831442568277 0.26112387307168172 0 0.24107622930017147 0.00013575835927160076 0 0.00065485431353621399 0.39837797002156755
1.0500825690865543 9.5 -0.052503793634667811 0.0027901758346683082 0.48025273482382036 -0.67213239557815296 0.26073992404415741 0 0.24012636741191018 0.00012973109960550379 0 0.0006573148843836608 0.39638063073975055
1.0418495611353349 9.5 -0.050914032954489576 0.0027999322516903636 0.47825989770254684 -0.67377538996413777 0.26032062188026367 0 0.23912994885127342 0.00012424682068804235 0 0.00065791852944198826 0.39435832921975594
1.0335757726494328 9.5 -0.049384945336015312 0.0028093758310269589 0.47614740104948139 -0.67551633248085641 0.25986589522700293 0 0.23807370052474069 0.00011899234858338793 0 0.00065816848937420261 0.39231645132761511
1.0252752419277655 9.5 -0.047916373475824128 0.0028102924667954329 0.47388330633090359 -0.67737780978843698 0.25937616790159518 0 0.23694165316545179 0.00011355069305345662 0 0.00065612210179996969 0.39026051458405725
1.0169413730658008 9.5 -0.046508437266520403 0.0028243935467522404 0.47017069728012506 -0.68031276377135941 0.25885101152912171 0 0.23508534864006253 0.00010799569581635476 0 0.00065513189029115155 0.38819129285031873
1.0085561203235738 9.5 -0.045148384382805481 0.0028388479918543038 0.46729377319334064 -0.68263712264941012 0.25828818321323488 0 0.23364688659667032 0.00010451319952534337 0 0.00065500225586986817 0.38611715453787715
1.000149776333513 9.5 -0.043835722579796677 0.002833325931847713 0.4634751594549863 -0.68565306133110626 0.25769113301061786 0 0.23173757972749315 9.9136237007313102e-05 0 0.00064906080741954553 0.3840405777215925
0.99170759398017316 9.5 -0.042571149697502558 0.002857609812288114 0.45888842711731148 -0.68922611052560256 0.25705824525277998 0 0.22944421355865574 9.5277474468024212e-05 0 0.00064870248061836295 0.38196542999371835
0.98321788755165329 9.5 -0.041342435434582797 0.0028611770793671031 0.45457479476820284 -0.69259672155696772 0.25638835098408291 0 0.22728739738410142 9.179899526943645e-05 0 0.00064379762318947939 0.37989701472454968
0.97468743302655958 9.5 -0.040143113484638039 0.0028817339090294282 0.4510893869583239 -0.69536834688219351 0.25568237169582397 0 0.22554469347916195 8.9238665610000563e-05 0 0.00064380446622993269 0.3778347862278234
0.96613657717203894 9.5 -0.038970764877638779 0.0028721710785480224 0.45047504848125075 -0.69608166357364676 0.25494169756101825 0 0.22523752424062538 8.692080035553906e-05 0 0.00064105473271944616 0.37577734974348481
0.95756160882059271 9.5 -0.037827041945921375 0.0028951134568586346 0.45300177300346123 -0.69454863314001747 0.25416613307022673 0 0.22650088650173061 8.5294497581400115e-05 0 0.00065017486597382834 0.37370046112528549
0.94893771035138119 9.5 -0.036699066620359579 0.0029031224535627652 0.4647120357807879 -0.6863686402037642 0.25334966738491638 0 0.23235601789039395 8.7228511506562366e-05 0 0.00066889434546255392 0.37157394356528628
0.94032628027079168 9.5 -0.035584205216093547 0.0028857446149378515 0.48732660083719626 -0.67001373186944868 0.25249752131293951 0 0.24366330041859813 8.9627173784165946e-05 0 0.00069741449112859638 0.36934275682339335
0.93180570687333841 9.5 -0.034494762961861297 0.002840882719408638 0.52111058077703065 -0.64465504682862029 0.25161337369336872 0 0.26055529038851533 9.3399372686596703e-05 0 0.00073429080919916727 0.3669512962895542
0.92359351737429707 9.5 -0.033448328162723889 0.0026781786264093305 0.56348361165452754 -0.6112759588489326 0.25071515805549244 0 0.28174180582726377 9.5555670169054151e-05 0 0.00074847991599791557 0.36440037657454538
0.91615670564815888 9.5 -0.032494996410547143 0.0023202667926768327 0.60852994547850281 -0.57362284285061582 0.24985373457580112 0 0.3042649727392514 9.0182336061899878e-05 0 0.00070019221302577972 0.361823936460269
0.90999189285213999 9.5 -0.031714178145712417 0.0018224543636086938 0.64544990967411831 -0.54083401797435859 0.24909567504794794 0 0.32272495483705915 7.2339260734200411e-05 0 0.00058368589231082648 0.35945678750929938
0.90526181101140102 9.5 -0.031134651517373609 0.0013545172740137765 0.67203540480561819 -0.5159711621359937 0.24847204075793694 0 0.33601770240280909 5.4501954955586001e-05 0 0.00045186677116396487 0.35749380972698191
0.90174820370798447 9.5 -0.030711497829804476 0.0010048136924392863 0.68819686662031443 -0.50031317011919541 0.24797150075153127 0 0.34409843331015721 4.1258367251174638e-05 0 0.00034328434401160307 0.35595874477304046
0.89910328107242332 9.5 -0.030380773790327244 0.00077222573771033539 0.69911793631392916 -0.48948576543554606 0.24755958701300262 0 0.34955896815696458 3.5158601961705645e-05 0 0.00026763899157293699 0.35477220607434534
0.89703284333946653 9.5 -0.030097687898209515 0.00062093225744760136 0.69370227575156895 -0.49516412934821119 0.247204792136518 0 0.34685113787578448 3.0572860503844705e-05 0 0.00021319004128509796 0.35383400549056315
0.89535172751916403 9.5 -0.029789421663611967 0.00051953040798950376 0.7019483883271882 -0.48693596320940274 0.24687036963990416 0 0.3509741941635941 4.1192712175746633e-05 0 0.00017762792628550164 0.35310257217652102
0.8939535284507758 9.5 -0.02938479987297242 0.00045246451777965755 0.72728473748459876 -0.46035667674128927 0.24655018291438613 0 0.36364236874229938 5.5412215852806384e-05 0 0.00015492366212059572 0.35252419887730263
0.89277606974434098 9.5 -0.028870690796752016 0.00040629275590664608 0.76751995084843927 -0.41454531115677484 0.24623613493858579 0 0.38375997542421963 7.3051899208107933e-05 0 0.00013774658900463736 0.35205242373944617
0.89182062648313942 9.5 -0.028224806223812966 0.00036743403850692034 0.83605409111645734 -0.32166727358246833 0.24591883618292454 0 0.41802704555822867 0.00010042322586762251 0 0.00011622102396574653 0.35168656776635537
0.89113677700504024 9.5 -0.027418539873801641 0.00034643223373117231 0.92552476423609553 -0.11897131403876457 0.24560346536601257 0 0.46276238211804777 0.00013756976573113907 0 8.2314744253913108e-05 0.35144988361435053
0.89070210615648038 9.5 -0.02648985752440472 0.00034074146845125612 0.93796020342306186 0.043071468896658222 0.24532559007168897 0 0.46898010171153093 0.00015093752886719745 0 5.2480586154343147e-05 0.35129220742775996
0.89044619584671214 9.5 -0.025525379572637757 0.0003264644546625937 0.89741548963895201 0.20620770665149457 0.24507731857228068 0 0.44870774481947601 0.00014409945297502488 0 2.6340589933785137e-05 0.35114502849177692
0.89035083841508378 9.5 -0.024794241989533932 0.00016635308204638027 0.83292352439813011 0.32726195578896367 0.24490015903435489 0 0.41646176219906506 6.9250023441742121e-05 0 2.0275024553064944e-06 0.35102007688891007
0.89040674237629447 9.5 -0.024032817773731313 0.00034392542947578379 0.75460329691035266 0.43070295113681722 0.24472774867530592 0 0.37730164845517633 0.00012878599975143108 -0 -1.5898626503066012e-05 0.35095059035636217
0.89062834704382321 9.5 -0.023016903109668807 0.00035214798946608088 0.60842053244403016 0.57601413502794307 0.24451417914710044 0 0.30421026622201508 0.00010219704408308214 -0 -3.2124220052439323e-05 0.35086319101397551
0.89103199816754375 9.5 -0.021998637772758924 0.00037988721841155347 0.49106627372578693 0.67025528137538626 0.24431861178104064 0 0.24553313686289346 8.4193663817504408e-05 -0 -4.0145161799169775e-05 0.3508044628939998
0.89162116110677681 9.5 -0.020963939900063341 0.00041581711266073683 0.36284486430426177 0.7599704132926165 0.24413133067180842 0 0.18142243215213089 6.293492493037539e-05 -0 -4.1595316301157823e-05 0.35075497566016339
0.89240961495805382 9.5 -0.01991475816111668 0.00046057299217701895 0.25746852368630291 0.82644945490421884 0.24395240273917496 0 0.12873426184315145 4.5386209068889461e-05 -0 -3.8152023079894417e-05 0.35071838006577322
0.89341390204746007 9.5 -0.018859814019942515 0.00051212071882504226 0.15288035187268423 0.88752002468291546 0.24377828843880447 0 0.076440175936342114 2.6810531985276925e-05 -0 -2.8524577082065331e-05 0.35067961652990409
0.89467288969105663 9.5 -0.017814426432517058 0.0005806486807077674 0.075319231834130917 0.93023434613550415 0.2436079420620767 0 0.037659615917065459 1.3037243293584605e-05 -0 -1.7555519125039661e-05 0.35064698307081216
0.89622532258267862 9.5 -0.016774596972762266 0.00066630082088884809 0.027526840374805794 0.95562001406960762 0.24344105720851031 0 0.013763420187402897 4.7763656021743694e-06 -0 -7.828527038340296e-06 0.35063405229220129
0.89812120936205031 9.5 -0.015732561218473246 0.00077722220012858508 -0.021651884500602403 0.9810555923402654 0.24327311655522768 0 -0.010825942250301201 -3.7637164272349924e-06 0 7.5254615690625695e-06 0.35062020423257728
0.90046632168568408 9.5 -0.014687126326249316 0.00093590237000729267 -0.068379610471607677 1.0046306737640704 0.24309837474561077 0 -0.034189805235803838 -1.1942479360560674e-05 0 2.9686186241474689e-05 0.35058931157488826
0.90339987559134372 9.5 -0.013649881960676133 0.0011399979603560597 -0.11362563061795439 1.0269468767109666 0.24291097758550378 0 -0.056812815308977194 -1.9441164576532285e-05 0 6.177976861255276e-05 0.35051967841980802
0.90706950859445867 9.5 -0.012653119698425315 0.0013966936017765614 -0.16370979256798401 1.0510965644589363 0.24270518072469147 0 -0.081854896283992007 -2.6382762747927253e-05 0 0.00011124042477027795 0.35037030421688098
0.91167145559502072 9.5 -0.011734281206095883 0.0017334415944441474 -0.22966380580489676 1.082068267303022 0.24247076256887676 0 -0.11483190290244838 -3.3329688501926382e-05 0 0.00019624419679005201 0.35006191085038812
0.91738238973173158 9.5 -0.010927914262336231 0.0021128463342183434 -0.333492914118797 1.1290857284435232 0.24219482228973396 0 -0.1667464570593985 -4.1241455454676591e-05 0 0.00034988744643199912 0.34945055280839443
0.92414211050463424 9.5 -0.010270309491161205 0.0024157287320443611 -0.494754599366235 1.1984382049096265 0.24186870070190378 0 -0.2473772996831175 -4.7267087050680317e-05 0 0.00059572421482764033 0.34830053709051079
0.93161588142430751 9.5 -0.0097923122200561027 0.0025775135194196727 -0.70083139243635917 1.2816043225801765 0.24149897055715597 0 -0.35041569621817958 -4.4710236654371993e-05 0 0.0009020938933052404 0.34640254798588482
0.93940808915355634 9.5 -0.0095272652880769686 0.0026209116680832082 -0.89120084723232362 1.3539080758253417 0.24110945532526232 0 -0.44560042361616181 -2.1881637829035444e-05 0 0.0011676743420367317 0.34372864261000974
0.9473404368835725 9.5 -0.0095101252800572147 0.0026680462970265174 -0.99802247319469561 1.3928660699495192 0.24072096788206193 0 -0.49901123659734781 1.880238949331572e-05 0 0.0013312523076649968 0.34048746222043441
0.95540214931268386 9.5 -0.0097583556590727337 0.0027097105295752536 -1.0164596663168268 1.399533545078369 0.24034459119605683 0 -0.50822983315841341 6.4955649734084491e-05 0 0.0013756230112983189 0.33697767153306524
0.96358064453906467 9.5 -0.010271961851588941 0.002754008990459527 -1.0002853293888521 1.3938034801815902 0.23999414164212379 0 -0.50014266469442603 0.00010732886524138932 0 0.0013732094154430571 0.33338364683316418
0.9718635887596716 9.5 -0.01103588825027679 0.0027919231139796564 -0.99258505514619344 1.3910918020700058 0.23968448710714899 0 -0.49629252757309672 0.00014625133623164712 0 0.0013778705394053555 0.32971299468536042
0.98021029299967322 9.5 -0.012029902764640346 0.0028123214543441109 -1.0028375240659577 1.3948158817231624 0.23942886241803546 0 -0.50141876203297886 0.00018451637667738359 0 0.0013980267601571056 0.32592556119399363
0.98857597936802444 9.5 -0.013244612976067034 0.0028237607471675451 -1.0197858205918164 1.4009110140545329 0.2392366010720697 0 -0.50989291029590822 0.00022527998347647674 0 0.0014220822229636058 0.32198644796394466
0.99695658355037398 9.5 -0.014680880392702276 0.0028452121631351258 -1.0322848627895063 1.4053859957981443 0.23911308120628799 0 -0.51614243139475313 0.0002661712352056547 0 0.0014442115870966711 0.31789198613244979
1.0053787090410431 9.5 -0.016336400484973784 0.002877380561011209 -1.0359781118560534 1.4067082458096918 0.23906070991920264 0 -0.51798905592802669 0.00030457066585688026 0 0.0014590006174444122 0.3136486622336575
1.0138636800766103 9.5 -0.018201331923037752 0.0029146063842017543 -1.0320529676926973 1.4053091083224269 0.23908006558206149 0 -0.51602648384634864 0.00033815264212033974 0 0.0014655071327723172 0.30927520726862573
1.0224156650912091 9.5 -0.020258640484720439 0.0029496199595978284 -1.0235622562227364 1.4022695475166809 0.23917017441583177 0 -0.51178112811136822 0.00036655714121554354 0 0.0014643793032715106 0.30479328438869552
1.0310147188869105 9.5 -0.022485303819031105 0.0029723502622508871 -1.0153955435072066 1.3993275628215143 0.23932804982953376 0 -0.50769777175360331 0.00039001552302098466 0 0.0014577848643860024 0.30022893622112456
1.0396165107734936 9.5 -0.024858330024029797 0.0029765756377465274 -1.0091283030790543 1.3970485264091397 0.23954898859545573 0 -0.50456415153952716 0.00041062103942759076 0 0.0014446501150520233 0.2956017341243739
1.0481816235991612 9.5 -0.027367951583473236 0.0029737589321157903 -1.0010979983733579 1.3941236778727761 0.23982737368332632 0 -0.50054899918667894 0.00043010558507984169 0 0.0014250183614219799 0.29092448135048787
1.0566977018865309 9.5 -0.030014985586839057 0.0029717630128708 -0.98858168533452306 1.389570482487511 0.24015736410518171 0 -0.49429084266726153 0.00044754162537987129 0 0.0013990777273389194 0.28621061464380487
1.0651641220281791 9.5 -0.032799822047019714 0.0029702121906526749 -0.97149899492950431 1.3833447965760048 0.24053309276603949 0 -0.48574949746475216 0.00046201383410359917 0 0.0013668045536285346 0.2814731423342719
1.0735860692210983 9.5 -0.035724771484537954 0.0029735986014609635 -0.94872245812681699 1.3750149062391461 0.24094909368364315 0 -0.4743612290634085 0.00047380636470550224 0 0.0013286032983963643 0.27672039706970114
1.0819694129362265 9.5 -0.038792317390392017 0.0029778965650821883 -0.91961364761797104 1.3643092512057069 0.24139990615676377 0 -0.45980682380898552 0.00048105004271018127 0 0.0012819734903525175 0.2719664084991108
1.0903266394261999 9.5 -0.042004512312211958 0.0029911532472339112 -0.88400185747147342 1.3511090571834874 0.24188049336029818 0 -0.44200092873573671 0.0004841072494276824 0 0.0012302718336577746 0.26722462372427869
1.0986729657925149 9.5 -0.045359785788310521 0.0030060079653900468 -0.84417191986150697 1.3361964363924481 0.2423860623749422 0 -0.42208595993075348 0.00048184742908910906 0 0.0011737378985463437 0.26251158827982685
1.107001577561435 9.5 -0.048845285808694711 0.0030131558518388538 -0.80345486083392958 1.3207759142682356 0.242911187726782 0 -0.40172743041696479 0.00047487422809964488 0 0.0011134296977350379 0.25784779415398312
1.1152897479104078 9.5 -0.052448349745367939 0.0030119683217127674 -0.76089145606609154 1.3044628618723939 0.24345040164636259 0 -0.38044572803304577 0.00046412931583169709 0 0.0010476874402965816 0.25324801487030008
1.1235300753917126 9.5 -0.056169000916924623 0.0030157584147774935 -0.71385200225730916 1.2862023306297534 0.24399911258014781 0 -0.35692600112865458 0.00044989528579364392 0 0.00097787359638140583 0.24872325573734808
1.131737723917432 9.5 -0.060011680139643572 0.003026144161220495 -0.66273235455400692 1.2660670335000896 0.24455392296646936 0 -0.33136617727700346 0.00043121144347907424 0 0.0009053109763292646 0.24428598566074092
1.139893751388847 9.5 -0.0639570961259327 0.0030140948378283346 -0.61254020770226969 1.2459779867140206 0.24511031052639445 0 -0.30627010385113485 0.00040702173729092669 0 0.00082855115721896415 0.23996766131101221
1.1479285912756994 9.5 -0.067976388050580039 0.0029754373515136264 -0.55986464447503792 1.224546609417436 0.24566287029036257 0 -0.27993232223751896 0.00037806669016212952 0 0.00074217458576884344 0.23579311673877537
1.1558140478016039 9.5 -0.072081994509174685 0.002951627875351864 -0.4951001127610557 1.1976985342219988 0.24620790784118063 0 -0.24755005638052785 0.00034322972592550711 0 0.00064504283291742922 0.23177220053549435
1.1635754241288576 9.5 -0.076300421817994624 0.00293773105861273 -0.41821392847991601 1.1650459409337803 0.24674254597381162 0 -0.209106964239958 0.00029814021784316193 0 0.00053710048340899696 0.22793700961816446
1.1711876105086372 9.5 -0.080612945130083241 0.0028950924837761417 -0.33363500179074457 1.1280502417472125 0.24726029581151929 0 -0.16681750089537228 0.00024175809823545871 0 0.0004180858118556682 0.22434503879059428
1.1785368433451788 9.5 -0.084963000034837144 0.0027986471718877927 -0.23886512658215997 1.0851198469831131 0.24774996319980583 0 -0.11943256329107999 0.0001732727127860942 0 0.00028583100911416413 0.22106501665426173
1.1855154471700535 9.5 -0.089339896920040976 0.0026937487646731401 -0.086392501900176555 1.012318357192868 0.24820162286034589 0 -0.043196250950088277 6.3374588042753577e-05 0 9.7587272387971417e-05 0.21815305438706514
1.1920227625777058 9.5 -0.093580333965716134 0.0024842654549840776 0.078767360727667768 0.92705735582442383 0.24859062388625963 0 0.039383680363833884 -5.3554966503615946e-05 -0 -8.1880623928020315e-05 0.21594817268654742
1.1977452154959538 9.5 -0.097265977523383951 0.0020536345659487622 0.30915196903832298 0.79303408481454496 0.24888746710920198 0 0.15457598451916149 -0.00016961149012343125 -0 -0.00026833139419319953 0.21464333029503643
1.2012610470204288 9.5 -0.099485905624243254 0.0007183814698520746 0.48956256401784926 0.66963938606013396 0.2490392110073385 0 0.24478128200892463 -9.3673566026441696e-05 -0 -0.00014881934457968714 0.21453010965660979
1.2001411442393453 9.8333333333333321 -0.099784159789142651 0.0013669896906639209 -0.55500085268049859 -1.1827401989691473 0.39512842775852058 0 -0.2775004263402493 -5.1017511793035492e-05 -0 -0.00037589389126267963 0.30963375585948377
1.1953279575719831 9.8333333333333321 -0.098257623700580082 0.0020330838868118967 -0.038027069801369162 -0.93913787632087398 0.39502799781900028 0 -0.019013534900684581 -1.5854324254893512e-05 -0 -3.5255288311420575e-05 0.31061897239430164
1.1892223033436113 9.8333333333333321 -0.095497186507080695 0.0024340393542550917 0.14615638906194039 -0.83535692094420477 0.39499674121273098 0 0.073078194530970197 7.3549354754494684e-05 0 0.00016195703040510767 0.31110989212995088
1.1823891933399708 9.8333333333333321 -0.092418695519260463 0.0025623583026815567 0.23951987289113452 -0.77746164514845795 0.39501078141225299 0 0.11975993644556726 0.00012525452013801755 0 0.00028014138087163325 0.31114986647840132
1.1753131306913638 9.8333333333333321 -0.089349139204410663 0.0025800660900553857 0.28683451469889198 -0.74639003115238833 0.39505367571691419 0 0.14341725734944599 0.00014348766014492495 0 0.00034107262254560794 0.31079093606404012
1.1680700523587131 9.8333333333333321 -0.086397942189822219 0.002634418280635565 0.31097318596895418 -0.73000735829605512 0.39511526275842707 0 0.15548659298447709 0.00015035145879467885 0 0.00038102532535290472 0.31014386582750242
1.1605924331157629 9.8333333333333321 -0.083509437373744555 0.0027097997010345071 0.32839304811712644 -0.71793575420198319 0.39519008682063755 0 0.16419652405856322 0.00015741456656871155 0 0.00041616340970264908 0.30930131400196215
1.152955710810208 9.8333333333333321 -0.08066549012810445 0.0027229937168740904 0.3457723519979653 -0.70568213966038584 0.39527252088448345 0 0.17288617599898265 0.00016204080740266579 0 0.00044200142447344963 0.30830140455851918
1.1452797786568585 9.8333333333333321 -0.07790795128804856 0.0027146029287864891 0.35985012011318895 -0.69558936663077908 0.39535466725081503 0 0.17992506005659448 0.00016212876091418809 0 0.00046073130814184654 0.30715346423547868
1.1375921272453167 9.8333333333333321 -0.075262283605134261 0.002705635290929158 0.37035265548766527 -0.68795556393097002 0.39542949633121166 0 0.18517632774383264 0.00015974938900290957 0 0.00047486922378777222 0.30587738595384084
1.1298826960670283 9.8333333333333321 -0.072728545181008825 0.0027045760451131361 0.3780133678319012 -0.68232954343126662 0.39549086756710078 0 0.1890066839159506 0.00015620854046911669 0 0.00048673082903543676 0.30449216448245725
1.1221431800150796 9.8333333333333321 -0.070306809797670136 0.0027019391742814512 0.38271371885036798 -0.6788519554170328 0.39553293639860504 0 0.19135685942518399 0.00015079289253620148 0 0.00049455664562027702 0.30301069781925377
1.1143356163922562 9.8333333333333321 -0.06798883215614504 0.0027277987145001709 0.38373485906242333 -0.67808982956668351 0.39554939511494991 0 0.19186742953121166 0.00014530104290876153 0 0.00050280190851023534 0.30144338488427269
1.1064328298226749 9.8333333333333321 -0.065749653471867148 0.0027482005621217768 0.38533663559782094 -0.67691711020568102 0.39553329861462866 0 0.19266831779891047 0.00014170497198080171 0 0.00051017703775175095 0.29981179287595161
1.0985053101077311 9.8333333333333321 -0.063593222425092244 0.0027289316290409434 0.38750652067194735 -0.67534476152439549 0.39547810610653289 0 0.19375326033597368 0.00013604076462256243 0 0.00051093861065165213 0.29812940978520724
1.0905694717976031 9.8333333333333321 -0.061542983401923407 0.0027354856195284522 0.38558356780035974 -0.67682562269990343 0.39537767850060562 0 0.19279178390017987 0.00012814714653635434 0 0.00051157314163678095 0.29639260034059184
1.0825658731837731 9.8333333333333321 -0.059582212909666032 0.0027581076908285941 0.38386453085242234 -0.67818353561851152 0.39522469705669055 0 0.19193226542621117 0.00012331425017961364 0 0.00051480680028137516 0.29461704345668133
1.0745004604945598 9.8333333333333321 -0.057695950387690563 0.0027640029346593241 0.381179404904189 -0.68028274596908989 0.39501389929034864 0 0.1905897024520945 0.00011721647280317794 0 0.00051358400103665197 0.2928072373879782
1.0663980781478899 9.8333333333333321 -0.055888505231073596 0.002770419169524886 0.37841100958626606 -0.68247260136029131 0.39474059685602497 0 0.18920550479313303 0.00011162055189320863 0 0.00051215623836321593 0.29097492682690251
1.0582631930691395 9.8333333333333321 -0.054158888168837231 0.0027741364997622931 0.37466644004467953 -0.6854059619627163 0.39440109946764085 0 0.18733322002233976 0.00010549381272938527 0 0.00050886795249941547 0.28912380793168085
1.0500825690865543 9.8333333333333321 -0.052503793634667811 0.0027901758346683082 0.37000267332767656 -0.68903437794712175 0.39399105659817513 0 0.18500133666383828 9.9949152159194886e-05 0 0.00050641723993356856 0.28725880063269549
1.0418495611353349 9.8333333333333321 -0.050914032954489576 0.0027999322516903641 0.36519188437063854 -0.69279165911795659 0.39350709356497049 0 0.18259594218531927 9.4872956716825319e-05 0 0.00050237644570131333 0.28538704331221731
1.0335757726494328 9.8333333333333321 -0.049384945336015312 0.0028093758310269584 0.36024607311132628 -0.69666764085410493 0.39294799283804666 0 0.18012303655566314 9.0027848966469265e-05 0 0.00049796053327198634 0.28351413665010722
1.0252752419277655 9.8333333333333321 -0.047916373475824128 0.0028102924667954324 0.35515773180020194 -0.70066550786131621 0.39231379569579494 0 0.17757886590010097 8.5101977745225831e-05 0 0.00049173886133169718 0.28164552065115933
1.0169413730658008 9.8333333333333321 -0.046508437266520403 0.0028243935467522404 0.34856779518484438 -0.70574687939161018 0.39160381387846527 0 0.17428389759242219 8.006415924668295e-05 0 0.00048569143052743608 0.27978215528238792
1.0085561203235738 9.8333333333333321 -0.045148384382805481 0.0028388479918543038 0.34289459346013951 -0.71018940605420078 0.39081506376832759 0 0.17144729673006975 7.6690538411333935e-05 0 0.00048063283768398694 0.27793328004095047
1.000149776333513 9.8333333333333321 -0.043835722579796677 0.002833325931847713 0.33631339459485043 -0.71527862084705307 0.38995268939229949 0 0.16815669729742522 7.1936637196469305e-05 0 0.00047098067499115322 0.27609994065443999
0.99170759398017316 9.8333333333333321 -0.042571149697502558 0.002857609812288114 0.32894488242849174 -0.72091782493407175 0.38901491907616526 0 0.16447244121424587 6.829772943686753e-05 0 0.00046500924540319126 0.27428656927222794
0.98321788755165329 9.8333333333333321 -0.041342435434582797 0.0028611770793671026 0.32191734985380216 -0.72631822689308501 0.38800062297512211 0 0.16095867492690108 6.500952014166936e-05 0 0.00045591974540738626 0.27249885239801591
0.97468743302655958 9.8333333333333321 -0.040143113484638039 0.0028817339090294286 0.31581226701632736 -0.73108616554311667 0.38691181364121635 0 0.15790613350816368 6.2476897277146643e-05 0 0.00045073405376769922 0.27073575533831706
0.96613657717203894 9.8333333333333321 -0.038970764877638779 0.0028721710785480229 0.31277110873770764 -0.73377436221946502 0.38575131446530375 0 0.15638555436885382 6.0350323932985629e-05 0 0.00044509324143523837 0.26899518107243148
0.95756160882059271 9.8333333333333321 -0.037827041945921375 0.0028951134568586351 0.31297493731669424 -0.73428186869947443 0.38451944031805918 0 0.15648746865834712 5.8929217554726137e-05 0 0.00044920009158881208 0.26725286556057154
0.94893771035138119 9.8333333333333321 -0.036699066620359579 0.0029031224535627652 0.32282961495095241 -0.72823267403731062 0.38320693823770413 0 0.16141480747547621 6.0596551443078491e-05 0 0.00046467250116673849 0.2654811759615166
0.94032628027079168 9.8333333333333321 -0.035584205216093547 0.0028857446149378515 0.34422875972645028 -0.71413082035985764 0.38182248713990963 0 0.17211437986322514 6.330918693235348e-05 0 0.00049262676177336707 0.26362275541458552
0.93180570687333841 9.8333333333333321 -0.034494762961861297 0.002840882719408638 0.37738626037114154 -0.69132529492037897 0.38037228636180831 0 0.18869313018557077 6.7639463252976622e-05 0 0.0005317705545248595 0.26162035294702507
0.92359351737429707 9.8333333333333321 -0.033448328162723889 0.0026781786264093305 0.41967608677611334 -0.66088504584772112 0.37888635419970235 0 0.20983804338805667 7.1168759652240736e-05 0 0.00055745919788898141 0.25946679119867994
0.91615670564815888 9.8333333333333321 -0.032494996410547143 0.0023202667926768322 0.46498311718825436 -0.62653655335124414 0.37745043399960387 0 0.23249155859412718 6.8909121151643094e-05 0 0.00053502306708613854 0.25727324169770188
0.90999189285213999 9.8333333333333321 -0.031714178145712417 0.0018224543636086938 0.50133014041219959 -0.5976282444718618 0.37617860252449364 0 0.25066507020609979 5.6186934412155548e-05 0 0.00045335714818915603 0.25524440791389286
0.90526181101140102 9.8333333333333321 -0.031134651517373609 0.0013545172740137767 0.525916020221461 -0.57737671490527953 0.37512679038390007 0 0.2629580101107305 4.2651698168821688e-05 0 0.00035361823538093359 0.25356067120334275
0.90174820370798447 9.8333333333333321 -0.030711497829804476 0.001004813692439286 0.53815936654018437 -0.56723517668412771 0.37427915757084584 0 0.26907968327009218 3.2263408715320959e-05 0 0.00026844307795776551 0.25225030171931134
0.89910328107242332 9.8333333333333321 -0.030380773790327244 0.00077222573771033539 0.54357531339158571 -0.56290592283014262 0.37357945426797745 0 0.27178765669579286 2.7336372144173513e-05 0 0.000208093572147662 0.25124903252751574
0.89703284333946653 9.8333333333333321 -0.030097687898209515 0.00062093225744760125 0.52665366250294776 -0.57813132157811564 0.37297521701500991 0 0.26332683125147388 2.3210690695943144e-05 0 0.00016185231038821129 0.25047067063197553
0.89535172751916403 9.8333333333333321 -0.029789421663611967 0.00051953040798950376 0.52353199286237873 -0.58119093839272229 0.3724044847579151 0 0.26176599643118936 3.0722632967600637e-05 0 0.00013247968623145351 0.24989009644355148
0.8939535284507758 9.8333333333333321 -0.02938479987297242 0.00045246451777965755 0.54175098364921415 -0.56566016180924317 0.37185695864502344 0 0.27087549182460707 4.1276299222594567e-05 0 0.00011540190797163341 0.24945634195073477
0.89277606974434098 9.8333333333333321 -0.028870690796752016 0.00040629275590664613 0.57854113114975247 -0.53252346461072975 0.37131876937374492 0 0.28927056557487624 5.5065055121729571e-05 0 0.00010383061355821304 0.24912660635405806
0.89182062648313942 9.8333333333333321 -0.028224806223812966 0.00036743403850692034 0.65829293754000395 -0.45192257100385791 0.37077358627234913 0 0.32914646877000198 7.9071319734062633e-05 0 9.1510202609201087e-05 0.24890449735714343
0.89113677700504024 9.8333333333333321 -0.027418539873801641 0.00034643223373117231 0.80130900988036635 -0.24823514463417209 0.37023006777959733 0 0.40065450494018318 0.00011910636757351261 0 7.1267186752263739e-05 0.24881096142341588
0.89070210615648038 9.8333333333333321 -0.02648985752440472 0.00034074146845125618 0.85761745830647085 -0.075286108386095757 0.36974929827872044 0 0.42880872915323542 0.00013800869098468482 0 4.7985262854292764e-05 0.24877972603602547
0.89044619584671214 9.8333333333333321 -0.025525379572637757 0.0003264644546625937 0.85463148639508835 0.09472520236145418 0.36931781657874735 0 0.42731574319754417 0.00013722955655056849 0 2.5084810533737403e-05 0.24874583929993932
0.89035083841508378 9.8333333333333321 -0.024794241989533932 0.00016635308204638029 0.81525548607427134 0.22040246360793131 0.36900849307473016 0 0.40762774303713567 6.7781086579884477e-05 0 1.9844949161594192e-06 0.2487019682040629
0.89040674237629447 9.8333333333333321 -0.024032817773731313 0.00034392542947578379 0.75457206989378589 0.33088324478486786 0.36870612746040887 0 0.37728603494689295 0.00012878067032527532 -0 -1.5897968585620872e-05 0.24871161100041003
0.89062834704382321 9.8333333333333321 -0.023016903109668807 0.00035214798946608082 0.62693033037728474 0.48724028834142413 0.36832943276322783 0 0.31346516518864237 0.00010530615453297933 -0 -3.3101525699152938e-05 0.24872258902892116
0.89103199816754375 9.8333333333333321 -0.021998637772758924 0.00037988721841155347 0.51393903612794689 0.59215726277935621 0.36798198326781384 0 0.25696951806397345 8.8115215288865395e-05 -0 -4.2015033131326096e-05 0.24875436371919107
0.89162116110677681 9.8333333333333321 -0.020963939900063341 0.00041581711266073683 0.38701078848683013 0.69124907173539696 0.36764647739115069 0 0.19350539424341506 6.7126470061431057e-05 -0 -4.4365616666332161e-05 0.2487920076496706
0.89240961495805382 9.8333333333333321 -0.01991475816111668 0.000460572992177019 0.27803135864898521 0.76618698751966652 0.36732293898768847 0 0.1390156793244926 4.9010998279249229e-05 -0 -4.1199050898487725e-05 0.24883915644462967
0.89341390204746007 9.8333333333333321 -0.018859814019942515 0.00051212071882504226 0.16900763285221287 0.83444582787430854 0.36700480581451106 0 0.084503816426106437 2.9638763195114013e-05 -0 -3.1533622154173684e-05 0.24888243415435188
0.89467288969105663 9.8333333333333321 -0.017814426432517058 0.00058064868070776729 0.084210939320873313 0.88392735405602241 0.36668991454721772 0 0.042105469660436656 1.4576336974934624e-05 -0 -1.9628011595243374e-05 0.24893067363593013
0.89622532258267862 9.8333333333333321 -0.016774596972762266 0.00066630082088884809 0.027988615308858877 0.91530263114887467 0.36637750763807581 0 0.013994307654429439 4.8564912497578157e-06 -0 -7.9598540452775336e-06 0.24899762481777063
0.89812120936205031 9.8333333333333321 -0.015732561218473246 0.00077722220012858508 -0.028010862108578394 0.94552201811763104 0.36605870480476288 0 -0.014005431054289197 -4.869088501563804e-06 0 9.7356267676632427e-06 0.24906490067257925
0.90046632168568408 9.8333333333333321 -0.014687126326249316 0.00093590237000729267 -0.080511670447153127 0.97301547584306691 0.36572196299517373 0 -0.040255835223576564 -1.406134015634124e-05 0 3.4953174301845773e-05 0.2491192552847579
0.90339987559134372 9.8333333333333321 -0.013649881960676133 0.0011399979603560597 -0.13043713885935659 0.99847526307986401 0.36535501621977629 0 -0.065218569429678297 -2.2317586883042984e-05 0 7.0920409536025323e-05 0.24914201278559509
0.90706950859445867 9.8333333333333321 -0.012653119698425315 0.0013966936017765616 -0.18366330594105884 1.0249284140432708 0.36494527264756327 0 -0.09183165297052942 -2.9598384740062004e-05 0 0.00012479879087937015 0.24909522865483888
0.91167145559502072 9.8333333333333321 -0.011734281206095883 0.0017334415944441476 -0.2506611342977263 1.057271007502824 0.36447105645262123 0 -0.12533056714886315 -3.6376900994055655e-05 0 0.00021418609168450802 0.24890494101347216
0.91738238973173158 9.8333333333333321 -0.010927914262336231 0.0021128463342183438 -0.35258989520627715 1.1046100306654212 0.36390462398767942 0 -0.17629494760313857 -4.3603086726271051e-05 0 0.00036992323629252502 0.24843397842882592
0.92414211050463424 9.8333333333333321 -0.010270309491161205 0.0024157287320443616 -0.50878278034969582 1.1733920729420293 0.36322695867254023 0 -0.25439139017484791 -4.8607289350077465e-05 0 0.00061261526973150021 0.24745126052810379
0.93161588142430751 9.8333333333333321 -0.0097923122200561027 0.0025775135194196727 -0.70856074162205984 1.2558623209015687 0.36245078639973338 0 -0.35428037081102992 -4.5203338183508101e-05 0 0.00091204293208246325 0.24574425515973694
0.93940808915355634 9.8333333333333321 -0.0095272652880769686 0.0026209116680832082 -0.89448956686848335 1.3280502145252171 0.36162438325976909 0 -0.44724478343424168 -2.1962385701103981e-05 0 0.0011719833073493455 0.24327300284583819
0.9473404368835725 9.8333333333333321 -0.0095101252800572147 0.002668046297026517 -1.0004642967032069 1.3675875912947055 0.36078868723943169 0 -0.50023214835160346 1.8848392582338352e-05 0 0.0013345094318960881 0.24023585303351916
0.95540214931268386 9.8333333333333321 -0.0097583556590727337 0.002709710529575254 -1.0216463086978922 1.3755262827601129 0.35996354556265586 0 -0.5108231543489461 6.5287095965513639e-05 0 0.0013826423400992564 0.23692631540661346
0.96358064453906467 9.8333333333333321 -0.010271961851588941 0.0027540089904595274 -1.0109710177885667 1.3718471508782497 0.359174626631386 0 -0.50548550889428334 0.00010847542090562682 0 0.0013878789177239157 0.23352218545424624
0.9718635887596716 9.8333333333333321 -0.01103588825027679 0.0027919231139796569 -1.0105871195448972 1.3718967285258705 0.35845011620155864 0 -0.50529355977244861 0.00014890383030214353 0 0.001402860351668647 0.23002389413390953
0.98021029299967322 9.8333333333333321 -0.012029902764640346 0.0028123214543441114 -1.0293781802524795 1.3788931416987793 0.35781543290997042 0 -0.51468909012623976 0.00018939970582757513 0 0.0014350263205948205 0.22638484530599304
0.98857597936802444 9.8333333333333321 -0.013244612976067034 0.0028237607471675455 -1.0558293106833032 1.3885871792875799 0.35728833762308232 0 -0.52791465534165161 0.00023324231898682194 0 0.0014723445481280432 0.22256562484808634
0.99695658355037398 9.8333333333333321 -0.014680880392702276 0.0028452121631351262 -1.0785028991670118 1.3968323510015539 0.35687852605961551 0 -0.5392514495835059 0.00027808840291277152 0 0.0015088726376218885 0.21856005158813291
1.0053787090410431 9.8333333333333321 -0.016336400484973784 0.0028773805610112085 -1.0925932642729941 1.4019405901402586 0.35658918378180982 0 -0.54629663213649704 0.00032121514364253859 0 0.0015387335204736442 0.21437367995015583
1.0138636800766103 9.8333333333333321 -0.018201331923037752 0.0029146063842017548 -1.0988511674715449 1.4042136811324868 0.35641984399286131 0 -0.54942558373577244 0.00036003910381483822 0 0.0015603600534040034 0.2100252223394723
1.0224156650912091 9.8333333333333321 -0.020258640484720439 0.002949619959597828 -1.099990439509166 1.4046326565039657 0.3563671418520204 0 -0.54999521975458299 0.00039392752948792499 0 0.0015737227741848556 0.20553706501072053
1.0310147188869105 9.8333333333333321 -0.022485303819031105 0.0029723502622508867 -1.1007112127826555 1.4048747160461525 0.35642424860957139 0 -0.55035560639132775 0.00042278544759581448 0 0.0015802710148915746 0.20093688648127403
1.0396165107734936 9.8333333333333321 -0.024858330024029797 0.002976575637746527 -1.1025442916429791 1.4054870288104371 0.35658169258753103 0 -0.55127214582148953 0.00044863262844579087 0 0.0015783827813688853 0.19624662059387646
1.0481816235991612 9.8333333333333321 -0.027367951583473236 0.0029737589321157899 -1.1017775163885362 1.4051515360921747 0.35682863815329952 0 -0.55088875819426808 0.00047336091380074171 0 0.0015683311659864304 0.19148181271105058
1.0566977018865309 9.8333333333333321 -0.030014985586839057 0.0029717630128707996 -1.0956131398465829 1.4028735763519791 0.35715384447040566 0 -0.54780656992329146 0.00049599592291512242 0 0.0015505526396845184 0.18665874654787401
1.0651641220281791 9.8333333333333321 -0.032799822047019714 0.0029702121906526745 -1.0839450558494805 1.3986085460494846 0.35754606803435479 0 -0.54197252792474027 0.00051548958241279307 0 0.0015250052197179188 0.18179328220087324
1.0735860692210983 9.8333333333333321 -0.035724771484537954 0.0029735986014609635 -1.0656344351178921 1.3919317864209098 0.35799488413800984 0 -0.53281721755894607 0.00053219397673488886 0 0.0014923283550995325 0.17689640076609267
1.0819694129362265 9.8333333333333321 -0.038792317390392017 0.0029778965650821883 -1.040038218663049 1.3825783399614076 0.35849037997219324 0 -0.52001910933152451 0.00054404415463386109 0 0.0014498495414167322 0.17198469414428497
1.0903266394261999 9.8333333333333321 -0.042004512312211958 0.0029911532472339107 -1.0070114311532317 1.3704428042808359 0.35902360834367186 0 -0.50350571557661583 0.00055147116485957889 0 0.0014014651546806333 0.1670739401069507
1.0986729657925149 9.8333333333333321 -0.045359785788310521 0.0030060079653900463 -0.96894927200778436 1.3563357903272357 0.35958656243688697 0 -0.48447463600389218 0.0005530694692039874 0 0.0013472285153846479 0.16218281747785568
1.107001577561435 9.8333333333333321 -0.048845285808694711 0.0030131558518388538 -0.92936240608845289 1.3415063374874052 0.36017100462083423 0 -0.46468120304422644 0.00054929066551170404 0 0.0012879126797781088 0.15733409542938079
1.1152897479104078 9.8333333333333321 -0.052448349745367939 0.0030119683217127678 -0.88736930117331081 1.325599781451992 0.36076934541025213 0 -0.4436846505866554 0.00054127839570306067 0 0.0012218374438722561 0.15254472369419797
1.1235300753917126 9.8333333333333321 -0.056169000916924623 0.0030157584147774931 -0.8403232681292474 1.3075667276524361 0.36137587200247256 0 -0.4201616340646237 0.00052960204030888893 0 0.0011511208678130589 0.14782742497357837
1.131737723917432 9.8333333333333321 -0.060011680139643572 0.003026144161220495 -0.78873691439002869 1.2875180256897525 0.36198653001733433 0 -0.39436845719501434 0.00051319719196181034 0 0.0010774367376614618 0.14319591016344066
1.139893751388847 9.8333333333333321 -0.0639570961259327 0.0030140948378283351 -0.7379418898300647 1.2674640690891752 0.36259719165759585 0 -0.36897094491503235 0.00049034885586543304 0 0.00099817546520348036 0.13868307761368084
1.1479285912756994 9.8333333333333321 -0.067976388050580039 0.0029754373515136264 -0.68450015639129158 1.2460269575130347 0.36320376862320913 0 -0.34225007819564579 0.00046223084650213851 0 0.00090739543038079065 0.13431534358651381
1.1558140478016039 9.8333333333333321 -0.072081994509174685 0.002951627875351864 -0.61838772965703703 1.2190303072302127 0.36380329810386586 0 -0.30919386482851852 0.00042869925797879311 0 0.00080566851571666355 0.1301036662113203
1.1635754241288576 9.8333333333333321 -0.076300421817994624 0.00293773105861273 -0.53942663076403363 1.186020492561437 0.36439267554159221 0 -0.26971331538201682 0.00038455145143286446 0 0.00069277057605450509 0.12608113936559751
1.1711876105086372 9.8333333333333321 -0.080612945130083241 0.0028950924837761421 -0.45212744647635961 1.1484462643737543 0.36496386714622642 0 -0.2260637232381798 0.00032761991707553245 0 0.00056657146135062034 0.12230767829763706
1.1785368433451788 9.8333333333333321 -0.084963000034837144 0.0027986471718877927 -0.35383842115087005 1.1046478131878856 0.36550188777910869 0 -0.17691921057543503 0.00025667431658204571 0 0.00042341045940052027 0.11885637482444301
1.1855154471700535 9.8333333333333321 -0.089339896920040976 0.0026937487646731405 -0.1955376855388482 1.0303343305078521 0.36599023609351167 0 -0.097768842769424102 0.00014343976612897093 0 0.0002208755269391508 0.11578774456142257
1.1920227625777058 9.8333333333333321 -0.093580333965716134 0.0024842654549840776 -0.023002665320113636 0.94273860620503591 0.36639675993477344 0 -0.011501332660056818 1.5639815265256882e-05 0 2.3911840780476378e-05 0.11345027538304227
1.1977452154959538 9.8333333333333321 -0.097265977523383951 0.0020536345659487626 0.21635557338568889 0.80571857460637919 0.36669061229949101 0 0.10817778669284445 -0.0001187001697340221 -0 -0.00018778787930299229 0.11204698372692129
1.2012610470204288 9.8333333333333321 -0.099485905624243254 0.00071838146985207471 0.40283287490008823 0.68015012421283583 0.36682820724853726 0 0.20141643745004412 -7.7078589496068885e-05 -0 -0.00012245487875089343 0.11188553994729754